--------- beginning of main
08-05 09:28:29.680  5167  5218 W adbd    : timed out while waiting for FUNCTIONFS_BIND, trying again
08-05 09:28:29.680  5167  5218 I adbd    : UsbFfs: connection terminated: monitor thread finished
08-05 09:28:29.680  5167  5167 I adbd    : UsbFfs: already offline
08-05 09:28:29.680  5167  5167 I adbd    : destroying transport UsbFfs
08-05 09:28:29.680  5167  5167 I adbd    : UsbFfsConnection being destroyed
08-05 09:28:29.705  5167  5171 I adbd    : opening control endpoint /dev/usb-ffs/adb/ep0
08-05 09:28:29.706  5167  5171 I adbd    : UsbFfsConnection constructed
--------- beginning of system
08-05 09:28:29.706   572   572 V HotPlugDetectionAction: Poll all devices.
08-05 09:28:29.706  5167  5220 I adbd    : UsbFfs-monitor thread spawned
08-05 09:28:29.762   372   389 D hdmicecd: [CEC]:printCecMessage, [4 -> 0] len: 0, body:, result:no ack
08-05 09:28:29.818   372   389 D hdmicecd: [CEC]:printCecMessage, [4 -> 1] len: 0, body:, result:no ack
08-05 09:28:29.874   372   389 D hdmicecd: [CEC]:printCecMessage, [4 -> 3] len: 0, body:, result:no ack
08-05 09:28:29.934   372   389 D hdmicecd: [CEC]:printCecMessage, [4 -> 5] len: 0, body:, result:no ack
08-05 09:28:29.990   372   389 D hdmicecd: [CEC]:printCecMessage, [4 -> 8] len: 0, body:, result:no ack
08-05 09:28:30.050   372   389 D hdmicecd: [CEC]:printCecMessage, [4 -> b] len: 0, body:, result:no ack
08-05 09:28:30.106   372   389 D hdmicecd: [CEC]:printCecMessage, [4 -> e] len: 0, body:, result:no ack
08-05 09:28:30.106   572   572 D HdmiCecController: [P]:AllocatedAddress=[]
08-05 09:28:30.708  5167  5220 W adbd    : timed out while waiting for FUNCTIONFS_BIND, trying again
08-05 09:28:30.708  5167  5220 I adbd    : UsbFfs: connection terminated: monitor thread finished
08-05 09:28:30.708  5167  5167 I adbd    : UsbFfs: already offline
08-05 09:28:30.708  5167  5167 I adbd    : destroying transport UsbFfs
08-05 09:28:30.708  5167  5167 I adbd    : UsbFfsConnection being destroyed
08-05 09:28:30.745  5167  5171 I adbd    : opening control endpoint /dev/usb-ffs/adb/ep0
08-05 09:28:30.747  5167  5171 I adbd    : UsbFfsConnection constructed
08-05 09:28:30.748  5167  5221 I adbd    : UsbFfs-monitor thread spawned
08-05 09:28:31.748  5167  5221 W adbd    : timed out while waiting for FUNCTIONFS_BIND, trying again
08-05 09:28:31.748  5167  5221 I adbd    : UsbFfs: connection terminated: monitor thread finished
08-05 09:28:31.749  5167  5167 I adbd    : UsbFfs: already offline
08-05 09:28:31.749  5167  5167 I adbd    : destroying transport UsbFfs
08-05 09:28:31.749  5167  5167 I adbd    : UsbFfsConnection being destroyed
08-05 09:28:31.785  5167  5171 I adbd    : opening control endpoint /dev/usb-ffs/adb/ep0
08-05 09:28:31.786  5167  5171 I adbd    : UsbFfsConnection constructed
08-05 09:28:31.787  5167  5222 I adbd    : UsbFfs-monitor thread spawned
08-05 09:28:32.788  5167  5222 W adbd    : timed out while waiting for FUNCTIONFS_BIND, trying again
08-05 09:28:32.788  5167  5222 I adbd    : UsbFfs: connection terminated: monitor thread finished
08-05 09:28:32.788  5167  5167 I adbd    : UsbFfs: already offline
08-05 09:28:32.789  5167  5167 I adbd    : destroying transport UsbFfs
08-05 09:28:32.789  5167  5167 I adbd    : UsbFfsConnection being destroyed
08-05 09:28:32.833  5167  5171 I adbd    : opening control endpoint /dev/usb-ffs/adb/ep0
08-05 09:28:32.834  5167  5171 I adbd    : UsbFfsConnection constructed
08-05 09:28:32.834  5167  5223 I adbd    : UsbFfs-monitor thread spawned
08-05 09:28:33.836  5167  5223 W adbd    : timed out while waiting for FUNCTIONFS_BIND, trying again
08-05 09:28:33.836  5167  5223 I adbd    : UsbFfs: connection terminated: monitor thread finished
08-05 09:28:33.836  5167  5167 I adbd    : UsbFfs: already offline
08-05 09:28:33.836  5167  5167 I adbd    : destroying transport UsbFfs
08-05 09:28:33.836  5167  5167 I adbd    : UsbFfsConnection being destroyed
08-05 09:28:33.881  5167  5171 I adbd    : opening control endpoint /dev/usb-ffs/adb/ep0
08-05 09:28:33.882  5167  5171 I adbd    : UsbFfsConnection constructed
08-05 09:28:33.882  5167  5224 I adbd    : UsbFfs-monitor thread spawned
08-05 09:28:34.884  5167  5224 W adbd    : timed out while waiting for FUNCTIONFS_BIND, trying again
08-05 09:28:34.884  5167  5224 I adbd    : UsbFfs: connection terminated: monitor thread finished
08-05 09:28:34.884  5167  5167 I adbd    : UsbFfs: already offline
08-05 09:28:34.884  5167  5167 I adbd    : destroying transport UsbFfs
08-05 09:28:34.884  5167  5167 I adbd    : UsbFfsConnection being destroyed
08-05 09:28:34.917  5167  5171 I adbd    : opening control endpoint /dev/usb-ffs/adb/ep0
08-05 09:28:34.918  5167  5171 I adbd    : UsbFfsConnection constructed
08-05 09:28:34.919  5167  5225 I adbd    : UsbFfs-monitor thread spawned
08-05 09:28:35.920  5167  5225 W adbd    : timed out while waiting for FUNCTIONFS_BIND, trying again
08-05 09:28:35.920  5167  5225 I adbd    : UsbFfs: connection terminated: monitor thread finished
08-05 09:28:35.920  5167  5167 I adbd    : UsbFfs: already offline
08-05 09:28:35.920  5167  5167 I adbd    : destroying transport UsbFfs
08-05 09:28:35.920  5167  5167 I adbd    : UsbFfsConnection being destroyed
08-05 09:28:35.962  5167  5171 I adbd    : opening control endpoint /dev/usb-ffs/adb/ep0
08-05 09:28:35.963  5167  5171 I adbd    : UsbFfsConnection constructed
08-05 09:28:35.964  5167  5226 I adbd    : UsbFfs-monitor thread spawned
08-05 09:28:36.913  1544  2979 D TrafficStats: tagSocket(129) with statsTag=0xffffffff, statsUid=-1
08-05 09:28:36.965  5167  5226 W adbd    : timed out while waiting for FUNCTIONFS_BIND, trying again
08-05 09:28:36.965  5167  5226 I adbd    : UsbFfs: connection terminated: monitor thread finished
08-05 09:28:36.965  5167  5167 I adbd    : UsbFfs: already offline
08-05 09:28:36.966  5167  5167 I adbd    : destroying transport UsbFfs
08-05 09:28:36.966  5167  5167 I adbd    : UsbFfsConnection being destroyed
08-05 09:28:37.009  5167  5171 I adbd    : opening control endpoint /dev/usb-ffs/adb/ep0
08-05 09:28:37.010  5167  5171 I adbd    : UsbFfsConnection constructed
08-05 09:28:37.011  5167  5227 I adbd    : UsbFfs-monitor thread spawned
08-05 09:28:37.329   876  1022 I jarvis_Wallpaper: openWallpaper has system wallpaper
08-05 09:28:38.012  5167  5227 W adbd    : timed out while waiting for FUNCTIONFS_BIND, trying again
08-05 09:28:38.013  5167  5227 I adbd    : UsbFfs: connection terminated: monitor thread finished
08-05 09:28:38.013  5167  5167 I adbd    : UsbFfs: already offline
08-05 09:28:38.013  5167  5167 I adbd    : destroying transport UsbFfs
08-05 09:28:38.013  5167  5167 I adbd    : UsbFfsConnection being destroyed
08-05 09:28:38.053  5167  5171 I adbd    : opening control endpoint /dev/usb-ffs/adb/ep0
08-05 09:28:38.055  5167  5171 I adbd    : UsbFfsConnection constructed
08-05 09:28:38.056  5167  5228 I adbd    : UsbFfs-monitor thread spawned
08-05 09:28:39.057  5167  5228 W adbd    : timed out while waiting for FUNCTIONFS_BIND, trying again
08-05 09:28:39.057  5167  5228 I adbd    : UsbFfs: connection terminated: monitor thread finished
08-05 09:28:39.057  5167  5167 I adbd    : UsbFfs: already offline
08-05 09:28:39.057  5167  5167 I adbd    : destroying transport UsbFfs
08-05 09:28:39.057  5167  5167 I adbd    : UsbFfsConnection being destroyed
08-05 09:28:39.117  5167  5171 I adbd    : opening control endpoint /dev/usb-ffs/adb/ep0
08-05 09:28:39.118  5167  5171 I adbd    : UsbFfsConnection constructed
08-05 09:28:39.118  5167  5229 I adbd    : UsbFfs-monitor thread spawned
08-05 09:28:39.129  1122  1122 I RxCachedThreadS: type=1400 audit(0.0:2675): avc:  denied  { search } for  name="amhdmitx0" dev="sysfs" ino=33591 scontext=u:r:zygote:s0 tcontext=u:object_r:sysfs_amhdmitx:s0 tclass=dir permissive=1
08-05 09:28:40.120  5167  5229 W adbd    : timed out while waiting for FUNCTIONFS_BIND, trying again
08-05 09:28:40.120  5167  5229 I adbd    : UsbFfs: connection terminated: monitor thread finished
08-05 09:28:40.120  5167  5167 I adbd    : UsbFfs: already offline
08-05 09:28:40.120  5167  5167 I adbd    : destroying transport UsbFfs
08-05 09:28:40.120  5167  5167 I adbd    : UsbFfsConnection being destroyed
08-05 09:28:40.153  5167  5171 I adbd    : opening control endpoint /dev/usb-ffs/adb/ep0
08-05 09:28:40.154  5167  5171 I adbd    : UsbFfsConnection constructed
08-05 09:28:40.155  5167  5230 I adbd    : UsbFfs-monitor thread spawned
08-05 09:28:40.877   572   665 W ActivityManager: mobile project skip check protected broadcast MqttService.pingSender.CMCC-592288-28BEF3247A81
08-05 09:28:40.879   876   876 D AlarmPingSender: Sending Ping at:1785893320879
08-05 09:28:40.880   572   601 W ProcessStats: Tracking association SourceState{cf30e9d com.cmcc.lingxiagent/1000 Fgs #1074} whose proc state 3 is better than process ProcessState{13b37a7 com.cmhi.universalapp.launcher.tvmonitor/10017 pkg=com.cmhi.universalapp.launcher.tvmonitor} proc state 14 (33 skipped)
08-05 09:28:40.881   876   876 D AlarmPingSender: Schedule next alarm at 1785893380881
08-05 09:28:40.882   876   876 D AlarmPingSender: Alarm scheule using setExactAndAllowWhileIdle, next: 60000
08-05 09:28:40.920   876  2445 D AlarmPingSender: Success. Release lock(MqttService.client.CMCC-592288-28BEF3247A81):1785893320920
08-05 09:28:41.156  5167  5230 W adbd    : timed out while waiting for FUNCTIONFS_BIND, trying again
08-05 09:28:41.156  5167  5230 I adbd    : UsbFfs: connection terminated: monitor thread finished
08-05 09:28:41.156  5167  5167 I adbd    : UsbFfs: already offline
08-05 09:28:41.156  5167  5167 I adbd    : destroying transport UsbFfs
08-05 09:28:41.156  5167  5167 I adbd    : UsbFfsConnection being destroyed
08-05 09:28:41.209  5167  5171 I adbd    : opening control endpoint /dev/usb-ffs/adb/ep0
08-05 09:28:41.210  5167  5171 I adbd    : UsbFfsConnection constructed
08-05 09:28:41.211  5167  5231 I adbd    : UsbFfs-monitor thread spawned
08-05 09:28:42.212  5167  5231 W adbd    : timed out while waiting for FUNCTIONFS_BIND, trying again
08-05 09:28:42.212  5167  5231 I adbd    : UsbFfs: connection terminated: monitor thread finished
08-05 09:28:42.213  5167  5167 I adbd    : UsbFfs: already offline
08-05 09:28:42.213  5167  5167 I adbd    : destroying transport UsbFfs
08-05 09:28:42.213  5167  5167 I adbd    : UsbFfsConnection being destroyed
08-05 09:28:42.257  5167  5171 I adbd    : opening control endpoint /dev/usb-ffs/adb/ep0
08-05 09:28:42.259  5167  5171 I adbd    : UsbFfsConnection constructed
08-05 09:28:42.259  5167  5232 I adbd    : UsbFfs-monitor thread spawned
08-05 09:28:43.261  5167  5232 W adbd    : timed out while waiting for FUNCTIONFS_BIND, trying again
08-05 09:28:43.261  5167  5232 I adbd    : UsbFfs: connection terminated: monitor thread finished
08-05 09:28:43.261  5167  5167 I adbd    : UsbFfs: already offline
08-05 09:28:43.261  5167  5167 I adbd    : destroying transport UsbFfs
08-05 09:28:43.261  5167  5167 I adbd    : UsbFfsConnection being destroyed
08-05 09:28:43.317  5167  5171 I adbd    : opening control endpoint /dev/usb-ffs/adb/ep0
08-05 09:28:43.318  5167  5171 I adbd    : UsbFfsConnection constructed
08-05 09:28:43.319  5167  5233 I adbd    : UsbFfs-monitor thread spawned
08-05 09:28:44.320  5167  5233 W adbd    : timed out while waiting for FUNCTIONFS_BIND, trying again
08-05 09:28:44.320  5167  5233 I adbd    : UsbFfs: connection terminated: monitor thread finished
08-05 09:28:44.320  5167  5167 I adbd    : UsbFfs: already offline
08-05 09:28:44.320  5167  5167 I adbd    : destroying transport UsbFfs
08-05 09:28:44.320  5167  5167 I adbd    : UsbFfsConnection being destroyed
08-05 09:28:44.377  5167  5171 I adbd    : opening control endpoint /dev/usb-ffs/adb/ep0
08-05 09:28:44.378  5167  5171 I adbd    : UsbFfsConnection constructed
08-05 09:28:44.379  5167  5234 I adbd    : UsbFfs-monitor thread spawned
08-05 09:28:45.380  5167  5234 W adbd    : timed out while waiting for FUNCTIONFS_BIND, trying again
08-05 09:28:45.380  5167  5234 I adbd    : UsbFfs: connection terminated: monitor thread finished
08-05 09:28:45.380  5167  5167 I adbd    : UsbFfs: already offline
08-05 09:28:45.380  5167  5167 I adbd    : destroying transport UsbFfs
08-05 09:28:45.380  5167  5167 I adbd    : UsbFfsConnection being destroyed
08-05 09:28:45.429  5167  5171 I adbd    : opening control endpoint /dev/usb-ffs/adb/ep0
08-05 09:28:45.430  5167  5171 I adbd    : UsbFfsConnection constructed
08-05 09:28:45.431  5167  5235 I adbd    : UsbFfs-monitor thread spawned
--------- beginning of kernel
08-05 09:28:46.196     0     0 W         : [2 T4939  ..] [W2][  MSG_TX] [aml_send_sync_trace 4770]sync token[22575] time[3458012086689]
08-05 09:28:46.197     0     0 W         : [3 T775   ..] [W2][     CMD] [cmd_complete 65]cmd tkn[119]  flags:0000  result: -4  cmd: 105-MM_SYNC_TRACE            - reqcfm(   0-none)
08-05 09:28:46.432  5167  5235 W adbd    : timed out while waiting for FUNCTIONFS_BIND, trying again
08-05 09:28:46.432  5167  5235 I adbd    : UsbFfs: connection terminated: monitor thread finished
08-05 09:28:46.432  5167  5167 I adbd    : UsbFfs: already offline
08-05 09:28:46.433  5167  5167 I adbd    : destroying transport UsbFfs
08-05 09:28:46.433  5167  5167 I adbd    : UsbFfsConnection being destroyed
08-05 09:28:46.477  5167  5171 I adbd    : opening control endpoint /dev/usb-ffs/adb/ep0
08-05 09:28:46.478  5167  5171 I adbd    : UsbFfsConnection constructed
08-05 09:28:46.478  5167  5236 I adbd    : UsbFfs-monitor thread spawned
08-05 09:28:46.738     0     0 I [0 T197   ..] logd: logdr: UID=0 GID=0 PID=5237 b tail=0 logMask=99 pid=0 start=0ns deadline=0ns
08-05 09:28:47.480  5167  5236 W adbd    : timed out while waiting for FUNCTIONFS_BIND, trying again
08-05 09:28:47.480  5167  5236 I adbd    : UsbFfs: connection terminated: monitor thread finished
08-05 09:28:47.480  5167  5167 I adbd    : UsbFfs: already offline
08-05 09:28:47.480  5167  5167 I adbd    : destroying transport UsbFfs
08-05 09:28:47.480  5167  5167 I adbd    : UsbFfsConnection being destroyed
08-05 09:28:47.509  5167  5171 I adbd    : opening control endpoint /dev/usb-ffs/adb/ep0
08-05 09:28:47.510  5167  5171 I adbd    : UsbFfsConnection constructed
08-05 09:28:47.511  5167  5239 I adbd    : UsbFfs-monitor thread spawned
08-05 09:28:48.071   520   520 D XIRI_driver: send to xiri: {"cmd":"key","event":1,"keycode":330,"pid":0,"vid":0,"devnum":0}
08-05 09:28:48.072   520   520 D XIRI_driver: send to xiri: {"cmd":"key","event":1,"keycode":325,"pid":0,"vid":0,"devnum":0}
08-05 09:28:48.091     0     0 W [0 T100   ..] jadard_ts_work: Entering
08-05 09:28:48.075   572   593 D WindowManager: MotionEvent: action=ACTION_DOWN x=136.0 y=200.0 eventTime=3459906 pointerCount=1
08-05 09:28:48.076   876  1311 I jarvis_ : System call method methodId = touch_down
08-05 09:28:48.076   876  3309 I jarvis_ : System call method methodId = touch_down
08-05 09:28:48.099     0     0 W [0 T100   ..] jadard_ts_work: Entering
08-05 09:28:48.081   572   593 D WindowManager: MotionEvent: action=ACTION_MOVE x=136.0 y=200.0 eventTime=3459915 pointerCount=1
08-05 09:28:48.107     0     0 W [0 T100   ..] jadard_ts_work: Entering
08-05 09:28:48.089   572   593 D WindowManager: MotionEvent: action=ACTION_MOVE x=136.0 y=200.0 eventTime=3459923 pointerCount=1
08-05 09:28:48.116     0     0 W [0 T100   ..] jadard_ts_work: Entering
08-05 09:28:48.097   572   593 D WindowManager: MotionEvent: action=ACTION_MOVE x=136.0 y=200.0 eventTime=3459931 pointerCount=1
08-05 09:28:48.124     0     0 W [0 T100   ..] jadard_ts_work: Entering
08-05 09:28:48.105   572   593 D WindowManager: MotionEvent: action=ACTION_MOVE x=136.0 y=200.0 eventTime=3459939 pointerCount=1
08-05 09:28:48.114   572   593 D WindowManager: MotionEvent: action=ACTION_MOVE x=136.0 y=200.0 eventTime=3459948 pointerCount=1
08-05 09:28:48.132     0     0 W [0 T100   ..] jadard_ts_work: Entering
08-05 09:28:48.122   572   593 D WindowManager: MotionEvent: action=ACTION_MOVE x=136.0 y=200.0 eventTime=3459956 pointerCount=1
08-05 09:28:48.140     0     0 W [0 T100   ..] jadard_ts_work: Entering
08-05 09:28:48.130   572   593 D WindowManager: MotionEvent: action=ACTION_MOVE x=136.0 y=200.0 eventTime=3459964 pointerCount=1
08-05 09:28:48.149     0     0 W [0 T100   ..] jadard_ts_work: Entering
08-05 09:28:48.139   572   593 D WindowManager: MotionEvent: action=ACTION_MOVE x=136.0 y=200.0 eventTime=3459972 pointerCount=1
08-05 09:28:48.157     0     0 W [0 T100   ..] jadard_ts_work: Entering
08-05 09:28:48.147   572   593 D WindowManager: MotionEvent: action=ACTION_MOVE x=136.0 y=200.0 eventTime=3459981 pointerCount=1
08-05 09:28:48.166     0     0 W [0 T100   ..] jadard_ts_work: Entering
08-05 09:28:48.154   520   520 D XIRI_driver: send to xiri: {"cmd":"key","event":0,"keycode":330,"pid":0,"vid":0,"devnum":0}
08-05 09:28:48.154   520   520 D XIRI_driver: send to xiri: {"cmd":"key","event":0,"keycode":325,"pid":0,"vid":0,"devnum":0}
08-05 09:28:48.155  5006  5006 I com.starnet.filemanager.activity.FileActivity: [HANDLE4]:==NOTIFY_DATA_CHANGED==GridViewState{selectedId=-9223372036854775808, savedState=AbsListView.SavedState{e0293dc selectedId=-9223372036854775808 firstId=-1 viewTop=0 position=0 height=696 filter=null checkState=null}}
08-05 09:28:48.155   572   593 D WindowManager: MotionEvent: action=ACTION_UP x=136.0 y=200.0 eventTime=3459989 pointerCount=1
08-05 09:28:48.156   876  3309 I jarvis_ : System call method methodId = touch_up
08-05 09:28:48.156   876  1311 I jarvis_ : System call method methodId = touch_up
08-05 09:28:48.173     0     0 W [0 T100   ..] jadard_ts_work: Entering
08-05 09:28:48.220  5006  5006 D com.starnet.filemanager.activity.FileActivity: position: 0
08-05 09:28:48.223   407   858 D audioserver: logFgsApiBegin: FGS Logger Transaction failed, -129
08-05 09:28:48.223   876  1311 E jarvis_ActivityController: activityStarting:intent = Intent { act=android.intent.action.VIEW dat=file:///... typ=video/* cmp=com.droidlogic.exoplayer2.demo/com.droidlogic.videoplayer.MoviePlayer }, pkg=com.droidlogic.exoplayer2.demo
08-05 09:28:48.223   876  1311 I jarvis_ : <getAuthPkgName>:
08-05 09:28:48.224   876  1311 I jarvis_ : <getTVPkgName>:com.gitv.tv.gvp
08-05 09:28:48.224   876  1311 I jarvis_ : isRestedLocally=false
08-05 09:28:48.224   361  5097 I audio_hw_hal_primary: out_update_source_metadata_v7() line 2024 usage:13 content_type:4
08-05 09:28:48.224   876  1311 I jarvis_ : <getAuthPkgName>:
08-05 09:28:48.224   876  1311 I jarvis_ : <getTVPkgName>:com.gitv.tv.gvp
08-05 09:28:48.224   876  1311 E jarvis_ : [, , 0]:com.droidlogic.exoplayer2.demo=false
08-05 09:28:48.224   876  1311 I jarvis_ : com.droidlogic.exoplayer2.demo=false
08-05 09:28:48.224   876  1311 I jarvis_ProcessLifeImps: activityStarting:packageName = com.droidlogic.exoplayer2.demo,pageName = com.droidlogic.videoplayer.MoviePlayer 
08-05 09:28:48.224   876  1311 E jarvis_ActivityController: activityStarting: return true
08-05 09:28:48.224   361  1263 I audio_hw_hal_resourcemgr: [is_output_device_muted:710] device:0x2 port_mute:0, fade_mute:0
08-05 09:28:48.224   361  1263 I audio_hw_hal_submixing: [usecase_change_validate_l_sm:1507] ++++ out:0xe47c5d80 continuous:0 dev masks:0, out masks:0, out usecase PCM_NORMAL
08-05 09:28:48.224   361  1263 I audio_hw_hal_submixing: [usecase_change_validate_l_sm:1514] io 13: out:0xe47c5d80 add usecase PCM_NORMAL, cnt 1
08-05 09:28:48.224   361  1263 D audio_hw_hal_submixing: [usecase_change_validate_l_sm:1527] io 13: out:0xe47c5d80 cur dev masks:0, add out usecase:PCM_NORMAL
08-05 09:28:48.224   361  1263 I audio_hw_hal_submixing: [usecase_change_validate_l_sm:1556] ---- out:0xe47c5d80 continuous:0 dev masks:0x1, out masks:0x1, out usecase PCM_NORMAL
08-05 09:28:48.224   361  1263 D audio_hw_hal_port: [setPortConfig:302] +++ch mask = 0x3, fmt 0x1, samplerate 48000
08-05 09:28:48.224   361  1263 D audio_hw_hal_port: [new_input_port:462] buf_frames:384,frame_size:4 ==> thunk_size:1536
08-05 09:28:48.224   361  1263 I audio_hw_hal_port: [get_input_port_type:122] samplerate:48000, flags:0x2, channel_cnt:2
08-05 09:28:48.224   361  1263 D audio_hw_hal_port: [new_input_port:499] inport:PCM_SYSTEM, buf:6144, direct:0, format:0x1, rate:48000, ch:2
08-05 09:28:48.224   361  1263 D audio_hw_hal_submixing: [mixer_get_available_inport_index:141] +inportsAvailMasks: 0xfe
08-05 09:28:48.224   361  1263 D audio_hw_hal_submixing: [mixer_get_available_inport_index:144] -inportsAvailMasks:0xfc, index 1
08-05 09:28:48.225   361  1263 I audio_hw_hal_submixing: [init_mixer_input_port:211] input port:PCM_SYSTEM, size 384 frames, frame_write_sum:4253696
08-05 09:28:48.225   361  1263 I audio_hw_hal_port: [get_input_port_type:122] samplerate:48000, flags:0x2, channel_cnt:2
08-05 09:28:48.225   361  1263 I audio_hw_hal_submixing: [mixer_aux_buffer_write_sm:1351] io 13: out:0xe47c5d80 usecase:PCM_NORMAL standby to unstandby, input port:PCM_SYSTEM
08-05 09:28:48.225   361  1263 I audio_hw_hal_submixing: [mixer_aux_buffer_write_sm:1362] padding_bytes 12288
08-05 09:28:48.225   361  1263 I audio_hw_hal_submixing: [mixer_write_inport:340] input port:PCM_SYSTEM is active now
08-05 09:28:48.225   361  1263 I audio_hw_hal_submixing: [mixer_aux_buffer_write_sm:1362] padding_bytes 10752
08-05 09:28:48.225   361  1263 I audio_hw_hal_submixing: [mixer_aux_buffer_write_sm:1362] padding_bytes 9216
08-05 09:28:48.225   361  1263 I audio_hw_hal_submixing: [mixer_aux_buffer_write_sm:1362] padding_bytes 7680
08-05 09:28:48.225   361  1263 I audio_hw_hal_submixing: [mixer_aux_buffer_write_sm:1362] padding_bytes 6144
08-05 09:28:48.226   572  2131 D CompatibilityChangeReporter: Compat change id reported: 265464455; UID 10035; state: DISABLED
08-05 09:28:48.226   572  2131 D CompatibilityChangeReporter: Compat change id reported: 265452344; UID 10035; state: DISABLED
08-05 09:28:48.227   572  2131 D CompatibilityChangeReporter: Compat change id reported: 266124927; UID 10035; state: DISABLED
08-05 09:28:48.227   572  2131 D CompatibilityChangeReporter: Compat change id reported: 265451093; UID 10035; state: DISABLED
08-05 09:28:48.227   572  2131 D CompatibilityChangeReporter: Compat change id reported: 265456536; UID 10035; state: DISABLED
08-05 09:28:48.227   572  2131 D CompatibilityChangeReporter: Compat change id reported: 255940284; UID 10035; state: DISABLED
08-05 09:28:48.228   572  2131 D CompatibilityChangeReporter: Compat change id reported: 236283604; UID 10035; state: DISABLED
08-05 09:28:48.228   572  2131 D CompatibilityChangeReporter: Compat change id reported: 263959004; UID 10035; state: DISABLED
08-05 09:28:48.228   572  2131 D CompatibilityChangeReporter: Compat change id reported: 264304459; UID 10035; state: DISABLED
08-05 09:28:48.228   876  1062 E callSystem: methodId = appActivityStart,result = 0
08-05 09:28:48.228   572  2131 D CompatibilityChangeReporter: Compat change id reported: 264301586; UID 10035; state: DISABLED
08-05 09:28:48.229   572  2131 D CompatibilityChangeReporter: Compat change id reported: 254631730; UID 10035; state: DISABLED
08-05 09:28:48.229   572  2131 D CompatibilityChangeReporter: Compat change id reported: 273509367; UID 10035; state: DISABLED
08-05 09:28:48.229   572  2131 D CompatibilityChangeReporter: Compat change id reported: 263259275; UID 10035; state: DISABLED
08-05 09:28:48.229   572  2131 D CompatibilityChangeReporter: Compat change id reported: 174042980; UID 10035; state: DISABLED
08-05 09:28:48.229   572  2131 D CompatibilityChangeReporter: Compat change id reported: 174042936; UID 10035; state: DISABLED
08-05 09:28:48.229   572  2131 D CompatibilityChangeReporter: Compat change id reported: 181136395; UID 10035; state: DISABLED
08-05 09:28:48.232   361   539 I audio_hw_hal_submixing: [mixer_inports_read:1010] input port:PCM_SYSTEM first start, portId:1, avail:6144
08-05 09:28:48.235   572  2131 D CompatibilityChangeReporter: Compat change id reported: 194480991; UID 10035; state: ENABLED
08-05 09:28:48.237   361  1263 I audio_hw_hal_submixing: [mixer_aux_buffer_write_sm:1362] padding_bytes 4608
08-05 09:28:48.237   572  2131 E CellBroadcastUtils: getDefaultCellBroadcastReceiverPackageName: no package found
08-05 09:28:48.242   572  2131 D CompatibilityChangeReporter: Compat change id reported: 184838306; UID 10035; state: DISABLED
08-05 09:28:48.242   572  2131 D CompatibilityChangeReporter: Compat change id reported: 185004937; UID 10035; state: DISABLED
08-05 09:28:48.245   361  1263 I audio_hw_hal_submixing: [mixer_aux_buffer_write_sm:1362] padding_bytes 3072
08-05 09:28:48.245   572  2131 D CompatibilityChangeReporter: Compat change id reported: 197654537; UID 10035; state: ENABLED
08-05 09:28:48.253   361  1263 I audio_hw_hal_submixing: [mixer_aux_buffer_write_sm:1362] padding_bytes 1536
08-05 09:28:48.253   572  2131 D CompatibilityChangeReporter: Compat change id reported: 205907456; UID 10035; state: ENABLED
08-05 09:28:48.256   572  2131 I ActivityTaskManager: START u0 {act=android.intent.action.VIEW dat=file:///... typ=video/* flg=0x10000000 cmp=com.droidlogic.exoplayer2.demo/com.droidlogic.videoplayer.MoviePlayer (has extras)} with LAUNCH_MULTIPLE from uid 1000 (BAL_ALLOW_ALLOWLISTED_UID) result code=0
08-05 09:28:48.259   572   595 D CompatibilityChangeReporter: Compat change id reported: 135634846; UID 10035; state: DISABLED
08-05 09:28:48.260   572   602 D CompatibilityChangeReporter: Compat change id reported: 143937733; UID 10035; state: ENABLED
08-05 09:28:48.279   572   644 D CompatibilityChangeReporter: Compat change id reported: 265195908; UID 10035; state: ENABLED
08-05 09:28:48.283   218   218 I BpBinder: onLastStrongRef automatically unlinking death recipients: 
08-05 09:28:48.290   349   349 D Zygote  : Forked child process 5240
08-05 09:28:48.291   572   602 I ActivityManager: Start proc 5240:com.droidlogic.exoplayer2.demo/u0a35 for next-top-activity {com.droidlogic.exoplayer2.demo/com.droidlogic.videoplayer.MoviePlayer}
08-05 09:28:48.300  5240  5240 I Zygote  : seccomp disabled by setenforce 0
08-05 09:28:48.309   361  1263 I audio_hw_hal_stream: aml_stream_out_info_print: out:0xe47c5d80, stream_type:pcm, sync_mode:non tunnel, input_size:17022976 bytes
08-05 09:28:48.309   361  1263 I audio_hw_hal_stream: aml_stream_out_info_print: last_time:3441075 ms (sec:3441, nsec:75230473), last_position:88568 ms (4251264), cur_time:3460136 ms (sec:3460, nsec:136835398), cur_position:88618 ms (4253696)
08-05 09:28:48.309   361  1263 I audio_hw_hal_stream: aml_stream_out_info_print: time_gap:19061 ms (thr:100 ms), position_gap:50 ms, delay:42 ms, jitter: Position gap is behind system time gap by 19011 ms (thr:100 ms)
08-05 09:28:48.310  5240  5240 I exoplayer2.demo: Using CollectorTypeCC GC.
08-05 09:28:48.317  5240  5240 E exoplayer2.demo: Not starting debugger since process cannot load the jdwp agent.
08-05 09:28:48.330   572   639 D CompatibilityChangeReporter: Compat change id reported: 168419799; UID 10035; state: DISABLED
08-05 09:28:48.330   572   639 D CompatibilityChangeReporter: Compat change id reported: 273564678; UID 10035; state: DISABLED
08-05 09:28:48.336   961   977 D DroidLogicBenchService: onForegroundActivitiesChanged pid:5240,uid:10035,fg:true
08-05 09:28:48.339  1122  1807 D LauncherApp: [, , 0]:{Thread:binder:1122_6}onForegroundActivitiesChanged
08-05 09:28:48.340   876   892 E jarvis_AppUtils: getPkgNameByPidFromFile failed, pid===5240, ex=java.io.FileNotFoundException: /proc/5240/cmdline: open failed: ENOENT (No such file or directory)
08-05 09:28:48.340   876   892 E jarvis_AppUtils: read /proc/pid/cmdline failed, pname===null, fallback to AMS...
08-05 09:28:48.341  1122  1615 D LauncherApp: [, , 0]:{Thread:pool-4-thread-4}Process (pid: 5240, uid: 10035, package: com.droidlogic.exoplayer2.demo) foreground state changed: true
08-05 09:28:48.341   876   892 E jarvis_ProcessObserverBinder: onForeground app com.droidlogic.exoplayer2.demo, pid = 5240, uid = 10035, foreActs = true
08-05 09:28:48.341  1122  1615 D LauncherApp: [, , 0]:{Thread:pool-4-thread-4}Process (package com.starnet.filemanager) foreground state changed: false
08-05 09:28:48.343   876  1067 I jarvis_LxAgentApiClient: <asyncCallAgent> method=lingxi_report_client
08-05 09:28:48.343   876  1099 I jarvis_LxAgentApiClient: <callAgent> method=lingxi_report_client, params=Bundle[{commandId=7, header=null, body={"eventId":58,"eventMode":0,"params":{"status":"2"}}, msgId=1785893328}]
08-05 09:28:48.344  1122  5256 D com.aijia.http.intercept.HttpInterceptLogger: [, , 0]:{Thread:RxCachedThreadScheduler-23}--> POST https://device.yjdp.komect.com/yjfp/device-user/behavior/app/usage/record/add
08-05 09:28:48.344  1122  5256 D com.aijia.http.intercept.HttpInterceptLogger: [, , 0]:{Thread:RxCachedThreadScheduler-23}Content-Type: application/json; charset=utf-8
08-05 09:28:48.345  1122  5256 D com.aijia.http.intercept.HttpInterceptLogger: [, , 0]:{Thread:RxCachedThreadScheduler-23}Content-Length: 725
08-05 09:28:48.345  1122  5256 D com.aijia.http.intercept.HttpInterceptLogger: [, , 0]:{Thread:RxCachedThreadScheduler-23}authorization: Bearer eyJraWQiOiJmOTY3MzAwNC1iMzljLTQwYTgtYTUxYy00Njg1YzBkN2UxNTEiLCJhbGciOiJSUzI1NiJ9.eyJzdWIiOiIxNjY0MDExNTI5MTExMTMyMDkwMDAwMDEwIiwicHJvdkNvZGUiOiIxMDAiLCJ1c2VyX25hbWUiOiIxNjY0MDExNTI5MTExMTMyMDkwMDAwMDEwIiwicGFzc0lkIjoiMjg5NTU1NjkyNDI4NzciLCJpc3MiOiJodHRwOi8vZGV2aWNlLW9hdXRoL2RldmljZS1vYXV0aDIiLCJleHRlbmRJbmZvIjp7InVzZXJuYW1lIjoiMTY2NDAxMTUyOTExMTEzMjA5MDAwMDAxMCJ9LCJjbGllbnRfaWQiOiJlNzUxY2U3NmQ2NjMxMWYwYjdiYjAwMTYzZTAyMjhiYSIsImF1ZCI6ImU3NTFjZTc2ZDY2MzExZjBiN2JiMDAxNjNlMDIyOGJhIiwibmJmIjoxNzg1ODkxNzA0LCJzY29wZSI6WyJhbGwiXSwiZXhwIjoxNzg1ODkzNTA0LCJpYXQiOjE3ODU4OTE3MDQsImp0aSI6IjgzYTIwMzdjLWNkMzItNDRkNS04M2E3LTgxNmMyMWQ2Mzk2NyJ9.Vqfh-QA0fiqGg73m1VjefEWMsdRYcwviOqoVWqatJGNj9GgWx4fADsdNHcYPS6g45ETtdvr6wQ0iXJUftJCzlkZlHxlXoLsywy1Yt1dpwPd25IFXBoo5TBXjXSNHUs0FvUW6kzZKRhx1xNqnUIFLdQUvBIACLmSCc85cfaXq3LxwE-ElYZx8s3kQSw-yYinTqloNRbAgTehUvWL6tkCoHdr-6YhpGfL616IEv6OKrt3lawfyU3OzgnZSE5Jogffw830H6wEltMELAJR5SxATiJht0xB4ahS5hICTgCRNa0xaKYeM4RdRx8xx9XhZk759kgXtcPmmAkz36vTRI9jR8w
08-05 09:28:48.345  1122  5256 D com.aijia.http.intercept.HttpInterceptLogger: [, , 0]:{Thread:RxCachedThreadScheduler-23}appVersion: 0.4.10_4010013_release
08-05 09:28:48.345  1122  5256 D com.aijia.http.intercept.HttpInterceptLogger: [, , 0]:{Thread:RxCachedThreadScheduler-23}bizType: ajyp
08-05 09:28:48.345  1122  5256 D com.aijia.http.intercept.HttpInterceptLogger: [, , 0]:{Thread:RxCachedThreadScheduler-23}
08-05 09:28:48.345  1122  5256 D com.aijia.http.intercept.HttpInterceptLogger: [, , 0]:{Thread:RxCachedThreadScheduler-23}{"traceId":"22661a7f-d866-4d21-8ccb-4d029b810563","data":{"cmei":"111132090000010","lanMac":"28BEF3247A81","localServerType":"Jarvis","firmwareOtaPath":"","launcherVersionCode":4010013,"firmwareOtaMode":"","deviceId":"CMCC-592288-28BEF3247A81","manufacturer":"STAR","localServerVersionName":"0.2.5_202602102031_release","launcherVersion":"0.4.10_4010013_release","wlanMac":"28BEF3247A81","stbId":"0032360080742080260628BEF3247A81","deviceProductId":"592288","deviceMac":"28BEF3247A81","model":"TB712","sn":"1664011529111132090000010","packageName":"com.droidlogic.exoplayer2.demo","firmwareVersion":"1.0.1","brand":"STAR-NET"},"signature":"Mzv7IBErfC/cSpEIMUpf5x3Wd94Sk20bsfGOJluL0+A=","powerkey":"1664011529111132090000010"}
08-05 09:28:48.346  1122  5256 D com.aijia.http.intercept.HttpInterceptLogger: [, , 0]:{Thread:RxCachedThreadScheduler-23}--> END POST (725-byte body)
08-05 09:28:48.347   876  1099 I jarvis_LxAgentApiClient: <callAgent> method=lingxi_report_client, result=null
08-05 09:28:48.348  5240  5240 D CompatibilityChangeReporter: Compat change id reported: 171979766; UID 10035; state: ENABLED
08-05 09:28:48.348  5240  5240 D CompatibilityChangeReporter: Compat change id reported: 242716250; UID 10035; state: ENABLED
08-05 09:28:48.353   572   772 D CompatibilityChangeReporter: Compat change id reported: 170503758; UID 10035; state: ENABLED
08-05 09:28:48.357  1122  1122 I RxCachedThreadS: type=1400 audit(0.0:2676): avc:  denied  { write } for  name="dnsproxyd" dev="tmpfs" ino=766 scontext=u:r:zygote:s0 tcontext=u:object_r:dnsproxyd_socket:s0 tclass=sock_file permissive=1
08-05 09:28:48.357  1122  1122 I RxCachedThreadS: type=1400 audit(0.0:2677): avc:  denied  { connectto } for  path="/dev/socket/dnsproxyd" scontext=u:r:zygote:s0 tcontext=u:r:netd:s0 tclass=unix_stream_socket permissive=1
08-05 09:28:48.358   347  5259 I resolv  : GetAddrInfoHandler::run: {100 786532 100 983140 1000 0}
08-05 09:28:48.359   347  5260 I resolv  : res_nmkquery: (QUERY, IN, A)
08-05 09:28:48.359  1122  1612 D EventUtil: [, , 0]:{Thread:pool-4-thread-2}应用打开 onEventAppOpen eventId:VC_APPOPEN data:{"VC_APP_PACKAGE":"com.droidlogic.exoplayer2.demo","OPTTIME":1785893328359,"VC_APP_STARTTIME":1785893328359,"VC_APP_NAME":"AM Player","VC_APP_VERSION":"2.12.2_20260417","deviceInfo":{"cmei":"111132090000010","lanMac":"28BEF3247A81","localServerType":"Jarvis","firmwareOtaPath":"","launcherVersionCode":4010013,"firmwareOtaMode":"","deviceId":"CMCC-592288-28BEF3247A81","manufacturer":"STAR","localServerVersionName":"0.2.5_202602102031_release","launcherVersion":"0.4.10_4010013_release","wlanMac":"28BEF3247A81","stbId":"0032360080742080260628BEF3247A81","deviceProductId":"592288","deviceMac":"28BEF3247A81","model":"TB712","sn":"1664011529111132090000010","firmwareVersion":"1.0.1","brand":"STAR-NET"}}
08-05 09:28:48.360  1122  1612 D ATraceManager: trace: VC_APPOPEN , params = {"VC_APP_PACKAGE":"com.droidlogic.exoplayer2.demo","OPTTIME":"1785893328359","VC_APP_STARTTIME":"1785893328359","VC_APP_NAME":"AM Player","VC_APP_VERSION":"2.12.2_20260417","deviceInfo":"{\"cmei\":\"111132090000010\",\"lanMac\":\"28BEF3247A81\",\"localServerType\":\"Jarvis\",\"firmwareOtaPath\":\"\",\"launcherVersionCode\":4010013,\"firmwareOtaMode\":\"\",\"deviceId\":\"CMCC-592288-28BEF3247A81\",\"manufacturer\":\"STAR\",\"localServerVersionName\":\"0.2.5_202602102031_release\",\"launcherVersion\":\"0.4.10_4010013_release\",\"wlanMac\":\"28BEF3247A81\",\"stbId\":\"0032360080742080260628BEF3247A81\",\"deviceProductId\":\"592288\",\"deviceMac\":\"28BEF3247A81\",\"model\":\"TB712\",\"sn\":\"1664011529111132090000010\",\"firmwareVersion\":\"1.0.1\",\"brand\":\"STAR-NET\"}"}
08-05 09:28:48.362  1122  1348 W TelUtil : [numToLetter] input:1664011529111132090000010
08-05 09:28:48.362  5240  5240 D nativeloader: InitLlndkLibrariesVendor: libEGL.so:libGLESv1_CM.so:libGLESv2.so:libGLESv3.so:libRS.so:libandroid_net.so:libbinder_ndk.so:libc.so:libcgrouprc.so:libclang_rt.asan-arm-android.so:libcom.android.tethering.connectivity_native.so:libdl.so:libft2.so:liblog.so:libm.so:libmediandk.so:libnativewindow.so:libneuralnetworks.so:libselinux.so:libsync.so:libvndksupport.so:libvulkan.so
08-05 09:28:48.362  1122  1348 W TelUtil : [numToLetter] return value:affd`aaebiaaaacb`i`````a`
08-05 09:28:48.362  5240  5240 D nativeloader: Configuring vendor-clns-4 for unbundled vendor apk /vendor/framework/droidlogic.software.core.jar. target_sdk_version=36, uses_libraries=ALL, library_path=/product/app/ExoPlayer/lib/arm:/product/app/ExoPlayer/ExoPlayer.apk!/lib/armeabi-v7a:/vendor/lib, permitted_path=/data:/mnt/expand:/data/user/0/com.droidlogic.exoplayer2.demo:/vendor/lib
08-05 09:28:48.361  1122  1122 I pool-7-thread-1: type=1400 audit(0.0:2678): avc:  denied  { write } for  name="shared_prefs" dev="dm-12" ino=2549 scontext=u:r:zygote:s0 tcontext=u:object_r:system_data_file:s0 tclass=dir permissive=1
08-05 09:28:48.361  1122  1122 I pool-7-thread-1: type=1400 audit(0.0:2679): avc:  denied  { remove_name } for  name="trace_event_index_affd`aaebiaaaacb`i`````a`.xml" dev="dm-12" ino=28539 scontext=u:r:zygote:s0 tcontext=u:object_r:system_data_file:s0 tclass=dir permissive=1
08-05 09:28:48.361  1122  1122 I pool-7-thread-1: type=1400 audit(0.0:2680): avc:  denied  { rename } for  name="trace_event_index_affd`aaebiaaaacb`i`````a`.xml" dev="dm-12" ino=28539 scontext=u:r:zygote:s0 tcontext=u:object_r:system_data_file:s0 tclass=file permissive=1
08-05 09:28:48.361  1122  1122 I pool-7-thread-1: type=1400 audit(0.0:2681): avc:  denied  { add_name } for  name="trace_event_index_affd`aaebiaaaacb`i`````a`.xml.bak" scontext=u:r:zygote:s0 tcontext=u:object_r:system_data_file:s0 tclass=dir permissive=1
08-05 09:28:48.361  1122  1122 I pool-7-thread-1: type=1400 audit(0.0:2682): avc:  denied  { create } for  name="trace_event_index_affd`aaebiaaaacb`i`````a`.xml" scontext=u:r:zygote:s0 tcontext=u:object_r:system_data_file:s0 tclass=file permissive=1
08-05 09:28:48.361  1122  1122 I pool-7-thread-1: type=1400 audit(0.0:2683): avc:  denied  { write } for  path="/data/user/0/com.komect.ajlauncher/shared_prefs/trace_event_index_affd`aaebiaaaacb`i`````a`.xml" dev="dm-12" ino=28574 scontext=u:r:zygote:s0 tcontext=u:object_r:system_data_file:s0 tclass=file permissive=1
08-05 09:28:48.364  5240  5240 D nativeloader: InitVndkspLibrariesVendor: android.hardware.common-V2-ndk.so:android.hardware.common.fmq-V1-ndk.so:android.hardware.graphics.allocator-V2-ndk.so:android.hardware.graphics.common-V4-ndk.so:android.hardware.graphics.common@1.0.so:android.hardware.graphics.common@1.1.so:android.hardware.graphics.common@1.2.so:android.hardware.graphics.composer3-V1-ndk.so:android.hardware.graphics.mapper@2.0.so:android.hardware.graphics.mapper@2.1.so:android.hardware.graphics.mapper@3.0.so:android.hardware.graphics.mapper@4.0.so:android.hardware.renderscript@1.0.so:android.hidl.memory.token@1.0.so:android.hidl.memory@1.0-impl.so:android.hidl.memory@1.0.so:android.hidl.safe_union@1.0.so:libRSCpuRef.so:libRSDriver.so:libRS_internal.so:libbase.so:libbcinfo.so:libblas.so:libc++.so:libcompiler_rt.so:libcutils.so:libdmabufheap.so:libgralloctypes.so:libhardware.so:libhidlbase.so:libhidlmemory.so:libion.so:libjsoncpp.so:liblzma.so:libprocessgroup.so:libunwindstack.so:libutils.so:libutilscallstack.so:libz.so
08-05 09:28:48.384     0     0 W [2 T1348  ..] audit: audit_lost=1491 audit_rate_limit=5 audit_backlog_limit=64
08-05 09:28:48.384     0     0 E [2 T1348  ..] audit: rate limit exceeded
08-05 09:28:48.365  1122  1348 W TraceIndexManager: [getNextEventIndex] | event index:|2878
08-05 09:28:48.365  1122  1348 W TraceBodyCreator: [addEventToBody]:{"7":"15","6":"unknown","9":"20260805092848360","16":"VC_APPOPEN","50":"{\"VC_APP_PACKAGE\":\"com.droidlogic.exoplayer2.demo\",\"OPTTIME\":\"1785893328359\",\"VC_APP_STARTTIME\":\"1785893328359\",\"VC_APP_NAME\":\"AM Player\",\"VC_APP_VERSION\":\"2.12.2_20260417\",\"deviceInfo\":\"{\\\"cmei\\\":\\\"111132090000010\\\",\\\"lanMac\\\":\\\"28BEF3247A81\\\",\\\"localServerType\\\":\\\"Jarvis\\\",\\\"firmwareOtaPath\\\":\\\"\\\",\\\"launcherVersionCode\\\":4010013,\\\"firmwareOtaMode\\\":\\\"\\\",\\\"deviceId\\\":\\\"CMCC-592288-28BEF3247A81\\\",\\\"manufacturer\\\":\\\"STAR\\\",\\\"localServerVersionName\\\":\\\"0.2.5_202602102031_release\\\",\\\"launcherVersion\\\":\\\"0.4.10_4010013_release\\\",\\\"wlanMac\\\":\\\"28BEF3247A81\\\",\\\"stbId\\\":\\\"0032360080742080260628BEF3247A81\\\",\\\"deviceProductId\\\":\\\"592288\\\",\\\"deviceMac\\\":\\\"28BEF3247A81\\\",\\\"model\\\":\\\"TB712\\\",\\\"sn\\\":\\\"1664011529111132090000010\\\",\\\"firmwareVersion\\\":\\\"1.0.1\\\",\\\"brand\\\":\\\"STAR-NET\\\"}\"}","17":"unknown","18":1,"62":"2878"}
08-05 09:28:48.365  1122  1348 W TraceAppStatusCache: [updateSumCount] current sum count:17
08-05 09:28:48.361  1122  1122 I pool-7-thread-1: type=1400 audit(0.0:2684): avc:  denied  { setattr } for  name="trace_event_index_affd`aaebiaaaacb`i`````a`.xml" dev="dm-12" ino=28574 scontext=u:r:zygote:s0 tcontext=u:object_r:system_data_file:s0 tclass=file permissive=1
08-05 09:28:48.367  1122  1348 W TraceBodyCache: [loadBody] start
08-05 09:28:48.367  1122  1348 W TraceBodyCache: [loadBody] FileNotFoundException
08-05 09:28:48.367  1122  1348 W System.err: java.io.FileNotFoundException: /data/user/0/com.komect.ajlauncher/files/TRACE_FC_com.komect.ajlauncher: open failed: ENOENT (No such file or directory)
08-05 09:28:48.367  1122  1348 W System.err: 	at libcore.io.IoBridge.open(IoBridge.java:574)
08-05 09:28:48.367  1122  1348 W System.err: 	at java.io.FileInputStream.<init>(FileInputStream.java:160)
08-05 09:28:48.367  1122  1348 W System.err: 	at android.app.ContextImpl.openFileInput(ContextImpl.java:745)
08-05 09:28:48.368  1122  1348 W System.err: 	at android.content.ContextWrapper.openFileInput(ContextWrapper.java:249)
08-05 09:28:48.368  1122  1348 W System.err: 	at com.cmcc.tracesdk.cache.TraceBodyCache.loadBody(Unknown Source:15)
08-05 09:28:48.368  1122  1348 W System.err: 	at com.cmcc.tracesdk.cache.TraceBodyCache.appendToBody(Unknown Source:91)
08-05 09:28:48.368  1122  1348 W System.err: 	at com.cmcc.tracesdk.platform.TraceBodyCreator.addEventToBody(Unknown Source:202)
08-05 09:28:48.368  1122  1348 W System.err: 	at com.cmcc.tracesdk.client.TraceEventRunnable.run(Unknown Source:16)
08-05 09:28:48.368  1122  1348 W System.err: 	at java.util.concurrent.ThreadPoolExecutor.runWorker(ThreadPoolExecutor.java:1145)
08-05 09:28:48.368  1122  1348 W System.err: 	at java.util.concurrent.ThreadPoolExecutor$Worker.run(ThreadPoolExecutor.java:644)
08-05 09:28:48.368  1122  1348 W System.err: 	at java.lang.Thread.run(Thread.java:1012)
08-05 09:28:48.368  1122  1348 W System.err: Caused by: android.system.ErrnoException: open failed: ENOENT (No such file or directory)
08-05 09:28:48.368  1122  1348 W System.err: 	at libcore.io.Linux.open(Native Method)
08-05 09:28:48.368  1122  1348 W System.err: 	at libcore.io.ForwardingOs.open(ForwardingOs.java:563)
08-05 09:28:48.368  1122  1348 W System.err: 	at libcore.io.BlockGuardOs.open(BlockGuardOs.java:274)
08-05 09:28:48.368  1122  1348 W System.err: 	at libcore.io.ForwardingOs.open(ForwardingOs.java:563)
08-05 09:28:48.368  1122  1348 W System.err: 	at android.app.ActivityThread$AndroidOs.open(ActivityThread.java:8138)
08-05 09:28:48.368  1122  1348 W System.err: 	at libcore.io.IoBridge.open(IoBridge.java:560)
08-05 09:28:48.368  1122  1348 W System.err: 	... 10 more
08-05 09:28:48.368  1122  1348 W TraceBodyCache: [saveBody] start
08-05 09:28:48.369  1122  1348 W TraceBodyCache: [saveBody] save body success
08-05 09:28:48.372   347  5260 I resolv  : res_nsend: used send_dg 151 terrno: 0
08-05 09:28:48.372   347  5260 I resolv  : doQuery: rcode=0, ancount=3, return value=151
08-05 09:28:48.374  1122  5256 D TrafficStats: tagSocket(81) with statsTag=0xffffffff, statsUid=-1
08-05 09:28:48.389   361  1263 I audio_hw_hal_primary: [audiohal_get_latency:1344] io 13: out:0xe47c5d80 frames:3072 rate:48000 whole_latency:64 alsa_latency:64
08-05 09:28:48.394  5240  5240 D nativeloader: InitLlndkLibrariesProduct: libEGL.so:libGLESv1_CM.so:libGLESv2.so:libGLESv3.so:libRS.so:libandroid_net.so:libbinder_ndk.so:libc.so:libcgrouprc.so:libclang_rt.asan-arm-android.so:libcom.android.tethering.connectivity_native.so:libdl.so:libft2.so:liblog.so:libm.so:libmediandk.so:libnativewindow.so:libneuralnetworks.so:libselinux.so:libsync.so:libvndksupport.so:libvulkan.so
08-05 09:28:48.394  5240  5240 D nativeloader: Configuring product-clns-5 for unbundled product apk /product/app/ExoPlayer/ExoPlayer.apk. target_sdk_version=36, uses_libraries=, library_path=/product/app/ExoPlayer/lib/arm:/product/app/ExoPlayer/ExoPlayer.apk!/lib/armeabi-v7a:/product/lib:/system/product/lib, permitted_path=/data:/mnt/expand:/data/user/0/com.droidlogic.exoplayer2.demo:/product/lib:/system/product/lib
08-05 09:28:48.396  5240  5240 D nativeloader: InitVndkspLibrariesProduct: android.hardware.common-V2-ndk.so:android.hardware.common.fmq-V1-ndk.so:android.hardware.graphics.allocator-V2-ndk.so:android.hardware.graphics.common-V4-ndk.so:android.hardware.graphics.common@1.0.so:android.hardware.graphics.common@1.1.so:android.hardware.graphics.common@1.2.so:android.hardware.graphics.composer3-V1-ndk.so:android.hardware.graphics.mapper@2.0.so:android.hardware.graphics.mapper@2.1.so:android.hardware.graphics.mapper@3.0.so:android.hardware.graphics.mapper@4.0.so:android.hardware.renderscript@1.0.so:android.hidl.memory.token@1.0.so:android.hidl.memory@1.0-impl.so:android.hidl.memory@1.0.so:android.hidl.safe_union@1.0.so:libRSCpuRef.so:libRSDriver.so:libRS_internal.so:libbase.so:libbcinfo.so:libblas.so:libc++.so:libcompiler_rt.so:libcutils.so:libdmabufheap.so:libgralloctypes.so:libhardware.so:libhidlbase.so:libhidlmemory.so:libion.so:libjsoncpp.so:liblzma.so:libprocessgroup.so:libunwindstack.so:libutils.so:libutilscallstack.so:libz.so
08-05 09:28:48.411   361  1263 I audio_hw_hal_primary: [audiohal_get_latency:1344] io 13: out:0xe47c5d80 frames:3072 rate:48000 whole_latency:64 alsa_latency:64
08-05 09:28:48.434  5240  5240 V GraphicsEnvironment: Currently set values for:
08-05 09:28:48.435  5240  5240 V GraphicsEnvironment:   angle_gl_driver_selection_pkgs=[]
08-05 09:28:48.435  5240  5240 V GraphicsEnvironment:   angle_gl_driver_selection_values=[]
08-05 09:28:48.435  5240  5240 V GraphicsEnvironment: ANGLE GameManagerService for com.droidlogic.exoplayer2.demo: false
08-05 09:28:48.435  5240  5240 V GraphicsEnvironment: com.droidlogic.exoplayer2.demo is not listed in per-application setting
08-05 09:28:48.436  5240  5240 V GraphicsEnvironment: Neither updatable production driver nor prerelease driver is supported.
08-05 09:28:48.437   361  1263 I audio_hw_hal_primary: [audiohal_get_latency:1344] io 13: out:0xe47c5d80 frames:3072 rate:48000 whole_latency:64 alsa_latency:64
08-05 09:28:48.441  5240  5240 I MultiDex: VM with version 2.1.0 has multidex support
08-05 09:28:48.441  5240  5240 I MultiDex: Installing application
08-05 09:28:48.441  5240  5240 I MultiDex: VM has multidex support, MultiDex support library is disabled.
08-05 09:28:48.459   361  1263 I audio_hw_hal_primary: [audiohal_get_latency:1344] io 13: out:0xe47c5d80 frames:3072 rate:48000 whole_latency:64 alsa_latency:64
08-05 09:28:48.470  5240  5240 D UEventObserver: Construct UEventObserver
08-05 09:28:48.477   361  1263 I audio_hw_hal_primary: [audiohal_get_latency:1344] io 13: out:0xe47c5d80 frames:3072 rate:48000 whole_latency:64 alsa_latency:64
08-05 09:28:48.477   407   545 D audioserver: logFgsApiEnd: FGS Logger Transaction failed, -129
08-05 09:28:48.495  5240  5240 I MoviePlayer: [onCreate]
08-05 09:28:48.512  5167  5239 W adbd    : timed out while waiting for FUNCTIONFS_BIND, trying again
08-05 09:28:48.512  5167  5239 I adbd    : UsbFfs: connection terminated: monitor thread finished
08-05 09:28:48.512  5167  5167 I adbd    : UsbFfs: already offline
08-05 09:28:48.512  5167  5167 I adbd    : destroying transport UsbFfs
08-05 09:28:48.512  5167  5167 I adbd    : UsbFfsConnection being destroyed
08-05 09:28:48.536  5240  5240 D CompatibilityChangeReporter: Compat change id reported: 210923482; UID 10035; state: ENABLED
08-05 09:28:48.570  5167  5171 I adbd    : opening control endpoint /dev/usb-ffs/adb/ep0
08-05 09:28:48.571  5167  5171 I adbd    : UsbFfsConnection constructed
08-05 09:28:48.571  5167  5268 I adbd    : UsbFfs-monitor thread spawned
08-05 09:28:48.599  1122  5256 D com.aijia.http.intercept.HttpInterceptLogger: [, , 0]:{Thread:RxCachedThreadScheduler-23}<-- 200 OK https://device.yjdp.komect.com/yjfp/device-user/behavior/app/usage/record/add (252ms)
08-05 09:28:48.599  1122  5256 D com.aijia.http.intercept.HttpInterceptLogger: [, , 0]:{Thread:RxCachedThreadScheduler-23}Date: Wed, 05 Aug 2026 01:28:48 GMT
08-05 09:28:48.599  1122  5256 D com.aijia.http.intercept.HttpInterceptLogger: [, , 0]:{Thread:RxCachedThreadScheduler-23}Content-Type: application/json
08-05 09:28:48.599  1122  5256 D com.aijia.http.intercept.HttpInterceptLogger: [, , 0]:{Thread:RxCachedThreadScheduler-23}Transfer-Encoding: chunked
08-05 09:28:48.599  1122  5256 D com.aijia.http.intercept.HttpInterceptLogger: [, , 0]:{Thread:RxCachedThreadScheduler-23}Connection: keep-alive
08-05 09:28:48.599  1122  5256 D com.aijia.http.intercept.HttpInterceptLogger: [, , 0]:{Thread:RxCachedThreadScheduler-23}Keep-Alive: timeout=60
08-05 09:28:48.600  1122  5256 D com.aijia.http.intercept.HttpInterceptLogger: [, , 0]:{Thread:RxCachedThreadScheduler-23}Server: *
08-05 09:28:48.600  1122  5256 D com.aijia.http.intercept.HttpInterceptLogger: [, , 0]:{Thread:RxCachedThreadScheduler-23}
08-05 09:28:48.600  1122  5256 D com.aijia.http.intercept.HttpInterceptLogger: [, , 0]:{Thread:RxCachedThreadScheduler-23}{"code":"1000000","recode":"200","msg":"成功","message":"成功","data":null}
08-05 09:28:48.600  1122  5256 D com.aijia.http.intercept.HttpInterceptLogger: [, , 0]:{Thread:RxCachedThreadScheduler-23}<-- END HTTP (79-byte body)
08-05 09:28:48.601  1122  5256 E AppTokenTransformer: [, , 0]:{Thread:RxCachedThreadScheduler-23}apply !! t:com.aijia.http.CommonHttpResult@b2f3837
08-05 09:28:48.601  1122  1122 D LauncherApp: [, , 0]:{Thread:main}上报应用打开成功 packageName:com.droidlogic.exoplayer2.demo
08-05 09:28:48.642  5240  5240 I android_os_HwBinder: HwBinder: Starting thread pool for getting: vendor.amlogic.hardware.systemcontrol@1.1::ISystemControl/default
08-05 09:28:48.645  5240  5240 D MoviePlayer: set no subtile to :false
08-05 09:28:48.672  5240  5240 I MoviePlayer: [checkUri]
08-05 09:28:48.672  5240  5240 I MoviePlayer: [checkUri]mUri:file:///storage/6A6F-168B/%E6%9C%AC%E5%9C%B0%E8%A7%86%E9%A2%91/%5B4KH265_59.940fps_10bit%5D03.UHD_RideOnBoard_Chinese.ts
08-05 09:28:48.673  5240  5240 I MoviePlayer: [checkUri]scheme:file
08-05 09:28:48.673  5240  5240 I MoviePlayer: [getCurDirFile]uri:file:///storage/6A6F-168B/%E6%9C%AC%E5%9C%B0%E8%A7%86%E9%A2%91/%5B4KH265_59.940fps_10bit%5D03.UHD_RideOnBoard_Chinese.ts
08-05 09:28:48.677   572   639 D CompatibilityChangeReporter: Compat change id reported: 149924527; UID 10035; state: ENABLED
08-05 09:28:48.677   572   639 D CompatibilityChangeReporter: Compat change id reported: 132649864; UID 10035; state: DISABLED
08-05 09:28:48.685  5240  5240 D MoviePlayer: save file to playlist
08-05 09:28:48.686  5240  5240 I MoviePlayer: [initPlayer]mSurfaceHolder:null
08-05 09:28:48.686  5240  5240 I MyMediaPlayer_MoviePlayer: MyMediaPlayer construct
08-05 09:28:48.691   361  1263 I audio_hw_hal_primary: [audiohal_get_latency:1344] io 13: out:0xe47c5d80 frames:3072 rate:48000 whole_latency:64 alsa_latency:64
08-05 09:28:48.696  5240  5240 I MediaPlayerExt: [MediaPlayerExt]mIBinderService:android.os.BinderProxy@1adbf35
08-05 09:28:48.697   572   639 W ActivityManager: pid 5240 com.droidlogic.exoplayer2.demo sent binder code 10 with flags 2 to frozen apps and got error -74
08-05 09:28:48.698  5240  5240 D MoviePlayer: mPlayList: /storage/6A6F-168B/本地视频/[4KH265_59.940fps_10bit]03.UHD_RideOnBoard_Chinese.ts
08-05 09:28:48.698  5240  5240 I MyMediaPlayer_MoviePlayer: path:/storage/6A6F-168B/本地视频/[4KH265_59.940fps_10bit]03.UHD_RideOnBoard_Chinese.ts
08-05 09:28:48.699  5240  5240 I MyMediaPlayer_MoviePlayer: [playFile]resume mode:true,path:/storage/6A6F-168B/本地视频/[4KH265_59.940fps_10bit]03.UHD_RideOnBoard_Chinese.ts
08-05 09:28:48.700  5240  5240 I Bookmark: create resume dialog
08-05 09:28:48.725   876  1138 E jarvis_ : lockScreenState  mode = false , state = 0
08-05 09:28:48.725   876  1138 I jarvis_LxAgentApiClient: <asyncCallAgent> method=lingxi_activity_life
08-05 09:28:48.725   876  1044 I jarvis_LxAgentApiClient: <callAgent> method=lingxi_activity_life, params=Bundle[{pkg=com.droidlogic.exoplayer2.demo, life=activityStarting, class=com.droidlogic.videoplayer.MoviePlayer}]
08-05 09:28:48.728   876  1044 I jarvis_LxAgentApiClient: <callAgent> method=lingxi_activity_life, result=null
08-05 09:28:48.735  5240  5240 D CompatibilityChangeReporter: Compat change id reported: 171228096; UID 10035; state: ENABLED
08-05 09:28:48.744   572   639 D WindowManager: isOemCompatApp com.droidlogic.exoplayer2.demo
08-05 09:28:48.747  5240  5240 D CompatibilityChangeReporter: Compat change id reported: 237531167; UID 10035; state: DISABLED
08-05 09:28:48.750  5240  5240 W OpenGLRenderer: Unknown dataspace 0
08-05 09:28:48.755   572   772 W WindowManager: [addWindow] title:com.droidlogic.exoplayer2.demo/com.droidlogic.videoplayer.MoviePlayer
08-05 09:28:48.763  5240  5240 I MyMediaPlayer_MoviePlayer: wait the confirm dialog show
08-05 09:28:48.764  5240  5240 D SubtitleManager: is 32bit process
08-05 09:28:48.778  1564  1674 D greenDAO: Built SQL for query: SELECT T."_id",T."PACKAGE_NAME",T."APP_ID",T."NAME",T."DEFAULT_ICON_RES",T."ICON_LOCAL_PATH",T."ICON_KEY",T."APP_PIC",T."APP_MODE",T."APP_SHOW",T."APP_STATE",T."USE_FULL",T."LAST_USED",T."USED_LONG",T."VERSION",T."VERSION_CODE",T."TARGET_VERSION_CODE",T."TARGET_VERSION",T."DESPRIPTION",T."POSITION",T."FILE_MD5",T."APK_FILE_URL",T."LOCAL_FILE_PATH",T."PROGRESS",T."FILE_SIZE",T."LAUNCHER_PAGE",T."HOME_PAGE",T."DEVICE_MODE",T."UPGRADE_TYPE",T."IGNORE_TIME",T."USER_FUL",T."UPGRADE_MANUAL",T."UPGRADE_DES",T."BELONG_TYPE",T."DETAIL_PIC_URLS",T."LATEST_VERSION_TIME",T."STATEMENT_LIST",T."STORE_POSITION",T."LABEL",T."PARAMS_INT1",T."PARAMS_INT2",T."PARAMS_INT3",T."PARAMS_INT4",T."PARAMS_STRING1",T."PARAMS_STRING2",T."PARAMS_STRING3",T."PARAMS_STRING4" FROM "APP" T  WHERE T."PACKAGE_NAME"=?
08-05 09:28:48.779  1564  1674 D greenDAO: Values for query: [com.droidlogic.exoplayer2.demo]
08-05 09:28:48.779  1564  1674 E initTime: createController Timer 1785893328779
08-05 09:28:48.780  1564  5273 D greenDAO: Built SQL for query: SELECT T."_id",T."PACKAGE_NAME",T."APP_ID",T."NAME",T."DEFAULT_ICON_RES",T."ICON_LOCAL_PATH",T."ICON_KEY",T."APP_PIC",T."APP_MODE",T."APP_SHOW",T."APP_STATE",T."USE_FULL",T."LAST_USED",T."USED_LONG",T."VERSION",T."VERSION_CODE",T."TARGET_VERSION_CODE",T."TARGET_VERSION",T."DESPRIPTION",T."POSITION",T."FILE_MD5",T."APK_FILE_URL",T."LOCAL_FILE_PATH",T."PROGRESS",T."FILE_SIZE",T."LAUNCHER_PAGE",T."HOME_PAGE",T."DEVICE_MODE",T."UPGRADE_TYPE",T."IGNORE_TIME",T."USER_FUL",T."UPGRADE_MANUAL",T."UPGRADE_DES",T."BELONG_TYPE",T."DETAIL_PIC_URLS",T."LATEST_VERSION_TIME",T."STATEMENT_LIST",T."STORE_POSITION",T."LABEL",T."PARAMS_INT1",T."PARAMS_INT2",T."PARAMS_INT3",T."PARAMS_INT4",T."PARAMS_STRING1",T."PARAMS_STRING2",T."PARAMS_STRING3",T."PARAMS_STRING4" FROM "APP" T  WHERE T."PACKAGE_NAME"=?
08-05 09:28:48.780  1564  5273 D greenDAO: Values for query: [com.droidlogic.exoplayer2.demo]
08-05 09:28:48.780  1564  1674 E initTime: createController return controller Timer cost1
08-05 09:28:48.780  1564  1671 E lxAgent : short class name = com.starnet.filemanager
08-05 09:28:48.781  1564  1671 E lxAgent : lockScreenState  mode = false , state = 0
08-05 09:28:48.781  1564  5275 E PageInfoControllerApiImpls: [, , 0]:====上报数据=======>{"controlId":1,"params":[{"content":"{\"packageName\":\"com.droidlogic.exoplayer2.demo\",\"page\":\"no\"}","cid":10}]}
08-05 09:28:48.782  1564  2152 D greenDAO: Built SQL for query: SELECT T."_id",T."TASK_ID",T."MSG_ID",T."PRIORITY",T."TRIGGER_RULE",T."PUSH_CONTENT",T."PUSH_TYPE",T."MODEL_TYPE",T."MSG_TYPE",T."MSG_SOURCE",T."CREATE_TIME",T."IS_READ",T."IS_DISPLAYED" FROM "MSG_BOX_BEAN" T  WHERE T."MSG_TYPE"=?
08-05 09:28:48.782  1564  1671 E lxAgent : [, , 0]:<getTVPkgName>:com.gitv.tv.gvp
08-05 09:28:48.783  1564  2152 D greenDAO: Values for query: [proactiveTask]
08-05 09:28:48.783  5240  5240 D SubtitleManager: Loaded library:/vendor/lib/libsubtitlemanager_jni.so
08-05 09:28:48.784  5240  5240 E SubtitleManager: initResolution mScreenWidth:1280;mScreenHeight = 800
08-05 09:28:48.784  5240  5240 D SubtitleManager-jni: nativeInit 297
08-05 09:28:48.785  1564  5274 D greenDAO: Built SQL for query: SELECT T."_id",T."PACKAGE_NAME",T."APP_ID",T."NAME",T."DEFAULT_ICON_RES",T."ICON_LOCAL_PATH",T."ICON_KEY",T."APP_PIC",T."APP_MODE",T."APP_SHOW",T."APP_STATE",T."USE_FULL",T."LAST_USED",T."USED_LONG",T."VERSION",T."VERSION_CODE",T."TARGET_VERSION_CODE",T."TARGET_VERSION",T."DESPRIPTION",T."POSITION",T."FILE_MD5",T."APK_FILE_URL",T."LOCAL_FILE_PATH",T."PROGRESS",T."FILE_SIZE",T."LAUNCHER_PAGE",T."HOME_PAGE",T."DEVICE_MODE",T."UPGRADE_TYPE",T."IGNORE_TIME",T."USER_FUL",T."UPGRADE_MANUAL",T."UPGRADE_DES",T."BELONG_TYPE",T."DETAIL_PIC_URLS",T."LATEST_VERSION_TIME",T."STATEMENT_LIST",T."STORE_POSITION",T."LABEL",T."PARAMS_INT1",T."PARAMS_INT2",T."PARAMS_INT3",T."PARAMS_INT4",T."PARAMS_STRING1",T."PARAMS_STRING2",T."PARAMS_STRING3",T."PARAMS_STRING4" FROM "APP" T  WHERE T."PACKAGE_NAME"=?
08-05 09:28:48.785  1564  5274 D greenDAO: Values for query: [com.droidlogic.exoplayer2.demo]
08-05 09:28:48.786  1564  1674 E lxAgent : short class name = com.starnet.filemanager
08-05 09:28:48.786  1564  5275 E PageInfoControllerApiImpls: ====上报数据=======>{"controlId":1,"params":[{"content":"{\"packageName\":\"com.droidlogic.exoplayer2.demo\",\"page\":\"no\"}","cid":10}]}
08-05 09:28:48.787   402   418 I SubtitleServer: setCallback cookie:0, client size:1
08-05 09:28:48.788   402   418 I SubtitleServer: openConnection 
08-05 09:28:48.788   402   418 I SubtitleService: SubtitleService
08-05 09:28:48.788   402   418 I SubtitleServer: openConnection: size:1
08-05 09:28:48.788   402   418 I SubtitleServer: client 0-1: 0xedf00120
08-05 09:28:48.790  5240  5240 D SubtitleViewAdaptor: mSubLayout:android.widget.FrameLayout{c5028f5 V.E...... ......I. 0,0-0,0}
08-05 09:28:48.793  5240  5240 D CCSubtitleView: [setActive]active:true
08-05 09:28:48.839   961  5254 D DroidLogicBenchService: not bench app, ignore it
08-05 09:28:48.847  5240  5240 E CCSubtitleView: subtitle view init
08-05 09:28:48.848  5240  5240 D SubtitleViewAdaptor: mSubLayout2:android.widget.FrameLayout{c5028f5 V.E...... ......I. 0,0-0,0}
08-05 09:28:48.848  5240  5240 I MoviePlayer: set layout
08-05 09:28:48.849  5240  5240 I MoviePlayer: [onCreate] initMediaSession() called
08-05 09:28:48.849  5240  5240 I MoviePlayer: [initMediaSession] initializing
08-05 09:28:48.849  5240  5240 W MediaSessionCompat: Couldn't find a unique registered media button receiver in the given context.
08-05 09:28:48.852   572   639 I MediaSessionStack: addSession to bottom of stack | record: com.droidlogic.exoplayer2.demo/MoviePlayer (userId=0)
08-05 09:28:48.852   876  1020 I jarvis_ : turnOffAnfang
08-05 09:28:48.852   876  1020 I jarvis_ : AnfangSwitchAppHandler_turn: Off sent:
08-05 09:28:48.852   876  1020 I jarvis_AnfangAppManager: setThirdAppDisplayState=1
08-05 09:28:48.852   876  1020 I jarvis_ : CPMethodsCaller<callAnfang> method===notifyThirdAppDisplayState, arg=1, extras=Bundle[{}]
08-05 09:28:48.853  1488  2212 D OVDProvider: call method: notifyThirdAppDisplayState, arg: 1
08-05 09:28:48.853  4274  4274 V MediaPlayerList: onActiveSessionsChanged: number of controllers: 0
08-05 09:28:48.853  4274  4274 V MediaPlayerList: onActiveSessionsChanged: number of controllers: 0
08-05 09:28:48.853  4274  4274 D AvrcpTargetJni: sendPlayerSettingsNative
08-05 09:28:48.853  4274  4274 I bt_stack: [INFO:avrcp_service.cc(551)] virtual void bluetooth::avrcp::AvrcpService::SendPlayerSettingsChanged(std::vector<PlayerAttribute>, std::vector<uint8_t>)
08-05 09:28:48.854  4274  4274 I bt_stack: [INFO:avrcp_service.cc(565)] attribute=PlayerAttribute::REPEAT : value=PlayerRepeatValue::OFF
08-05 09:28:48.854  4274  4274 I bt_stack: attribute=PlayerAttribute::SHUFFLE : value=PlayerShuffleValue::OFF
08-05 09:28:48.854  4274  4274 I bt_stack: 
08-05 09:28:48.854  1488  2212 D OVDProvider: handleNotifyThirdAppDisplayState: arg=1
08-05 09:28:48.854  1488  2212 E libovd  : [2026-08-05 09:28:48.854] [error] [2212] [DEV] AnfangManager pause mode:1 start:true
08-05 09:28:48.854  1488  1590 I libovd  : [2026-08-05 09:28:48.854] [info] [1590] [DEV] AnfangManager engineWork:false
08-05 09:28:48.854  1488  1590 I libovd  : [2026-08-05 09:28:48.854] [info] [1590] [DEV] AnfangManager endPush pushing:false
08-05 09:28:48.854  1488  1590 I libovd  : [2026-08-05 09:28:48.854] [info] [1590] [OVD_OpenApi] OVD_OpenAPI.c:255 OVD_updatechannelstate OVD_updatechannelstate channel:0 channelstate:4
08-05 09:28:48.854  1488  1590 I libovd  : [2026-08-05 09:28:48.854] [info] [1590] [DME] DME_main.c:546 DMEAPI_Wakeup_heart Wakeup heartbeat, dme status (4)
08-05 09:28:48.855   876  1020 I jarvis_ : CPMethodsCaller<callAnfang> end, res===Bundle[mParcelledData.dataSize=44]
08-05 09:28:48.856  5240  5240 I MoviePlayer: [initMediaSession] setActive(true)
08-05 09:28:48.856  5240  5240 I MyMediaPlayer_MoviePlayer: getDuration when <prepared,return, state:1
08-05 09:28:48.856  5240  5240 I MoviePlayer: [updateMediaMetadata] title=[4KH265_59.940fps_10bit]03.UHD_RideOnBoard_Chinese.ts, duration=0
08-05 09:28:48.857  5240  5240 E MoviePlayer: updateMediaMetadata error
08-05 09:28:48.857  5240  5240 E MoviePlayer: java.lang.NullPointerException: Attempt to invoke virtual method 'void com.droidlogic.combineplayer.ui.MoviePlayerControlView.setFileName(java.lang.String)' on a null object reference
08-05 09:28:48.857  5240  5240 E MoviePlayer: 	at com.droidlogic.videoplayer.MoviePlayer.updateMediaMetadata(MoviePlayer.java:3388)
08-05 09:28:48.857  5240  5240 E MoviePlayer: 	at com.droidlogic.videoplayer.MoviePlayer.initMediaSession(MoviePlayer.java:3365)
08-05 09:28:48.857  5240  5240 E MoviePlayer: 	at com.droidlogic.videoplayer.MoviePlayer.onCreate(MoviePlayer.java:373)
08-05 09:28:48.857  5240  5240 E MoviePlayer: 	at android.app.Activity.performCreate(Activity.java:8621)
08-05 09:28:48.857  5240  5240 E MoviePlayer: 	at android.app.Activity.performCreate(Activity.java:8599)
08-05 09:28:48.857  5240  5240 E MoviePlayer: 	at android.app.Instrumentation.callActivityOnCreate(Instrumentation.java:1456)
08-05 09:28:48.857  5240  5240 E MoviePlayer: 	at android.app.ActivityThread.performLaunchActivity(ActivityThread.java:3808)
08-05 09:28:48.857  5240  5240 E MoviePlayer: 	at android.app.ActivityThread.handleLaunchActivity(ActivityThread.java:3967)
08-05 09:28:48.857  5240  5240 E MoviePlayer: 	at android.app.servertransaction.LaunchActivityItem.execute(LaunchActivityItem.java:103)
08-05 09:28:48.857  5240  5240 E MoviePlayer: 	at android.app.servertransaction.TransactionExecutor.executeCallbacks(TransactionExecutor.java:139)
08-05 09:28:48.857  5240  5240 E MoviePlayer: 	at android.app.servertransaction.TransactionExecutor.execute(TransactionExecutor.java:96)
08-05 09:28:48.857  5240  5240 E MoviePlayer: 	at android.app.ActivityThread$H.handleMessage(ActivityThread.java:2472)
08-05 09:28:48.857  5240  5240 E MoviePlayer: 	at android.os.Handler.dispatchMessage(Handler.java:106)
08-05 09:28:48.857  5240  5240 E MoviePlayer: 	at android.os.Looper.loopOnce(Looper.java:205)
08-05 09:28:48.857  5240  5240 E MoviePlayer: 	at android.os.Looper.loop(Looper.java:294)
08-05 09:28:48.857  5240  5240 E MoviePlayer: 	at android.app.ActivityThread.main(ActivityThread.java:8255)
08-05 09:28:48.857  5240  5240 E MoviePlayer: 	at java.lang.reflect.Method.invoke(Native Method)
08-05 09:28:48.857  5240  5240 E MoviePlayer: 	at com.android.internal.os.RuntimeInit$MethodAndArgsCaller.run(RuntimeInit.java:552)
08-05 09:28:48.857  5240  5240 E MoviePlayer: 	at com.android.internal.os.ZygoteInit.main(ZygoteInit.java:978)
08-05 09:28:48.857  4274  4274 V MediaPlayerList: onActiveSessionsChanged: number of controllers: 1
08-05 09:28:48.858   876  1020 I jarvis_ForegroundUIUpdater: sendBroadcast foreground app change pkg===com.droidlogic.exoplayer2.demo
08-05 09:28:48.858  5240  5240 D UEventObserver: Construct UEventObserver
08-05 09:28:48.858  4274  4274 D MediaPlayerList: onActiveSessionsChanged: controller: com.droidlogic.exoplayer2.demo
08-05 09:28:48.858   876  1020 W ContextImpl: Calling a method in the system process without a qualified user: android.app.ContextImpl.sendBroadcast:1220 android.content.ContextWrapper.sendBroadcast:504 com.cmcc.jarvis.common.base.ForegroundUIUpdater.sendBroadcast:5 com.cmcc.jarvis.common.base.ForegroundUIUpdater.notifyForegroundPkgChange:3 com.cmcc.jarvis.common.base.ForegroundUIUpdater.access$400:0 
08-05 09:28:48.858   572  1515 W ActivityManager: mobile project skip check protected broadcast com.cmcc.jarvis.action.FOREGROUND_APP_CHANGE
08-05 09:28:48.858  5240  5240 I MoviePlayer: hdmi llm enable:false
08-05 09:28:48.860  5240  5240 D MoviePlayer: onStart
08-05 09:28:48.861   572  1515 W BatteryExternalStatsWorker: error reading Bluetooth stats: 11
08-05 09:28:48.862   572  2131 D CompatibilityChangeReporter: Compat change id reported: 161145287; UID 10035; state: ENABLED
08-05 09:28:48.862   876  1020 I jarvis_LxAgentApiClient: <asyncCallAgent> method=lingxi_app_change
08-05 09:28:48.862  5240  5240 D CertificationTipUtils: [registerAudioFormatReceiver]mAudioFormatReceiver:com.droidlogic.combineplayer.CertificationTipUtils$3@b5e06e1
08-05 09:28:48.862  5240  5240 I MoviePlayer: [initVideoView]
08-05 09:28:48.862   876  1020 I jarvis_LxAgentApiClient: <asyncCallAgent> method=lingxi_page_change
08-05 09:28:48.862   876  1020 D CmdVariantsHandler: 前台应用: com.droidlogic.exoplayer2.demo / com.droidlogic.videoplayer.MoviePlayer
08-05 09:28:48.862   876  1020 D CmdVariantsHandler: 未获取到前台应用
08-05 09:28:48.862   572   608 W BatteryExternalStatsWorker: error reading modem stats:ERROR_PHONE_NOT_AVAILABLE
08-05 09:28:48.863   876  1115 I jarvis_LxAgentApiClient: <callAgent> method=lingxi_app_change, params=Bundle[{pkg=com.droidlogic.exoplayer2.demo}]
08-05 09:28:48.863   876  1029 I jarvis_LxAgentApiClient: <callAgent> method=lingxi_page_change, params=Bundle[{cls=com.droidlogic.videoplayer.MoviePlayer, pkg=com.droidlogic.exoplayer2.demo}]
08-05 09:28:48.864  5240  5240 I MoviePlayer: [registerHdmiReceiver]mHdmiReceiver:com.droidlogic.videoplayer.MoviePlayer$10@27ac06
08-05 09:28:48.864  5240  5240 I MoviePlayer: [registerMountReceiver]mMountReceiver:com.droidlogic.videoplayer.MoviePlayer$11@9f242c7
08-05 09:28:48.866  5240  5240 I MoviePlayer: [registerMountReceiver]mMountReceiver:com.droidlogic.videoplayer.MoviePlayer$12@96940f4
08-05 09:28:48.867  5240  5240 I MoviePlayer: [registerPowerReceiver]mPowerReceiver:com.droidlogic.videoplayer.MoviePlayer$12@96940f4
08-05 09:28:48.868   876  1029 I jarvis_LxAgentApiClient: <callAgent> method=lingxi_page_change, result=null
08-05 09:28:48.868   876  1115 I jarvis_LxAgentApiClient: <callAgent> method=lingxi_app_change, result=null
08-05 09:28:48.870  5240  5240 I MoviePlayer: [onResume]
08-05 09:28:48.871  4274  4274 I MediaPlayerList: Adding wrapped media player: com.droidlogic.exoplayer2.demo at key: 1
08-05 09:28:48.872  4274  4274 V MediaPlayerList: onActiveSessionsChanged: number of controllers: 1
08-05 09:28:48.873   572   772 W WindowManager: [addWindow] title:com.droidlogic.exoplayer2.demo/com.droidlogic.videoplayer.MoviePlayer
08-05 09:28:48.876  4274  4274 D MediaPlayerList: onActiveSessionsChanged: controller: com.droidlogic.exoplayer2.demo
08-05 09:28:48.877  4274  4274 I MediaPlayerList: Adding wrapped media player: com.droidlogic.exoplayer2.demo at key: 1
08-05 09:28:48.880   572   772 D CoreBackPreview: Window{dd3e6ce u0 com.droidlogic.exoplayer2.demo/com.droidlogic.videoplayer.MoviePlayer}: Setting back callback OnBackInvokedCallbackInfo{mCallback=android.window.IOnBackInvokedCallback$Stub$Proxy@71eaf48, mPriority=0, mIsAnimationCallback=false}
08-05 09:28:48.895   572   610 W CpuPowerCalculator: UID 10051 CPU freq # mismatch: Power Profile # 1 actual # 11
08-05 09:28:48.895   572   610 W CpuPowerCalculator: UID 10051 CPU freq # mismatch: Power Profile # 1 actual # 11
08-05 09:28:48.896   572   610 W CpuPowerCalculator: UID 10019 CPU freq # mismatch: Power Profile # 1 actual # 11
08-05 09:28:48.896   572   610 W CpuPowerCalculator: UID 10019 CPU freq # mismatch: Power Profile # 1 actual # 11
08-05 09:28:48.896   572   610 W CpuPowerCalculator: UID 10018 CPU freq # mismatch: Power Profile # 1 actual # 11
08-05 09:28:48.896   572   610 W CpuPowerCalculator: UID 10018 CPU freq # mismatch: Power Profile # 1 actual # 11
08-05 09:28:48.896   572   610 W CpuPowerCalculator: UID 10017 CPU freq # mismatch: Power Profile # 1 actual # 11
08-05 09:28:48.896   572   610 W CpuPowerCalculator: UID 10017 CPU freq # mismatch: Power Profile # 1 actual # 11
08-05 09:28:48.896   572   610 W CpuPowerCalculator: UID 10011 CPU freq # mismatch: Power Profile # 1 actual # 11
08-05 09:28:48.897   572   610 W CpuPowerCalculator: UID 10011 CPU freq # mismatch: Power Profile # 1 actual # 11
08-05 09:28:48.897   572   610 W CpuPowerCalculator: UID 9999 CPU freq # mismatch: Power Profile # 1 actual # 11
08-05 09:28:48.897   572   610 W CpuPowerCalculator: UID 1066 CPU freq # mismatch: Power Profile # 1 actual # 11
08-05 09:28:48.897   572   610 W CpuPowerCalculator: UID 1047 CPU freq # mismatch: Power Profile # 1 actual # 11
08-05 09:28:48.897   572   610 W CpuPowerCalculator: UID 1046 CPU freq # mismatch: Power Profile # 1 actual # 11
08-05 09:28:48.897   572   610 W CpuPowerCalculator: UID 1041 CPU freq # mismatch: Power Profile # 1 actual # 11
08-05 09:28:48.898   572   610 W CpuPowerCalculator: UID 1036 CPU freq # mismatch: Power Profile # 1 actual # 11
08-05 09:28:48.898   572   610 W CpuPowerCalculator: UID 1020 CPU freq # mismatch: Power Profile # 1 actual # 11
08-05 09:28:48.898   572   610 W CpuPowerCalculator: UID 1013 CPU freq # mismatch: Power Profile # 1 actual # 11
08-05 09:28:48.898   572   610 W CpuPowerCalculator: UID 1010 CPU freq # mismatch: Power Profile # 1 actual # 11
08-05 09:28:48.898   572   610 W CpuPowerCalculator: UID 1002 CPU freq # mismatch: Power Profile # 1 actual # 11
08-05 09:28:48.898   572   610 W CpuPowerCalculator: UID 1002 CPU freq # mismatch: Power Profile # 1 actual # 11
08-05 09:28:48.898   572   610 W CpuPowerCalculator: UID 1000 CPU freq # mismatch: Power Profile # 1 actual # 11
08-05 09:28:48.898   572   610 W CpuPowerCalculator: UID 0 CPU freq # mismatch: Power Profile # 1 actual # 11
08-05 09:28:48.908   218   236 W ServiceManagerCppClient: Permission failure: android.permission.ROTATE_SURFACE_FLINGER from uid=10035 pid=0
08-05 09:28:48.909   218   235 W ServiceManagerCppClient: Permission failure: android.permission.ROTATE_SURFACE_FLINGER from uid=10035 pid=5240
08-05 09:28:48.909   218   236 D PermissionCache: checking android.permission.ROTATE_SURFACE_FLINGER for uid=10035 => denied (698 us)
08-05 09:28:48.909   218   235 D PermissionCache: checking android.permission.ROTATE_SURFACE_FLINGER for uid=10035 => denied (367 us)
08-05 09:28:48.909   218   236 W ServiceManagerCppClient: Permission failure: android.permission.INTERNAL_SYSTEM_WINDOW from uid=10035 pid=0
08-05 09:28:48.909   218   236 D PermissionCache: checking android.permission.INTERNAL_SYSTEM_WINDOW for uid=10035 => denied (230 us)
08-05 09:28:48.909   218   235 W ServiceManagerCppClient: Permission failure: android.permission.INTERNAL_SYSTEM_WINDOW from uid=10035 pid=5240
08-05 09:28:48.909   218   235 D PermissionCache: checking android.permission.INTERNAL_SYSTEM_WINDOW for uid=10035 => denied (374 us)
08-05 09:28:48.909   218   236 W ServiceManagerCppClient: Permission failure: android.permission.ACCESS_SURFACE_FLINGER from uid=10035 pid=0
08-05 09:28:48.909   218   236 D PermissionCache: checking android.permission.ACCESS_SURFACE_FLINGER for uid=10035 => denied (150 us)
08-05 09:28:48.910   218   235 W ServiceManagerCppClient: Permission failure: android.permission.ACCESS_SURFACE_FLINGER from uid=10035 pid=5240
08-05 09:28:48.910   218   235 D PermissionCache: checking android.permission.ACCESS_SURFACE_FLINGER for uid=10035 => denied (304 us)
08-05 09:28:48.911  5240  5264 I mali    : Successfully parsed 1 environment variable(s) from /vendor/etc/mali_platform.config.
08-05 09:28:48.912  5240  5264 I mali    : Successfully parsed 1 environment variable(s) from /vendor/etc/mali_platform.config.
08-05 09:28:48.916  1564  1668 E ProcessLifeImpl: onForegroundActivitiesChanged com.starnet.filemanager foregroundActivities false
08-05 09:28:48.916  1564  1668 E ProcessLifeImpl: onForegroundActivitiesChanged com.droidlogic.exoplayer2.demo foregroundActivities true
08-05 09:28:48.918  1564  5274 E PageInfoControllerApiImpls: [, , 0]:====上报数据=======>{"controlId":1,"params":[{"content":"{\"packageName\":\"com.droidlogic.exoplayer2.demo\",\"page\":\"no\"}","cid":10}]}
08-05 09:28:48.918  1564  5274 E PageInfoControllerApiImpls: ====上报数据=======>{"controlId":1,"params":[{"content":"{\"packageName\":\"com.droidlogic.exoplayer2.demo\",\"page\":\"no\"}","cid":10}]}
08-05 09:28:48.919  1564  1674 E ConBinderHost: 没有回调接口过来，无法操控App packageName=com.droidlogic.exoplayer2.demo
08-05 09:28:48.920  1564  1674 D greenDAO: Built SQL for query: SELECT T."_id",T."PACKAGE_NAME",T."APP_ID",T."NAME",T."DEFAULT_ICON_RES",T."ICON_LOCAL_PATH",T."ICON_KEY",T."APP_PIC",T."APP_MODE",T."APP_SHOW",T."APP_STATE",T."USE_FULL",T."LAST_USED",T."USED_LONG",T."VERSION",T."VERSION_CODE",T."TARGET_VERSION_CODE",T."TARGET_VERSION",T."DESPRIPTION",T."POSITION",T."FILE_MD5",T."APK_FILE_URL",T."LOCAL_FILE_PATH",T."PROGRESS",T."FILE_SIZE",T."LAUNCHER_PAGE",T."HOME_PAGE",T."DEVICE_MODE",T."UPGRADE_TYPE",T."IGNORE_TIME",T."USER_FUL",T."UPGRADE_MANUAL",T."UPGRADE_DES",T."BELONG_TYPE",T."DETAIL_PIC_URLS",T."LATEST_VERSION_TIME",T."STATEMENT_LIST",T."STORE_POSITION",T."LABEL",T."PARAMS_INT1",T."PARAMS_INT2",T."PARAMS_INT3",T."PARAMS_INT4",T."PARAMS_STRING1",T."PARAMS_STRING2",T."PARAMS_STRING3",T."PARAMS_STRING4" FROM "APP" T  WHERE T."PACKAGE_NAME"=?
08-05 09:28:48.920  1564  1674 D greenDAO: Values for query: [com.droidlogic.exoplayer2.demo]
08-05 09:28:48.922   191   191 I hwservicemanager: getTransport: Cannot find entry android.hardware.configstore@1.0::ISurfaceFlingerConfigs/default in either framework or device VINTF manifest.
08-05 09:28:48.924  1564  1674 E lxAgent : short class name = com.starnet.filemanager
08-05 09:28:48.980  5240  5264 E OpenGLRenderer: Unable to match the desired swap behavior.
08-05 09:28:49.001     0     0 I [1 T190   ..] servicemanager: Found android.hardware.graphics.allocator.IAllocator/default in device VINTF manifest.
08-05 09:28:49.002     0     0 I [1 T190   ..] servicemanager: Found android.hardware.graphics.allocator.IAllocator/default in device VINTF manifest.
08-05 09:28:49.014   572  2131 D CoreBackPreview: Window{399153a u0 com.droidlogic.exoplayer2.demo/com.droidlogic.videoplayer.MoviePlayer}: Setting back callback OnBackInvokedCallbackInfo{mCallback=android.window.IOnBackInvokedCallback$Stub$Proxy@734b06, mPriority=0, mIsAnimationCallback=false}
08-05 09:28:49.021  5240  5264 E OpenGLRenderer: Unable to match the desired swap behavior.
08-05 09:28:49.024  5240  5240 I MoviePlayer: [surfaceCreated]
08-05 09:28:49.024  5240  5240 D MoviePlayer: surface view setBackground black
08-05 09:28:49.025  5240  5240 I MoviePlayer: initView
08-05 09:28:49.032  5240  5240 E MoviePlayer: no such method errorjava.lang.NoSuchMethodError: No virtual method setAIAdaptiveArea(Z)V in class Lcom/droidlogic/app/SubtitleManager; or its super classes (declaration of 'com.droidlogic.app.SubtitleManager' appears in /vendor/framework/droidlogic.software.core.jar)
08-05 09:28:49.033  5240  5240 I MoviePlayer: [surfaceChanged]format:4,w:1280,h:800
08-05 09:28:49.041  5240  5240 I MoviePlayer: [sendUpdateDisplayModeMsg]sendMessageDelayed MSG_UPDATE_DISPLAY_MODE
08-05 09:28:49.041   572   772 W ServiceManagerCppClient: Permission failure: android.permission.ROTATE_SURFACE_FLINGER from uid=10035 pid=0
08-05 09:28:49.042   572   772 D PermissionCache: checking android.permission.ROTATE_SURFACE_FLINGER for uid=10035 => denied (189 us)
08-05 09:28:49.042   572   772 W ServiceManagerCppClient: Permission failure: android.permission.INTERNAL_SYSTEM_WINDOW from uid=10035 pid=0
08-05 09:28:49.042   572   772 D PermissionCache: checking android.permission.INTERNAL_SYSTEM_WINDOW for uid=10035 => denied (79 us)
08-05 09:28:49.042   572   772 W ServiceManagerCppClient: Permission failure: android.permission.ACCESS_SURFACE_FLINGER from uid=10035 pid=0
08-05 09:28:49.042   572   772 D PermissionCache: checking android.permission.ACCESS_SURFACE_FLINGER for uid=10035 => denied (56 us)
08-05 09:28:49.072   572   592 I ActivityTaskManager: Displayed com.droidlogic.exoplayer2.demo/com.droidlogic.videoplayer.MoviePlayer for user 0: +835ms
08-05 09:28:49.074   572  2131 W ActivityTaskManager: Request to remove task ignored for non-existent task 327
08-05 09:28:49.325   403   415 I thermal_service_droidlogic: Sending notification:  Type: CPU Name: soc_thermal CurrentValue: 65.7 ThrottlingStatus: LIGHT
08-05 09:28:49.331  1329  1672 D GetTopActivity: query uri=content://com.iflytek.xiri.DemonProvider?action=com.iflytek.plugin.CALL
08-05 09:28:49.339  1329  1672 D c       : isLegal pkgName = com.iflytek.xiri
08-05 09:28:49.340  1329  1672 D c       : action=provessname
08-05 09:28:49.340  1329  1672 D c       : pid =1329
08-05 09:28:49.341  1329  1672 D c       : getProcessName =com.iflytek.xiri2.system
08-05 09:28:49.342  1329  1672 D GetTopActivity: sendProvider 失败
08-05 09:28:49.343  1329  1672 W ContextImpl: Calling a method in the system process without a qualified user: android.app.ContextImpl.startForegroundService:1905 android.content.ContextWrapper.startForegroundService:830 com.iflytek.xirihelpersupervisor.i.f.b:38 com.iflytek.xiri.system.b.h:116 com.iflytek.xiri.system.b.g:50 
08-05 09:28:49.344   572  2131 W ActivityManager: requires permissions for package com.iflytek.xiri
08-05 09:28:49.348  1329  1672 D GetTopActivity: [GetTopActivity] {com.droidlogic.exoplayer2.demo/com.droidlogic.videoplayer.MoviePlayer}
08-05 09:28:49.573  5167  5268 W adbd    : timed out while waiting for FUNCTIONFS_BIND, trying again
08-05 09:28:49.573  5167  5268 I adbd    : UsbFfs: connection terminated: monitor thread finished
08-05 09:28:49.573  5167  5167 I adbd    : UsbFfs: already offline
08-05 09:28:49.573  5167  5167 I adbd    : destroying transport UsbFfs
08-05 09:28:49.573  5167  5167 I adbd    : UsbFfsConnection being destroyed
08-05 09:28:49.609  5167  5171 I adbd    : opening control endpoint /dev/usb-ffs/adb/ep0
08-05 09:28:49.611  5167  5171 I adbd    : UsbFfsConnection constructed
08-05 09:28:49.612  5167  5286 I adbd    : UsbFfs-monitor thread spawned
08-05 09:28:49.617  1122  1807 D LauncherApp: [, , 0]:{Thread:binder:1122_6}onForegroundActivitiesChanged
08-05 09:28:49.617   961   977 D DroidLogicBenchService: onForegroundActivitiesChanged pid:5006,uid:1000,fg:false
08-05 09:28:49.620   876   892 E jarvis_ProcessObserverBinder: onForeground app com.starnet.filemanager, pid = 5006, uid = 1000, foreActs = false
08-05 09:28:50.120   961  5287 D DroidLogicBenchService: not bench app, ignore it
08-05 09:28:50.613  5167  5286 W adbd    : timed out while waiting for FUNCTIONFS_BIND, trying again
08-05 09:28:50.613  5167  5286 I adbd    : UsbFfs: connection terminated: monitor thread finished
08-05 09:28:50.613  5167  5167 I adbd    : UsbFfs: already offline
08-05 09:28:50.613  5167  5167 I adbd    : destroying transport UsbFfs
08-05 09:28:50.614  5167  5167 I adbd    : UsbFfsConnection being destroyed
08-05 09:28:50.653  5167  5171 I adbd    : opening control endpoint /dev/usb-ffs/adb/ep0
08-05 09:28:50.655  5167  5171 I adbd    : UsbFfsConnection constructed
08-05 09:28:50.656  5167  5289 I adbd    : UsbFfs-monitor thread spawned
08-05 09:28:51.042  5240  5240 I MoviePlayer: [displayModeImpl]handleMessage
08-05 09:28:51.044  5240  5240 D MoviePlayer: isInSplitScreen:false
08-05 09:28:51.045  5240  5240 I MoviePlayer: [displayModeImpl]dispWidth:1280,dispHeight:800,mode:800x1280p60hz
08-05 09:28:51.045  5240  5240 E MediaPlayer-JNI: getVideoWidth failed
08-05 09:28:51.045  5240  5240 E MediaPlayer-JNI: getVideoHeight failed
08-05 09:28:51.045  5240  5240 I MoviePlayer: [displayModeImpl]videoWidth:0,videoHeight:0
08-05 09:28:51.046  5240  5240 I MoviePlayer: [displayModeImpl],setLayoutParams,w:1280,height:800
08-05 09:28:51.129  1122  1122 I RxCachedThreadS: type=1400 audit(0.0:2702): avc:  denied  { read } for  name="hpd_state" dev="sysfs" ino=33716 scontext=u:r:zygote:s0 tcontext=u:object_r:sysfs_amhdmitx:s0 tclass=file permissive=1
08-05 09:28:51.129  1122  1122 I RxCachedThreadS: type=1400 audit(0.0:2703): avc:  denied  { open } for  path="/sys/devices/virtual/amhdmitx/amhdmitx0/hpd_state" dev="sysfs" ino=33716 scontext=u:r:zygote:s0 tcontext=u:object_r:sysfs_amhdmitx:s0 tclass=file permissive=1
08-05 09:28:51.129  1122  1122 I RxCachedThreadS: type=1400 audit(0.0:2704): avc:  denied  { getattr } for  path="/sys/devices/virtual/amhdmitx/amhdmitx0/hpd_state" dev="sysfs" ino=33716 scontext=u:r:zygote:s0 tcontext=u:object_r:sysfs_amhdmitx:s0 tclass=file permissive=1
08-05 09:28:51.327   403   415 I thermal_service_droidlogic: Sending notification:  Type: CPU Name: soc_thermal CurrentValue: 64.9 ThrottlingStatus: NONE
08-05 09:28:51.350   361  5097 D audio_hw_hal_submixing: [out_standby_subMixingPCM:1682] io 13: out:0xe47c5d80 usecase:PCM_NORMAL
08-05 09:28:51.350   361  5097 I audio_hw_hal_submixing: [usecase_change_validate_l_sm:1464] io 13: out:0xe47c5d80 cur dev masks:0x1, delete out usecase:PCM_NORMAL
08-05 09:28:51.350   361  5097 I audio_hw_hal_submixing: [usecase_change_validate_l_sm:1474] io 13: out:0xe47c5d80 standby unmask usecase PCM_NORMAL
08-05 09:28:51.350   361  5097 I audio_hw_hal_submixing: [delete_mixer_input_port:233] input port ID:1, type:PCM_SYSTEM, cur mask:0x3
08-05 09:28:51.657  5167  5289 W adbd    : timed out while waiting for FUNCTIONFS_BIND, trying again
08-05 09:28:51.657  5167  5289 I adbd    : UsbFfs: connection terminated: monitor thread finished
08-05 09:28:51.657  5167  5167 I adbd    : UsbFfs: already offline
08-05 09:28:51.657  5167  5167 I adbd    : destroying transport UsbFfs
08-05 09:28:51.657  5167  5167 I adbd    : UsbFfsConnection being destroyed
08-05 09:28:51.701  5167  5171 I adbd    : opening control endpoint /dev/usb-ffs/adb/ep0
08-05 09:28:51.702  5167  5171 I adbd    : UsbFfsConnection constructed
08-05 09:28:51.703  5167  5291 I adbd    : UsbFfs-monitor thread spawned
08-05 09:28:52.038   520   520 D XIRI_driver: send to xiri: {"cmd":"key","event":1,"keycode":330,"pid":0,"vid":0,"devnum":0}
08-05 09:28:52.038   520   520 D XIRI_driver: send to xiri: {"cmd":"key","event":1,"keycode":325,"pid":0,"vid":0,"devnum":0}
08-05 09:28:52.037   520   520 I xiriservice_All: type=1400 audit(0.0:2705): avc:  denied  { ioctl } for  path="/dev/input/event3" dev="tmpfs" ino=669 ioctlcmd=0x4502 scontext=u:r:xiriservice_All:s0 tcontext=u:object_r:input_device:s0 tclass=chr_file permissive=1
08-05 09:28:52.057     0     0 W [0 T100   ..] jadard_ts_work: Entering
08-05 09:28:52.037   978   978 I ndroid.systemui: type=1400 audit(0.0:2706): avc:  denied  { call } for  scontext=u:r:priv_app:s0:c512,c768 tcontext=u:r:zygote:s0 tclass=binder permissive=1 app=com.android.systemui
08-05 09:28:52.040   572   593 D WindowManager: MotionEvent: action=ACTION_DOWN x=843.0 y=440.0 eventTime=3463872 pointerCount=1
08-05 09:28:52.041   876   892 I jarvis_ : System call method methodId = touch_down
08-05 09:28:52.042   876   892 I jarvis_ : System call method methodId = touch_down
08-05 09:28:52.047   572   593 D WindowManager: MotionEvent: action=ACTION_MOVE x=843.0 y=440.0 eventTime=3463881 pointerCount=1
08-05 09:28:52.065     0     0 W [0 T100   ..] jadard_ts_work: Entering
08-05 09:28:52.055   572   593 D WindowManager: MotionEvent: action=ACTION_MOVE x=843.0 y=440.0 eventTime=3463889 pointerCount=1
08-05 09:28:52.073     0     0 W [0 T100   ..] jadard_ts_work: Entering
08-05 09:28:52.064   572   593 D WindowManager: MotionEvent: action=ACTION_MOVE x=843.0 y=440.0 eventTime=3463898 pointerCount=1
08-05 09:28:52.082     0     0 W [0 T100   ..] jadard_ts_work: Entering
08-05 09:28:52.072   572   593 D WindowManager: MotionEvent: action=ACTION_MOVE x=843.0 y=440.0 eventTime=3463906 pointerCount=1
08-05 09:28:52.090     0     0 W [0 T100   ..] jadard_ts_work: Entering
08-05 09:28:52.099     0     0 W [0 T100   ..] jadard_ts_work: Entering
08-05 09:28:52.080   572   593 D WindowManager: MotionEvent: action=ACTION_MOVE x=843.0 y=440.0 eventTime=3463914 pointerCount=1
08-05 09:28:52.107     0     0 W [0 T100   ..] jadard_ts_work: Entering
08-05 09:28:52.089   572   593 D WindowManager: MotionEvent: action=ACTION_MOVE x=843.0 y=440.0 eventTime=3463922 pointerCount=1
08-05 09:28:52.116     0     0 W [0 T100   ..] jadard_ts_work: Entering
08-05 09:28:52.097   572   593 D WindowManager: MotionEvent: action=ACTION_MOVE x=843.0 y=440.0 eventTime=3463931 pointerCount=1
08-05 09:28:52.123     0     0 W [0 T100   ..] jadard_ts_work: Entering
08-05 09:28:52.105   572   593 D WindowManager: MotionEvent: action=ACTION_MOVE x=843.0 y=440.0 eventTime=3463939 pointerCount=1
08-05 09:28:52.113   572   593 D WindowManager: MotionEvent: action=ACTION_MOVE x=843.0 y=440.0 eventTime=3463948 pointerCount=1
08-05 09:28:52.132     0     0 W [0 T100   ..] jadard_ts_work: Entering
08-05 09:28:52.122   572   593 D WindowManager: MotionEvent: action=ACTION_MOVE x=843.0 y=440.0 eventTime=3463956 pointerCount=1
08-05 09:28:52.140     0     0 W [0 T100   ..] jadard_ts_work: Entering
08-05 09:28:52.130   572   593 D WindowManager: MotionEvent: action=ACTION_MOVE x=843.0 y=440.0 eventTime=3463964 pointerCount=1
08-05 09:28:52.149     0     0 W [0 T100   ..] jadard_ts_work: Entering
08-05 09:28:52.137   520   520 D XIRI_driver: send to xiri: {"cmd":"key","event":0,"keycode":330,"pid":0,"vid":0,"devnum":0}
08-05 09:28:52.137   520   520 D XIRI_driver: send to xiri: {"cmd":"key","event":0,"keycode":325,"pid":0,"vid":0,"devnum":0}
08-05 09:28:52.138   572   593 D WindowManager: MotionEvent: action=ACTION_UP x=843.0 y=440.0 eventTime=3463972 pointerCount=1
08-05 09:28:52.139   876   892 I jarvis_ : System call method methodId = touch_up
08-05 09:28:52.139   876  3309 I jarvis_ : System call method methodId = touch_up
08-05 09:28:52.139  5240  5240 W WindowOnBackDispatcher: sendCancelIfRunning: isInProgress=falsecallback=android.view.ViewRootImpl$$ExternalSyntheticLambda17@c4ec3bf
08-05 09:28:52.140   572   638 D CoreBackPreview: Window{dd3e6ce u0 com.droidlogic.exoplayer2.demo/com.droidlogic.videoplayer.MoviePlayer}: Setting back callback null
08-05 09:28:52.156     0     0 W [0 T100   ..] jadard_ts_work: Entering
08-05 09:28:52.142   407  1434 D audioserver: logFgsApiBegin: FGS Logger Transaction failed, -129
08-05 09:28:52.142   361  5097 I audio_hw_hal_primary: out_update_source_metadata_v7() line 2024 usage:13 content_type:4
08-05 09:28:52.143   361  1263 I audio_hw_hal_resourcemgr: [is_output_device_muted:710] device:0x2 port_mute:0, fade_mute:0
08-05 09:28:52.143   361  1263 I audio_hw_hal_submixing: [usecase_change_validate_l_sm:1507] ++++ out:0xe47c5d80 continuous:0 dev masks:0, out masks:0, out usecase PCM_NORMAL
08-05 09:28:52.143   361  1263 I audio_hw_hal_submixing: [usecase_change_validate_l_sm:1514] io 13: out:0xe47c5d80 add usecase PCM_NORMAL, cnt 1
08-05 09:28:52.143   361  1263 D audio_hw_hal_submixing: [usecase_change_validate_l_sm:1527] io 13: out:0xe47c5d80 cur dev masks:0, add out usecase:PCM_NORMAL
08-05 09:28:52.143   361  1263 I audio_hw_hal_submixing: [usecase_change_validate_l_sm:1556] ---- out:0xe47c5d80 continuous:0 dev masks:0x1, out masks:0x1, out usecase PCM_NORMAL
08-05 09:28:52.143   361  1263 D audio_hw_hal_port: [setPortConfig:302] +++ch mask = 0x3, fmt 0x1, samplerate 48000
08-05 09:28:52.143   361  1263 D audio_hw_hal_port: [new_input_port:462] buf_frames:384,frame_size:4 ==> thunk_size:1536
08-05 09:28:52.143   361  1263 I audio_hw_hal_port: [get_input_port_type:122] samplerate:48000, flags:0x2, channel_cnt:2
08-05 09:28:52.143   361  1263 D audio_hw_hal_port: [new_input_port:499] inport:PCM_SYSTEM, buf:6144, direct:0, format:0x1, rate:48000, ch:2
08-05 09:28:52.143   361  1263 D audio_hw_hal_submixing: [mixer_get_available_inport_index:141] +inportsAvailMasks: 0xfe
08-05 09:28:52.143   361  1263 D audio_hw_hal_submixing: [mixer_get_available_inport_index:144] -inportsAvailMasks:0xfc, index 1
08-05 09:28:52.143   361  1263 I audio_hw_hal_submixing: [init_mixer_input_port:211] input port:PCM_SYSTEM, size 384 frames, frame_write_sum:4401152
08-05 09:28:52.143   361  1263 I audio_hw_hal_port: [get_input_port_type:122] samplerate:48000, flags:0x2, channel_cnt:2
08-05 09:28:52.143   361  1263 I audio_hw_hal_submixing: [mixer_aux_buffer_write_sm:1351] io 13: out:0xe47c5d80 usecase:PCM_NORMAL standby to unstandby, input port:PCM_SYSTEM
08-05 09:28:52.143   361  1263 I audio_hw_hal_submixing: [mixer_aux_buffer_write_sm:1362] padding_bytes 12288
08-05 09:28:52.143   361  1263 I audio_hw_hal_submixing: [mixer_write_inport:340] input port:PCM_SYSTEM is active now
08-05 09:28:52.143   361  1263 I audio_hw_hal_submixing: [mixer_aux_buffer_write_sm:1362] padding_bytes 10752
08-05 09:28:52.143   361  1263 I audio_hw_hal_submixing: [mixer_aux_buffer_write_sm:1362] padding_bytes 9216
08-05 09:28:52.143   361  1263 I audio_hw_hal_submixing: [mixer_aux_buffer_write_sm:1362] padding_bytes 7680
08-05 09:28:52.143   361  1263 I audio_hw_hal_submixing: [mixer_aux_buffer_write_sm:1362] padding_bytes 6144
08-05 09:28:52.144   361   539 I audio_hw_hal_submixing: [mixer_inports_read:1010] input port:PCM_SYSTEM first start, portId:1, avail:6144
08-05 09:28:52.146  5240  5264 D OpenGLRenderer: endAllActiveAnimators on 0xf1668d50 (RippleDrawable) with handle 0xf1836130
08-05 09:28:52.148   572   772 W InputManager-JNI: Input channel object 'dd3e6ce com.droidlogic.exoplayer2.demo/com.droidlogic.videoplayer.MoviePlayer (client)' was disposed without first being removed with the input manager!
08-05 09:28:52.149   361  1263 I audio_hw_hal_submixing: [mixer_aux_buffer_write_sm:1362] padding_bytes 4608
08-05 09:28:52.156  5240  5240 I MyMediaPlayer_MoviePlayer: confirm dialog onDismiss
08-05 09:28:52.156  5240  5240 I MyMediaPlayer_MoviePlayer: [setVideoPath, path:]/storage/6A6F-168B/本地视频/[4KH265_59.940fps_10bit]03.UHD_RideOnBoard_Chinese.ts
08-05 09:28:52.156  5240  5240 I MyMediaPlayer_MoviePlayer: [setVideoURIAsync] uri:null, path:/storage/6A6F-168B/本地视频/[4KH265_59.940fps_10bit]03.UHD_RideOnBoard_Chinese.ts
08-05 09:28:52.156  5240  5240 I MyMediaPlayer_MoviePlayer: use file
08-05 09:28:52.157   361  1263 I audio_hw_hal_submixing: [mixer_aux_buffer_write_sm:1362] padding_bytes 3072
08-05 09:28:52.160   361  1263 I audio_hw_hal_submixing: [mixer_aux_buffer_write_sm:1362] padding_bytes 1536
08-05 09:28:52.165   572   595 V WindowManager: Unknown focus tokens, dropping reportFocusChanged
08-05 09:28:52.175   478   914 V AmlogicNuPlayerFactoryInit:  create AmNuPlayer
08-05 09:28:52.176   478   914 I NU-AmNuPlayerDriver:  ReCalculatePositionRatio set 0.500000
08-05 09:28:52.176   478   914 I AmlPlayerTimer: AmlPlayerTimer
08-05 09:28:52.176   478   914 I MessageMonitor: NU-AmNuPlayer MessageMonitor mDebugLevel 0, poll message us 30000000
08-05 09:28:52.176   478   914 I NU-AmNuPlayer: [#3] mPlayerInstanceId = 3
08-05 09:28:52.176   478   914 D AmlPlayerTimer: func:_timer_create  create timer.1 success.
08-05 09:28:52.177   478   914 D NU-AmNuPlayer: Enable QOS : 0
08-05 09:28:52.177   478   914 D NU-AmNuPlayerDriver: [#3] AmNuPlayerDriver(0xe90c4c90) created, clientPid(5240), mPlayerInstanceId(3)
08-05 09:28:52.177   478   914 I NU-AmNuPlayerDriver: [#3] 
08-05 09:28:52.177   478   914 I NU-AmNuPlayerDriver: --------------------------------
08-05 09:28:52.177   478   914 I NU-AmNuPlayerDriver: ARCH = arm
08-05 09:28:52.177   478   914 I NU-AmNuPlayerDriver: branch name:   origin/project/iptv/r-iptv-dev-v3.0]
08-05 09:28:52.177   478   914 I NU-AmNuPlayerDriver: git version:   6813fe2217fe2ed7a1a950f4d2ab93222cb65337 
08-05 09:28:52.177   478   914 I NU-AmNuPlayerDriver: change id:      Change-Id: I992c058f8140cc983aaa0a39666b80b8ca3b1c17 
08-05 09:28:52.177   478   914 I NU-AmNuPlayerDriver: ID       :      PD#IPTV-39521 
08-05 09:28:52.177   478   914 I NU-AmNuPlayerDriver: last changed:  Date: Thu Mar 19 02:26:18 2026 +0000
08-05 09:28:52.177   478   914 I NU-AmNuPlayerDriver: build-time:     Wed Mar 25 02:38:52 UTC 2026
08-05 09:28:52.177   478   914 I NU-AmNuPlayerDriver: build-name:     wang.ren
08-05 09:28:52.177   478   914 I NU-AmNuPlayerDriver: uncommitted-file-num:0
08-05 09:28:52.177   478   914 I NU-AmNuPlayerDriver: BaseCommitMsg: commit 6813fe2217fe2ed7a1a950f4d2ab93222cb65337 PD#IPTV-39521 Change-Id: I992c058f8140cc983aaa0a39666b80b8ca3b1c17
08-05 09:28:52.177   478   914 I NU-AmNuPlayerDriver: PathesOnBase:  
08-05 09:28:52.177   478   914 I NU-AmNuPlayerDriver: 
08-05 09:28:52.177   478   914 I NU-AmNuPlayerDriver: MM-module-name:AmNuPlayer,Version:V5.1.206-g6813fe2
08-05 09:28:52.177   478   914 I NU-AmNuPlayerDriver: 
08-05 09:28:52.177   478   914 I NU-AmNuPlayerDriver: --------------------------------
08-05 09:28:52.177   478   914 I NU-AmNuPlayerDriver: [#3] Supported functions : 
08-05 09:28:52.177   478   914 I NU-AmNuPlayerDriver: {"MM-module-name":"AmNuPlayer"{"Features":["Switchaudio/subtitletracks","HTTPlivestreamingformpegtsandmp3formats","Localplaybackforvariousformats","UDPunicastandmulticastformpegtsformat","RTP/RTSPplaybackformpegtsformat","HLSlive/vodformpegtsformat","Androidaudiooffloadmode","SupportBuilt-insubtitles","AVS3videosupportforprotocolHTTPandLocal","AC4audiosupportforprotocolHTTP,Local,HLSandUDP","DVBTelextsupport","AudioVIVIDsuportforLocal/HTTP/UDP/HLS","AVS3videosupportvforprotocolHLSandUDP","ISOplaybackforlocal""libcurldownloadforprotocolHLS""dnscacheforprotocolHLS""ipv6andipv4firstplaybackforprotocolHLS""IPTVMulticasttoUnicastforprotocolRTPandUDP""IPTVcmccsoftprobeforprotocolUDPRTPHTTPHLS"],"SupportedFormats":[{"Protocol":"UDP","FileFormats":["MPEGTS"],},{"Protocol":"HLS","FileFormats":["MPEGTS","MP4"],},{"Protocol":"HTTPLIVE","FileFormats":["MPEGTS","MP3"],},{"Protocol":"LOCAL/HTTPVOD","FileFormats":["MP4","ASF","AVI","MPEGTS","MPEGPS","FLV","LIVE_FLV","WAV","PMP","H264","IVF","OG
08-05 09:28:52.178   191   191 I hwservicemanager: getTransport: Cannot find entry android.hardware.media.omx@1.0::IOmx/default in either framework or device VINTF manifest.
08-05 09:28:52.178   478   914 D MediaPlayerService: OMX service is not available
08-05 09:28:52.187   478   914 I NU-AmNuPlayer: [#3] setDataSourceAsync fd 26/0/1038803400
08-05 09:28:52.187   478  5295 I NU-AmNuPlayer: [#3] kWhatSetAudioSink
08-05 09:28:52.197   478   914 D NU-AmNuPlayer: part of md5:1ff9a272cc08b6bd86087eaaeb192661
08-05 09:28:52.198   478   914 I MessageMonitor: NU-GenericSource MessageMonitor mDebugLevel 0, poll message us 30000000
08-05 09:28:52.198   478   914 I NU-GenericSource: mPlayerInstanceId = 3
08-05 09:28:52.198   478   914 I NU-GenericSource: [resetDataSource 691]
08-05 09:28:52.198   478   914 I NU-GenericSource: [resetDataSource 691]
08-05 09:28:52.199  5240  5240 I MoviePlayer: onPlaybackStateChanged:2
08-05 09:28:52.199   478   914 I NU-AmNuPlayerDriver: [#3] [getCurrentPosition][752] position : 0 msec
08-05 09:28:52.199  5240  5240 I MoviePlayer: [updatePlaybackState] state=6, pos=0
08-05 09:28:52.200   572   638 I MediaSessionStack: onPlaybackStateChanged - Pushing session to top | record: com.droidlogic.exoplayer2.demo/MoviePlayer (userId=0)
08-05 09:28:52.201  5240  5240 I MediaPlayerExt: [getMediaInfobyInvoke]mp:com.droidlogic.app.MediaPlayerExt@fe2a6c0
08-05 09:28:52.201   876   876 D myNoti  : onPlaybackStateChanged
08-05 09:28:52.202   876   876 I jarvis_ : <onMediaPause>
08-05 09:28:52.202  5240  5240 D PreparedTimeoutTracker: startTrack
08-05 09:28:52.204   478   914 D SurfaceUtils: connecting to surface 0xe6ec0018, reason setVideoSurfaceTexture
08-05 09:28:52.204   478  5295 D NU-AmNuPlayer: [#3] onSetVideoSurface(0xe6ec3270, no video decoder)
08-05 09:28:52.204   478  5295 I NU-AmNuPlayer: [#3] not set video screenmode to 1
08-05 09:28:52.205   478  5297 I NU-GenericSource: patch:
08-05 09:28:52.205   478  5297 D NU-GenericSource: FileSource local use ffmpeg extractor
08-05 09:28:52.205   478  5297 I NU-GenericSource: FFmpegFileSource : fd=39 (/storage/6A6F-168B/本地视频/[4KH265_59.940fps_10bit]03.UHD_RideOnBoard_Chinese.ts), offset=0, length=1038803400
08-05 09:28:52.205   361  5097 I audio_hw_hal_primary: [adev_set_parameters:4208] dev:0xe5083dc0, kv: is_ms12_continuous=0
08-05 09:28:52.205   361  5097 D audio_hw_hal_hfp: [audio_extn_hfp_set_parameters:739] audio_extn_hfp_set_parameters
08-05 09:28:52.206   361   436 D AudioHalHardware: +setParameters(): is_ms12_continuous=0
08-05 09:28:52.206   361   436 W AudioHalHardware: setParameters(), still have param.size() = 1, remain param = "is_ms12_continuous=0"
08-05 09:28:52.206   361   436 D AudioHalHardware: -setParameters(): is_ms12_continuous=0 
08-05 09:28:52.207   478  5297 I NU-GenericSource: >>>[initFromDataSource 1438]
08-05 09:28:52.207   572   638 D CompatibilityChangeReporter: Compat change id reported: 214016041; UID 10035; state: ENABLED
08-05 09:28:52.207   572   638 I ImeTracker: com.droidlogic.exoplayer2.demo:75992c3: onRequestHide at ORIGIN_SERVER_HIDE_INPUT reason HIDE_UNSPECIFIED_WINDOW
08-05 09:28:52.207   572   638 I ImeTracker: com.droidlogic.exoplayer2.demo:75992c3: onCancelled at PHASE_SERVER_SHOULD_HIDE
08-05 09:28:52.211   476  5142 I AmFFmpegExtractor: all use ffmpegextractor
08-05 09:28:52.211   476  5142 I AmFFmpegExtractor: is in white list : 1
08-05 09:28:52.211   476  5142 I AmFFmpegExtractor: SniffAmFFmpeg  ok, confidence = 0.800000
08-05 09:28:52.223   361  1263 I audio_hw_hal_stream: aml_stream_out_info_print: out:0xe47c5d80, stream_type:pcm, sync_mode:non tunnel, input_size:17612800 bytes
08-05 09:28:52.223   361  1263 I audio_hw_hal_stream: aml_stream_out_info_print: last_time:3463176 ms (sec:3463, nsec:176856233), last_position:91629 ms (4398208), cur_time:3464051 ms (sec:3464, nsec:51184442), cur_position:91690 ms (4401152)
08-05 09:28:52.223   361  1263 I audio_hw_hal_stream: aml_stream_out_info_print: time_gap:875 ms (thr:100 ms), position_gap:61 ms, delay:42 ms, jitter: Position gap is behind system time gap by 814 ms (thr:100 ms)
08-05 09:28:52.237   476  5142 W AString : ctor got NULL, using empty string instead
08-05 09:28:52.237   476  5142 I AmFFmpegExtractor: 
08-05 09:28:52.237   476  5142 I AmFFmpegExtractor: -----------AmFFmpegExtractor Info---------
08-05 09:28:52.237   476  5142 I AmFFmpegExtractor: 
08-05 09:28:52.237   476  5142 I AmFFmpegExtractor: MM-module-name:Extractor,Version:V3.0.47-g62c0e35
08-05 09:28:52.237   476  5142 I AmFFmpegExtractor: 
08-05 09:28:52.237   476  5142 I AmFFmpegExtractor: ARCH = arm
08-05 09:28:52.237   476  5142 I AmFFmpegExtractor: Author: multi-media team
08-05 09:28:52.237   476  5142 I AmFFmpegExtractor: Branch name:   * project/iptv/r-iptv-dev-v3.0
08-05 09:28:52.237   476  5142 I AmFFmpegExtractor: Last Commit Info:
08-05 09:28:52.237   476  5142 I AmFFmpegExtractor:     commit 62c0e35d74eea49a36e12a3606980c10190612ef
08-05 09:28:52.237   476  5142 I AmFFmpegExtractor:     Author: wang.ren <wang.ren@amlogic.com>
08-05 09:28:52.237   476  5142 I AmFFmpegExtractor:     Date: Wed Mar 18 08:05:29 2026 +0000
08-05 09:28:52.237   476  5142 I AmFFmpegExtractor:      AmFFmpegAdapter: CB2 sync patch from branch apex to iptv [1/1]
08-05 09:28:52.237   476  5142 I AmFFmpegExtractor:      PD#IPTV-39846
08-05 09:28:52.237   476  5142 I AmFFmpegExtractor:      Change-Id: Ic4714a59dcc906ce7551f77f43cacf29a563346b
08-05 09:28:52.237   476  5142 I AmFFmpegExtractor: Uncommitted-file-num:0
08-05 09:28:52.237   476  5142 I AmFFmpegExtractor: Build-time:     Thu Mar 19 11:41:22 UTC 2026
08-05 09:28:52.237   476  5142 I AmFFmpegExtractor: Build-name:     wang.ren
08-05 09:28:52.237   476  5142 I AmFFmpegExtractor: -----------------------------------------
08-05 09:28:52.237   476  5142 I AmFFmpegExtractor: media.ffmpegextractor.loglevel 16
08-05 09:28:52.237   476  5142 I AmFFmpegExtractor: vendor.media.ffmpegextractor.ESLen264Check : 60
08-05 09:28:52.237   476  5142 I AmFFmpegExtractor: vendor.media.ffmpegextractor.ESLen265Check : 50
08-05 09:28:52.237   476  5142 I AmFFmpegByteIOAdapter: File size : 1038803400
08-05 09:28:52.238   476  5142 I AmFFmpegExtractor: AmFFmpegExtractor mInputFormat name {mpegts [(null)]}
08-05 09:28:52.296   361  1263 I audio_hw_hal_primary: [audiohal_get_latency:1344] io 13: out:0xe47c5d80 frames:3072 rate:48000 whole_latency:64 alsa_latency:64
08-05 09:28:52.318   361  1263 I audio_hw_hal_primary: [audiohal_get_latency:1344] io 13: out:0xe47c5d80 frames:3072 rate:48000 whole_latency:64 alsa_latency:64
08-05 09:28:52.349   361  1263 I audio_hw_hal_primary: [audiohal_get_latency:1344] io 13: out:0xe47c5d80 frames:3072 rate:48000 whole_latency:64 alsa_latency:64
08-05 09:28:52.371   361  1263 I audio_hw_hal_primary: [audiohal_get_latency:1344] io 13: out:0xe47c5d80 frames:3072 rate:48000 whole_latency:64 alsa_latency:64
08-05 09:28:52.389   361  1263 I audio_hw_hal_primary: [audiohal_get_latency:1344] io 13: out:0xe47c5d80 frames:3072 rate:48000 whole_latency:64 alsa_latency:64
08-05 09:28:52.389   407   545 D audioserver: logFgsApiEnd: FGS Logger Transaction failed, -129
08-05 09:28:52.428   476  5142 I AmFFmpegExtractor: ///////////////start dump format
08-05 09:28:52.429   476  5142 I AmFFmpegExtractor: [init 3304] video/mp2ts
08-05 09:28:52.429   476  5142 D AmFFmpegExtractor: fileSize:1038803400, ff_ctx_bit_rate:51818113, bitrateDiff:0, bitRateSum:51818113, duration:(160376878,160376878)
08-05 09:28:52.429   476  5142 I AmFFmpegExtractor: isMusic major_brand:null
08-05 09:28:52.429   476  5142 I AmFFmpegExtractor: Stream 0(0) [video/hevc][codecid:0xad(0xad)] found.
08-05 09:28:52.429   476  5142 I AmFFmpegExtractor:  [AmFFmpegSource 711]startTimeUs:1050044, seekable:1
08-05 09:28:52.429   476  5142 I AmFFmpegExtractor:  [init 744](0xe9641570)
08-05 09:28:52.429   476  5142 E AmFFmpegExtractor: mAudioMuxRead 2
08-05 09:28:52.429   476  5142 I AmFFmpegExtractor: init kKeyDuration = 160376878
08-05 09:28:52.429   476  5142 I AmFFmpegExtractor: VIDEO stream startTimeUs = 1050044
08-05 09:28:52.429   476  5142 I AmFFmpegExtractor: video:demux: extradata_size = 120
08-05 09:28:52.429   476  5142 I AmFFmpegExtractor: video:demux: has b-frame = 1
08-05 09:28:52.429   476  5142 I AmFFmpegExtractor: video:demux: width = 3840, height = 2160
08-05 09:28:52.429   476  5142 E AmFFmpegExtractor: demux: frame_number = 0
08-05 09:28:52.429   476  5142 I AmFFmpegExtractor: init kKeyFrameRate = 60(59.939999)
08-05 09:28:52.429   476  5142 I AmFFmpegExtractor: set frame-rate 60   rationalFramerate num 60000 den 1001
08-05 09:28:52.430   476  5142 I AmFFmpegExtractor: mIsDolbyVison :0, mCreate_two_tracks_dv:0, codec_id: 173(AVC:27,HEVC:173), DvCFG:0(0), TAG:$
08-05 09:28:52.430   476  5142 I AmFFmpegExtractor: set tag nCFG
08-05 09:28:52.430   476  5142 I AmFFmpegExtractor: Mime:video/hevc
08-05 09:28:52.430   476  5142 I StreamFormatter: Creating formatter for codec id : 173 extradata size : 120
08-05 09:28:52.430   476  5142 I HVCTSFormatter: [parseCodecExtraData:96] skip hevc nalu DELIMITER
08-05 09:28:52.430   476  5142 D HVCTSFormatter: actual extra size:113
08-05 09:28:52.430   476  5142 I AmFFmpegExtractor: [init 3526] mIsDolbyVison:0, i:0
08-05 09:28:52.430   476  5142 E AmFFmpegExtractor: [checkStreamValid]:sample_rate:0, channels:0
08-05 09:28:52.430   476  5142 I AmFFmpegExtractor: Stream 1(1) [audio/mp4a-latm][codecid:0x15002(0x15002)] found.
08-05 09:28:52.430   476  5142 I AmFFmpegExtractor:  [AmFFmpegSource 711]startTimeUs:1050044, seekable:0
08-05 09:28:52.430   476  5142 I AmFFmpegExtractor:  [init 744](0xe96406d0)
08-05 09:28:52.430   476  5142 E AmFFmpegExtractor: mAudioMuxRead 2
08-05 09:28:52.430   476  5142 I AmFFmpegExtractor: init kKeyDuration = 160376878
08-05 09:28:52.430   476  5142 I AmFFmpegExtractor: audio:demux: fmt = -1
08-05 09:28:52.430   476  5142 I AmFFmpegExtractor: audio:demux: channels = 0
08-05 09:28:52.430   476  5142 I AmFFmpegExtractor: audio:demux: sample_rate = 0
08-05 09:28:52.430   476  5142 I AmFFmpegExtractor: audio:demux: bit_rate = 0
08-05 09:28:52.430   476  5142 I AmFFmpegExtractor: audio:demux: codec_id = 86018
08-05 09:28:52.430   476  5142 I AmFFmpegExtractor: audio:demux: stream startTimeUs = 1050044
08-05 09:28:52.430   476  5142 I AmFFmpegExtractor: audio:demux: sample_rate = 0, force set to 48000
08-05 09:28:52.430   476  5142 I AmFFmpegExtractor: audio:demux: block_align = 0
08-05 09:28:52.431   476  5142 I AmFFmpegExtractor: Mime:audio/mp4a-latm
08-05 09:28:52.431   476  5142 I AmFFmpegExtractor: Mime:audio/mp4a-latm,  profile:0 hasextradata:0, mMeta MimeType:audio/ffmpeg, mExtractor->mIsSetFfmpegFlag:1
08-05 09:28:52.431   476  5142 I StreamFormatter: Creating formatter for codec id : 86018 extradata size : 0
08-05 09:28:52.431   476  5142 E AACTSFormatter: Invalid extra data for AAC codec.
08-05 09:28:52.431   476  5142 I AmFFmpegExtractor: [init 3526] mIsDolbyVison:0, i:1
08-05 09:28:52.431   476  5142 I AmFFmpegExtractor: pthread_create OK pid:-392195648
08-05 09:28:52.431   476  5298 I AmFFmpegExtractor: feedMore_task in
08-05 09:28:52.433   478  5297 I NU-GenericSource: >>>MediaExtractor::Create [initFromDataSource 1485] and extractor name:AmFFmpegExtractor
08-05 09:28:52.433   478  5297 D NU-GenericSource: [#3] [KPI] startup, find stream info time spent: 225864
08-05 09:28:52.433   478  5297 I NU-GenericSource: initFromDataSource, mExtractor->countTracks() = 2
08-05 09:28:52.433   478  5297 I NU-GenericSource: amlogic private metadata ffmpegHasAudio
08-05 09:28:52.433   478  5297 I NU-GenericSource: amlogic private metadata ffmpegHasVideo
08-05 09:28:52.433   478  5297 I NU-GenericSource: amlogic private metadata mSeekable:1
08-05 09:28:52.433   478  5297 I NU-GenericSource: ffmpegHasAudio : 1, ffmpegHasVideo : 1
08-05 09:28:52.433   478  5297 I NU-GenericSource: enabled audio limiter !
08-05 09:28:52.434   476  5142 I AmAVUtils: set default max-input-size to 6291456
08-05 09:28:52.435   476  5142 I AmAVUtils: set default max-input-size to 6291456
08-05 09:28:52.435   478  5297 I NU-GenericSource: initFromDataSource track[0]: video/hevc
08-05 09:28:52.435   478  5297 I NU-GenericSource: ++++++++++++++++++++++++
08-05 09:28:52.435   476  5142 I AmAVUtils: set default max-input-size to 6291456
08-05 09:28:52.435   478  5297 I AmAnotherPacketSource: (video/hevc)IsUdp:0 mLimitiSize:2097152, mTotalCount:1000 kLocalPlaybackMaxBufferCount 500
08-05 09:28:52.436   478  5297 I AmAnotherPacketSource: ----->(0xee301350)start mIsVideo:1  mIsAudio:0 
08-05 09:28:52.436   478  5297 D NU-GenericSource: initFromDataSource:1784,  found video prog num:1
08-05 09:28:52.436   478  5297 I NU-GenericSource: initFromDataSource track[1]: audio/ffmpeg
08-05 09:28:52.436   478  5297 I NU-GenericSource: AudioName:aac  codec_id:0x15002 skipAudio:truehd
08-05 09:28:52.437   478  5297 I NU-AmNuPlayerDecoder: sampleRate:48000 
08-05 09:28:52.437   478  5297 D NU-GenericSource: initFromDataSource:1654,  found audio prog num:1
08-05 09:28:52.437   478  5297 I AmAnotherPacketSource: (audio/ffmpeg)IsUdp:0 mLimitiSize:2097152, mTotalCount:1000 kLocalPlaybackMaxBufferCount 500
08-05 09:28:52.437   478  5297 I AmAnotherPacketSource: ----->(0xee302930)start mIsVideo:0  mIsAudio:1 
08-05 09:28:52.437   478  5297 I NU-GenericSource: initFromDataSource mVideoTrack.mSource:0xee44d4e0, unsupportvideo:0, ffmpegHasVideo:1
08-05 09:28:52.437   478  5297 I NU-GenericSource: initFromDataSource mAudioTrack.mSource:0xee44cdb0, ffmpegHasAudio:1
08-05 09:28:52.437   478  5297 I NU-GenericSource: update local bitrate 51818113
08-05 09:28:52.437   476  5142 I AmAVUtils: set default max-input-size to 6291456
08-05 09:28:52.439   478  5295 I NU-AmNuPlayer: [#3] Video input format 3840 x 2160
08-05 09:28:52.439   478  5295 D NU-AmNuPlayerDriver: [#3] notifyListener_l(0xe90c4c90), (5, 3840, 2160, -1), loop setting(0, 0)
08-05 09:28:52.439   476  5142 I AmFFmpegExtractor:  [start 1451](0xe96406d0)
08-05 09:28:52.439   476  5142 D MediaBufferGroup: creating MemoryDealer
08-05 09:28:52.439  5240  5240 I MoviePlayer: [displayModeImpl][onVideoSizeChanged], set background null,w:3840,h:2160
08-05 09:28:52.440   476  5142 I AmFFmpegExtractor:  [start 1451](0xe9641570)
08-05 09:28:52.440   476  5142 D MediaBufferGroup: creating MemoryDealer
08-05 09:28:52.441  5240  5240 D MoviePlayer: isInSplitScreen:false
08-05 09:28:52.441  5240  5240 I MoviePlayer: [displayModeImpl]dispWidth:1280,dispHeight:800,mode:800x1280p60hz
08-05 09:28:52.441  5240  5240 I MoviePlayer: [displayModeImpl]videoWidth:3840,videoHeight:2160
08-05 09:28:52.441   478  5297 I NU-GenericSource: notifyPrepared 2560
08-05 09:28:52.441   478  5295 I NU-AmNuPlayer: [#3] notifyPrepareCompleted
08-05 09:28:52.441   478  5295 D NU-AmNuPlayerDriver: [#3] notifyListener_l(0xe90c4c90), (1, 0, 0, -1), loop setting(0, 0)
08-05 09:28:52.441   478  5297 E NU-GenericSource: mFastPostCacheData = false
08-05 09:28:52.441  5240  5240 I MoviePlayer: [displayModeImpl],setLayoutParams,w:1280,height:720
08-05 09:28:52.445   476  5298 I AmFFmpegExtractor: First [video/hevc] key frame received
08-05 09:28:52.447  5240  5240 I MoviePlayer: [surfaceChanged]format:4,w:1280,h:720
08-05 09:28:52.448   478  5297 E AmSubtitle: [setSubStartPts]  mClient == NULL
08-05 09:28:52.454   478  5295 I NU-AmNuPlayer: [#3] updateMediaInfo
08-05 09:28:52.454   476   476 I AmAVUtils: set default max-input-size to 6291456
08-05 09:28:52.454   478  5295 I NU-AmNuPlayer: [#3] [updateMediaInfo:1371]get i=0 , mime: video/hevc
08-05 09:28:52.455   478  5295 I NU-AmNuPlayer: [#3] [updateMediaInfo:1371]get i=1 , mime: audio/mp4a-latm
08-05 09:28:52.455   478  5295 I NU-AmNuPlayer: [#3] [updateMediaInfo:1558] video prog_num=1,cnt=0
08-05 09:28:52.455   478  5295 I NU-AmNuPlayer: [#3] [updateMediaInfo:1563] audio prog_num=1
08-05 09:28:52.456   476   476 I AmAVUtils: set default max-input-size to 6291456
08-05 09:28:52.457   476   476 I AmAVUtils: set default max-input-size to 6291456
08-05 09:28:52.457   478  5295 I NU-AmNuPlayer: [#3] [onMessageReceived:2737]get cur_video_prog_num=1
08-05 09:28:52.457   478  5295 I NU-AmNuPlayer: [#3] [onMessageReceived:2737]get cur_video_prog_num=1
08-05 09:28:52.458   476  5142 I AmAVUtils: set default max-input-size to 6291456
08-05 09:28:52.459  5240  5240 I MyMediaPlayer_MoviePlayer: [mPreparedListener]onPrepared mp:com.droidlogic.app.MediaPlayerExt@fe2a6c0
08-05 09:28:52.460  5240  5240 D PreparedTimeoutTracker: stopTrack
08-05 09:28:52.460  5240  5240 I MoviePlayer: onPlaybackStateChanged:3
08-05 09:28:52.460  5240  5240 D MoviePlayer: set background null
08-05 09:28:52.460   478  5295 I NU-AmNuPlayer: [#3] updateMediaInfo
08-05 09:28:52.461   476   476 I AmAVUtils: set default max-input-size to 6291456
08-05 09:28:52.461   478  5295 I NU-AmNuPlayer: [#3] [updateMediaInfo:1371]get i=0 , mime: video/hevc
08-05 09:28:52.462   478  5295 I NU-AmNuPlayer: [#3] [updateMediaInfo:1371]get i=1 , mime: audio/mp4a-latm
08-05 09:28:52.462   478  5295 I NU-AmNuPlayer: [#3] [updateMediaInfo:1558] video prog_num=1,cnt=0
08-05 09:28:52.462   478  5295 I NU-AmNuPlayer: [#3] [updateMediaInfo:1563] audio prog_num=1
08-05 09:28:52.462   476   792 I AmAVUtils: set default max-input-size to 6291456
08-05 09:28:52.463   476   792 I AmAVUtils: set default max-input-size to 6291456
08-05 09:28:52.463   478  5295 I NU-AmNuPlayer: [#3] [onMessageReceived:2737]get cur_video_prog_num=1
08-05 09:28:52.464   478  5295 I NU-AmNuPlayer: [#3] [onMessageReceived:2737]get cur_video_prog_num=1
08-05 09:28:52.464   476   792 I AmAVUtils: set default max-input-size to 6291456
08-05 09:28:52.467  5240  5240 D MediaPlayerNative: getMetadata
08-05 09:28:52.468   478   531 I NU-AmNuPlayerDriver: [#3] getMetadata 1387
08-05 09:28:52.468   478   531 I NU-AmNuPlayerDriver: [#3] getMetadata mVideoWidth 3840, mVideoHeight 2160
08-05 09:28:52.468   476  5142 I AmAVUtils: set default max-input-size to 6291456
08-05 09:28:52.469   478   531 I NU-AmNuPlayer: [#3] AmNuPlayer::Source::getFormat frame-rate = 60
08-05 09:28:52.469   478   531 I NU-AmNuPlayer: [#3] [getStrCurrentCodecMime 5483] 0 mDTSMimeFromCodec:0-->mMediaRenderingStarted:0
08-05 09:28:52.469   476  5142 I AmAVUtils: set default max-input-size to 6291456
08-05 09:28:52.470   478   531 I NU-AmNuPlayer: [#3] AmNuPlayer::Source::getFormat frame-rate = 60
08-05 09:28:52.470   478   531 I NU-AmNuPlayer: [#3] [getStrCurrentCodecMime 5483] 0 mDTSMimeFromCodec:0-->mMediaRenderingStarted:0
08-05 09:28:52.470   478   531 I AmMetadata: appendString hevc, 4
08-05 09:28:52.471   478   531 I NU-AmNuPlayer: [#3] AmNuPlayer::Source::getFormat frame-rate = failed
08-05 09:28:52.471   478   531 I NU-AmNuPlayer: [#3] getFormat audio extend format : audio/ffmpeg
08-05 09:28:52.471   478   531 I NU-AmNuPlayer: [#3] [getStrCurrentCodecMime 5483] 1 mDTSMimeFromCodec:0-->mMediaRenderingStarted:0
08-05 09:28:52.471   478   531 I NU-AmNuPlayer: [#3] AmNuPlayer::Source::getFormat frame-rate = failed
08-05 09:28:52.472   478   531 I NU-AmNuPlayer: [#3] getFormat audio extend format : audio/ffmpeg
08-05 09:28:52.472   478   531 I NU-AmNuPlayer: [#3] [getStrCurrentCodecMime 5483] 1 mDTSMimeFromCodec:0-->mMediaRenderingStarted:0
08-05 09:28:52.472   478   531 I AmMetadata: appendString mp4a-latm, 9
08-05 09:28:52.472   476   476 I AmAVUtils: set default max-input-size to 6291456
08-05 09:28:52.472   478   531 I NU-AmNuPlayer: [#3] AmNuPlayer::Source::getFormat frame-rate = 60
08-05 09:28:52.473   478   531 I NU-AmNuPlayer: [#3] [getStrCurrentCodecMime 5483] 0 mDTSMimeFromCodec:0-->mMediaRenderingStarted:0
08-05 09:28:52.473   478   531 I NU-AmNuPlayer: [#3] AmNuPlayer::Source::getFormat frame-rate = failed
08-05 09:28:52.473   478   531 I NU-AmNuPlayer: [#3] getFormat audio extend format : audio/ffmpeg
08-05 09:28:52.473   478   531 I NU-AmNuPlayer: [#3] [getStrCurrentCodecMime 5483] 1 mDTSMimeFromCodec:0-->mMediaRenderingStarted:0
08-05 09:28:52.473   478   531 I NU-AmNuPlayerDriver: [#3] getMetadata kVideoCodec hevc, kAudioCodec mp4a-latm
08-05 09:28:52.474   478   531 I NU-AmNuPlayer: [#3] AmNuPlayer::Source::getFormat frame-rate = failed
08-05 09:28:52.474   478   531 I NU-AmNuPlayer: [#3] getFormat audio extend format : audio/ffmpeg
08-05 09:28:52.474   478   531 I AmMetadata: appendString mono, 4
08-05 09:28:52.474   476   947 I AmAVUtils: set default max-input-size to 6291456
08-05 09:28:52.474   478   531 D NU-AmNuPlayer: [#3] [5687] getRealFrameRate: 5994
08-05 09:28:52.475  5240  5240 I MyMediaPlayer_MoviePlayer: [mPreparedListener]mCanSeek:true
08-05 09:28:52.476  5240  5240 D MyMediaPlayer_MoviePlayer: [seekTo]msec:24530,mState:3
08-05 09:28:52.476  5240  5240 I MyMediaPlayer_MoviePlayer: [seekTo]:24530
08-05 09:28:52.476  5240  5240 I MoviePlayer: onPlaybackStateChanged:7
08-05 09:28:52.479  5240  5240 I MoviePlayer: [updatePlaybackState] state=6, pos=0
08-05 09:28:52.480  5240  5240 D SubtitleViewAdaptor: stopTtxLoading
08-05 09:28:52.480  5240  5240 D CCSubtitleView: clear queue item
08-05 09:28:52.480  5240  5240 E CCSubtitleView: update
08-05 09:28:52.481   478   531 D NU-AmNuPlayerDriver: [#3] seekTo(0xe90c4c90) (24530 ms, 3) at state 4
08-05 09:28:52.481   478   531 D NU-AmNuPlayerDriver: [#3] notifyListener_l(0xe90c4c90), (7, 0, 0, -1), loop setting(0, 0)
08-05 09:28:52.481   478   531 I NU-AmNuPlayer: [#3] seekToAsync  NowTimeMs: 3464316  mLastSeekTimeMs: 3464011, Seek diffTime: 305, quickExit:0
08-05 09:28:52.481   478  5295 I NU-AmNuPlayer: [#3] kWhatSeek
08-05 09:28:52.481   478  5295 I NU-AmNuPlayer: [#3] kWhatSeek seekTimeUs=24530000 us, mode=3, needNotify=1
08-05 09:28:52.481   478  5295 I NU-AmNuPlayer: [#3] onStart: mCrypto: 0x0 (0)
08-05 09:28:52.481   478   531 D NU-AmNuPlayerDriver: [#3] seekTo_END(0xe90c4c90) (24530 ms, 3) at state 4
08-05 09:28:52.481  5240  5240 I MyMediaPlayer_MoviePlayer: eventlistener notify
08-05 09:28:52.481  5240  5240 I MoviePlayer: [displayModeImpl]onPrepared[Landroid.media.MediaPlayer$TrackInfo;@2d91197
08-05 09:28:52.481  5240  5240 I MoviePlayer: openSubtitle() start
08-05 09:28:52.482   876   876 D myNoti  : onPlaybackStateChanged
08-05 09:28:52.482   876   876 I jarvis_ : <onMediaPause>
08-05 09:28:52.482  5240  5240 I SystemSubtitleUtils: is uni media for iptv:0
08-05 09:28:52.482  5240  5240 I SubtitleManager: [start]mPath:/storage/6A6F-168B/本地视频/[4KH265_59.940fps_10bit]03.UHD_RideOnBoard_Chinese.ts
08-05 09:28:52.483  5240  5240 I SubtitleUtils: [setFileName]mFileName:/storage/6A6F-168B/本地视频/[4KH265_59.940fps_10bit]03.UHD_RideOnBoard_Chinese.ts
08-05 09:28:52.483  5240  5240 I SubtitleUtils: [accountExSubtitleNumber] prefix:[4KH265_59.940fps_10bit]03.UHD_RideOnBoard_Chinese.
08-05 09:28:52.485  5240  5240 I SubtitleUtils: accountExSubtitleNumber:0
08-05 09:28:52.485  5240  5240 D SubtitleManager-jni: nativeOpenSubIdx 327
08-05 09:28:52.485   402   418 I SubtitleServer: userDataOpen
08-05 09:28:52.485   402   418 I SubtitleService: userDataOpen 
08-05 09:28:52.486   402   418 I UserDataAfd: creat UserDataAfd
08-05 09:28:52.486   402   418 I UserDataAfd: startUserData mPlayerId = -1
08-05 09:28:52.486  5240  5240 I SubtitleManager: [isExtSubtitle]mExtFilePath:/storage/6A6F-168B/本地视频/[4KH265_59.940fps_10bit]03.UHD_RideOnBoard_Chinese.ts
08-05 09:28:52.486  5240  5240 D SubtitleManager-jni: isExt? 0
08-05 09:28:52.486   402   418 I SubtitleServer: open ss=0xedf00120 ioType=0 openType:1
08-05 09:28:52.486   402   418 I SubtitleServer: mOpenCalled: 0 mLastOpenTime=-1, now=3464321646025
08-05 09:28:52.486   402   418 I SubtitleService: startSubtitle  type:0
08-05 09:28:52.486   402   418 I Subtitle: Subtitle
08-05 09:28:52.486   402   418 I Presentation: enter Presentation
08-05 09:28:52.486   402   418 I SubtitleSource: ExternalDataSource
08-05 09:28:52.486   402   418 I SubtitleService: startSubtitle  subType:-1
08-05 09:28:52.486   402   418 I Subtitle: scheduleStart:-1
08-05 09:28:52.487   402   418 I Subtitle: attachDataSource
08-05 09:28:52.487   402   418 I SubtitleService: setParameter on start: 0, dtvSubType=-1
08-05 09:28:52.487   402   418 I SubtitleService: setParameter on start
08-05 09:28:52.487  5240  5240 I SubtitleManager: [innerTotal]mInterSubTotal:-1
08-05 09:28:52.487  5240  5240 D SubtitleManager-jni: nativeTotalSubtitles 396 0xf1544a90
08-05 09:28:52.487   402   418 I SubtitleServer: getTotalTracks ss=0xedf00120
08-05 09:28:52.487   402  5300 I Subtitle: run mExitRequested:0, mSubPrams->subType:-1
08-05 09:28:52.560   476   947 I AmFFmpegExtractor: Seek stream_index:0, To seekTimeUs:25580044, seekPosition:2302203, seekFlag:8
08-05 09:28:52.587   402  5300 I Subtitle: ACTION_SUBTITLE_RECEIVED_SUBTYPE, type:-1
08-05 09:28:52.587   402  5300 I ClosedCaptionParser: creat ClosedCaption parser
08-05 09:28:52.587   402  5300 I ClosedCaptionParser: @@@@@@ updateParameter mChannelId: 0, mVfmt:-1
08-05 09:28:52.587   402  5300 I ClosedCaptionParser: setPipId mode = 1, id = -1
08-05 09:28:52.588   402  5300 I ClosedCaptionParser: setPipId mode = 2, id = -1
08-05 09:28:52.588   402  5300 I Presentation: enter startPresent
08-05 09:28:52.588   402  5300 I AribB24Parser: notifyRenderStartTimestamp: startTime=0
08-05 09:28:52.588   402  5301 I SysfsVideoInfo: getVideoFormat ubuf8:connected vdec list empty
08-05 09:28:52.588   402  5302 I Presentation: A_LOOPER_POLL_WAKE
08-05 09:28:52.603   476   947 I AmFFmpegExtractor: Seeking to 2302203 end. seekflag 8 
08-05 09:28:52.608   476  5298 I AmFFmpegExtractor: drop a frame, ptsFromFFmpeg = 25758055
08-05 09:28:52.608   402  5301 I SysfsVideoInfo: getVideoFormat ubuf8:connected vdec list empty
08-05 09:28:52.610   476  5298 I AmFFmpegExtractor: drop a frame, ptsFromFFmpeg = 25691322
08-05 09:28:52.612   476  5298 I AmFFmpegExtractor: drop a frame, ptsFromFFmpeg = 25657955
08-05 09:28:52.613   476  5298 I AmFFmpegExtractor: drop a frame, ptsFromFFmpeg = 25641277
08-05 09:28:52.614   476  5298 I AmFFmpegExtractor: video is looking for keyframe and has been dropped, so drop pending audio before ptsFromFFmpeg = 25242044
08-05 09:28:52.615   476  5298 I AmFFmpegExtractor: drop a frame, ptsFromFFmpeg = 25674644
08-05 09:28:52.616   476  5298 I AmFFmpegExtractor: drop a frame, ptsFromFFmpeg = 25724688
08-05 09:28:52.617   476  5298 I AmFFmpegExtractor: drop a frame, ptsFromFFmpeg = 25708011
08-05 09:28:52.619   476  5298 I AmFFmpegExtractor: drop a frame, ptsFromFFmpeg = 25741377
08-05 09:28:52.620   476  5298 I AmFFmpegExtractor: video is looking for keyframe and has been dropped, so drop pending audio before ptsFromFFmpeg = 25306044
08-05 09:28:52.621   476  5298 I AmFFmpegExtractor: drop a frame, ptsFromFFmpeg = 25891522
08-05 09:28:52.623   476  5298 I AmFFmpegExtractor: drop a frame, ptsFromFFmpeg = 25824788
08-05 09:28:52.625   476  5298 I AmFFmpegExtractor: drop a frame, ptsFromFFmpeg = 25791422
08-05 09:28:52.626   476  5298 I AmFFmpegExtractor: drop a frame, ptsFromFFmpeg = 25774744
08-05 09:28:52.628   476  5298 I AmFFmpegExtractor: drop a frame, ptsFromFFmpeg = 25808111
08-05 09:28:52.628   402  5301 I SysfsVideoInfo: getVideoFormat ubuf8:connected vdec list empty
08-05 09:28:52.628   476  5298 I AmFFmpegExtractor: video is looking for keyframe and has been dropped, so drop pending audio before ptsFromFFmpeg = 25370044
08-05 09:28:52.630   476  5298 I AmFFmpegExtractor: drop a frame, ptsFromFFmpeg = 25858155
08-05 09:28:52.632   476  5298 I AmFFmpegExtractor: drop a frame, ptsFromFFmpeg = 25841477
08-05 09:28:52.634   476  5298 I AmFFmpegExtractor: drop a frame, ptsFromFFmpeg = 25874844
08-05 09:28:52.635   476  5298 I AmFFmpegExtractor: video is looking for keyframe and has been dropped, so drop pending audio before ptsFromFFmpeg = 25434044
08-05 09:28:52.637   476  5298 I AmFFmpegExtractor: drop a frame, ptsFromFFmpeg = 26024988
08-05 09:28:52.639   476  5298 I AmFFmpegExtractor: drop a frame, ptsFromFFmpeg = 25958255
08-05 09:28:52.640   476  5298 I AmFFmpegExtractor: drop a frame, ptsFromFFmpeg = 25924888
08-05 09:28:52.641   476  5298 I AmFFmpegExtractor: drop a frame, ptsFromFFmpeg = 25908211
08-05 09:28:52.642   476  5298 I AmFFmpegExtractor: video is looking for keyframe and has been dropped, so drop pending audio before ptsFromFFmpeg = 25498044
08-05 09:28:52.643   476  5298 I AmFFmpegExtractor: drop a frame, ptsFromFFmpeg = 25941577
08-05 09:28:52.644   476  5298 I AmFFmpegExtractor: drop a frame, ptsFromFFmpeg = 25991622
08-05 09:28:52.646   476  5298 I AmFFmpegExtractor: drop a frame, ptsFromFFmpeg = 25974944
08-05 09:28:52.647   476  5298 I AmFFmpegExtractor: video is looking for keyframe and has been dropped, so drop pending audio before ptsFromFFmpeg = 25562044
08-05 09:28:52.648   476  5298 I AmFFmpegExtractor: drop a frame, ptsFromFFmpeg = 26008311
08-05 09:28:52.649   402  5301 I SysfsVideoInfo: getVideoFormat ubuf8:connected vdec list empty
08-05 09:28:52.650   476  5298 I AmFFmpegExtractor: drop a frame, ptsFromFFmpeg = 26158455
08-05 09:28:52.652   476  5298 I AmFFmpegExtractor: drop a frame, ptsFromFFmpeg = 26091722
08-05 09:28:52.654   476  5298 I AmFFmpegExtractor: drop a frame, ptsFromFFmpeg = 26058355
08-05 09:28:52.655   476  5298 I AmFFmpegExtractor: drop a frame, ptsFromFFmpeg = 26041677
08-05 09:28:52.656   476  5298 I AmFFmpegExtractor: drop a frame, ptsFromFFmpeg = 26075044
08-05 09:28:52.657   476  5298 I AmFFmpegExtractor: video is looking for keyframe and has been dropped, so drop pending audio before ptsFromFFmpeg = 25626044
08-05 09:28:52.658   476  5298 I AmFFmpegExtractor: drop a frame, ptsFromFFmpeg = 26125088
08-05 09:28:52.659   476  5298 I AmFFmpegExtractor: drop a frame, ptsFromFFmpeg = 26108411
08-05 09:28:52.660   476  5298 I AmFFmpegExtractor: drop a frame, ptsFromFFmpeg = 26141777
08-05 09:28:52.663   476  5298 I AmFFmpegExtractor: video is looking for keyframe and has been dropped, so drop pending audio before ptsFromFFmpeg = 25690044
08-05 09:28:52.664   476  5298 I AmFFmpegExtractor: drop a frame, ptsFromFFmpeg = 26291922
08-05 09:28:52.666   476  5298 I AmFFmpegExtractor: drop a frame, ptsFromFFmpeg = 26225188
08-05 09:28:52.667   476  5298 I AmFFmpegExtractor: drop a frame, ptsFromFFmpeg = 26191822
08-05 09:28:52.668   476  5298 I AmFFmpegExtractor: drop a frame, ptsFromFFmpeg = 26175144
08-05 09:28:52.668   476  5298 I AmFFmpegExtractor: video is looking for keyframe and has been dropped, so drop pending audio before ptsFromFFmpeg = 25754044
08-05 09:28:52.669   402  5301 I SysfsVideoInfo: getVideoFormat ubuf8:connected vdec list empty
08-05 09:28:52.669   476  5298 I AmFFmpegExtractor: drop a frame, ptsFromFFmpeg = 26208511
08-05 09:28:52.674   476  5298 I AmFFmpegExtractor: drop a frame, ptsFromFFmpeg = 26258555
08-05 09:28:52.675   476  5298 I AmFFmpegExtractor: drop a frame, ptsFromFFmpeg = 26241877
08-05 09:28:52.677   476  5298 I AmFFmpegExtractor: drop a frame, ptsFromFFmpeg = 26275244
08-05 09:28:52.678   476  5298 I AmFFmpegExtractor: video is looking for keyframe and has been dropped, so drop pending audio before ptsFromFFmpeg = 25818044
08-05 09:28:52.679   476  5298 I AmFFmpegExtractor: drop a frame, ptsFromFFmpeg = 26425388
08-05 09:28:52.681   476  5298 I AmFFmpegExtractor: drop a frame, ptsFromFFmpeg = 26358655
08-05 09:28:52.683   476  5298 I AmFFmpegExtractor: drop a frame, ptsFromFFmpeg = 26325288
08-05 09:28:52.684   476  5298 I AmFFmpegExtractor: drop a frame, ptsFromFFmpeg = 26308611
08-05 09:28:52.685   476  5298 I AmFFmpegExtractor: drop a frame, ptsFromFFmpeg = 26341977
08-05 09:28:52.686   476  5298 I AmFFmpegExtractor: video is looking for keyframe and has been dropped, so drop pending audio before ptsFromFFmpeg = 25882044
08-05 09:28:52.687   476  5298 I AmFFmpegExtractor: drop a frame, ptsFromFFmpeg = 26392022
08-05 09:28:52.689   402  5301 I SysfsVideoInfo: getVideoFormat ubuf8:connected vdec list empty
08-05 09:28:52.690   476  5298 I AmFFmpegExtractor: drop a frame, ptsFromFFmpeg = 26375344
08-05 09:28:52.692   476  5298 I AmFFmpegExtractor: drop a frame, ptsFromFFmpeg = 26408711
08-05 09:28:52.693   476  5298 I AmFFmpegExtractor: video is looking for keyframe and has been dropped, so drop pending audio before ptsFromFFmpeg = 25946044
08-05 09:28:52.695   478  5297 I NU-GenericSource: queueDiscontinuityIfNeeded, queueDiscontinuity for trackType:1, seeking:1, formatChange:0 From[readBuffer:4873]
08-05 09:28:52.696   478  5297 I NU-GenericSource: [doSeek:3924] mVideoLastDequeueTimeUs:25508811
08-05 09:28:52.697   478  5297 I NU-GenericSource: queueDiscontinuityIfNeeded, queueDiscontinuity for trackType:2, seeking:1, formatChange:0 From[readBuffer:4873]
08-05 09:28:52.697   478  5297 I NU-GenericSource: [doSeek:3934] mAudioLastDequeueTimeUs:24530000
08-05 09:28:52.698   476   476 I AmAVUtils: set default max-input-size to 6291456
08-05 09:28:52.698   478  5295 I NU-AmNuPlayer: [#3] AmNuPlayer::Source::getFormat frame-rate = 60
08-05 09:28:52.698   478  5295 I NU-GenericSource: start
08-05 09:28:52.699   478  5295 I NU-AmNuPlayer: [#3] AmNuPlayer::Source::getFormat frame-rate = failed
08-05 09:28:52.699   478  5295 I NU-AmNuPlayer: [#3] getFormat audio extend format : audio/ffmpeg
08-05 09:28:52.699   476   947 I AmAVUtils: set default max-input-size to 6291456
08-05 09:28:52.700   478  5295 I NU-AmNuPlayer: [#3] AmNuPlayer::Source::getFormat frame-rate = 60
08-05 09:28:52.701   476   476 I AmAVUtils: set default max-input-size to 6291456
08-05 09:28:52.701   476   947 I AmAVUtils: set default max-input-size to 6291456
08-05 09:28:52.702   478  5295 I NU-AmNuPlayer: [#3] AmNuPlayer::Source::getFormat frame-rate = 60
08-05 09:28:52.702   478  5295 I NU-AmNuPlayerRenderer: getAudioDevicesForStream   streamType=3,  audioDevices=0x2
08-05 09:28:52.702   478  5295 E NU-AmNuPlayerRenderer: Couldn't map mime "audio/ffmpeg" to a valid audio_format
08-05 09:28:52.702   478  5295 I MessageMonitor: NU-AmNuPlayerRenderer MessageMonitor mDebugLevel 0, poll message us 30000000
08-05 09:28:52.702   478  5295 I NU-AmNuPlayerRenderer: [#3] mPlayerInstanceId = 3
08-05 09:28:52.702   478  5295 I NU-AmNuPlayerRenderer: mFirstSlowSync is set to True. from : 1010
08-05 09:28:52.702   478  5295 I NU-AmNuPlayerRenderer: [#3] media.amnuplayer.avsync.dropmode is set to 0 us .
08-05 09:28:52.702   478  5295 I NU-AmNuPlayerRenderer: for IPTV hls, mShowFrameAfterOpenAudioSink is set to True. from : 1115
08-05 09:28:52.703   361  5097 D AudioHalHardware: +getParameters(), key = hdmi_format
08-05 09:28:52.703   361  5097 D AudioHalHardware: -getParameters(), return ""
08-05 09:28:52.704   478  5295 I NU-AmNuPlayerDriver: media.player.atrace.enable is 1
08-05 09:28:52.704   478  5295 I NU-AmNuPlayer: [#3] [onStart:4461] new Renderer
08-05 09:28:52.705  5167  5291 W adbd    : timed out while waiting for FUNCTIONFS_BIND, trying again
08-05 09:28:52.705  5167  5291 I adbd    : UsbFfs: connection terminated: monitor thread finished
08-05 09:28:52.705   476  5142 I AmAVUtils: set default max-input-size to 6291456
08-05 09:28:52.705  5167  5167 I adbd    : UsbFfs: already offline
08-05 09:28:52.705   478  5295 D NU-AmNuPlayerDriver: [#3] notifyListener_l(0xe90c4c90), (4, 0, 0, -1), loop setting(0, 0)
08-05 09:28:52.706  5167  5167 I adbd    : destroying transport UsbFfs
08-05 09:28:52.706  5167  5167 I adbd    : UsbFfsConnection being destroyed
08-05 09:28:52.706   476  5142 I AmAVUtils: set default max-input-size to 6291456
08-05 09:28:52.707   478  5303 I NU-AmNuPlayerRenderer: [#3] render_onPause
08-05 09:28:52.707   478  5295 I NU-AmNuPlayer: [#3] AmNuPlayer::Source::getFormat frame-rate = 60
08-05 09:28:52.707   478  5303 D NU-AmNuPlayerRenderer: [#3] audio sink pause from [onPause,5151]
08-05 09:28:52.707   478  5303 E NU-AmNuPlayerRenderer: [#3] sampleRate is 0 in non-offload mode
08-05 09:28:52.707   478  5303 I NU-AmNuPlayerRenderer: [#3] now paused audio queue has 0 entries, video has 0 entries
08-05 09:28:52.707   476  5142 I AmAVUtils: set default max-input-size to 6291456
08-05 09:28:52.708   478  5295 I NU-AmNuPlayer: [#3] getFrameRate 60.00
08-05 09:28:52.709   476  5142 I AmAVUtils: set default max-input-size to 6291456
08-05 09:28:52.710   402  5301 I SysfsVideoInfo: getVideoFormat ubuf8:connected vdec list empty
08-05 09:28:52.710   476   793 I AmAVUtils: set default max-input-size to 6291456
08-05 09:28:52.710   478  5295 I NU-AmNuPlayer: [#3] set frame-rate 60.00
08-05 09:28:52.711   478  5295 W AString : ctor got NULL, using empty string instead
08-05 09:28:52.711   478  5295 D NU-AmNuPlayerTunnelDecoder: [#3] mIsAtLeastLinux515=1 , major=5, minor=15
08-05 09:28:52.711   478  5295 I NU-AmNuPlayerDriver: media.player.atrace.enable is 1
08-05 09:28:52.711   478  5295 I NU-AmNuPlayerTunnelDecoder: [#3] mPlayerInstanceId = 3
08-05 09:28:52.711   478  5295 I MessageMonitor: NU-AmNuPlayerTunnelDecoder-vidN MessageMonitor mDebugLevel 0, poll message us 30000000
08-05 09:28:52.712   476   793 I AmAVUtils: set default max-input-size to 6291456
08-05 09:28:52.712   478  5295 I NU-AmNuPlayerRenderer: [#3] set bitrate 51818113
08-05 09:28:52.712   478  5304 I NU-AmNuPlayerTunnelDecoder: [#3] onConfigure format: AMessage(what = 0x00000000) = {
08-05 09:28:52.712   478  5304 I NU-AmNuPlayerTunnelDecoder:   string mime = "video/hevc"
08-05 09:28:52.712   478  5304 I NU-AmNuPlayerTunnelDecoder:   int64_t durationUs = 160376878
08-05 09:28:52.712   478  5304 I NU-AmNuPlayerTunnelDecoder:   int32_t track-id = 0
08-05 09:28:52.712   478  5304 I NU-AmNuPlayerTunnelDecoder:   int32_t bitrate = 51818113
08-05 09:28:52.712   478  5304 I NU-AmNuPlayerTunnelDecoder:   int32_t width = 3840
08-05 09:28:52.712   478  5304 I NU-AmNuPlayerTunnelDecoder:   int32_t height = 2160
08-05 09:28:52.712   478  5304 I NU-AmNuPlayerTunnelDecoder:   int32_t max-input-size = 6291456
08-05 09:28:52.712   478  5304 I NU-AmNuPlayerTunnelDecoder:   float frame-rate = 60.000000
08-05 09:28:52.712   478  5304 I NU-AmNuPlayerTunnelDecoder:   string codec-format-str = "video/hevc"
08-05 09:28:52.712   478  5304 I NU-AmNuPlayerTunnelDecoder:   string program-name = "unknown"
08-05 09:28:52.712   478  5304 I NU-AmNuPlayerTunnelDecoder:   int32_t vendor.dvconfig-box.disable = 1
08-05 09:28:52.712   478  5304 I NU-AmNuPlayerTunnelDecoder:   int32_t HDR.type = 0
08-05 09:28:52.712   478  5304 I NU-AmNuPlayerTunnelDecoder:   int32_t vendor.Bitrate.value = 51818113
08-05 09:28:52.712   478  5304 I NU-AmNuPlayerTunnelDecoder:   int32_t codec-id = 173
08-05 09:28:52.712   478  5304 I NU-AmNuPlayerTunnelDecoder:   int32_t extradata-size = 120
08-05 09:28:52.712   478  5304 I NU-AmNuPlayerTunnelDecoder:   int32_t bit-depth = 2
08-05 09:28:52.712   478  5304 I NU-AmNuPlayerTunnelDecoder:   int32_t vendor.realframerate.framerate-num = 60000
08-05 09:28:52.712   478  5304 I NU-AmNuPlayerTunnelDecoder:   int32_t vendor.realframerate.framerate-den = 1001
08-05 09:28:52.712   478  5304 I NU-AmNuPlayerTunnelDecoder:   int32_t program-num = 1
08-05 09:28:52.712   478  5304 I NU-AmNuPlayerTunnelDecoder:   Buffer *extra-data = 0xee4c8990
08-05 09:28:52.712   478  5304 I NU-AmNuPlayerTunnelDecoder:   int32_t priority = 0
08-05 09:28:52.712   478  5304 I NU-AmNuPlayerTunnelDecoder:   float operating-rate = 60.000000
08-05 09:28:52.712   478  5304 I NU-AmNuPlayerTunnelDecoder:   int32_t auto-frc = 1
08-05 09:28:52.712   478  5304 I NU-AmNuPlayerTunnelDecoder:   int32_t early-release = 0
08-05 09:28:52.712   478  5304 I NU-AmNuPlayerTunnelDecoder: }
08-05 09:28:52.712   478  5304 D NU-AmNuPlayerTunnelDecoder: [#3] start dlopen libmediaproxy_consumer.system.so
08-05 09:28:52.713   478  5295 I NU-AmNuPlayer: [#3] AmNuPlayer::Source::getFormat frame-rate = failed
08-05 09:28:52.713   478  5295 I NU-AmNuPlayer: [#3] getFormat audio extend format : audio/ffmpeg
08-05 09:28:52.714   476   947 I AmAVUtils: set default max-input-size to 6291456
08-05 09:28:52.714   478  5295 I NU-AmNuPlayer: [#3] AmNuPlayer::Source::getFormat frame-rate = 60
08-05 09:28:52.715   478  5295 I NU-AmNuPlayerRenderer: getAudioDevicesForStream   streamType=3,  audioDevices=0x2
08-05 09:28:52.715   478  5295 E NU-AmNuPlayerRenderer: Couldn't map mime "audio/ffmpeg" to a valid audio_format
08-05 09:28:52.715   478  5295 I NU-AmNuPlayer: [#3] instantiateDecoder   format: AMessage(what = 0x00000000) = {
08-05 09:28:52.715   478  5295 I NU-AmNuPlayer:   string mime = "audio/ffmpeg"
08-05 09:28:52.715   478  5295 I NU-AmNuPlayer:   int64_t durationUs = 160376878
08-05 09:28:52.715   478  5295 I NU-AmNuPlayer:   int32_t track-id = 1
08-05 09:28:52.715   478  5295 I NU-AmNuPlayer:   Buffer csd-0 = {
08-05 09:28:52.715   478  5295 I NU-AmNuPlayer:     00000000:  11 90                                             ..
08-05 09:28:52.715   478  5295 I NU-AmNuPlayer:   }
08-05 09:28:52.715   478  5295 I NU-AmNuPlayer:   string language = "und"
08-05 09:28:52.715   478  5295 I NU-AmNuPlayer:   int32_t channel-count = 0
08-05 09:28:52.715   478  5295 I NU-AmNuPlayer:   int32_t sample-rate = 48000
08-05 09:28:52.715   478  5295 I NU-AmNuPlayer:   int32_t is-adts = 1
08-05 09:28:52.715   478  5295 I NU-AmNuPlayer:   string codec-format-str = "audio/mp4a-latm"
08-05 09:28:52.715   478  5295 I NU-AmNuPlayer:   int32_t codec-id = 86018
08-05 09:28:52.715   478  5295 I NU-AmNuPlayer:   int32_t block-align = 0
08-05 09:28:52.715   478  5295 I NU-AmNuPlayer:   int32_t program-num = 1
08-05 09:28:52.715   478  5295 I NU-AmNuPlayer:   int32_t vendor.adec.codec-id.value = 86018
08-05 09:28:52.715   478  5295 I NU-AmNuPlayer:   Buffer extra-data = {
08-05 09:28:52.715   478  5295 I NU-AmNuPlayer:   }
08-05 09:28:52.715   478  5295 I NU-AmNuPlayer:   int32_t priority = 0
08-05 09:28:52.715   478  5295 I NU-AmNuPlayer: }  
08-05 09:28:52.715   478  5295 W AString : ctor got NULL, using empty string instead
08-05 09:28:52.715   478  5295 I NU-AmNuPlayerDecoder: [#3] mPlayerInstanceId = 3  mForceClearUseClearKey is 0
08-05 09:28:52.715   478  5295 I NU-AmNuPlayerDriver: media.player.atrace.enable is 1
08-05 09:28:52.716   478  5295 I MessageMonitor: NU-AmNuPlayerDecoder-audN MessageMonitor mDebugLevel 0, poll message us 30000000
08-05 09:28:52.716   478  5295 I NU-AmNuPlayer: [#3] instantiateDecoder audio Decoder
08-05 09:28:52.716   478  5305 I NU-AmNuPlayerDecoder: [#3] onConfigure format: AMessage(what = 0x00000000) = {
08-05 09:28:52.716   478  5305 I NU-AmNuPlayerDecoder:   string mime = "audio/ffmpeg"
08-05 09:28:52.716   478  5305 I NU-AmNuPlayerDecoder:   int64_t durationUs = 160376878
08-05 09:28:52.716   478  5305 I NU-AmNuPlayerDecoder:   int32_t track-id = 1
08-05 09:28:52.716   478  5305 I NU-AmNuPlayerDecoder:   Buffer csd-0 = {
08-05 09:28:52.716   478  5305 I NU-AmNuPlayerDecoder:     00000000:  11 90                                             ..
08-05 09:28:52.716   478  5305 I NU-AmNuPlayerDecoder:   }
08-05 09:28:52.716   478  5305 I NU-AmNuPlayerDecoder:   string language = "und"
08-05 09:28:52.716   478  5305 I NU-AmNuPlayerDecoder:   int32_t channel-count = 0
08-05 09:28:52.716   478  5305 I NU-AmNuPlayerDecoder:   int32_t sample-rate = 48000
08-05 09:28:52.716   478  5305 I NU-AmNuPlayerDecoder:   int32_t is-adts = 1
08-05 09:28:52.716   478  5305 I NU-AmNuPlayerDecoder:   string codec-format-str = "audio/mp4a-latm"
08-05 09:28:52.716   478  5305 I NU-AmNuPlayerDecoder:   int32_t codec-id = 86018
08-05 09:28:52.716   478  5305 I NU-AmNuPlayerDecoder:   int32_t block-align = 0
08-05 09:28:52.716   478  5305 I NU-AmNuPlayerDecoder:   int32_t program-num = 1
08-05 09:28:52.716   478  5305 I NU-AmNuPlayerDecoder:   int32_t vendor.adec.codec-id.value = 86018
08-05 09:28:52.716   478  5305 I NU-AmNuPlayerDecoder:   Buffer extra-data = {
08-05 09:28:52.716   478  5305 I NU-AmNuPlayerDecoder:   }
08-05 09:28:52.716   478  5305 I NU-AmNuPlayerDecoder:   int32_t priority = 0
08-05 09:28:52.716   478  5305 I NU-AmNuPlayerDecoder:   int32_t early-release = 0
08-05 09:28:52.716   478  5305 I NU-AmNuPlayerDecoder: }
08-05 09:28:52.716   478  5305 I MessageMonitor: ReadDataHandler MessageMonitor mDebugLevel 0, poll message us 30000000
08-05 09:28:52.716   478  5305 D MediaCodecList: codecHandlesFormat: no format, so no extra checks
08-05 09:28:52.718   478  5306 D CCodec  : allocate(c2.amlogic.audio.decoder.ffmpeg)
08-05 09:28:52.720   478  5306 I CCodec  : setting up 'default' as default (vendor) store
08-05 09:28:52.720   367   896 I C2VendorComponentStore: C2VendorComponentStore::createComponent name c2.amlogic.audio.decoder.ffmpeg
08-05 09:28:52.721   367   896 I C2VendorComponentStore: findComponent
08-05 09:28:52.721   367   896 I C2VendorComponentStore: C2VendorComponentStore::createComponent fetchModule
08-05 09:28:52.721   367   896 I C2VendorComponentStore: localModule libpath libcodec2_aml_audio_decoder.so 54
08-05 09:28:52.721   367   896 V C2VendorComponentStore: Loading dll
08-05 09:28:52.721   367   896 I C2VendorComponentStore: in init ===> start codec:54 secure:0 isAudio:1
08-05 09:28:52.722   367   896 V C2VendorComponentStore: init  libPath:libcodec2_aml_audio_decoder.so --> isAudio:1, createFactoryName:CreateC2AudioDecoderFFMPEGFactory
08-05 09:28:52.722   367   896 V Amlogic_C2AudioFFMPEGDecoder: create component FFMPEG 
08-05 09:28:52.722   367   896 I C2VendorComponentStore: GetCodec2VendorComponentStore, line:910
08-05 09:28:52.722   367   896 I Amlogic_C2AudioFFMPEGDecoder: in C2AudioFFMPEGDecFactory 
08-05 09:28:52.722   367   896 I Amlogic_C2AudioFFMPEGDecoder: in createComponent 
08-05 09:28:52.722   367   896 I Amlogic_C2AudioFFMPEGDecoder: in IntfImpl  c2.amlogic.audio.decoder.ffmpeg
08-05 09:28:52.723   367   896 I Amlogic_C2AudioFFMPEGDecoder: C2AudioFFMPEGDecoder() 267  name:c2.amlogic.audio.decoder.ffmpeg
08-05 09:28:52.723   367   896 I Amlogic_C2AudioFFMPEGDecoder: initializeState_l 291
08-05 09:28:52.723   367   896 V C2VendorComponentStore: In ~ComponentModule
08-05 09:28:52.723   367   896 V C2VendorComponentStore: Unloading dll
08-05 09:28:52.724   478  5306 I CCodec  : Created component [c2.amlogic.audio.decoder.ffmpeg]
08-05 09:28:52.725   478  5306 D CCodecConfig: read media type: audio/ffmpeg
08-05 09:28:52.728   478  5306 D ReflectedParamUpdater: extent() != 1 for single value type: output.subscribed-indices.values
08-05 09:28:52.729   478  5306 D ReflectedParamUpdater: extent() != 1 for single value type: input.buffers.allocator-ids.values
08-05 09:28:52.730   478  5306 D ReflectedParamUpdater: extent() != 1 for single value type: output.buffers.allocator-ids.values
08-05 09:28:52.730   402  5301 I SysfsVideoInfo: getVideoFormat ubuf8:connected vdec list empty
08-05 09:28:52.730   478  5306 D ReflectedParamUpdater: extent() != 1 for single value type: output.buffers.pool-ids.values
08-05 09:28:52.733   478  5306 I CCodecConfig: query failed after returning 8 values (BAD_INDEX)
08-05 09:28:52.734   478  5306 D CCodecConfig: c2 config diff is Dict {
08-05 09:28:52.734   478  5306 D CCodecConfig:   c2::u32 coded.bitrate.value = 64000
08-05 09:28:52.734   478  5306 D CCodecConfig:   c2::u32 input.buffers.max-size.value = 2097152
08-05 09:28:52.734   478  5306 D CCodecConfig:   string input.media-type.value = "audio/ffmpeg"
08-05 09:28:52.734   478  5306 D CCodecConfig:   string output.media-type.value = "audio/raw"
08-05 09:28:52.734   478  5306 D CCodecConfig:   c2::u32 raw.channel-count.value = 1
08-05 09:28:52.734   478  5306 D CCodecConfig:   c2::u32 raw.channel-mask.value = 0
08-05 09:28:52.734   478  5306 D CCodecConfig:   c2::u32 raw.max-channel-count.value = 8
08-05 09:28:52.734   478  5306 D CCodecConfig:   c2::u32 raw.sample-rate.value = 44100
08-05 09:28:52.734   478  5306 D CCodecConfig: }
08-05 09:28:52.735   478  5305 I NU-AmNuPlayerDecoder: [#3] mComponentName c2.amlogic.audio.decoder.ffmpeg
08-05 09:28:52.735   478  5305 I NU-AmNuPlayerRenderer: [#3] audio source format 0x1
08-05 09:28:52.735   478  5305 I NU-AmNuPlayerDecoder: sampleRate:48000 
08-05 09:28:52.735   478  5305 I NU-AmNuPlayerDecoder: [#3] is_passthrough_enable:0 
08-05 09:28:52.735   478  5305 I NU-AmNuPlayerDecoder: channel-count=0
08-05 09:28:52.735   478  5305 I NU-AmNuPlayerDecoder: sample-rate=48000
08-05 09:28:52.735   478  5305 I NU-AmNuPlayerDecoder: block-align=0
08-05 09:28:52.735   478  5305 I NU-AmNuPlayerDecoder: codec-id=86018
08-05 09:28:52.735   478  5305 I NU-AmNuPlayerDecoder: is_passthrough_enable=0
08-05 09:28:52.735   478  5305 I NU-AmNuPlayerDecoder: extradata-size=0
08-05 09:28:52.735   478  5306 I MediaCodec: MediaCodec will operate in async mode
08-05 09:28:52.736   478  5306 D MediaCodec: flushMediametrics
08-05 09:28:52.736   478  5306 D CCodec  : [c2.amlogic.audio.decoder.ffmpeg] buffers are bound to CCodec for this session
08-05 09:28:52.736   478  5306 D CCodecConfig: no c2 equivalents for durationUs
08-05 09:28:52.736   478  5306 D CCodecConfig: no c2 equivalents for track-id
08-05 09:28:52.736   478  5306 D CCodecConfig: no c2 equivalents for language
08-05 09:28:52.736   478  5306 D CCodecConfig: no c2 equivalents for codec-format-str
08-05 09:28:52.736   478  5306 D CCodecConfig: no c2 equivalents for codec-id
08-05 09:28:52.736   478  5306 D CCodecConfig: no c2 equivalents for block-align
08-05 09:28:52.736   478  5306 D CCodecConfig: no c2 equivalents for program-num
08-05 09:28:52.736   478  5306 D CCodecConfig: no c2 equivalents for extra-data
08-05 09:28:52.736   478  5306 D CCodecConfig: no c2 equivalents for early-release
08-05 09:28:52.737   478  5306 D CCodecConfig: no c2 equivalents for is_passthrough_enable
08-05 09:28:52.737   478  5306 D CCodecConfig: no c2 equivalents for flags
08-05 09:28:52.738   478  5306 D CCodecConfig: c2 config diff is   c2::u32 raw.sample-rate.value = 48000
08-05 09:28:52.738   478  5306 D CCodecConfig:   c2::i32 vendor.adec.block-align.value = 0
08-05 09:28:52.738   478  5306 D CCodecConfig:   c2::i32 vendor.adec.codec-id.value = 86018
08-05 09:28:52.738   478  5306 D CCodecConfig:   c2::i32 vendor.adec.extra-data-size.value = 0
08-05 09:28:52.739   478  5304 I NU-AmNuPlayerTunnelDecoder: [#3] load mMediaproxyConsumerLibHandle OK
08-05 09:28:52.739   478  5306 W Codec2Client: query -- param skipped: index = 1107298332.
08-05 09:28:52.739   478  5306 D CCodec  : encoding statistics level = 0
08-05 09:28:52.739   478  5304 D mediaproxyconsumer: initialized consumer, opened device fd = 51
08-05 09:28:52.740   478  5304 D NU-AmNuPlayerTunnelDecoder: [#3] finished dlopen libmediaproxy_consumer.system.so
08-05 09:28:52.740   478  5306 D CCodec  : setup formats input: AMessage(what = 0x00000000) = {
08-05 09:28:52.740   478  5306 D CCodec  :   int32_t aac-max-output-channel_count = 8
08-05 09:28:52.740   478  5306 D CCodec  :   int32_t bitrate = 64000
08-05 09:28:52.740   478  5306 D CCodec  :   int32_t channel-count = 1
08-05 09:28:52.740   478  5306 D CCodec  :   int32_t channel-mask = 0
08-05 09:28:52.740   478  5306 D CCodec  :   int32_t max-input-size = 2097152
08-05 09:28:52.740   478  5306 D CCodec  :   int32_t max-output-channel-count = 8
08-05 09:28:52.740   478  5306 D CCodec  :   string mime = "audio/ffmpeg"
08-05 09:28:52.740   478  5306 D CCodec  :   int32_t sample-rate = 48000
08-05 09:28:52.740   478  5306 D CCodec  :   int32_t vendor.adec.block-align.value = 0
08-05 09:28:52.740   478  5306 D CCodec  :   int32_t vendor.adec.codec-id.value = 86018
08-05 09:28:52.740   478  5306 D CCodec  :   int32_t vendor.adec.extra-data-size.value = 0
08-05 09:28:52.740   478  5306 D CCodec  : }
08-05 09:28:52.740   478  5304 I MessageMonitor: NU-Decoder::ReadDecoderInfo MessageMonitor mDebugLevel 0, poll message us 30000000
08-05 09:28:52.740   478  5304 I NU-AmNuPlayerTunnelDecoder: [#3] new ReadDecoderInfo
08-05 09:28:52.740   478  5304 I NU-AmNuPlayerTunnelDecoder: [#3] [onConfigure 920] mReadDecoderInfoLooper = new ALooper
08-05 09:28:52.740   478  5306 D CCodec  : setup formats output: AMessage(what = 0x00000000) = {
08-05 09:28:52.740   478  5306 D CCodec  :   int32_t aac-max-output-channel_count = 8
08-05 09:28:52.740   478  5306 D CCodec  :   int32_t channel-count = 1
08-05 09:28:52.740   478  5306 D CCodec  :   int32_t channel-mask = 0
08-05 09:28:52.740   478  5306 D CCodec  :   int32_t max-output-channel-count = 8
08-05 09:28:52.740   478  5306 D CCodec  :   string mime = "audio/raw"
08-05 09:28:52.740   478  5306 D CCodec  :   int32_t sample-rate = 48000
08-05 09:28:52.740   478  5306 D CCodec  :   int32_t android._config-pcm-encoding = 2
08-05 09:28:52.740   478  5306 D CCodec  : }
08-05 09:28:52.740   478  5306 I CCodecConfig: query failed after returning 11 values (BAD_INDEX)
08-05 09:28:52.740  5167  5171 I adbd    : opening control endpoint /dev/usb-ffs/adb/ep0
08-05 09:28:52.741   478  5304 I MessageMonitor: ReadDataHandler MessageMonitor mDebugLevel 0, poll message us 30000000
08-05 09:28:52.741  5167  5171 I adbd    : UsbFfsConnection constructed
08-05 09:28:52.759     0     0 I         : [3 T5304  ..] mediaproxy open
08-05 09:28:52.759     0     0 I         : [3 T5304  ..] Mediaproxy is opened name[app]\n
08-05 09:28:52.759     0     0 I         : [3 T5304  ..] MEDIAPROXY_CONNECT
08-05 09:28:52.741  5167  5310 I adbd    : UsbFfs-monitor thread spawned
08-05 09:28:52.741   478  5304 I AmVdecConfig: AmVdecConfig
08-05 09:28:52.741   478  5305 D MediaCodec: keep callback message for reclaim
08-05 09:28:52.741   478  5304 D MediaCodecsXmlParser: parsing /vendor/etc/media_codecs.xml...
08-05 09:28:52.742   367  5308 I Amlogic_C2AudioFFMPEGDecoder: onInit() 453
08-05 09:28:52.742   367  5308 I Amlogic_C2AudioFFMPEGDecoder: initDecoder 511
08-05 09:28:52.742   367  5308 I Amlogic_C2AudioFFMPEGDecoder: setUp 421
08-05 09:28:52.742   367  5308 I Amlogic_C2AudioFFMPEGDecoder: vendor.media.c2.loglevels is not set used def = 1
08-05 09:28:52.742   367  5308 I Amlogic_C2AudioFFMPEGDecoder: setUpAudioDecoder_l  debug_print:0, debug_dump:0,  gloglevel:1
08-05 09:28:52.742   367  5308 I Amlogic_C2AudioFFMPEGDecoder: mAInfo codec_id:(0x15002 86018) blockalign:0 bitspersample:1 channelCount:1 SampleRate:48000 BitRate:64000
08-05 09:28:52.742   367  5308 I AmAudioCodec: AmAudioCodec 54 
08-05 09:28:52.742   367  5308 I AmFFmpegDecoder: AmFFmpegCodec::CreateCodec audio_decode_init  audio/ffmpeg
08-05 09:28:52.743   478  5304 D MediaCodecsXmlParser: parsing /vendor/etc/media_codecs_amlogic_dolby_vision.xml...
08-05 09:28:52.743   478  5304 D MediaCodecsXmlParser: unable to open media codecs configuration xml file: /vendor/etc/media_codecs_amlogic_dolby_vision.xml
08-05 09:28:52.743   478  5304 D MediaCodecsXmlParser: parsing /vendor/etc/media_codecs_amlogic_video.xml...
08-05 09:28:52.745   478  5304 D MediaCodecsXmlParser: parsing /vendor/etc/media_codecs_amlogic_video_ext.xml...
08-05 09:28:52.747   478  5304 D MediaCodecsXmlParser: parsing /vendor/etc/media_codecs_amlogic_encoder.xml...
08-05 09:28:52.748   478  5304 D MediaCodecsXmlParser: parsing /vendor/etc/media_codecs_amlogic_audio.xml...
08-05 09:28:52.748   478  5304 D MediaCodecsXmlParser: parsing /vendor/etc/media_codecs_amlogic_audio_ddp.xml...
08-05 09:28:52.748   478  5304 D MediaCodecsXmlParser: unable to open media codecs configuration xml file: /vendor/etc/media_codecs_amlogic_audio_ddp.xml
08-05 09:28:52.748   478  5304 D MediaCodecsXmlParser: parsing /vendor/etc/media_codecs_amlogic_audio_dts.xml...
08-05 09:28:52.750   402  5301 I SysfsVideoInfo: getVideoFormat ubuf8:connected vdec list empty
08-05 09:28:52.751   478  5304 D MediaCodecsXmlParser: parsing /vendor/etc/media_codecs_amlogic_audio_ffmpeg.xml...
08-05 09:28:52.754   478  5304 D MediaCodecsXmlParser: parsing /vendor/etc/media_codecs_amlogic_audio_ac4.xml...
08-05 09:28:52.754   478  5304 D MediaCodecsXmlParser: unable to open media codecs configuration xml file: /vendor/etc/media_codecs_amlogic_audio_ac4.xml
08-05 09:28:52.754   478  5304 D MediaCodecsXmlParser: parsing /vendor/etc/media_codecs_amlogic_video_vvc.xml...
08-05 09:28:52.754   478  5304 D MediaCodecsXmlParser: unable to open media codecs configuration xml file: /vendor/etc/media_codecs_amlogic_video_vvc.xml
08-05 09:28:52.754   478  5304 D MediaCodecsXmlParser: parsing /vendor/etc/media_codecs_performance.xml...
08-05 09:28:52.755   478  5304 D MediaCodecsXmlParser: parsing /vendor/etc/media_codecs_amlogic_performance_encoder.xml...
08-05 09:28:52.756   367  5308 I AmAudioCodec: ffmpeg decoder NeedCheckFrame 0  id =0x15002
08-05 09:28:52.757   367  5308 I AmFFmpegDecoder: AmFFmpegCodec::CreateCodec audio_decode_init  audio/ffmpeg ret:0
08-05 09:28:52.757   367  5308 I Amlogic_C2AudioFFMPEGDecoder: ffmpeg audio_decode_init return 0
08-05 09:28:52.757   367  5308 I Amlogic_C2AudioFFMPEGDecoder: C2AudioFFMPEGDecoder setUp done
08-05 09:28:52.757   367  5308 I Amlogic_C2AudioFFMPEGDecoder: onInit() 459 exit
08-05 09:28:52.757   478  5304 D MediaCodecsXmlParser: MediaCodec: cannot update non-existing codec: c2.google.h263.encoder at line 30 of /vendor/etc/media_codecs_amlogic_performance_encoder.xml
08-05 09:28:52.757   478  5304 D MediaCodecsXmlParser: MediaCodec: cannot update non-existing codec: c2.google.mpeg4.encoder at line 33 of /vendor/etc/media_codecs_amlogic_performance_encoder.xml
08-05 09:28:52.757   478  5304 D MediaCodecsXmlParser: MediaCodec: cannot update non-existing codec: c2.google.vp8.encoder at line 36 of /vendor/etc/media_codecs_amlogic_performance_encoder.xml
08-05 09:28:52.757   478  5304 D MediaCodecsXmlParser: MediaCodec: cannot update non-existing codec: c2.android.h263.encoder at line 40 of /vendor/etc/media_codecs_amlogic_performance_encoder.xml
08-05 09:28:52.757   478  5304 D MediaCodecsXmlParser: MediaCodec: cannot update non-existing codec: c2.android.mpeg4.encoder at line 43 of /vendor/etc/media_codecs_amlogic_performance_encoder.xml
08-05 09:28:52.757   478  5304 D MediaCodecsXmlParser: MediaCodec: cannot update non-existing codec: c2.android.avc.encoder at line 46 of /vendor/etc/media_codecs_amlogic_performance_encoder.xml
08-05 09:28:52.757   478  5304 D MediaCodecsXmlParser: MediaCodec: cannot update non-existing codec: c2.android.vp8.encoder at line 52 of /vendor/etc/media_codecs_amlogic_performance_encoder.xml
08-05 09:28:52.757   478  5304 D MediaCodecsXmlParser: parsing /vendor/etc/media_codecs_amlogic_performance_dolby_vision.xml...
08-05 09:28:52.758   478  5304 D MediaCodecsXmlParser: unable to open media codecs configuration xml file: /vendor/etc/media_codecs_amlogic_performance_dolby_vision.xml
08-05 09:28:52.758   478  5304 D MediaCodecsXmlParser: parsing /vendor/etc/media_codecs_amlogic_performance_video.xml...
08-05 09:28:52.759   478  5304 D MediaCodecsXmlParser: MediaCodec: cannot update non-existing codec: c2.amlogic.vvc.decoder.secure at line 68 of /vendor/etc/media_codecs_amlogic_performance_video.xml
08-05 09:28:52.759   478  5306 D BufferPoolAccessor2.0: bufferpool2 0xe7101468 : 4(8388608 size) total buffers - 4(8388608 size) used buffers - 12/20 (recycle/alloc) - 8/36 (fetch/transfer)
08-05 09:28:52.759   478  5306 D CCodecBufferChannel: [c2.amlogic.audio.decoder.ffmpeg#715] Created input block pool with allocatorID 16 => poolID 20 - OK (0)
08-05 09:28:52.759   478  5304 D MediaCodecsXmlParser: MediaCodec: cannot update non-existing codec: c2.amlogic.rm10.decoder.sw at line 91 of /vendor/etc/media_codecs_amlogic_performance_video.xml
08-05 09:28:52.759   478  5304 D MediaCodecsXmlParser: MediaCodec: cannot update non-existing codec: c2.amlogic.rm20.decoder.sw at line 94 of /vendor/etc/media_codecs_amlogic_performance_video.xml
08-05 09:28:52.759   478  5304 D MediaCodecsXmlParser: MediaCodec: cannot update non-existing codec: c2.amlogic.rm30.decoder.sw at line 97 of /vendor/etc/media_codecs_amlogic_performance_video.xml
08-05 09:28:52.759   478  5304 D MediaCodecsXmlParser: MediaCodec: cannot update non-existing codec: c2.amlogic.rm40.decoder.sw at line 100 of /vendor/etc/media_codecs_amlogic_performance_video.xml
08-05 09:28:52.759   478  5304 D MediaCodecsXmlParser: MediaCodec: cannot update non-existing codec: c2.amlogic.wmv1.decoder.sw at line 119 of /vendor/etc/media_codecs_amlogic_performance_video.xml
08-05 09:28:52.759   367   893 D BufferPoolAccessor2.0: bufferpool2 0xea8c1c48 : 0(0 size) total buffers - 0(0 size) used buffers - 15/18 (recycle/alloc) - 3/18 (fetch/transfer)
08-05 09:28:52.759   478  5304 D MediaCodecsXmlParser: MediaCodec: cannot update non-existing codec: c2.amlogic.wmv2.decoder.sw at line 122 of /vendor/etc/media_codecs_amlogic_performance_video.xml
08-05 09:28:52.759   478  5304 D MediaCodecsXmlParser: MediaCodec: cannot update non-existing codec: c2.amlogic.wmv3.decoder.sw at line 125 of /vendor/etc/media_codecs_amlogic_performance_video.xml
08-05 09:28:52.759   367   893 D BufferPoolAccessor2.0: Destruction - bufferpool2 0xea8c1c48 cached: 0/0M, 0/0% in use; allocs: 18, 83% recycled; transfers: 18, 83% unfetched
08-05 09:28:52.759   478  5304 D MediaCodecsXmlParser: parsing /vendor/etc/media_codecs_google_performance_video.xml...
08-05 09:28:52.760   367   893 D BufferPoolAccessor2.0: bufferpool2 0xea8c04a8 : 0(0 size) total buffers - 0(0 size) used buffers - 15/18 (recycle/alloc) - 3/18 (fetch/transfer)
08-05 09:28:52.760   367   893 D BufferPoolAccessor2.0: Destruction - bufferpool2 0xea8c04a8 cached: 0/0M, 0/0% in use; allocs: 18, 83% recycled; transfers: 18, 83% unfetched
08-05 09:28:52.761   367   893 D BufferPoolAccessor2.0: bufferpool2 0xea8c1468 : 0(0 size) total buffers - 0(0 size) used buffers - 15/18 (recycle/alloc) - 3/18 (fetch/transfer)
08-05 09:28:52.761   478  5112 D BufferPoolAccessor2.0: bufferpool2 0xe7101a08 : 0(0 size) total buffers - 0(0 size) used buffers - 14/22 (recycle/alloc) - 8/36 (fetch/transfer)
08-05 09:28:52.761   478  5112 D BufferPoolAccessor2.0: Destruction - bufferpool2 0xe7101a08 cached: 0/0M, 0/0% in use; allocs: 22, 64% recycled; transfers: 36, 78% unfetched
08-05 09:28:52.762   478  5084 D BufferPoolAccessor2.0: bufferpool2 0xe7101108 : 0(0 size) total buffers - 0(0 size) used buffers - 12/20 (recycle/alloc) - 8/36 (fetch/transfer)
08-05 09:28:52.762   478  5084 D BufferPoolAccessor2.0: Destruction - bufferpool2 0xe7101108 cached: 0/0M, 0/0% in use; allocs: 20, 60% recycled; transfers: 36, 78% unfetched
08-05 09:28:52.763   478  5306 I CCodecBufferChannel: [c2.amlogic.audio.decoder.ffmpeg#715] Created output block pool with allocatorID 16 => poolID 23 - OK
08-05 09:28:52.763   478  5306 D CCodecBufferChannel: [c2.amlogic.audio.decoder.ffmpeg#715] Configured output block pool ids 23 => OK
08-05 09:28:52.763   478  5304 D MediaCodecsXmlParser: MediaCodec: cannot update non-existing codec: c2.android.h263.decoder at line 18 of /vendor/etc/media_codecs_google_performance_video.xml
08-05 09:28:52.763   478  5304 D MediaCodecsXmlParser: MediaCodec: cannot update non-existing codec: c2.android.avc.decoder at line 22 of /vendor/etc/media_codecs_google_performance_video.xml
08-05 09:28:52.763   367   902 I C2VendorComponentStore: setDmaBufUsage 5
08-05 09:28:52.763   478  5304 D MediaCodecsXmlParser: MediaCodec: cannot update non-existing codec: c2.android.hevc.decoder at line 28 of /vendor/etc/media_codecs_google_performance_video.xml
08-05 09:28:52.764   478  5304 D MediaCodecsXmlParser: MediaCodec: cannot update non-existing codec: c2.android.mpeg4.decoder at line 34 of /vendor/etc/media_codecs_google_performance_video.xml
08-05 09:28:52.764   478  5304 D MediaCodecsXmlParser: MediaCodec: cannot update non-existing codec: c2.android.vp8.decoder at line 39 of /vendor/etc/media_codecs_google_performance_video.xml
08-05 09:28:52.764   478  5304 D MediaCodecsXmlParser: MediaCodec: cannot update non-existing codec: c2.android.vp9.decoder at line 45 of /vendor/etc/media_codecs_google_performance_video.xml
08-05 09:28:52.764   478  5304 D MediaCodecsXmlParser: parsing /vendor/etc/media_codecs_amlogic_performance_video_vvc.xml...
08-05 09:28:52.764   478  5304 D MediaCodecsXmlParser: unable to open media codecs configuration xml file: /vendor/etc/media_codecs_amlogic_performance_video_vvc.xml
08-05 09:28:52.764   478  5304 I MediaCodecsXmlParser: Did not find media_codecs_shaping.xml in search path
08-05 09:28:52.765   367  5308 D Amlogic_C2AudioDecComponent: Using output block pool with poolID 23 => got 23 - 0
08-05 09:28:52.765   478  5304 D AmVdecConfig: add video attributeItem [c2.amlogic.avc.decoder] [video/avc]
08-05 09:28:52.765   478  5304 D AmVdecConfig: add video attributeItem [c2.amlogic.avc.decoder.secure] [video/avc]
08-05 09:28:52.765   478  5304 D AmVdecConfig: add video attributeItem [c2.amlogic.avs.decoder] [video/avs]
08-05 09:28:52.765   478  5304 D AmVdecConfig: add video attributeItem [c2.amlogic.avs2.decoder] [video/avs2]
08-05 09:28:52.765   367  5308 I Amlogic_C2AudioFFMPEGDecoder: process Invalid data frame
08-05 09:28:52.765   478  5304 D AmVdecConfig: add video attributeItem [c2.amlogic.avs3.decoder] [video/avs3]
08-05 09:28:52.765   478  5304 D AmVdecConfig: add video attributeItem [c2.amlogic.hevc.decoder] [video/hevc]
08-05 09:28:52.766   478  5304 D AmVdecConfig: add video attributeItem [c2.amlogic.hevc.decoder.secure] [video/hevc]
08-05 09:28:52.766   478  5304 D AmVdecConfig: add video attributeItem [c2.amlogic.mjpeg.decoder] [video/x-motion-jpeg]
08-05 09:28:52.766   478  5304 D AmVdecConfig: add video attributeItem [c2.amlogic.mpeg2.decoder] [video/mpeg2]
08-05 09:28:52.766   478  5304 D AmVdecConfig: add video attributeItem [c2.amlogic.mpeg2.decoder.secure] [video/mpeg2]
08-05 09:28:52.766   478  5304 D AmVdecConfig: add video attributeItem [c2.amlogic.mpeg4.decoder] [video/mp4v-es]
08-05 09:28:52.766   478  5304 D AmVdecConfig: add video attributeItem [c2.amlogic.vc1.decoder] [video/vc1]
08-05 09:28:52.766   478  5304 D AmVdecConfig: add video attributeItem [c2.amlogic.vp9.decoder] [video/x-vnd.on2.vp9]
08-05 09:28:52.766   478  5304 D AmVdecConfig: add video attributeItem [c2.amlogic.vp9.decoder.secure] [video/x-vnd.on2.vp9]
08-05 09:28:52.766   478  5304 I AmVdecConfig: mCodecAttributeMaps size 14
08-05 09:28:52.766   478  5304 I AmVdecConfig: found attr name c2.amlogic.hevc.decoder
08-05 09:28:52.766   478  5304 I NU-AmNuPlayerTunnelDecoder: [#3] mEnableAvc4kMMU = 1, mmu open width:2560, height:2160
08-05 09:28:52.766   478  5304 I AmVdecConfig: hevc.decoder can support 4K
08-05 09:28:52.766   478  5304 I AmVdecConfig: found attr name c2.amlogic.hevc.decoder
08-05 09:28:52.766   478  5304 I AmVdecConfig: hevc.decoder can not support 8K
08-05 09:28:52.766   478  5304 I NU-AmNuPlayerTunnelDecoder: [#3] mPlatformSupport4K 1 mPlatformSupport8k 0
08-05 09:28:52.767   478  5304 I NU-AmNuPlayerTunnelDecoder: [#3] Configure mVideoFramerate: 60.000000, mVideoDurationUs: 16667, mUnstablePts: 0, mIsAviDiscard: 0
08-05 09:28:52.767   478  5304 I NU-AmNuPlayerTunnelDecoder: [#3] Configure bitrate:51818113, adaptive-playback:0, bufferWidth:3840, bufferHeight:2160, streamIs8K:0
08-05 09:28:52.767   478  5304 I NU-AmNuPlayerTunnelDecoder: [#3] 540p_buffer enabled, set double write 1024
08-05 09:28:52.767   478  5304 I NU-AmNuPlayerTunnelDecoder: [#3] Configure doubleWriteMode:1024, margin:6
08-05 09:28:52.767   478  5305 D NuPlayerDecoderBase: [#3] [KPI] startup, mediacodec config time spent: 51598
08-05 09:28:52.770   402  5301 I SysfsVideoInfo: getVideoFormat ubuf8:connected vdec list empty
08-05 09:28:52.771   478  5305 I NU-AmNuPlayerDecoder: [#3] [c2.amlogic.audio.decoder.ffmpeg] First CB_INPUT_AVAILABLE received.
08-05 09:28:52.771   478  5307 I NU-AmNuPlayerDecoder: [#3] [c2.amlogic.audio.decoder.ffmpeg] First Input Buffer Queued to Codec
08-05 09:28:52.773   367  5308 I Amlogic_C2AudioFFMPEGDecoder: ffmpeg_decoder handle csd data!
08-05 09:28:52.773   367  5308 I Amlogic_C2AudioFFMPEGDecoder: mAInfo codec_id:(0x15002 86018) blockalign:0 bitspersample:1 channelCount:1 SampleRate:48000 BitRate:64000
08-05 09:28:52.773   367  5308 I AmFFmpegDecoder: ffmpeg_decoder_close 160 
08-05 09:28:52.773   367  5308 I AmAudioCodec: decode_close 283 
08-05 09:28:52.773   367  5308 I AmAudioCodec: ~AmAudioCodec 66 
08-05 09:28:52.773   367  5308 I AmAudioCodec: decode_close 283 
08-05 09:28:52.773   367  5308 W RefBase : RefBase: Explicit destruction, weak count = 0 (in 0xee814cd0). Use sp<> to manage this object.
08-05 09:28:52.773   367  5308 W RefBase : CallStack::getCurrentInternal not linked, returning null
08-05 09:28:52.773   367  5308 W RefBase : CallStack::logStackInternal not linked
08-05 09:28:52.773   367  5308 I AmAudioCodec: AmAudioCodec 54 
08-05 09:28:52.773   367  5308 I AmFFmpegDecoder: AmFFmpegCodec::CreateCodec audio_decode_init  audio/ffmpeg
08-05 09:28:52.775   367  5308 I AmAudioCodec: ffmpeg decoder NeedCheckFrame 0  id =0x15002
08-05 09:28:52.775   367  5308 I AmFFmpegDecoder: AmFFmpegCodec::CreateCodec audio_decode_init  audio/ffmpeg ret:0
08-05 09:28:52.775   367  5308 I Amlogic_C2AudioFFMPEGDecoder: ffmpeg audio_decode_init return 0
08-05 09:28:52.776   478  5304 E VideoDecWrapper: version 1.1 use create AmVideoDec_create
08-05 09:28:52.776   478  5304 I AmVideoDec: AmVideoDec version: V3.42-dev.38-g45c019a1  (drm.autobuild  Thu Jan  1 13:53:41 CST 2026), mHalInstanceID 0, mHalInstancenum 0, mIonFd-1
08-05 09:28:52.776   478  5304 I mediaserver: vendor.mediahal.loglevels is not set, used defaultValue = 1
08-05 09:28:52.776   478  5304 I AmVideoDec: [No--1]-[0]"new VideoDec\n"
08-05 09:28:52.776   478  5304 I AmVideoDec: open dec_stat fd -1  mLowMem:0
08-05 09:28:52.776   478  5304 I mediaserver: vendor.amtsplayer.pipeline is not set, used defaultValue = 1
08-05 09:28:52.776   478  5304 I VideoDecWrapper: GetAmVideoDec ok
08-05 09:28:52.778   367  5308 I Amlogic_C2AudioFFMPEGDecoder: Reconfiguring decoder: 0->48000 Hz, 0->2 channels
08-05 09:28:52.778   367  5308 I C2VendorComponentStore: setDmaBufUsage 5
08-05 09:28:52.780   478  5304 I V4l2Adaptor: V4l2Adaptor::initialize flags is 0x8900
08-05 09:28:52.780   478  5304 I V4l2Adaptor: V4l2Adaptor::onInit instanceNum = 0
08-05 09:28:52.780   478  5304 I mediaserver: vendor.mediahal.loglevels is not set, used defaultValue = 1
08-05 09:28:52.780   478  5304 I mediaserver: vendor.mediahal.loglevels is not set, used defaultValue = 1
08-05 09:28:52.780   478  5304 I VDA     : [-1##-1]open dec_stat fd -1, gloglevel 1 use_pts_id_ is 0 force dmabuf mode 0 send_userdata_:1
08-05 09:28:52.780   478  5304 I VDA     : [-1##-1]Disabled LCEVC
08-05 09:28:52.780   478  5304 I VDA     : [-1##-1]Initialize instance_num 0
08-05 09:28:52.780   478  5304 I VDA     : [-1##-1][warning] config v4l2paras len:5, but videodec v4l2paras len:7
08-05 09:28:52.780   478  5304 I VDA     : [-1##-1]v4l2 private parms, magic:55aacc33 len:5, adaptiveback:0 height:3840 width:2160,format:non NV12 or NV21
08-05 09:28:52.780   478  5304 I VDA     : [-1##-1]Initialize codec2_mode_:0,stream_mode_:0,use_pts_id_:0,force_dmabuf_mode_:0,use_input_buffercache_:0,use_input_bufferpool_ :1,use_dynamic_capture_buffer_:0,use_uvm_:0,use_pts_calculator_:1,use_high_prio_:0,use_secure_vdec_hal_:0,use_low_latency_mode_:0,add_csd_:1,use_no_header_mode_:0
08-05 09:28:52.781   478  5306 D CCodecConfig: c2 config diff is   c2::u32 raw.channel-count.value = 2
08-05 09:28:52.781   478  5306 D CCodecConfig:   c2::u32 raw.channel-mask.value = 12
08-05 09:28:52.781   478  5306 D CCodecBuffers: [c2.amlogic.audio.decoder.ffmpeg#715:Output[N]] popFromStashAndRegister: at 24896000us, output format changed to AMessage(what = 0x00000000) = {
08-05 09:28:52.781   478  5306 D CCodecBuffers:   int32_t aac-max-output-channel_count = 8
08-05 09:28:52.781   478  5306 D CCodecBuffers:   int32_t channel-count = 2
08-05 09:28:52.781   478  5306 D CCodecBuffers:   int32_t channel-mask = 12
08-05 09:28:52.781   478  5306 D CCodecBuffers:   int32_t max-output-channel-count = 8
08-05 09:28:52.781   478  5306 D CCodecBuffers:   string mime = "audio/raw"
08-05 09:28:52.781   478  5306 D CCodecBuffers:   int32_t sample-rate = 48000
08-05 09:28:52.781   478  5306 D CCodecBuffers:   int32_t android._config-pcm-encoding = 2
08-05 09:28:52.781   478  5306 D CCodecBuffers: }
08-05 09:28:52.782   476   792 I AmAVUtils: set default max-input-size to 6291456
08-05 09:28:52.783   478  5305 I NU-AmNuPlayer: [#3] AmNuPlayer::Source::getFormat frame-rate = 60
08-05 09:28:52.783   478  5305 I NU-AmNuPlayerDecoder: [#3] handleOutputFormatChange   format: AMessage(what = 0x00000000) = {
08-05 09:28:52.783   478  5305 I NU-AmNuPlayerDecoder:   int32_t aac-max-output-channel_count = 8
08-05 09:28:52.783   478  5305 I NU-AmNuPlayerDecoder:   int32_t channel-count = 2
08-05 09:28:52.783   478  5305 I NU-AmNuPlayerDecoder:   int32_t channel-mask = 12
08-05 09:28:52.783   478  5305 I NU-AmNuPlayerDecoder:   int32_t max-output-channel-count = 8
08-05 09:28:52.783   478  5305 I NU-AmNuPlayerDecoder:   string mime = "audio/raw"
08-05 09:28:52.783   478  5305 I NU-AmNuPlayerDecoder:   int32_t sample-rate = 48000
08-05 09:28:52.783   478  5305 I NU-AmNuPlayerDecoder:   int32_t android._config-pcm-encoding = 2
08-05 09:28:52.783   478  5305 I NU-AmNuPlayerDecoder: }
08-05 09:28:52.783   478  5303 V NU-AmNuPlayerRenderer: [#3] openAudioSink: offloadOnly(0) offloadingAudio(0)
08-05 09:28:52.783   478  5303 V NU-AmNuPlayerRenderer: [#3] openAudioSink channelMask:0x3
08-05 09:28:52.783   478  5305 I NU-AmNuPlayerDecoder: [#3] [c2.amlogic.audio.decoder.ffmpeg] First CB_OUTPUT_AVAILABLE received. input buffer queued: 4
08-05 09:28:52.783   478  5303 V NU-AmNuPlayerRenderer: [#3] openAudioSink: open AudioSink in NON-offload mode
08-05 09:28:52.783   478  5305 I NU-AmNuPlayerDecoder: [#3] [c2.amlogic.audio.decoder.ffmpeg] First Out Buffer Queued to Render. timeUs:24896000
08-05 09:28:52.784   361  5097 D AudioHalHardware: +getParameters(), key = hdmi_format
08-05 09:28:52.784   361  5097 D AudioHalHardware: -getParameters(), return ""
08-05 09:28:52.785   478  5303 I NU-AmNuPlayerRenderer: is_force_direct 0
08-05 09:28:52.785   478  5303 D NU-AmNuPlayerRenderer: [#3] audio sink close from [onOpenAudioSink,5663]
08-05 09:28:52.788   407   858 W AudioFlinger: createTrack_l(): mismatch between requested flags (00000008) and output flags (00000002)
08-05 09:28:52.789   361   436 I audio_hw_hal_primary: [audiohal_get_latency:1344] io 13: out:0xe47c5d80 frames:3072 rate:48000 whole_latency:64 alsa_latency:64
08-05 09:28:52.789   407   858 D AudioFlinger: Client defaulted notificationFrames to 10240 for frameCount 20480
08-05 09:28:52.791   402  5301 I SysfsVideoInfo: getVideoFormat ubuf8:connected vdec list empty
08-05 09:28:52.792   361   436 I audio_hw_hal_primary: [audiohal_get_latency:1344] io 13: out:0xe47c5d80 frames:3072 rate:48000 whole_latency:64 alsa_latency:64
08-05 09:28:52.793   478  5303 D NU-AmNuPlayerRenderer: [#3] audio sink open from [onOpenAudioSink,5730]
08-05 09:28:52.794   478  5303 I NU-AmNuPlayerRenderer: [#3] reopen audio sink success cnt=0
08-05 09:28:52.794   478  5303 I NU-AmNuPlayerRenderer: [#3] openAudioSink:  mAudioSink->open  finished!!!
08-05 09:28:52.798   478  5304 I mediaserver: vendor.mediahal.loglevels is not set, used defaultValue = 1
08-05 09:28:52.798   478  5304 I VDA     : [-1##1]Initialize decoder_instance_num_ = 1
08-05 09:28:52.798   478  5304 I VDA     : [-1##1]TP_VDA_Initialize 3464633816442, flags is 35072
08-05 09:28:52.799   478  5304 I mediaserver: vendor.media.mediahal.videodec.pts.loglevels is not set, used defaultValue = 1
08-05 09:28:52.799   478  5304 I AmlManagePts: [0]"AmlManagePts into\n"
08-05 09:28:52.799   478  5304 I mediaserver: vendor.media.mediahal.videodec.pts.duration is not set, used defaultValue = 33333
08-05 09:28:52.799   478  5304 I AmlManagePts: [0]"InputInfo  size:8 -- 8\n"
08-05 09:28:52.799   478  5304 I AmlManagePts: [0]"amlList size:16  mCapability:18 instance:0\n"
08-05 09:28:52.799   478  5304 I AmlManagePts: [0]"amlList size:20  mCapability:22 instance:0\n"
08-05 09:28:52.799   478  5304 I AmlManagePts: [0]"amlList size:20  mCapability:22 instance:0\n"
08-05 09:28:52.799   478  5304 I AmlManagePts: [0]"amlList size:1001  mCapability:1003 instance:0\n"
08-05 09:28:52.799   478  5304 I AmlManagePts: [0]"amlList size:1001  mCapability:1003 instance:0\n"
08-05 09:28:52.800   478  5304 I VDA     : V4l2Adaptor::postAndReplyMsg callerinstanceid : 3
08-05 09:28:52.800   478  5304 I NU-AmNuPlayerTunnelDecoder: [#3] set durationUs:16667, frameRate:60.000000
08-05 09:28:52.800     0     0 I         : [3 T5304  ..] Mediaproxy is opened name[aml-vcodec-dec]\n
08-05 09:28:52.816     0     0 I         : [1 T5304  ..] deinit session
08-05 09:28:52.817     0     0 I         : [3 T5304  ..] Mediaproxy is opened name[aml-vcodec-dec]\n
08-05 09:28:52.818     0     0 I [2 T5304  ..] [amlv4l]: [1]: DW:400, TW:0, Margin:6
08-05 09:28:52.800   478  5304 I AmlManagePts: [0]"setDuration set duration[16667]type[2]mDuration[33333]mIsInterlaced[0]enable[0]\n"
08-05 09:28:52.819     0     0 I [2 T5304  ..] [amlv4l]: [1]: set vf duration: 640
08-05 09:28:52.800   478  5304 I VDA     : [3##1]postAndReplyMsg set framerate [60.000000] afr_force_on:1
08-05 09:28:52.800   478  5304 I VDA     : [3##1]setDurationToDecoder set [1600][60.000000]
08-05 09:28:52.800   478  5304 I VDA     : [3##1]setDurationToDecoder set [1600]
08-05 09:28:52.800   478  5304 I VDA     : [3##1]sendMessagetoDecoder set AML_V4L2_SET_VF_DURATION
08-05 09:28:52.800   478  5304 I mediaserver: (null) is not set, used defaultValue = 0
08-05 09:28:52.800   478  5304 I VDA     : [3##1]setDurationToDecoder set need_disable_afr from [0] to false
08-05 09:28:52.800   478  5304 I VDA     : [3##1]sendMessagetoDecoder set AML_V4L2_SET_UEVENT_DURATION
08-05 09:28:52.800   478  5304 I VDA     : [3##1]decoderID:1
08-05 09:28:52.800   478  5304 I NU-AmNuPlayerTunnelDecoder: [#3] initialize video/hevc decoder done
08-05 09:28:52.801   499   499 I xiriservice_All: type=1400 audit(0.0:2707): avc:  denied  { read } for  scontext=u:r:xiriservice_All:s0 tcontext=u:r:xiriservice_All:s0 tclass=netlink_kobject_uevent_socket permissive=1
08-05 09:28:52.802   271   276 I SystemControl: [/UEventObserver.cpp, HDMITxUenventThreadLoop, 451] HDMI TX switch_name:1600, switch_state: 
08-05 09:28:52.802   271   276 I SystemControl-FRA: [/FrameRateAutoAdaption.cpp, isFrameRateOn, 169] hdmi frame rate is on
08-05 09:28:52.804   478  5304 I VideoTunnelWrapper: [0##0] ctor VideoTunnelWrapper mVideoTunnelFd 66
08-05 09:28:52.804   478  5304 I VideoTunnelWrapper: [-1##-1] meson_vt_alloc_id success. mTunnelId:10
08-05 09:28:52.804   478  5304 I VideoTunnelWrapper: [-1##-1] meson_vt_connect 10 success!
08-05 09:28:52.805   478  5304 I NU-AmNuPlayerTunnelDecoder: [#3] [video/hevc] First CB_INPUT_AVAILABLE received.
08-05 09:28:52.805   478  5311 I NU-AmNuPlayerTunnelDecoder: [#3] releaseAndResetInputBuffers
08-05 09:28:52.805   478  5304 D NuPlayerDecoderBase: [#3] [KPI] startup, mediacodec config time spent: 92581
08-05 09:28:52.805   478  5311 I NU-AmNuPlayerTunnelDecoder: [#3] [video/hevc] First Input Buffer Queued to Codec
08-05 09:28:52.822     0     0 I         : [2 T5304  ..] vt session 478-0 create
08-05 09:28:52.824     0     0 I         : [2 T5304  ..] vt alloc instance [10], ref 1
08-05 09:28:52.824     0     0 I         : [2 T5304  ..] vt [10] producer-478 connect, instance ref 2
08-05 09:28:52.810   478  5317 I VDA     : [3##1]InitializeTask
08-05 09:28:52.810   478  5317 I VDA     : [3##1]v4l2_params_.width 3840, height 2160
08-05 09:28:52.810   478  5317 I VDA     : [3##1]use 8K input size
08-05 09:28:52.810   478  5317 I VDA     : [3##1]TP_VDA_SFmt_Start 3464645385276
08-05 09:28:52.811   402  5301 I SysfsVideoInfo: getVideoFormat ubuf8:connected vdec list empty
08-05 09:28:52.830     0     0 D [2 T5317  ..] [amlcom]: vdec_create instance 000000003a340765, total 1, PM: power-domain
08-05 09:28:52.830     0     0 D [2 T5317  ..] [media_clock]: hevc mux clock is 799999988 Hz
08-05 09:28:52.831     0     0 I [3 T5317  ..] [amlcom]: dos_local_config end, id 3, is_on 1
08-05 09:28:52.831     0     0 I [3 T5317  ..] [amlcom]: vdec_init, dev_name:ammvdec_h265_v4l, vdec_type=VDEC_TYPE_FRAME_BLOCK, format: 11, total: 1
08-05 09:28:52.834     0     0 D [3 T5317  ..] [h265]: [0]pdata->config=parm_v4l_codec_enable:1;parm_v4l_buffer_margin:6;hevc_double_write_mode:1024;hevc_triple_write_mode:0;hevc_buf_width:4096;hevc_buf_height:2304;save_buffer_mode:0;parm_v4l_canvas_mem_mode:0;parm_v4l_canvas_mem_endian:0;parm_v4l_low_latency_mode:0;parm_v4l_metadata_config_flag:2;parm_v4l_duration:0;dv_profile:0;parm_v4l_error_handle_info:0;
08-05 09:28:52.834     0     0 D [3 T5317  ..] [h265]: [0]discard dv data
08-05 09:28:52.834     0     0 D [3 T5317  ..] [h265]: [0]dv_profile: 0
08-05 09:28:52.834     0     0 D [3 T5317  ..] [h265]: [0]Correction: policy 0x2 mode 2 lcu_percentage_threshold 0
08-05 09:28:52.841     0     0 D [3 T5317  ..] [h265]: [0]dynamic_buf_num_margin=6
08-05 09:28:52.841     0     0 D [3 T5317  ..] [h265]: [0]double_write_mode=1024
08-05 09:28:52.841     0     0 D [3 T5317  ..] [h265]: [0]nal_skip_policy=2
08-05 09:28:52.841     0     0 D [3 T5317  ..] [h265]: [0]h265:pts_unstable=0
08-05 09:28:52.841     0     0 D [3 T5317  ..] [h265]: [0]h265: ver (201602101,0) decinfo: 0x0 rate=3600
08-05 09:28:52.846     0     0 D [3 T5317  ..] [h265]: ucode version 4.221, swap enable 1
08-05 09:28:52.846     0     0 D [3 T5317  ..] [media_clock]: hevc mux clock is 799999988 Hz
08-05 09:28:52.846     0     0 D [3 T5317  ..] [amlcom]: hevc video changed to 3840 x 2160 60 fps clk->800MHZ
08-05 09:28:52.832   402  5301 I SysfsVideoInfo: getVideoFormat ubuf8:connected vdec list empty
08-05 09:28:52.841   478  5317 I VDA     : [3##1]TP_VDA_SFmt_End 3464676380317
08-05 09:28:52.841   478  5317 I VDA     : [3##1]SetupOutputFormat set outformat:NV21
08-05 09:28:52.841   478  5317 I VDA     : IsSupportedOutputFormat v4l2_format 3132564e
08-05 09:28:52.841   478  5317 I VDA     : [3##1]init bufferpool bufferpool_size = 12582912
08-05 09:28:52.841   478  5317 I BufferPoolWrapper: [0]"pageshift:12"
08-05 09:28:52.841   478  5317 I dmabufmanage: dmabufmanage_init-105 Register dmabuf manager success 1 1
08-05 09:28:52.841   478  5317 I BufferPoolWrapper: [0]"BufferPoolWrapper use dmabuf manager version 1"
08-05 09:28:52.841   478  5317 I mediaserver: (null) is not set, used defaultValue = 1
08-05 09:28:52.841   478  5317 I BufferPoolWrapper: [0]"BufferPoolWrapper:169"
08-05 09:28:52.841   478  5317 I mediaserver: (null) is not set, used defaultValue = 12582912
08-05 09:28:52.852   402  5301 I SysfsVideoInfo: getVideoFormat ubuf8: Core: last_sched 0000000000000000, sched_mask 0, vdec_combine_flag 0
08-05 09:28:52.852   402  5301 I SysfsVideoInfo: 	vdec.0 (000000003a340765 (amvdec_h265_v4l)), status = VDEC_STATUS_CONNECTED,	type = VDEC_TYPE_FRAME_BLOCK, 	active_mask = 0
08-05 09:28:52.852   402  5301 I SysfsVideoInfo: H265_CC_TYPE
08-05 09:28:52.852   402  5301 I ClosedCaptionParser:  start cc source:0, channel:0, mvfmt:2
08-05 09:28:52.852   402  5301 I ClosedCaptionParser: start cc: vfmt 2 caption 0, fgc 0, bgc 0, fgo 0, bgo 0, fsize 0, fstyle 0 mMediaSyncId:-1
08-05 09:28:52.852   402  5301 I ClosedCaptionParser: (null) 
08-05 09:28:52.867   478  5317 I BufferPoolWrapper: [0]"Init:210 fd:70 phyadr:0xffffffffbe2d2000 size:c00000(c00000)"
08-05 09:28:52.867   478  5317 I VDA     : [3##1]v4l2_params_.width 3840, height 2160
08-05 09:28:52.867   478  5317 I mediaserver: vendor.mediahal.loglevels is not set, used defaultValue = 1
08-05 09:28:52.867   478  5317 I AmlVideoData: AmlVideoData
08-05 09:28:52.868   478  5317 D mediaproxyproducer: initialized producer, opened device fd = 71
08-05 09:28:52.868   478  5317 I AmlVideoData: setInstanceId succeed:0
08-05 09:28:52.868   478  5317 D VDA     : [3##1]setDecoderId stream_mode_ 0 decoder_instance_num_ 1 instance_num_ 0
08-05 09:28:52.868   478  5317 I mediaserver: (null) is not set, used defaultValue = 8
08-05 09:28:52.868   478  5317 I VDA     : [3##1]CreateInputBuffers count 8 instance_num_: 0
08-05 09:28:52.868   478  5317 I mediaserver: (null) is not set, used defaultValue = 8388608
08-05 09:28:52.868   478  5317 I mediaserver: (null) is not set, used defaultValue = 8388608
08-05 09:28:52.868   478  5317 I mediaserver: (null) is not set, used defaultValue = 8388608
08-05 09:28:52.868   478  5317 I mediaserver: (null) is not set, used defaultValue = 8388608
08-05 09:28:52.868   478  5317 I mediaserver: (null) is not set, used defaultValue = 8388608
08-05 09:28:52.868   478  5317 I mediaserver: (null) is not set, used defaultValue = 8388608
08-05 09:28:52.868   478  5317 I mediaserver: (null) is not set, used defaultValue = 8388608
08-05 09:28:52.868   478  5317 I mediaserver: (null) is not set, used defaultValue = 8388608
08-05 09:28:52.868   478  5317 I VDA     : [3##1]----create input VIDIOC_STREAMON----
08-05 09:28:52.868   478  5317 I VDA     : [3##1]StartDevicePoll
08-05 09:28:52.868   478  5317 D ThreadUtil: start:153 in
08-05 09:28:52.887     0     0 I         : [2 T5317  ..] mediaproxy open
08-05 09:28:52.887     0     0 I         : [2 T5317  ..] Mediaproxy is opened name[app]\n
08-05 09:28:52.887     0     0 I         : [2 T5317  ..] MEDIAPROXY_CONNECT
08-05 09:28:52.887     0     0 I         : [2 T5317  ..] MEDIAPROXY_SET_VDEC_ID vdec_id [0]
08-05 09:28:52.890     0     0 D [2 T214   ..] [h265]: [0]vh265 cached=0  need_size=16384 speed= 56 ms
08-05 09:28:52.890     0     0 D [0 T212   ..] [h265]: set ucode parse
08-05 09:28:52.890     0     0 W         : [0 T212   ..] hevc get comp info: 64 294912 4080
08-05 09:28:52.890     0     0 D [0 T212   ..] [h265]: margin = 6, sps_max_dec_pic_buffering_minus1_0 = 4
08-05 09:28:52.890     0     0 I [0 T212   ..] [amlv4l]: [1]: Parse from ucode, visible(3840 x 2160), coded(3840 x 2176), scan:P, bitdepth(10), DW/TW(400, 0)
08-05 09:28:52.869   478  5317 D ThreadUtil: start:180 threadid:-496488000
08-05 09:28:52.870   478  5317 I VDA     : [3##1]TP_VDA_InputBuf_First_Que 3464705541609 enqueue first input index:0  id: 0
08-05 09:28:52.873   402  5301 E ZVBI    : tvcc_init lang  dp 0
08-05 09:28:52.874   402  5301 E ClosedCaption: ClosedCaptionStart vfmt 2 para->caption1=0 para->caption2=-1
08-05 09:28:52.874   402  5301 I ClosedCaptionParser: start cc successfully!
08-05 09:28:52.879   478  5317 I AmlManagePts: [0]"insert  push:8:0\n"
08-05 09:28:52.879   478  5317 I AmlManagePts: [0]"insert  push:9:0\n"
08-05 09:28:52.879   478  5317 I AmlManagePts: [0]"insert  push:10:0\n"
08-05 09:28:52.879   478  5317 I AmlManagePts: [0]"insert  push:11:0\n"
08-05 09:28:52.880   478  5317 I AmlManagePts: [0]"insert  push:12:0\n"
08-05 09:28:52.880   478  5317 I AmlManagePts: [0]"insert  push:13:0\n"
08-05 09:28:52.880   478  5317 I AmlManagePts: [0]"insert  push:14:0\n"
08-05 09:28:52.880   478  5317 I AmlManagePts: [0]"insert  push:15:0\n"
08-05 09:28:52.898     0     0 I [3 T5317  ..] [amlv4l]: [1]: Picture buffer count: dec:6, vpp:0, ge2d:0, margin:6, total:12
08-05 09:28:52.898     0     0 D [3 T5317  ..] [amlv4l]: [1]: Post event: res chg
08-05 09:28:52.885   478  5317 E mediaserver: [0805/092852.884938:ERROR:at_exit.cc(58)] NOTREACHED() hit.
08-05 09:28:52.885   478  5317 I VDA     : [3##1]ProcessStreamInfo set video change[0/0], frame_rate:-1
08-05 09:28:52.885   478  5317 V mediaserver: [0805/092852.885610:VERBOSE1:v4l2_video_decode_accelerator.cc(5016)] NotifyEvent(): 
08-05 09:28:52.885   478  5317 I NU-AmNuPlayerTunnelDecoder: [#3] NotifyEvent:event:6
08-05 09:28:52.885   478  5317 I mediaserver: (null) is not set, used defaultValue = 1000
08-05 09:28:52.885   478  5317 I VDA     : [3##1]TP_VDA_Res_Confirmed 3464720814651
08-05 09:28:52.887   478  5317 I VDA     : [3##1]VIDIOC_G_FMT format.fmt.pix.width 3840
08-05 09:28:52.887   478  5317 I VDA     : [3##1][GetVisibleSize] visible width 3840, height 2160
08-05 09:28:52.887   478  5317 I VDA     : [3##1][NeedResolutionChange] dpb(0->12),size(0x0->3840x2160), is_interlace_changed_:0
08-05 09:28:52.888   478  5317 I VDA     : [3##1]StopDevicePoll
08-05 09:28:52.890   402  5322 E ClosedCaption: CC data thread start.
08-05 09:28:52.890   402  5322 I ClosedCaption: am_cc_data_thread vfmt:2 playerid:-1 mediasyncid:-1
08-05 09:28:52.892   402  5323 I Userdata: get_kernel_version version= 5,subversion=15
08-05 09:28:52.898   478  5317 D ThreadUtil: stop:204 thread exit
08-05 09:28:52.898   478  5317 D ThreadUtil: stop:204 thread exit
08-05 09:28:52.898   478  5317 I VDA     : [3##1]DestroyOutputBuffers:5535
08-05 09:28:52.898   478  5317 I VDA     : [3##1][StartResolutionChange] into resolution
08-05 09:28:52.898   478  5317 I AmlManagePts: [0]"resetOutPutInfo into\n"
08-05 09:28:52.898   478  5317 I VDA     : [3##1]VIDIOC_G_FMT format.fmt.pix.width 3840
08-05 09:28:52.898   478  5317 I VDA     : [3##1][GetVisibleSize] visible width 3840, height 2160
08-05 09:28:52.898   478  5317 V mediaserver: [0805/092852.898646:VERBOSE1:v4l2_video_decode_accelerator.cc(4984)] CheckInterlaced(): 
08-05 09:28:52.898   478  5317 I VDA     : [3##1]CheckInterlaced: format.fmt.pix.field 1
08-05 09:28:52.898   478  5317 V mediaserver: [0805/092852.898741:VERBOSE1:v4l2_video_decode_accelerator.cc(5016)] NotifyEvent(): 
08-05 09:28:52.898   478  5317 I NU-AmNuPlayerTunnelDecoder: [#3] NotifyEvent FIELD_PROGRESSIVE
08-05 09:28:52.898   478  5317 I AmlManagePts: [0]"setInterlace set interlace[0]\n"
08-05 09:28:52.898   478  5317 I VDA     : [3##1]output_planes_count_ 1, format.fmt.pix.width 3840
08-05 09:28:52.898   478  5317 I VDA     : [3##1][CreateOutputBuffers@5426] got widthalign:64
08-05 09:28:52.898   478  5317 I VDA     : [3##1][CreateOutputBuffers@5433] got heightalign:64
08-05 09:28:52.898   478  5317 I VDA     : [3##1]output_dpb_size_ 12, output buffer 12, coded_size_ 3840 x 2176 width_align:64 height_align_:64
08-05 09:28:52.898   478  5317 I VDA     : [3##1]CreateOutputBuffers decoder_state_ change to kAwaitingPictureBuffers
08-05 09:28:52.898   478  5317 I VDA     : [3##1]StartDevicePoll
08-05 09:28:52.898   478  5317 D ThreadUtil: start:153 in
08-05 09:28:52.899   478  5317 D ThreadUtil: start:180 threadid:-496488000
08-05 09:28:52.899   478  5317 D VDA     : [3##1]DecodeBufferTask DecodeBufferTask early out: state=kAwaitingPictureBuffers
08-05 09:28:52.899   478  5317 I V4l2Adaptor: V4l2Adaptor::ProvidePictureBuffers 12
08-05 09:28:52.899   478  5317 I NU-AmNuPlayerTunnelDecoder: [#3] ProvidePictureBuffers minNumBuffers 12 width 3840 height 2160
08-05 09:28:52.899   478  5317 I NU-AmNuPlayerTunnelDecoder: [#3] 540p_buffer enabled, set double write 1024
08-05 09:28:52.899   478  5317 I AmVdecConfig: found attr name c2.amlogic.hevc.decoder
08-05 09:28:52.899   478  5317 I AmVdecConfig: hevc.decoder can not support 8K
08-05 09:28:52.899   478  5317 I NU-AmNuPlayerTunnelDecoder: [#3] neede alloc with max size 4096x2304
08-05 09:28:52.899   478  5317 I VDA     : [3##1][postAndReplyMsg@2063] got widthalign:64
08-05 09:28:52.899   478  5317 I VDA     : [3##1][postAndReplyMsg@2070] got heightalign:64
08-05 09:28:52.900   478  5317 I NU-AmNuPlayerTunnelDecoder: [#3] Query the decoder width align(64) success.
08-05 09:28:52.900   478  5317 I NU-AmNuPlayerTunnelDecoder: [#3] Query the decoder height align(64) success.
08-05 09:28:52.900   478  5317 I NU-AmNuPlayerTunnelDecoder: [#3] double write: 0x400 use 576p buffer
08-05 09:28:52.900   478  5317 I NU-AmNuPlayerTunnelDecoder: [#3] [ProvidePictureBuffers:4158] set output buffer num 12 to decoder
08-05 09:28:52.900   478  5317 I AmVideoDec: [No--1]-[0]"setupOutputBufferNum 12\n"
08-05 09:28:52.900   478  5317 I V4l2Adaptor: assignPictureBuffers numOutputBuffers 12
08-05 09:28:52.900   478  5317 I V4l2Adaptor: onAssignPictureBuffers numOutputBuffers 12
08-05 09:28:52.900   478  5317 I VDA     : [3##1]AssignPictureBuffers buffer_count=12
08-05 09:28:52.902   478  5317 I NU-AmNuPlayerTunnelDecoder: [#3] AllocTunneledBuffer index=0, fd=81, size=884736(1024x576)
08-05 09:28:52.902   478  5317 I NU-AmNuPlayerTunnelDecoder: [#3] [allocTunnelBuffers:3648] set output buffer 0 fd 81 to decoder
08-05 09:28:52.902   478  5317 I V4l2Adaptor: importBufferForPicture pictureBufferId 0, dmabufFd 82, metaFd -1
08-05 09:28:52.902   478  5317 I V4l2Adaptor: onImportBufferForPicture pictureBufferId 0, dmabufFd 82, metaFd -1, plane size 1
08-05 09:28:52.902   478  5317 I V4l2Adaptor: onImportBufferForPicture addr 0x0, stride 0, offset 0, size 0
08-05 09:28:52.904   478  5317 I NU-AmNuPlayerTunnelDecoder: [#3] AllocTunneledBuffer index=1, fd=83, size=884736(1024x576)
08-05 09:28:52.904   478  5317 I NU-AmNuPlayerTunnelDecoder: [#3] [allocTunnelBuffers:3648] set output buffer 1 fd 83 to decoder
08-05 09:28:52.904   478  5317 I V4l2Adaptor: importBufferForPicture pictureBufferId 1, dmabufFd 84, metaFd -1
08-05 09:28:52.904   478  5317 I V4l2Adaptor: onImportBufferForPicture pictureBufferId 1, dmabufFd 84, metaFd -1, plane size 1
08-05 09:28:52.904   478  5317 I V4l2Adaptor: onImportBufferForPicture addr 0x0, stride 0, offset 0, size 0
08-05 09:28:52.906   478  5317 I NU-AmNuPlayerTunnelDecoder: [#3] AllocTunneledBuffer index=2, fd=85, size=884736(1024x576)
08-05 09:28:52.906   478  5317 I NU-AmNuPlayerTunnelDecoder: [#3] [allocTunnelBuffers:3648] set output buffer 2 fd 85 to decoder
08-05 09:28:52.906   478  5317 I V4l2Adaptor: importBufferForPicture pictureBufferId 2, dmabufFd 86, metaFd -1
08-05 09:28:52.907   478  5317 I V4l2Adaptor: onImportBufferForPicture pictureBufferId 2, dmabufFd 86, metaFd -1, plane size 1
08-05 09:28:52.907   478  5317 I V4l2Adaptor: onImportBufferForPicture addr 0x0, stride 0, offset 0, size 0
08-05 09:28:52.908   402  5322 I ClosedCaption: VBI Caption event: pgno 9, cur_pgno 0, cc->auto_detect_play:1
08-05 09:28:52.908   402  5322 I ClosedCaption: vbi_event node_pts 0 decoder_pts 0
08-05 09:28:52.908   402  5322 I ClosedCaption: VBI Caption event: pgno 10, cur_pgno 9, cc->auto_detect_play:1
08-05 09:28:52.908   402  5321 I ClosedCaption: render_thread pts in range, node->pts 0 videopts 0
08-05 09:28:52.908   402  5321 I ClosedCaption: json--> {"type":"cea708","windows":[]}
08-05 09:28:52.908   402  5321 I ClosedCaptionParser: @@@@@@ cc json string: {"type":"cea708","windows":[]}
08-05 09:28:52.908   402  5302 I Presentation: Got SPU:  TimeStamp:0 ms, startTime=0 SPU[objectId=0 pts:0(0 d0 ms) m_delay:0(0 ms) data:0xee643d30(30) type:10], mEmittedShowingSpu:0, timestamp:0
08-05 09:28:52.909   402  5302 I Presentation: spu->isExtSub:0, TimeStamp:0 mStartTimeModifier=0 currentTimeStamp=0 SPU[pts=0(0 d0 ms) m_delay/DVB_TIME_MULTI:0 ms]
08-05 09:28:52.909   402  5302 I Presentation: Show SPU: TimeStamp:0 ms, startTime=0 SPU[objectId=0 pts:0(0 d0 ms) m_delay:360000(4000 ms) data:0xee643d30(30)] mEmittedShowingSpu:0
08-05 09:28:52.909   402  5302 I SubtitleRender: showSubtitleItem
08-05 09:28:52.909   402  5302 I SubtitleRender: postSubtitleData_display: objectId=0 type=10 x0 y0 w0 h0 pts:0, data=0xee643d30 size=30
08-05 09:28:52.909   402  5322 I ClosedCaption: VBI Caption event: pgno 11, cur_pgno 9, cc->auto_detect_play:1
08-05 09:28:52.909   402  5322 I ClosedCaption: VBI Caption event: pgno 12, cur_pgno 9, cc->auto_detect_play:1
08-05 09:28:52.909   402  5322 I ClosedCaption: VBI Caption event: pgno 13, cur_pgno 9, cc->auto_detect_play:1
08-05 09:28:52.909   402  5322 I ClosedCaption: VBI Caption event: pgno 14, cur_pgno 9, cc->auto_detect_play:1
08-05 09:28:52.909   478  5317 I NU-AmNuPlayerTunnelDecoder: [#3] AllocTunneledBuffer index=3, fd=87, size=884736(1024x576)
08-05 09:28:52.909   478  5317 I NU-AmNuPlayerTunnelDecoder: [#3] [allocTunnelBuffers:3648] set output buffer 3 fd 87 to decoder
08-05 09:28:52.909   478  5317 I V4l2Adaptor: importBufferForPicture pictureBufferId 3, dmabufFd 88, metaFd -1
08-05 09:28:52.909   478  5317 I V4l2Adaptor: onImportBufferForPicture pictureBufferId 3, dmabufFd 88, metaFd -1, plane size 1
08-05 09:28:52.909   478  5317 I V4l2Adaptor: onImportBufferForPicture addr 0x0, stride 0, offset 0, size 0
08-05 09:28:52.917   402  5302 I SubtitleServer:  in postDisplayData:postDisplayData type:10, width=0, height=0 size=30 objectSegmentId=0
08-05 09:28:52.919   402   417 I SubtitleServer: onSubtitleDataEvent, type:10 width:0, height:0, size:30
08-05 09:28:52.919   402   417 E SubtitleServer: CallbackHandlerImpl onSubtitleDataEvent
08-05 09:28:52.919   402   417 I SubtitleServer: onEvent event:10, client size:1
08-05 09:28:52.919   402   417 I SubtitleServer: sendSubtitleDisplayNotify, client cookie:0 notifyCallback
08-05 09:28:52.921   478  5317 I NU-AmNuPlayerTunnelDecoder: [#3] AllocTunneledBuffer index=4, fd=89, size=884736(1024x576)
08-05 09:28:52.921   478  5317 I NU-AmNuPlayerTunnelDecoder: [#3] [allocTunnelBuffers:3648] set output buffer 4 fd 89 to decoder
08-05 09:28:52.921   478  5317 I V4l2Adaptor: importBufferForPicture pictureBufferId 4, dmabufFd 90, metaFd -1
08-05 09:28:52.921   478  5317 I V4l2Adaptor: onImportBufferForPicture pictureBufferId 4, dmabufFd 90, metaFd -1, plane size 1
08-05 09:28:52.921   478  5317 I V4l2Adaptor: onImportBufferForPicture addr 0x0, stride 0, offset 0, size 0
08-05 09:28:52.924  5240  5276 D SubtitleManager-jni: in onStringSubtitleEvent subtitleType=3 size=30 x=0, y= 0 width=0 height=0 videow=0, videoh=0 cmd=1 objectSegmentId=0
08-05 09:28:52.925  5240  5276 E SubtitleManager: Cannot handle events!
08-05 09:28:52.935   478  5317 I NU-AmNuPlayerTunnelDecoder: [#3] AllocTunneledBuffer index=5, fd=91, size=884736(1024x576)
08-05 09:28:52.935   478  5317 I NU-AmNuPlayerTunnelDecoder: [#3] [allocTunnelBuffers:3648] set output buffer 5 fd 91 to decoder
08-05 09:28:52.935   478  5317 I V4l2Adaptor: importBufferForPicture pictureBufferId 5, dmabufFd 92, metaFd -1
08-05 09:28:52.935   478  5317 I V4l2Adaptor: onImportBufferForPicture pictureBufferId 5, dmabufFd 92, metaFd -1, plane size 1
08-05 09:28:52.935   478  5317 I V4l2Adaptor: onImportBufferForPicture addr 0x0, stride 0, offset 0, size 0
08-05 09:28:52.937   478  5317 I NU-AmNuPlayerTunnelDecoder: [#3] AllocTunneledBuffer index=6, fd=93, size=884736(1024x576)
08-05 09:28:52.937   478  5317 I NU-AmNuPlayerTunnelDecoder: [#3] [allocTunnelBuffers:3648] set output buffer 6 fd 93 to decoder
08-05 09:28:52.937   478  5317 I V4l2Adaptor: importBufferForPicture pictureBufferId 6, dmabufFd 94, metaFd -1
08-05 09:28:52.937   478  5317 I V4l2Adaptor: onImportBufferForPicture pictureBufferId 6, dmabufFd 94, metaFd -1, plane size 1
08-05 09:28:52.937   478  5317 I V4l2Adaptor: onImportBufferForPicture addr 0x0, stride 0, offset 0, size 0
08-05 09:28:52.939   478  5317 I NU-AmNuPlayerTunnelDecoder: [#3] AllocTunneledBuffer index=7, fd=95, size=884736(1024x576)
08-05 09:28:52.940   478  5317 I NU-AmNuPlayerTunnelDecoder: [#3] [allocTunnelBuffers:3648] set output buffer 7 fd 95 to decoder
08-05 09:28:52.940   478  5317 I V4l2Adaptor: importBufferForPicture pictureBufferId 7, dmabufFd 96, metaFd -1
08-05 09:28:52.940   478  5317 I V4l2Adaptor: onImportBufferForPicture pictureBufferId 7, dmabufFd 96, metaFd -1, plane size 1
08-05 09:28:52.940   478  5317 I V4l2Adaptor: onImportBufferForPicture addr 0x0, stride 0, offset 0, size 0
08-05 09:28:52.942   478  5317 I NU-AmNuPlayerTunnelDecoder: [#3] AllocTunneledBuffer index=8, fd=97, size=884736(1024x576)
08-05 09:28:52.943   478  5317 I NU-AmNuPlayerTunnelDecoder: [#3] [allocTunnelBuffers:3648] set output buffer 8 fd 97 to decoder
08-05 09:28:52.943   478  5317 I V4l2Adaptor: importBufferForPicture pictureBufferId 8, dmabufFd 98, metaFd -1
08-05 09:28:52.943   478  5317 I V4l2Adaptor: onImportBufferForPicture pictureBufferId 8, dmabufFd 98, metaFd -1, plane size 1
08-05 09:28:52.943   478  5317 I V4l2Adaptor: onImportBufferForPicture addr 0x0, stride 0, offset 0, size 0
08-05 09:28:52.945   478  5317 I NU-AmNuPlayerTunnelDecoder: [#3] AllocTunneledBuffer index=9, fd=99, size=884736(1024x576)
08-05 09:28:52.945   478  5317 I NU-AmNuPlayerTunnelDecoder: [#3] [allocTunnelBuffers:3648] set output buffer 9 fd 99 to decoder
08-05 09:28:52.945   478  5317 I V4l2Adaptor: importBufferForPicture pictureBufferId 9, dmabufFd 100, metaFd -1
08-05 09:28:52.945   478  5317 I V4l2Adaptor: onImportBufferForPicture pictureBufferId 9, dmabufFd 100, metaFd -1, plane size 1
08-05 09:28:52.945   478  5317 I V4l2Adaptor: onImportBufferForPicture addr 0x0, stride 0, offset 0, size 0
08-05 09:28:52.947   478  5317 I NU-AmNuPlayerTunnelDecoder: [#3] AllocTunneledBuffer index=10, fd=101, size=884736(1024x576)
08-05 09:28:52.947   478  5317 I NU-AmNuPlayerTunnelDecoder: [#3] [allocTunnelBuffers:3648] set output buffer 10 fd 101 to decoder
08-05 09:28:52.947   478  5317 I V4l2Adaptor: importBufferForPicture pictureBufferId 10, dmabufFd 102, metaFd -1
08-05 09:28:52.947   478  5317 I V4l2Adaptor: onImportBufferForPicture pictureBufferId 10, dmabufFd 102, metaFd -1, plane size 1
08-05 09:28:52.947   478  5317 I V4l2Adaptor: onImportBufferForPicture addr 0x0, stride 0, offset 0, size 0
08-05 09:28:52.949   478  5317 I NU-AmNuPlayerTunnelDecoder: [#3] AllocTunneledBuffer index=11, fd=103, size=884736(1024x576)
08-05 09:28:52.949   478  5317 I NU-AmNuPlayerTunnelDecoder: [#3] [allocTunnelBuffers:3648] set output buffer 11 fd 103 to decoder
08-05 09:28:52.949   478  5317 I V4l2Adaptor: importBufferForPicture pictureBufferId 11, dmabufFd 104, metaFd -1
08-05 09:28:52.950   478  5317 I V4l2Adaptor: onImportBufferForPicture pictureBufferId 11, dmabufFd 104, metaFd -1, plane size 1
08-05 09:28:52.950   478  5317 I V4l2Adaptor: onImportBufferForPicture addr 0x0, stride 0, offset 0, size 0
08-05 09:28:52.950   478  5317 I VDA     : [3##1]AssignPictureBuffersTask decoder_state_=kAwaitingPictureBuffers
08-05 09:28:52.950   478  5317 I VDA     : [3##1]ImportBufferForPictureTask fd=82, index=0
08-05 09:28:52.950   478  5317 I VDA     :  {IN=8/8, OUT=0/1[kAtAccelerator(1) kAtDevice(0) kAtClient(0)]}
08-05 09:28:52.950   478  5317 I VDA     : [3##1]TP_VDA_CapBuf_First_Que 3464785361317 enqueue first output index:0
08-05 09:28:52.952   478  5317 I VDA     : [3##1]----enqueue output STREAMON----
08-05 09:28:52.953   478  5317 I VDA     : [3##1]ImportBufferForPictureTask fd=84, index=1
08-05 09:28:52.953   478  5317 I VDA     :  {IN=8/8, OUT=0/2[kAtAccelerator(1) kAtDevice(1) kAtClient(0)]}
08-05 09:28:52.954   478  5317 I VDA     : [3##1]ImportBufferForPictureTask fd=86, index=2
08-05 09:28:52.954   478  5317 I VDA     :  {IN=8/8, OUT=0/3[kAtAccelerator(1) kAtDevice(2) kAtClient(0)]}
08-05 09:28:52.972     0     0 D [0 T212   ..] [h265]: [0]Bit depth luma = 10
08-05 09:28:52.972     0     0 D [0 T212   ..] [h265]: [0]Bit depth chroma = 10
08-05 09:28:52.972     0     0 D [0 T212   ..] [h265]: [0]hevc->performance_profile 0
08-05 09:28:52.972     0     0 D [0 T212   ..] [h265]: [0]set pic_list_init_flag 1
08-05 09:28:52.972     0     0 D [1 T3572  ..] [h265]: [0]init_buf_spec2 3840 2160
08-05 09:28:52.972     0     0 D [1 T3572  ..] [h265]: [0]set pic_list_init_flag to 2
08-05 09:28:52.972     0     0 D [0 T212   ..] [h265]: [0]set pic_list_init_flag to 3
08-05 09:28:52.972     0     0 D [0 T212   ..] [h265]: [vdec_kpi][vh265_isr_thread_fn] First I frame coming.
08-05 09:28:52.958   478  5317 I VDA     : [3##1]ImportBufferForPictureTask fd=88, index=3
08-05 09:28:52.958   478  5317 I VDA     :  {IN=8/8, OUT=0/4[kAtAccelerator(1) kAtDevice(3) kAtClient(0)]}
08-05 09:28:52.977     0     0 D [0 T212   ..] [h265]: [0]VH265: output first frame poc 56
08-05 09:28:52.959   478  5317 I VDA     : [3##1]ImportBufferForPictureTask fd=90, index=4
08-05 09:28:52.959   478  5317 I VDA     :  {IN=8/8, OUT=0/5[kAtAccelerator(1) kAtDevice(4) kAtClient(0)]}
08-05 09:28:52.960   478  5317 I VDA     : [3##1]ImportBufferForPictureTask fd=92, index=5
08-05 09:28:52.960   478  5317 I VDA     :  {IN=8/8, OUT=0/6[kAtAccelerator(1) kAtDevice(5) kAtClient(0)]}
08-05 09:28:52.961   478  5317 I VDA     : [3##1]ImportBufferForPictureTask fd=94, index=6
08-05 09:28:52.961   478  5317 I VDA     :  {IN=8/8, OUT=0/7[kAtAccelerator(1) kAtDevice(6) kAtClient(0)]}
08-05 09:28:52.962   478  5317 I VDA     : [3##1]ImportBufferForPictureTask fd=96, index=7
08-05 09:28:52.962   478  5317 I VDA     :  {IN=8/8, OUT=0/8[kAtAccelerator(1) kAtDevice(7) kAtClient(0)]}
08-05 09:28:52.963   478  5317 I VDA     : [3##1]ImportBufferForPictureTask fd=98, index=8
08-05 09:28:52.963   478  5317 I VDA     :  {IN=8/8, OUT=0/9[kAtAccelerator(1) kAtDevice(8) kAtClient(0)]}
08-05 09:28:52.964   478  5317 I VDA     : [3##1]ImportBufferForPictureTask fd=100, index=9
08-05 09:28:52.964   478  5317 I VDA     :  {IN=8/8, OUT=0/10[kAtAccelerator(1) kAtDevice(9) kAtClient(0)]}
08-05 09:28:52.983     0     0 D [0 T212   ..] [h265]: [0]VH265: output first frame poc 56
08-05 09:28:52.983     0     0 D [0 T212   ..] [h265]: [0]decoder duration change old: 0 new: 1601
08-05 09:28:52.983     0     0 D [0 T212   ..] [h265]: [vdec_kpi][post_video_frame] First I frame decoded.
08-05 09:28:52.965   478  5317 I VDA     : [3##1]ImportBufferForPictureTask fd=102, index=10
08-05 09:28:52.965   478  5317 I VDA     :  {IN=8/8, OUT=0/11[kAtAccelerator(1) kAtDevice(10) kAtClient(0)]}
08-05 09:28:52.988     0     0 D [0 T212   ..] [amlv4l]: [1]: Post event: frame err
08-05 09:28:52.988     0     0 D [1 T3572  ..] [h265]: [0]cur lcu idx = 0, (total 2040), set error_mark
08-05 09:28:52.968   478  5317 I VDA     : [3##1]ImportBufferForPictureTask fd=104, index=11
08-05 09:28:52.968   478  5317 I VDA     :  {IN=8/8, OUT=0/12[kAtAccelerator(1) kAtDevice(11) kAtClient(0)]}
08-05 09:28:52.973   478  5317 I VDA     : [3##1]DecodeBufferTask decoder_state_ = kPictureBuffersReady -> kDecoding
08-05 09:28:52.973   478  5317 I VDA     : [3##1]TP_VDA_InputBuf_First_DeQue 3464808922484 dequeue first input index:0  id: 0
08-05 09:28:52.974   478  5317 I VDA     : [3##1]reportFrameRate set [1601] framerate[59.962524]
08-05 09:28:52.974   478  5317 V mediaserver: [0805/092852.974792:VERBOSE1:v4l2_video_decode_accelerator.cc(5016)] NotifyEvent(): 
08-05 09:28:52.974   478  5317 I NU-AmNuPlayerTunnelDecoder: [#3] NotifyEvent FRAME_RATE framerate 59.962524
08-05 09:28:52.974   478  5317 I VDA     : [3##1]ProcessStreamInfo set video change[3840/2160], frame_rate:60
08-05 09:28:52.974   478  5317 V mediaserver: [0805/092852.974929:VERBOSE1:v4l2_video_decode_accelerator.cc(5016)] NotifyEvent(): 
08-05 09:28:52.974   478  5317 I NU-AmNuPlayerTunnelDecoder: [#3] NotifyEvent:event:6
08-05 09:28:52.975   478  5317 I VDA     : [3##1]error frame id: 1000000000, send error frame to omx2
08-05 09:28:52.975   478  5317 V mediaserver: [0805/092852.975074:VERBOSE1:v4l2_video_decode_accelerator.cc(5016)] NotifyEvent(): 
08-05 09:28:52.975   478  5317 I NU-AmNuPlayerTunnelDecoder: [#3] NotifyEvent FRAME_ERROR bitstreamId 1000000000
08-05 09:28:52.975   478  5317 I VDA     : [3##1]TP_VDA_CapBuf_First_DeQue 3464810242401 dequeue first output index:0  id: 0
08-05 09:28:52.975   478  5317 V mediaserver: [0805/092852.975341:VERBOSE1:v4l2_video_decode_accelerator.cc(4942)] CheckInterlaced(): 
08-05 09:28:52.975   478  5317 I VDA     : [3##1]VIDIOC_G_FMT format.fmt.pix.width 3840
08-05 09:28:52.975   478  5317 I VDA     : [3##1][GetVisibleSize] visible width 3840, height 2160
08-05 09:28:52.975   478  5317 I VDA     : [3##1]CheckInterlaced format.fmt.pix.field 1
08-05 09:28:52.975   478  5317 V mediaserver: [0805/092852.975472:VERBOSE1:v4l2_video_decode_accelerator.cc(5016)] NotifyEvent(): 
08-05 09:28:52.975   478  5317 I NU-AmNuPlayerTunnelDecoder: [#3] NotifyEvent FIELD_PROGRESSIVE
08-05 09:28:52.975   478  5317 I AmlManagePts: [0]"setInterlace set interlace[0]\n"
08-05 09:28:52.975   478  5317 I NU-AmNuPlayerTunnelDecoder: if not Interlaced, use to 10fps
08-05 09:28:52.975   478  5317 I NU-AmNuPlayerTunnelDecoder: [#3] handleOutputFormatChange w*h = 3840 x 2160
08-05 09:28:52.975   478  5304 I NU-AmNuPlayerTunnelDecoder: [#3] [video/hevc] First CB_OUTPUT_AVAILABLE received. input buffer queued: 18
08-05 09:28:52.975   478  5304 I NU-AmNuPlayerTunnelDecoder: [#3] First Out Buffer Queued to Render. timeUs:25508811
08-05 09:28:52.976   478  5303 I NU-AmNuPlayerRenderer: [#3] fast show first video frame
08-05 09:28:52.976   478  5304 I NU-AmNuPlayerTunnelDecoder: setTunnelSurface
08-05 09:28:52.976   478  5304 I NU-AmNuPlayerTunnelDecoder: [#3] setTunnelSurface
08-05 09:28:52.976   478  5317 I AmlManagePts: [0]"insert  push:17:0\n"
08-05 09:28:52.976   476   792 I AmAVUtils: set default max-input-size to 6291456
08-05 09:28:52.995     0     0 D [0 T212   ..] [amlv4l]: [1]: Post event: frame err
08-05 09:28:52.977   478  5295 I NU-AmNuPlayer: [#3] AmNuPlayer::Source::getFormat frame-rate = 60
08-05 09:28:52.977   478  5295 I NU-AmNuPlayer: [#3] not set video screenmode to 1
08-05 09:28:52.977   478  5295 I NU-AmNuPlayer: [#3] Video output format changed to 3840 x 2160 (crop: 3840 x 2160 @ (0, 0))
08-05 09:28:52.977   478  5295 D NU-AmNuPlayerDriver: [#3] notifyListener_l(0xe90c4c90), (5, 3840, 2160, -1), loop setting(0, 0)
08-05 09:28:52.977   478  5317 I VDA     : [3##1]error frame id: 2000000000, send error frame to omx2
08-05 09:28:52.977   478  5317 V mediaserver: [0805/092852.977209:VERBOSE1:v4l2_video_decode_accelerator.cc(5016)] NotifyEvent(): 
08-05 09:28:52.977   478  5317 I NU-AmNuPlayerTunnelDecoder: [#3] NotifyEvent FRAME_ERROR bitstreamId 2000000000
08-05 09:28:52.977   478  5317 I AmlManagePts: [0]"insert  push:18:0\n"
08-05 09:28:52.981   478  5317 I AmlManagePts: [0]"insert  push:19:0\n"
08-05 09:28:52.982   478  5304 I VideoTunnelWrapper: [3##1] queueBuffer 81 3464811022, count:1
08-05 09:28:52.982   478  5317 I AmlManagePts: [0]"insert  push:20:0\n"
08-05 09:28:53.000     0     0 D [1 T3572  ..] [h265]: [0]cur lcu idx = 0, (total 2040), set error_mark
08-05 09:28:52.985   478  5317 I VDA     : [3##1]error frame id: -1294967296, send error frame to omx2
08-05 09:28:52.986   478  5317 V mediaserver: [0805/092852.985596:VERBOSE1:v4l2_video_decode_accelerator.cc(5016)] NotifyEvent(): 
08-05 09:28:52.986   478  5317 I NU-AmNuPlayerTunnelDecoder: [#3] NotifyEvent FRAME_ERROR bitstreamId -1294967296
08-05 09:28:52.986   478  5317 I VDA     : [3##1]error frame id: -294967296, send error frame to omx2
08-05 09:28:52.986   478  5317 V mediaserver: [0805/092852.986379:VERBOSE1:v4l2_video_decode_accelerator.cc(5016)] NotifyEvent(): 
08-05 09:28:52.986   478  5317 I NU-AmNuPlayerTunnelDecoder: [#3] NotifyEvent FRAME_ERROR bitstreamId -294967296
08-05 09:28:52.987   478  5317 I VDA     : [3##1]error frame id: 705032704, send error frame to omx2
08-05 09:28:52.987   478  5317 V mediaserver: [0805/092852.987301:VERBOSE1:v4l2_video_decode_accelerator.cc(5016)] NotifyEvent(): 
08-05 09:28:52.987   478  5317 I NU-AmNuPlayerTunnelDecoder: [#3] NotifyEvent FRAME_ERROR bitstreamId 705032704
08-05 09:28:52.987   478  5317 I VDA     : [3##1]error frame id: 1705032704, send error frame to omx2
08-05 09:28:52.987   478  5317 V mediaserver: [0805/092852.987423:VERBOSE1:v4l2_video_decode_accelerator.cc(5016)] NotifyEvent(): 
08-05 09:28:52.987   478  5317 I NU-AmNuPlayerTunnelDecoder: [#3] NotifyEvent FRAME_ERROR bitstreamId 1705032704
08-05 09:28:52.987   478  5317 I VDA     : [3##1]error frame id: -1589934592, send error frame to omx2
08-05 09:28:52.987   478  5317 V mediaserver: [0805/092852.987510:VERBOSE1:v4l2_video_decode_accelerator.cc(5016)] NotifyEvent(): 
08-05 09:28:52.987   478  5317 I NU-AmNuPlayerTunnelDecoder: [#3] NotifyEvent FRAME_ERROR bitstreamId -1589934592
08-05 09:28:52.987   478  5317 I AmlManagePts: [0]"insert  push:21:0\n"
08-05 09:28:52.987   402   418 I SubtitleServer: getTotalTracks total=-1
08-05 09:28:52.988  5240  5240 I SubtitleManager: [open] innerTotal:-1, mIOType:0
08-05 09:28:52.988  5240  5240 I SubtitleManager: [innerTotal]mInterSubTotal:-1
08-05 09:28:52.988  5240  5240 D SubtitleManager-jni: nativeTotalSubtitles 396 0xf1544a90
08-05 09:28:52.988   478  5317 I AmlManagePts: [0]"insert  push:22:0\n"
08-05 09:28:52.988   402   402 I SubtitleServer: getTotalTracks ss=0xedf00120
08-05 09:28:52.988   402   402 I SubtitleServer: getTotalTracks total=-1
08-05 09:28:52.988  5240  5240 I SubtitleManager: [start]ext sub innerTotal:-1
08-05 09:28:52.989   478  5317 I AmlManagePts: [0]"insert  push:23:0\n"
08-05 09:28:53.004     0     0 D [0 T212   ..] [amlv4l]: [1]: Post event: frame err
08-05 09:28:53.004     0     0 D [2 T3572  ..] [h265]: [0]cur lcu idx = 0, (total 2040), set error_mark
08-05 09:28:53.005     0     0 D [0 T212   ..] [amlv4l]: [1]: Post event: frame err
08-05 09:28:53.005     0     0 D [1 T3572  ..] [h265]: [0]cur lcu idx = 0, (total 2040), set error_mark
08-05 09:28:53.005     0     0 D [0 T212   ..] [amlv4l]: [1]: Post event: frame err
08-05 09:28:53.005     0     0 D [1 T3572  ..] [h265]: [0]cur lcu idx = 0, (total 2040), set error_mark
08-05 09:28:53.006     0     0 D [0 T212   ..] [amlv4l]: [1]: Post event: frame err
08-05 09:28:52.989   478  5317 I AmlManagePts: [0]"insert  push:24:0\n"
08-05 09:28:53.006     0     0 D [1 T3572  ..] [h265]: [0]cur lcu idx = 0, (total 2040), set error_mark
08-05 09:28:53.006     0     0 D [0 T212   ..] [amlv4l]: [1]: Post event: frame err
08-05 09:28:53.006     0     0 D [0 T4166  ..] [h265]: [0]cur lcu idx = 0, (total 2040), set error_mark
08-05 09:28:52.989   478  5317 I AmlManagePts: [0]"insert  push:25:0\n"
08-05 09:28:52.994   478  5317 I AmlManagePts: [0]"insert  push:26:0\n"
08-05 09:28:52.997  5240  5240 I SubtitleUtils: [setFileName]mFileName:/storage/6A6F-168B/本地视频/[4KH265_59.940fps_10bit]03.UHD_RideOnBoard_Chinese.ts
08-05 09:28:52.997  5240  5240 I SubtitleUtils: [accountExSubtitleNumber] prefix:[4KH265_59.940fps_10bit]03.UHD_RideOnBoard_Chinese.
08-05 09:28:52.998   257   257 D MesonHwc: [connect] [VtInstance-10] connect to videotunnel succeeded
08-05 09:28:52.998   257   257 D MesonHwc: connectInstanceLocked, [10] connect video tunnel succeeded
08-05 09:28:52.998   257   257 D MesonHwc: createThread, Create VtHandleEventsThread thread
08-05 09:28:52.998   257   257 D MesonHwc: [registerConsumer] [0] [71] connect to instance 10 seccussed
08-05 09:28:52.998   257   257 D MesonHwc: setSidebandStream [71] register consumer for videotunnel 10 succeeded
08-05 09:28:53.017     0     0 I         : [1 T257   ..] vt session 257-0 create
08-05 09:28:53.017     0     0 I         : [1 T257   ..] vt [10] consumer-257 connect, instance ref 3
08-05 09:28:52.998   257   257 D MesonHwc: handleVtThreadLocked, displayId:0 set video tunnel thread to Enabled
08-05 09:28:52.998   257   292 D MesonHwc: [waitMixVsync] waitVBlank to get hw vsync timestamp
08-05 09:28:53.000   478  5317 I AmlManagePts: [0]"insert  push:27:0\n"
08-05 09:28:53.005  5240  5240 I SubtitleUtils: accountExSubtitleNumber:0
08-05 09:28:53.006   478  5317 I AmlManagePts: [0]"insert  push:28:0\n"
08-05 09:28:53.011  5240  5240 I SubtitleManager: [total] SUBTITLE_CC_JASON type, mChalIdList.size() <=0
08-05 09:28:53.011  5240  5240 I SubtitleManager: [innerTotal]mInterSubTotal:-1
08-05 09:28:53.011  5240  5240 D SubtitleManager-jni: nativeTotalSubtitles 396 0xf1544a90
08-05 09:28:53.011   402  5325 I SubtitleServer: getTotalTracks ss=0xedf00120
08-05 09:28:53.011   402  5325 I SubtitleServer: getTotalTracks total=-1
08-05 09:28:53.011  5240  5240 I SubtitleManager: [total]mSubTotal:0, extTotal:0
08-05 09:28:53.012   257  5327 D MesonHwc: Display (0) ask for refresh.
08-05 09:28:53.013   257   257 D hwc_aipq: AipqProcessor
08-05 09:28:53.014  5240  5240 I SystemSubtitleUtils: total:0
08-05 09:28:53.014   257   257 D hwc_aipq: enter isPqInterfaceImplement.
08-05 09:28:53.014  5240  5240 I MoviePlayer: openSubtitle() end
08-05 09:28:53.014  5240  5240 I MoviePlayer: [initMediaInfo] mMediaPlayer:com.droidlogic.videoplayer.MyMediaPlayer@b92af84
08-05 09:28:53.014  5240  5240 I MediaPlayerExt: [getMediaInfobyInvoke]mp:com.droidlogic.app.MediaPlayerExt@fe2a6c0
08-05 09:28:53.015   478  5295 I NU-AmNuPlayer: [#3] AmNuPlayer::getMediaInfo
08-05 09:28:53.015   478  5295 I NU-AmNuPlayer: [#3] updateMediaInfo
08-05 09:28:53.015   476   792 I AmAVUtils: set default max-input-size to 6291456
08-05 09:28:53.016   478  5295 I NU-AmNuPlayer: [#3] [updateMediaInfo:1371]get i=0 , mime: video/hevc
08-05 09:28:53.016   478  5317 V mediaserver: [0805/092853.016107:VERBOSE1:v4l2_video_decode_accelerator.cc(4942)] CheckInterlaced(): 
08-05 09:28:53.016   478  5317 I VDA     : [3##1]VIDIOC_G_FMT format.fmt.pix.width 3840
08-05 09:28:53.016   478  5317 I VDA     : [3##1][GetVisibleSize] visible width 3840, height 2160
08-05 09:28:53.016   478  5317 I VDA     : [3##1]CheckInterlaced format.fmt.pix.field 1
08-05 09:28:53.016   478  5317 V mediaserver: [0805/092853.016291:VERBOSE1:v4l2_video_decode_accelerator.cc(5016)] NotifyEvent(): 
08-05 09:28:53.016   478  5317 I NU-AmNuPlayerTunnelDecoder: [#3] NotifyEvent FIELD_PROGRESSIVE
08-05 09:28:53.016   478  5317 I AmlManagePts: [0]"setInterlace set interlace[0]\n"
08-05 09:28:53.016   478  5303 I NU-AmNuPlayerRenderer: [#3] 1--->video firstVideoTimeUs 25525500 firstAudioTimeUs 24896000 queueDiff = 0.63 secs
08-05 09:28:53.016   478  5303 I NU-AmNuPlayerRenderer: [#3] drop audio data: 16384, line: 4650
08-05 09:28:53.017   478  5295 I NU-AmNuPlayer: [#3] [updateMediaInfo:1371]get i=1 , mime: audio/mp4a-latm
08-05 09:28:53.017   478  5295 I NU-AmNuPlayer: [#3] [updateMediaInfo:1558] video prog_num=1,cnt=0
08-05 09:28:53.017   478  5295 I NU-AmNuPlayer: [#3] [updateMediaInfo:1563] audio prog_num=1
08-05 09:28:53.017   478  5295 I NU-AmNuPlayer: [#3] --cur video:0 cur audio:1 cur sub:-1 
08-05 09:28:53.017   478  5295 I NU-AmNuPlayer: [#3] --video index:0 id:173 totlanum:1 width:3840 height:2160 
08-05 09:28:53.017   478  5295 I NU-AmNuPlayer: [#3] --audio index:1 id:86018 totlanum:1 channel:0 samplerate:48000 aformat=2
08-05 09:28:53.017   478  5295 I NU-AmNuPlayer: [#3] --programme i:0, id:0 programme_name:unknown
08-05 09:28:53.017  5240  5240 I MediaPlayerExt: [getMediaInfo]filename:-1,duration:160,file_size:null,bitrate:51818113,type:0
08-05 09:28:53.017  5240  5240 I MediaPlayerExt: [getMediaInfo]cur_video_index:0,cur_audio_index:1,cur_sub_index:-1
08-05 09:28:53.017  5240  5240 I MediaPlayerExt: [getMediaInfo]mediaInfo.total_video_num:1
08-05 09:28:53.018  5240  5240 I MediaPlayerExt: [getMediaInfo]videoInfo i:0,index:0,id:173
08-05 09:28:53.018  5240  5240 I MediaPlayerExt: [getMediaInfo]videoInfo i:0,vformat:VFORMAT_HEVC
08-05 09:28:53.018  5240  5240 I MediaPlayerExt: [getMediaInfo]videoInfo i:0,width:3840,height:2160
08-05 09:28:53.018  5240  5240 I MediaPlayerExt: [getMediaInfo]mediaInfo.total_audio_num:1
08-05 09:28:53.018  5240  5240 I MediaPlayerExt: [getMediaInfo]audioInfo j:0,index:1,id:86018,aformat:2
08-05 09:28:53.018  5240  5240 I MediaPlayerExt: [getMediaInfo]audioInfo j:0,channel:0,sample_rate:48000
08-05 09:28:53.018  5240  5240 I MediaPlayerExt: [getMediaInfo]mediaInfo.total_sub_num:0
08-05 09:28:53.018  5240  5240 I MediaPlayerExt: [getMediaInfo]mediaInfo.total_ts_num:1
08-05 09:28:53.019  5240  5240 I MediaPlayerExt: [getMediaInfo]tsprogrameInfo l:0,v_pid:0,title:unknown
08-05 09:28:53.019   478  5303 I NU-AmNuPlayerRenderer: [#3] 1--->audio firstVideoTimeUs 25525500 firstAudioTimeUs 24960000 queueDiff = 0.57 secs
08-05 09:28:53.019   478  5303 I NU-AmNuPlayerRenderer: [#3] drop audio data: 4096, line: 4650
08-05 09:28:53.019  5240  5240 I MediaPlayerExt: [getMediaInfo]data[0]:117(0x75)
08-05 09:28:53.019   478  5303 I NU-AmNuPlayerRenderer: [#3] 1--->audio firstVideoTimeUs 25525500 firstAudioTimeUs 24960000 queueDiff = 0.57 secs
08-05 09:28:53.019  5240  5240 I MediaPlayerExt: [getMediaInfo]data[1]:110(0x6e)
08-05 09:28:53.019   478  5303 I NU-AmNuPlayerRenderer: [#3] drop audio data: 4096, line: 4650
08-05 09:28:53.019   478  5303 I NU-AmNuPlayerRenderer: [#3] 1--->audio firstVideoTimeUs 25525500 firstAudioTimeUs 25024000 queueDiff = 0.50 secs
08-05 09:28:53.019  5240  5240 I MediaPlayerExt: [getMediaInfo]data[2]:107(0x6b)
08-05 09:28:53.019   478  5303 I NU-AmNuPlayerRenderer: [#3] drop audio data: 4096, line: 4650
08-05 09:28:53.019  5240  5240 I MediaPlayerExt: [getMediaInfo]data[3]:110(0x6e)
08-05 09:28:53.019  5240  5240 I MediaPlayerExt: [getMediaInfo]data[4]:111(0x6f)
08-05 09:28:53.019  5240  5240 I MediaPlayerExt: [getMediaInfo]data[5]:119(0x77)
08-05 09:28:53.019  5240  5240 I MediaPlayerExt: [getMediaInfo]data[6]:110(0x6e)
08-05 09:28:53.019  5240  5240 I MediaPlayerExt: [getMediaInfo]=======================================
08-05 09:28:53.019  5240  5240 I MediaPlayerExt: [getMediaInfo]mediaInfo.total_sub_num:0
08-05 09:28:53.019  5240  5240 I MediaInfo: [printMediaInfo]mInfo:com.droidlogic.app.MediaPlayerExt$MediaInfo@307236d
08-05 09:28:53.020   478  5317 I AmlManagePts: [0]"insert  push:30:0\n"
08-05 09:28:53.020  5240  5240 I MediaInfo: [printMediaInfo]filename:-1,duration:160,file_size:null,bitrate:51818113,type:0
08-05 09:28:53.021  5240  5240 I MediaInfo: [printMediaInfo]cur_video_index:0,cur_audio_index:1,cur_sub_index:-1
08-05 09:28:53.021  5240  5240 I MediaInfo: [printMediaInfo]total_video_num:1
08-05 09:28:53.022  5240  5240 I MediaInfo: [printMediaInfo]videoInfo i:0,index:0,id:173
08-05 09:28:53.022  5240  5240 I MediaInfo: [printMediaInfo]videoInfo i:0,vformat:VFORMAT_HEVC
08-05 09:28:53.022  5240  5240 I MediaInfo: [printMediaInfo]videoInfo i:0,width:3840,height:2160
08-05 09:28:53.022  5240  5240 I MediaInfo: [printMediaInfo]total_audio_num:1
08-05 09:28:53.022  5240  5240 I MediaInfo: [printMediaInfo]audioInfo j:0,index:1,id:86018
08-05 09:28:53.022  5240  5240 I MediaInfo: [printMediaInfo]audioInfo j:0,aformat:2
08-05 09:28:53.023  5240  5240 I MediaInfo: [printMediaInfo]audioInfo j:0,channel:0,sample_rate:48000
08-05 09:28:53.023  5240  5240 I MediaInfo: [printMediaInfo]total_sub_num:0
08-05 09:28:53.024  5240  5240 D MediaPlayerNative: getMetadata
08-05 09:28:53.024   478   531 I NU-AmNuPlayerDriver: [#3] getMetadata 1387
08-05 09:28:53.024   478   531 I NU-AmNuPlayerDriver: [#3] getMetadata mVideoWidth 3840, mVideoHeight 2160
08-05 09:28:53.024   476   792 I AmAVUtils: set default max-input-size to 6291456
08-05 09:28:53.024   257   257 D hwc_aipq: NN interface is implement in.
08-05 09:28:53.024   257   257 D hwc_aipq: threadNnInit creat
08-05 09:28:53.025   478   531 I NU-AmNuPlayer: [#3] AmNuPlayer::Source::getFormat frame-rate = 60
08-05 09:28:53.025   257   257 E hwc_aipq: open uvm
08-05 09:28:53.025   478   531 I NU-AmNuPlayer: [#3] [getStrCurrentCodecMime 5483] 0 mDTSMimeFromCodec:0-->mMediaRenderingStarted:0
08-05 09:28:53.025   257   257 D hwc_aipq: setup
08-05 09:28:53.025   257   257 D hwc_aipq: threadMain creat
08-05 09:28:53.025   257  5328 D hwc_aipq: AipqProcessor: LoadNNModel start.
08-05 09:28:53.025   476   792 I AmAVUtils: set default max-input-size to 6291456
08-05 09:28:53.025   271   285 I SystemControl: [frameRateDisplay] +++
08-05 09:28:53.025   271   285 I SystemControl: SystemControlHal frameRateDisplay 1,[40 0 760 1280]
08-05 09:28:53.025   271   285 I SystemControl: [/SysWrite.cpp, getKernelReleaseVersion, 701] getKernelReleaseVersion: 5.15
08-05 09:28:53.025   257  5328 D hwc_aipq: get_file_data end line: 276
08-05 09:28:53.025   257  5328 D hwc_aipq: get vnn scenes data successful
08-05 09:28:53.025   257  5328 D hwc_aipq: scenens_data[0]: faceskin
08-05 09:28:53.025   257  5328 D hwc_aipq: scenens_data[1]: bluesky
08-05 09:28:53.025   271   285 D SystemControl: axis is 800x1280
08-05 09:28:53.025   257  5328 D hwc_aipq: scenens_data[2]: flowers
08-05 09:28:53.025   271   285 E SystemControl: inScreen  800 1280 [ 40 0 760 1280]
08-05 09:28:53.025   257  5328 D hwc_aipq: scenens_data[3]: foods
08-05 09:28:53.025   271   285 D SystemControl: SystemControlHal frect.inscreen() 1
08-05 09:28:53.025   257  5328 D hwc_aipq: scenens_data[4]: breads
08-05 09:28:53.025   478   531 I NU-AmNuPlayer: [#3] AmNuPlayer::Source::getFormat frame-rate = 60
08-05 09:28:53.025   257  5328 D hwc_aipq: scenens_data[5]: fruits
08-05 09:28:53.025   271   285 I SystemControl: [/SysWrite.cpp, getKernelReleaseVersion, 701] getKernelReleaseVersion: 5.15
08-05 09:28:53.025   257  5328 D hwc_aipq: scenens_data[6]: meats
08-05 09:28:53.025   478   531 I NU-AmNuPlayer: [#3] [getStrCurrentCodecMime 5483] 0 mDTSMimeFromCodec:0-->mMediaRenderingStarted:0
08-05 09:28:53.025   257  5328 D hwc_aipq: scenens_data[7]: document
08-05 09:28:53.025   257  5328 D hwc_aipq: scenens_data[8]: ocean
08-05 09:28:53.025   271   285 D SystemControl: axis is 800x1280
08-05 09:28:53.025   257  5328 D hwc_aipq: scenens_data[9]: pattern
08-05 09:28:53.025   478   531 I AmMetadata: appendString hevc, 4
08-05 09:28:53.025   271   285 E SystemControl: inScreen  800 1280 [ 40 0 760 1280]
08-05 09:28:53.025   257  5328 D hwc_aipq: scenens_data[10]: group
08-05 09:28:53.025   257  5328 D hwc_aipq: scenens_data[11]: animals
08-05 09:28:53.025   257  5328 D hwc_aipq: scenens_data[12]: grass
08-05 09:28:53.025   257  5328 D hwc_aipq: scenens_data[13]: iceskate
08-05 09:28:53.025   257  5328 D hwc_aipq: scenens_data[14]: leaves
08-05 09:28:53.026   257  5328 D hwc_aipq: scenens_data[15]: racetrack
08-05 09:28:53.026   257  5328 D hwc_aipq: scenens_data[16]: fireworks
08-05 09:28:53.026   257  5328 D hwc_aipq: scenens_data[17]: waterfall
08-05 09:28:53.026   257  5328 D hwc_aipq: scenens_data[18]: beach
08-05 09:28:53.026   271   285 I SystemControl-FRA: [/FrameRateAutoAdaption.cpp, isFrameRateOn, 169] hdmi frame rate is on
08-05 09:28:53.026   257  5328 D hwc_aipq: scenens_data[19]: waterside
08-05 09:28:53.026   257  5328 D hwc_aipq: scenens_data[20]: snows
08-05 09:28:53.026   257  5328 D hwc_aipq: scenens_data[21]: nightscop
08-05 09:28:53.026   257  5328 D hwc_aipq: scenens_data[22]: sunset
08-05 09:28:53.026   257  5328 D hwc_aipq: nn_scenes_data[0]: Animal
08-05 09:28:53.026   257  5328 D hwc_aipq: nn_scenes_data[1]: Arch
08-05 09:28:53.026   257  5328 D hwc_aipq: nn_scenes_data[2]: Skin
08-05 09:28:53.026   257  5328 D hwc_aipq: nn_scenes_data[3]: Blue
08-05 09:28:53.026   257  5328 D hwc_aipq: nn_scenes_data[4]: FlFd
08-05 09:28:53.026   257  5328 D hwc_aipq: nn_scenes_data[5]: Document
08-05 09:28:53.026   257  5328 D hwc_aipq: nn_scenes_data[6]: Green
08-05 09:28:53.026   257  5328 D hwc_aipq: nn_scenes_data[7]: Grouppeople
08-05 09:28:53.026   257  5328 D hwc_aipq: nn_scenes_data[8]: Night
08-05 09:28:53.026   257  5328 D hwc_aipq: nn_scenes_data[9]: Pattern
08-05 09:28:53.026   257  5328 D hwc_aipq: nn_scenes_data[10]: Snow
08-05 09:28:53.026   257  5328 D hwc_aipq: nn_scenes_data[11]: Sports
08-05 09:28:53.026   257  5328 D hwc_aipq: nn_scenes_data[12]: Sunset
08-05 09:28:53.026   257  5328 D hwc_aipq: nn_scenes_data[13]: Underwater
08-05 09:28:53.026   257  5328 D hwc_aipq: aipq_scenes_data[0]: Skin
08-05 09:28:53.026   257  5328 D hwc_aipq: aipq_scenes_data[1]: Blue
08-05 09:28:53.026   257   257 E MesonHwc: getConnector:unsupported connector type 15
08-05 09:28:53.026   257  5328 D hwc_aipq: aipq_scenes_data[2]: FlFd
08-05 09:28:53.026   257   257 V MesonDisplayServer: GetDisplayMode:
08-05 09:28:53.026   257  5328 D hwc_aipq: aipq_scenes_data[3]: Arch
08-05 09:28:53.027   257  5328 D hwc_aipq: aipq_scenes_data[4]: Green
08-05 09:28:53.027   257  5328 D hwc_aipq: aipq_scenes_data[5]: Night
08-05 09:28:53.027   257  5328 D hwc_aipq: aipq_scenes_data[6]: Document
08-05 09:28:53.027   257   257 E MesonHwc: getConnector:unsupported connector type 15
08-05 09:28:53.027   257  5328 D hwc_aipq: aipq_scenes_data[7]: MAX_SCENE
08-05 09:28:53.027   257   257 V MesonDisplayServer: GetDisplayMode:
08-05 09:28:53.027   271   285 I SystemControl: [frameRateDisplay] ---
08-05 09:28:53.053     0     0 I [1 T5327  ..] vc: [0]vc: set enable index=0, val=1
08-05 09:28:53.053     0     0 I [1 T5327  ..] VID: VD1 off
08-05 09:28:53.053     0     0 I [1 T5327  ..] VID: VD1 set global output as 1
08-05 09:28:53.053     0     0 I [1 T5327  ..] VID: store VD0 path_id changed -1->2
08-05 09:28:53.053     0     0 I [1 T5327  ..] vc: [0]sideband_type =-1
08-05 09:28:53.062     0     0 I [2 T288   ..] vc: [0]video_composer.0: cma memory is c01f2000 , size is  bde000
08-05 09:28:53.077     0     0 I [2 T288   ..] vc: [0]video_composer.0: cma memory is c0dd0000 , size is  bde000
08-05 09:28:53.025  5330  5330 I binder:257_2: type=1400 audit(0.0:2708): avc:  denied  { execute_no_trans } for  path="/vendor/bin/sh" dev="overlay" ino=506858 scontext=u:r:hal_graphics_composer_default:s0 tcontext=u:object_r:vendor_shell_exec:s0 tclass=file permissive=1
08-05 09:28:53.032   478  5303 I NU-AmNuPlayerRenderer: [#3] 1--->audio firstVideoTimeUs 25525500 firstAudioTimeUs 25024000 queueDiff = 0.50 secs
08-05 09:28:53.032   478  5303 I NU-AmNuPlayerRenderer: [#3] drop audio data: 4096, line: 4650
08-05 09:28:53.033   478  5303 I NU-AmNuPlayerRenderer: [#3] 1--->audio firstVideoTimeUs 25525500 firstAudioTimeUs 25024000 queueDiff = 0.50 secs
08-05 09:28:53.033   478  5303 I NU-AmNuPlayerRenderer: [#3] drop audio data: 4096, line: 4650
08-05 09:28:53.033   478  5303 I NU-AmNuPlayerRenderer: [#3] 1--->audio firstVideoTimeUs 25525500 firstAudioTimeUs 25088000 queueDiff = 0.44 secs
08-05 09:28:53.033   478  5303 I NU-AmNuPlayerRenderer: [#3] drop audio data: 4096, line: 4650
08-05 09:28:53.033   478  5303 I NU-AmNuPlayerRenderer: [#3] 1--->audio firstVideoTimeUs 25525500 firstAudioTimeUs 25088000 queueDiff = 0.44 secs
08-05 09:28:53.033   478  5303 I NU-AmNuPlayerRenderer: [#3] drop audio data: 4096, line: 4650
08-05 09:28:53.033   257  5327 D MesonHwc: VideoComposerDev (9) set (1).
08-05 09:28:53.034   478   531 I NU-AmNuPlayer: [#3] AmNuPlayer::Source::getFormat frame-rate = failed
08-05 09:28:53.034   478   531 I NU-AmNuPlayer: [#3] getFormat audio extend format : audio/ffmpeg
08-05 09:28:53.034   478   531 I NU-AmNuPlayer: [#3] [getStrCurrentCodecMime 5483] 1 mDTSMimeFromCodec:0-->mMediaRenderingStarted:0
08-05 09:28:53.034   478   531 I NU-AmNuPlayer: [#3] AmNuPlayer::Source::getFormat frame-rate = failed
08-05 09:28:53.035   478   531 I NU-AmNuPlayer: [#3] getFormat audio extend format : audio/ffmpeg
08-05 09:28:53.035   478   531 I NU-AmNuPlayer: [#3] [getStrCurrentCodecMime 5483] 1 mDTSMimeFromCodec:0-->mMediaRenderingStarted:0
08-05 09:28:53.035   478   531 I AmMetadata: appendString mp4a-latm, 9
08-05 09:28:53.086     0     0 I [2 T288   ..] vc: [0]video_composer.0: cma memory is c1dae000 , size is  bde000
08-05 09:28:53.035   476   792 I AmAVUtils: set default max-input-size to 6291456
08-05 09:28:53.035   478   531 I NU-AmNuPlayer: [#3] AmNuPlayer::Source::getFormat frame-rate = 60
08-05 09:28:53.035   478   531 I NU-AmNuPlayer: [#3] [getStrCurrentCodecMime 5483] 0 mDTSMimeFromCodec:0-->mMediaRenderingStarted:0
08-05 09:28:53.036   478   531 I NU-AmNuPlayer: [#3] AmNuPlayer::Source::getFormat frame-rate = failed
08-05 09:28:53.036   478   531 I NU-AmNuPlayer: [#3] getFormat audio extend format : audio/ffmpeg
08-05 09:28:53.036   478   531 I NU-AmNuPlayer: [#3] [getStrCurrentCodecMime 5483] 1 mDTSMimeFromCodec:0-->mMediaRenderingStarted:0
08-05 09:28:53.036   478   531 I NU-AmNuPlayerDriver: [#3] getMetadata kVideoCodec hevc, kAudioCodec mp4a-latm
08-05 09:28:53.037   478   531 I NU-AmNuPlayer: [#3] AmNuPlayer::Source::getFormat frame-rate = failed
08-05 09:28:53.037   478   531 I NU-AmNuPlayer: [#3] getFormat audio extend format : audio/ffmpeg
08-05 09:28:53.037   478   531 I AmMetadata: appendString mono, 4
08-05 09:28:53.037   476  5142 I AmAVUtils: set default max-input-size to 6291456
08-05 09:28:53.037   478   531 D NU-AmNuPlayer: [#3] [5687] getRealFrameRate: 5994
08-05 09:28:53.046   478  5303 I NU-AmNuPlayerRenderer: [#3] 1--->audio firstVideoTimeUs 25525500 firstAudioTimeUs 25088000 queueDiff = 0.44 secs
08-05 09:28:53.046   478  5303 I NU-AmNuPlayerRenderer: [#3] drop audio data: 4096, line: 4650
08-05 09:28:53.048   478  5303 I NU-AmNuPlayerRenderer: [#3] 1--->audio firstVideoTimeUs 25525500 firstAudioTimeUs 25152000 queueDiff = 0.37 secs
08-05 09:28:53.048   478  5303 I NU-AmNuPlayerRenderer: [#3] drop audio data: 4096, line: 4650
08-05 09:28:53.049   478  5303 I NU-AmNuPlayerRenderer: [#3] 1--->audio firstVideoTimeUs 25525500 firstAudioTimeUs 25152000 queueDiff = 0.37 secs
08-05 09:28:53.049   478  5303 I NU-AmNuPlayerRenderer: [#3] drop audio data: 4096, line: 4650
08-05 09:28:53.055  5240  5240 I MoviePlayer: subtitle setting ok button click or init call
08-05 09:28:53.057  5240  5240 I MoviePlayer: lqj, set Subtitle setting to subtitleManager,win h:2160,w:3840,pw:1280after height:720
08-05 09:28:53.058  5240  5240 I SystemSubtitleUtils: [setSubtitleView]
08-05 09:28:53.060  5240  5240 I SystemSubtitleUtils: set Subtitle setting to subtitleManager, win h:720,margin y:40
08-05 09:28:53.062  5240  5240 I SystemSubtitleUtils: text subtitle y position:40
08-05 09:28:53.063  5240  5240 D SystemSubtitleUtils: setSubtitleEnc:null
08-05 09:28:53.064  5240  5240 D SystemSubtitleUtils: selected Pos:0,set translate language to subtitle manager---language:
08-05 09:28:53.065  5240  5240 E SystemSubtitleUtils: no such method errorjava.lang.NoSuchMethodError: No virtual method setSubTranslationLanguage(Ljava/lang/String;Ljava/lang/String;)I in class Lcom/droidlogic/app/SubtitleManager; or its super classes (declaration of 'com.droidlogic.app.SubtitleManager' appears in /vendor/framework/droidlogic.software.core.jar)
08-05 09:28:53.066  5240  5240 I MyMediaPlayer_MoviePlayer: onInfochanged--lister
08-05 09:28:53.069  5240  5240 I MediaInfo: amime:audio/mp4a-latm
08-05 09:28:53.069  5240  5240 I MoviePlayer: gotoTeletextSubtitlePage
08-05 09:28:53.093     0     0 I [2 T288   ..] vc: [0]video_composer.0: cma memory is c298c000 , size is  bde000
08-05 09:28:53.093     0     0 I [2 T288   ..] vc: [0] init_dewarp_composer: create dewrap work_queue success.
08-05 09:28:53.093     0     0 I [2 T288   ..] vc: [0]last count=0, current count=1
08-05 09:28:53.093     0     0 I [2 T288   ..] vc: [0] start load firmware.
08-05 09:28:53.070  5240  5240 I MediaInfo: is uni media for iptv:0
08-05 09:28:53.070  5240  5240 I MediaInfo: getTeletextSubtitlePage
08-05 09:28:53.073  5240  5240 D MoviePlayer: setSurfaceFrameRate---
08-05 09:28:53.074  5240  5240 D MediaPlayerNative: getMetadata
08-05 09:28:53.075   478   914 I NU-AmNuPlayerDriver: [#3] getMetadata 1387
08-05 09:28:53.076   478   914 I NU-AmNuPlayerDriver: [#3] getMetadata mVideoWidth 3840, mVideoHeight 2160
08-05 09:28:53.076   476  5142 I AmAVUtils: set default max-input-size to 6291456
08-05 09:28:53.077   478   914 I NU-AmNuPlayer: [#3] AmNuPlayer::Source::getFormat frame-rate = 60
08-05 09:28:53.077   478   914 I NU-AmNuPlayer: [#3] [getStrCurrentCodecMime 5483] 0 mDTSMimeFromCodec:0-->mMediaRenderingStarted:0
08-05 09:28:53.077   476  5142 I AmAVUtils: set default max-input-size to 6291456
08-05 09:28:53.078   478   914 I NU-AmNuPlayer: [#3] AmNuPlayer::Source::getFormat frame-rate = 60
08-05 09:28:53.078   478   914 I NU-AmNuPlayer: [#3] [getStrCurrentCodecMime 5483] 0 mDTSMimeFromCodec:0-->mMediaRenderingStarted:0
08-05 09:28:53.078   478   914 I AmMetadata: appendString hevc, 4
08-05 09:28:53.078   478   914 I NU-AmNuPlayer: [#3] AmNuPlayer::Source::getFormat frame-rate = failed
08-05 09:28:53.078   478   914 I NU-AmNuPlayer: [#3] getFormat audio extend format : audio/ffmpeg
08-05 09:28:53.078   478   914 I NU-AmNuPlayer: [#3] [getStrCurrentCodecMime 5483] 1 mDTSMimeFromCodec:0-->mMediaRenderingStarted:0
08-05 09:28:53.079   478   914 I NU-AmNuPlayer: [#3] AmNuPlayer::Source::getFormat frame-rate = failed
08-05 09:28:53.079   478   914 I NU-AmNuPlayer: [#3] getFormat audio extend format : audio/ffmpeg
08-05 09:28:53.079   478   914 I NU-AmNuPlayer: [#3] [getStrCurrentCodecMime 5483] 1 mDTSMimeFromCodec:0-->mMediaRenderingStarted:0
08-05 09:28:53.079   478   914 I AmMetadata: appendString mp4a-latm, 9
08-05 09:28:53.079   476   947 I AmAVUtils: set default max-input-size to 6291456
08-05 09:28:53.080   478   914 I NU-AmNuPlayer: [#3] AmNuPlayer::Source::getFormat frame-rate = 60
08-05 09:28:53.080   478   914 I NU-AmNuPlayer: [#3] [getStrCurrentCodecMime 5483] 0 mDTSMimeFromCodec:0-->mMediaRenderingStarted:0
08-05 09:28:53.083   478   914 I NU-AmNuPlayer: [#3] AmNuPlayer::Source::getFormat frame-rate = failed
08-05 09:28:53.083   478   914 I NU-AmNuPlayer: [#3] getFormat audio extend format : audio/ffmpeg
08-05 09:28:53.083   478   914 I NU-AmNuPlayer: [#3] [getStrCurrentCodecMime 5483] 1 mDTSMimeFromCodec:0-->mMediaRenderingStarted:0
08-05 09:28:53.083   478   914 I NU-AmNuPlayerDriver: [#3] getMetadata kVideoCodec hevc, kAudioCodec mp4a-latm
08-05 09:28:53.086   478  5303 I NU-AmNuPlayerRenderer: [#3] 1--->audio firstVideoTimeUs 25525500 firstAudioTimeUs 25152000 queueDiff = 0.37 secs
08-05 09:28:53.086   478  5303 I NU-AmNuPlayerRenderer: [#3] drop audio data: 4096, line: 4650
08-05 09:28:53.087   478   914 I NU-AmNuPlayer: [#3] AmNuPlayer::Source::getFormat frame-rate = failed
08-05 09:28:53.087   478   914 I NU-AmNuPlayer: [#3] getFormat audio extend format : audio/ffmpeg
08-05 09:28:53.087   478   914 I AmMetadata: appendString mono, 4
08-05 09:28:53.087   476  5142 I AmAVUtils: set default max-input-size to 6291456
08-05 09:28:53.114     0     0 I [1 T288   ..] vc: [0]invalid aiface param.
08-05 09:28:53.093   271   271 I CDevicePollChec: type=1400 audit(0.0:2709): avc:  denied  { call } for  scontext=u:r:system_control:s0 tcontext=u:r:hal_power_default:s0 tclass=binder permissive=1
08-05 09:28:53.122     0     0 I [2 T282   ..] dim: pq i:rm 0x400
08-05 09:28:53.123     0     0 I [2 T282   ..] dim: pq i:rm 0x1000
08-05 09:28:53.093   271   271 I CDevicePollChec: type=1400 audit(0.0:2710): avc:  denied  { call } for  scontext=u:r:system_control:s0 tcontext=u:r:hal_oemlock_default:s0 tclass=binder permissive=1
08-05 09:28:53.097   271   271 I CDevicePollChec: type=1400 audit(0.0:2711): avc:  denied  { call } for  scontext=u:r:system_control:s0 tcontext=u:r:mediacodec:s0 tclass=binder permissive=1
08-05 09:28:53.088   478   914 D NU-AmNuPlayer: [#3] [5687] getRealFrameRate: 5994
08-05 09:28:53.090   478  5317 I AmlManagePts: [0]"insert  push:41:0\n"
08-05 09:28:53.090   478  5317 I AmlManagePts: [0]"insert  push:42:0\n"
08-05 09:28:53.090   478  5317 I AmlManagePts: [0]"insert  push:43:0\n"
08-05 09:28:53.090  5240  5240 D MoviePlayer: type=0, fps=5994, on=true
08-05 09:28:53.094   478  5303 I NU-AmNuPlayerRenderer: [#3] 1--->audio firstVideoTimeUs 25525500 firstAudioTimeUs 25216000 queueDiff = 0.31 secs
08-05 09:28:53.094   478  5303 I NU-AmNuPlayerRenderer: [#3] drop audio data: 4096, line: 4650
08-05 09:28:53.095   478  5303 I NU-AmNuPlayerRenderer: [#3] 1--->audio firstVideoTimeUs 25525500 firstAudioTimeUs 25216000 queueDiff = 0.31 secs
08-05 09:28:53.095   478  5303 I NU-AmNuPlayerRenderer: [#3] drop audio data: 4096, line: 4650
08-05 09:28:53.095   478  5303 I NU-AmNuPlayerRenderer: [#3] 1--->audio firstVideoTimeUs 25525500 firstAudioTimeUs 25216000 queueDiff = 0.31 secs
08-05 09:28:53.095   478  5303 I NU-AmNuPlayerRenderer: [#3] drop audio data: 4096, line: 4650
08-05 09:28:53.095  5240  5240 D MoviePlayer: surfaceSetFrameRateMethod call, fps:59.94
08-05 09:28:53.096   271   282 D SystemControl: [CPQControl]:onVframeSizeChange: event value = 23(0x17)
08-05 09:28:53.096   271   282 D SystemControl: [CPQControl]:isBootvideoStopped: bootvideo enable value is 0050!
08-05 09:28:53.096   271   282 D SystemControl: [CPQControl]:isBootvideoStopped: bootvideo don't enable!
08-05 09:28:53.096   271   282 D SystemControl: [CPQControl]:onVframeSizeChange: sig_fmt = 0x445(1093)
08-05 09:28:53.096   271   282 D SystemControl: [CPQControl]:SetCurrentSourceInputInfo: param_check_source_enable = 0
08-05 09:28:53.096   271   282 D SystemControl: [CPQControl]:SetCurrentSourceInputInfo:new source info: source=10,sigFmt=1093(0x445)
08-05 09:28:53.096   271   282 D SystemControl: [CPQControl]:Cpq_GetSourceHDRType: newHdrType:6, source_input:10
08-05 09:28:53.096   271   282 D SystemControl: [CPQControl]:SetCurrentSourceInputInfo: send hdr event, info is 6
08-05 09:28:53.097   271   282 D SystemControl: [CPQControl]:SetCurrentSourceInputInfo: mCurrentHdrType is 6, hdrStatus is 0!
08-05 09:28:53.132     0     0 I [2 T282   ..] dim: pq i:rm 0x2000
08-05 09:28:53.097   202   650 I SystemControlClient: notifyHdrInfoChangedCallback: listener is NULL.
08-05 09:28:53.097   271   282 D SystemControl: [CPQControl]:SetCurrentSourceInputInfo:PqSrcTim.pq_source_input is 11  PqSrcTim.pq_sig_fmt is 1
08-05 09:28:53.097   271   282 D SystemControl: [CPQControl]:CheckOutPutMode: current output mode:800x1280p60hz
08-05 09:28:53.097   271   282 D SystemControl: [CPQControl]:CheckOutPutMode: outputFrameHeight:800 mDisplayMode120_100Hz:0
08-05 09:28:53.097   271   282 I SystemControl: [CPQControl]:Cpq_GetInputVideoFrameHeight: inputFrameHeight is 2160!
08-05 09:28:53.097   271   282 D SystemControl: [CPQControl]:MapDbTvoutWithIOResolution inputFrameHeight 2160 outputFrameHeight 800
08-05 09:28:53.097   271   282 D SystemControl: [CPQControl]:MapDbTvoutWithIOResolution table_type 0 index_in 4 index_out 2 
08-05 09:28:53.097   271   282 D SystemControl: [CPQControl]:MapDbTvoutWithIOResolution OutPutType 13
08-05 09:28:53.097   271   282 D SystemControl: [CPQControl]:CheckOutPutMode: output mode is 13!
08-05 09:28:53.097   271   282 D SystemControl: [CPQControl]:SetCurrentSourceInputInfo:CurSource is 11  CurTimming is 1
08-05 09:28:53.097   271   282 I SystemControl: [CPQControl]:source_input: 10, sig_fmt: 0x445(1093), trans_fmt: 0x0
08-05 09:28:53.097   271   282 I SystemControl: [CPQControl]:pq_source_input: 11, timming: 1, 
08-05 09:28:53.097   271   282 D SystemControl: [CPQControl]:setPQModeByTvService: gameStatus: 0, pcStatus: 0!
08-05 09:28:53.097   271   282 D SystemControl: [CPQControl]:setPQModeByTvService: don't support tvservice!
08-05 09:28:53.097   271   282 D SystemControl: [CPQControl]:setPQModeByTvService success!
08-05 09:28:53.097   271   282 D SystemControl: [CPQdb]:GetTableName: mDbMatchType 7
08-05 09:28:53.099   271   282 D SystemControl: [CPQdb]:GetTableName table name is Sharpness_NOSCALE_Variable!
08-05 09:28:53.099   271   282 D SystemControl: [CPQControl]:Cpq_SetSharpnessVariableParam success!
08-05 09:28:53.099   271   282 D SystemControl: [CPQControl]:Cpq_SetSharpness0VariableParam: sharpness0 module disabled!
08-05 09:28:53.099   271   282 D SystemControl: [CPQControl]:Cpq_SetSharpness1VariableParam: sharpness1 module disabled!
08-05 09:28:53.099   271   282 D SystemControl: [CPQControl]:Cpq_SetSharpnessPiVariableParam: sharpnesspi module disabled!
08-05 09:28:53.099   271   282 D SystemControl: [CPQControl]:SetFacColorParams success!
08-05 09:28:53.099   271   282 I SystemControl: [CPQControl]:SetPQPictureMode:
08-05 09:28:53.099   271   282 I SystemControl: PictureMode:        0.
08-05 09:28:53.099   271   282 I SystemControl: Brightness:        50, Contrast:          50, Saturation:        50, Hue:              50,
08-05 09:28:53.099   271   282 I SystemControl: Sharpness:         50, Backlight:         -1, Nr:                 2, DynamicContrast:   2,
08-05 09:28:53.099   271   282 I SystemControl: DynamicBacklight    0, ColorGamut:         0, ColorTemperature:   0, LocalContrast:     2,
08-05 09:28:53.099   271   282 I SystemControl: BlackStretch:       0, BlueStretch:        0, MpegNr:             1, ChromaCoring:      1,
08-05 09:28:53.099   271   282 I SystemControl: Memc                3, SmoothPlus:         1, SuperResolution     0, Gamma              6,
08-05 09:28:53.099   271   282 I SystemControl: hdr_tone_mapping:  -1, DvMode:            -1, DvDarkDetail:      -1, DvLightSensor:    -1,
08-05 09:28:53.099   271   282 I SystemControl: AmDolbyPrcision:   -1, Deblock:            1, DeMoSquito:         1
08-05 09:28:53.100   271   282 D SystemControl: [CPQControl]:Cpq_SetVideoBrightness brightness : 128
08-05 09:28:53.100   271   282 D SystemControl: [CPQControl]:to Driver brightness : 0
08-05 09:28:53.100   271   282 D SystemControl: [CPQControl]:Cpq_SetVideoContrast: 128
08-05 09:28:53.100   271   282 D SystemControl: [CPQControl]:to Driver Contrast: 0
08-05 09:28:53.100   271   282 D SystemControl: [CPQControl]:GetHue, source: 11, timming: 1 value = 50
08-05 09:28:53.100   271   282 D SystemControl: [CPQControl]:Cpq_SetVideoSaturationHue, Cpq_SetVideoSaturationHue: 128 128
08-05 09:28:53.100   371   382 I SystemControlClient: notifyHdrInfoChangedCallback: listener is NULL.
08-05 09:28:53.100   271   282 D SystemControl: [CPQControl]:Cpq_SetVideoSaturationHue: to Driver Saturation = 0, Hue = 0
08-05 09:28:53.100   271   282 D SystemControl: [CPQControl]:GetSaturation, source: 11, timming: 1, value = 50
08-05 09:28:53.100   370   398 I SystemControlClient: notifyHdrInfoChangedCallback: listener is NULL.
08-05 09:28:53.100   271   282 D SystemControl: [CPQControl]:Cpq_SetVideoSaturationHue, Cpq_SetVideoSaturationHue: 128 128
08-05 09:28:53.100   271   282 D SystemControl: [CPQControl]:Cpq_SetVideoSaturationHue: to Driver Saturation = 0, Hue = 0
08-05 09:28:53.100   271   282 D SystemControl: [CPQControl]:Cpq_SetSharpnessLevel success!
08-05 09:28:53.100   271   282 D SystemControl: [CPQControl]:Cpq_SetSharpness0Level: sharpness0 module disabled!
08-05 09:28:53.100   271   282 D SystemControl: [CPQControl]:Cpq_SetSharpness1Level: sharpness1 module disabled!
08-05 09:28:53.101   271   282 D SystemControl: [CPQControl]:Cpq_SetSharpnessPiLevel: sharpnesspi module disabled!
08-05 09:28:53.101   271   282 D SystemControl: [CPQControl]:Cpq_SetSharpness success!
08-05 09:28:53.101   271   282 D SystemControl: [CPQdb]:GetTableName: mDbMatchType 7
08-05 09:28:53.101   271   282 D SystemControl: [CPQdb]:GetTableName table name is NR_MPEG_HD!
08-05 09:28:53.101   478  5303 I NU-AmNuPlayerRenderer: [#3] 1--->audio firstVideoTimeUs 25525500 firstAudioTimeUs 25280000 queueDiff = 0.25 secs
08-05 09:28:53.101   478  5303 I NU-AmNuPlayerRenderer: [#3] drop audio data: 4096, line: 4650
08-05 09:28:53.102   271   282 I SystemControl: [CPQdb]:getDIRegValuesByValue, length = 178
08-05 09:28:53.102   271   282 D SystemControl: [CPQControl]:Cpq_SetNoiseReductionMode success!
08-05 09:28:53.102   271   282 D SystemControl: [CPQdb]:GetTableName: mDbMatchType 7
08-05 09:28:53.103   271   282 D SystemControl: [CPQdb]:GetTableName table name is DNLP_MPEG!
08-05 09:28:53.103   271   282 D SystemControl: [CPQControl]:Cpq_SetDnlpMode same Table, skip Load!
08-05 09:28:53.103   271   282 D SystemControl: [CPQControl]:Cpq_SetLocalContrastMode: local contrast module disabled!
08-05 09:28:53.103   271   282 D SystemControl: [CPQControl]:Cpq_SetBlackStretch: BlackStretch disabled!
08-05 09:28:53.103   271   282 D SystemControl: [CPQControl]:Cpq_SetBlueStretch: BlueStretch disabled!
08-05 09:28:53.103   271   282 D SystemControl: [CPQControl]:Cpq_SetChromaCoring: ChromaCoring disabled!
08-05 09:28:53.103  5240  5240 I MyMediaPlayer_MoviePlayer: getDuration when seeking or error, return restore value, state:7
08-05 09:28:53.103   271   282 D SystemControl: [CPQdb]:GetTableName: mDbMatchType 7
08-05 09:28:53.103  5240  5240 I MoviePlayer: [updateMediaMetadata] title=[4KH265_59.940fps_10bit]03.UHD_RideOnBoard_Chinese.ts, duration=0
08-05 09:28:53.103   271   282 D SystemControl: [CPQdb]:GetTableName table name is DEBLOCK_MPEG!
08-05 09:28:53.103   271   282 I SystemControl: [CPQdb]:getDIRegValuesByValue, length = 17
08-05 09:28:53.104   271   282 D SystemControl: [CPQControl]:Cpq_SetDeblockMode success!
08-05 09:28:53.104   271   282 D SystemControl: [CPQdb]:GetTableName: mDbMatchType 7
08-05 09:28:53.108   367   893 I SystemControlClient: notifyHdrInfoChangedCallback: listener is NULL.
08-05 09:28:53.110   478  5303 I NU-AmNuPlayerRenderer: [#3] 1--->audio firstVideoTimeUs 25525500 firstAudioTimeUs 25280000 queueDiff = 0.25 secs
08-05 09:28:53.110   478  5303 I NU-AmNuPlayerRenderer: [#3] drop audio data: 4096, line: 4650
08-05 09:28:53.112   271   282 D SystemControl: [CPQdb]:GetTableName table name is Demosquito_MPEG!
08-05 09:28:53.113   271   282 I SystemControl: [CPQdb]:getDIRegValuesByValue, length = 32
08-05 09:28:53.113   271   282 D SystemControl: [CPQControl]:Cpq_SetDemoSquitoMode success!
08-05 09:28:53.113   271   282 I SystemControl: [CPQControl]:Smooth Plus disabled
08-05 09:28:53.113   271   282 D SystemControl: [CPQControl]:Cpq_SetMemcMode memc Disabled!
08-05 09:28:53.113   271   282 D SystemControl: [CPQdb]:GetTableName: mDbMatchType 7
08-05 09:28:53.114   271   282 D SystemControl: [CPQdb]:GetTableName table name is Sharpness_NOSCALE_Fixed!
08-05 09:28:53.114   271   282 D SystemControl: [CPQControl]:same SharpnessFixedParams Table, skip Load!
08-05 09:28:53.114   271   282 D SystemControl: [CPQControl]:Cpq_SetSharpness0FixedParam: sharpness0 module disabled!
08-05 09:28:53.114   271   282 D SystemControl: [CPQControl]:Cpq_SetSharpness1FixedParam: sharpness1 module disabled!
08-05 09:28:53.114   271   282 D SystemControl: [CPQControl]:Cpq_SetSharpnessPiFixedParam: sharpnesspi module disabled!
08-05 09:28:53.114   271   282 D SystemControl: [CPQControl]:Cpq_SetSuperResolution success!
08-05 09:28:53.114   271   282 D SystemControl: [CPQControl]:Cpq_SetColorTemperature ColorTemperature disabled!
08-05 09:28:53.114   271   282 D SystemControl: [CPQControl]:Gamma module disabled!
08-05 09:28:53.114   271   282 D SystemControl: [CPQControl]:Cpq_SetHDRTMOMode Skip Hdr Tmo!
08-05 09:28:53.114   271   282 D SystemControl: [CPQControl]:Cpq_SetAmDolbyPQMode skip AmDolbyPQMode!
08-05 09:28:53.114   271   282 D SystemControl: [CPQControl]:Cpq_SetDolbyDarkDetail skip DarkDetail!
08-05 09:28:53.114   271   282 D SystemControl: [CPQControl]:Cpq_SetAMDolbyLightSensor skip LightSensor!
08-05 09:28:53.114   271   282 D SystemControl: [CPQControl]:Cpq_SetAmDolbyPecisionDetail skip Pecision Detail!
08-05 09:28:53.114   271   282 D SystemControl: [CPQControl]:SetPQPictureMode Done!
08-05 09:28:53.114   271   282 D SystemControl: [CPQControl]:Set_PictureMode success!
08-05 09:28:53.114   271   282 D SystemControl: [CPQControl]:XVYCC module disabled!
08-05 09:28:53.134     0     0 I [2 T282   ..] dim: pq i:rm 0x200
08-05 09:28:53.136     0     0 I [2 T282   ..] dim: pq i:rm 0x800
08-05 09:28:53.114   271   282 D SystemControl: [CPQdb]:GetTableName: mDbMatchType 7
08-05 09:28:53.114   271   282 D SystemControl: [CPQdb]:GetTableName table name is DI_MPEG!
08-05 09:28:53.114   271   282 I SystemControl: [CPQdb]:getDIRegValuesByValue, length = 16
08-05 09:28:53.115   271   282 D SystemControl: [CPQControl]:Cpq_SetDIModuleParam success!
08-05 09:28:53.115   271   282 D SystemControl: [CPQdb]:GetTableName: mDbMatchType 7
08-05 09:28:53.115  5240  5240 E MoviePlayer: updateMediaMetadata error
08-05 09:28:53.115  5240  5240 E MoviePlayer: java.lang.NullPointerException: Attempt to invoke virtual method 'void com.droidlogic.combineplayer.ui.MoviePlayerControlView.setFileName(java.lang.String)' on a null object reference
08-05 09:28:53.115  5240  5240 E MoviePlayer: 	at com.droidlogic.videoplayer.MoviePlayer.updateMediaMetadata(MoviePlayer.java:3388)
08-05 09:28:53.115  5240  5240 E MoviePlayer: 	at com.droidlogic.videoplayer.MoviePlayer.access$4000(MoviePlayer.java:104)
08-05 09:28:53.115  5240  5240 E MoviePlayer: 	at com.droidlogic.videoplayer.MoviePlayer$MvPlayerEventListener.onPrepared(MoviePlayer.java:2167)
08-05 09:28:53.115  5240  5240 E MoviePlayer: 	at com.droidlogic.videoplayer.MyMediaPlayer$2.onPrepared(MyMediaPlayer.java:1250)
08-05 09:28:53.115  5240  5240 E MoviePlayer: 	at android.media.MediaPlayer$EventHandler.handleMessage(MediaPlayer.java:3517)
08-05 09:28:53.115  5240  5240 E MoviePlayer: 	at android.os.Handler.dispatchMessage(Handler.java:106)
08-05 09:28:53.115  5240  5240 E MoviePlayer: 	at android.os.Looper.loopOnce(Looper.java:205)
08-05 09:28:53.115  5240  5240 E MoviePlayer: 	at android.os.Looper.loop(Looper.java:294)
08-05 09:28:53.115  5240  5240 E MoviePlayer: 	at android.app.ActivityThread.main(ActivityThread.java:8255)
08-05 09:28:53.115  5240  5240 E MoviePlayer: 	at java.lang.reflect.Method.invoke(Native Method)
08-05 09:28:53.115  5240  5240 E MoviePlayer: 	at com.android.internal.os.RuntimeInit$MethodAndArgsCaller.run(RuntimeInit.java:552)
08-05 09:28:53.115  5240  5240 E MoviePlayer: 	at com.android.internal.os.ZygoteInit.main(ZygoteInit.java:978)
08-05 09:28:53.115  5240  5240 I Choreographer: Skipped 39 frames!  The application may be doing too much work on its main thread.
08-05 09:28:53.115   271   282 D SystemControl: [CPQdb]:GetTableName table name is MCDI_MPEG_HD!
08-05 09:28:53.116   271   282 I SystemControl: [CPQdb]:getDIRegValuesByValue, length = 98
08-05 09:28:53.116   271   282 D SystemControl: [CPQControl]:Cpq_SetMcDiMode success!
08-05 09:28:53.116   271   282 D SystemControl: [CPQControl]:SetDisplayMode, source: 10, value = 8
08-05 09:28:53.116   271   282 D SystemControl: [CPQControl]:source_input:10, adapted_mode:0, AFDFlag:0,screen mode:1
08-05 09:28:53.116   271   282 D SystemControl: [CPQControl]:Cpq_SetDisplayModeAllTiming success!
08-05 09:28:53.116   271   282 D SystemControl: [CPQControl]:Cpq_SetDisplayModeOneTiming: Overscan module disabled!
08-05 09:28:53.116   478  5303 I NU-AmNuPlayerRenderer: [#3] 1--->audio firstVideoTimeUs 25525500 firstAudioTimeUs 25280000 queueDiff = 0.25 secs
08-05 09:28:53.116   271   282 D SystemControl: [CPQControl]:Cpq_SetDisplayModeOneTiming: source_input: 10 ScreenModeValue: 1 display_mode: 8 mbDtvKitEnable: 0
08-05 09:28:53.117   271   282 D SystemControl: [CPQControl]:Cpq_SetDisplayModeOneTiming: screenmode:1 hs:0 he:0 vs:0 ve:0
08-05 09:28:53.117   478  5303 I NU-AmNuPlayerRenderer: [#3] drop audio data: 4096, line: 4650
08-05 09:28:53.117   271   282 D SystemControl: [CPQControl]:Cpq_SetVideoCrop: 0 0 0 0
08-05 09:28:53.117   478  5303 I NU-AmNuPlayerRenderer: [#3] 1--->audio firstVideoTimeUs 25525500 firstAudioTimeUs 25344000 queueDiff = 0.18 secs
08-05 09:28:53.117   478  5303 I NU-AmNuPlayerRenderer: [#3] drop audio data: 4096, line: 4650
08-05 09:28:53.117   271   282 D SystemControl: [CPQControl]:Cpq_SetVideoScreenMode: 1
08-05 09:28:53.117   271   282 E SystemControl: [/SysWrite.cpp, writeSys, 280] writeSysFs, open /sys/class/afd_module/aspect_mode fail.
08-05 09:28:53.118   271   282 D SystemControl: [CPQControl]:Cpq_SetLocalDimming: LocalDimming disabled!
08-05 09:28:53.118   271   282 D SystemControl: [CPQdb]:GetTableName: mDbMatchType 7
08-05 09:28:53.118   271   282 D SystemControl: [CPQdb]:GetTableName table name is CM2_MPEG!
08-05 09:28:53.118   271   282 D SystemControl: [CPQControl]:same CM2 Table skip Load!
08-05 09:28:53.118   271   282 I SystemControl: [CPQControl]:hasAisrFunc, has aisr or not:1
08-05 09:28:53.118   271   282 D SystemControl: [CPQControl]:Cpq_SetNNAiSrMode: NN AiSr disabled!
08-05 09:28:53.118   271   282 I SystemControl: [CPQControl]:hasAisrFunc, has aisr or not:1
08-05 09:28:53.118   271   282 I SystemControl: [CPQControl]:Cpq_SetInLineAiSrMode mode = 1
08-05 09:28:53.118   271   282 D SystemControl: [CPQdb]:GetTableName: mDbMatchType 7
08-05 09:28:53.120   271   282 E SystemControl: [CPQdb]:GetTableName GeneralInlineAISRTable don't have this table!
08-05 09:28:53.120   271   282 E SystemControl: [CPQdb]:PQ_GetInLineAiSrParams GeneralInLineAISRTable don't have table!!
08-05 09:28:53.120   271   282 E SystemControl: [CPQControl]:Cpq_SetInLineAiSrMode PQ_GetInLineAiSrParams failed!
08-05 09:28:53.120   271   282 E SystemControl: [CPQControl]:Cpq_SetAiSrMode failed!
08-05 09:28:53.120   271   282 I SystemControl: [CPQControl]:Cpq_SetAipqMode mode = 0
08-05 09:28:53.120   271   282 D SystemControl: [CPQdb]:GetTableName: mDbMatchType 7
08-05 09:28:53.121   271   282 D SystemControl: [CPQdb]:GetTableName table name is AI_PQ_MPEG!
08-05 09:28:53.121   271   282 D SystemControl: [CPQdb]:PQ_GetAIParams, TableName=AI_PQ_MPEG
08-05 09:28:53.121   271   282 D SystemControl: [CPQdb]:PQ_GetAIParams, strlen(c.getString(2).c_str())=126
08-05 09:28:53.121   271   282 I SystemControl: [CPQControl]:SetAipqEnable, SetAipqEnable isEnable:0
08-05 09:28:53.121   478  5303 I NU-AmNuPlayerRenderer: [#3] 1--->audio firstVideoTimeUs 25525500 firstAudioTimeUs 25344000 queueDiff = 0.18 secs
08-05 09:28:53.121   478  5303 I NU-AmNuPlayerRenderer: [#3] drop audio data: 4096, line: 4650
08-05 09:28:53.122  5240  5240 I MyMediaPlayer_MoviePlayer: [onSeekComplete] progressBarSeekFlag:,mStateBac:4
08-05 09:28:53.124  5240  5240 D SubtitleManager-jni: nativeResetForSeek 485
08-05 09:28:53.144     0     0 I [1 T288   ..] vc: [0]invalid aiface param.
08-05 09:28:53.125  5240  5240 I MyMediaPlayer_MoviePlayer: [start]mMediaPlayer:
08-05 09:28:53.125  5240  5240 I MyMediaPlayer_MoviePlayer: start, requestAudioFocus
08-05 09:28:53.126  5240  5240 W AudioManager: Use of stream types is deprecated for operations other than volume control
08-05 09:28:53.126  5240  5240 W AudioManager: See the documentation of requestAudioFocus() for what to use instead with android.media.AudioAttributes to qualify your playback use case
08-05 09:28:53.131   478  5303 I NU-AmNuPlayerRenderer: [#3] 1--->audio firstVideoTimeUs 25525500 firstAudioTimeUs 25344000 queueDiff = 0.18 secs
08-05 09:28:53.131   478  5303 I NU-AmNuPlayerRenderer: [#3] drop audio data: 4096, line: 4650
08-05 09:28:53.132   572   772 I MediaFocusControl: requestAudioFocus() from uid/pid 10035/5240 AA=USAGE_MEDIA/CONTENT_TYPE_MUSIC clientId=android.media.AudioManager@2133033com.droidlogic.videoplayer.MyMediaPlayer$1@54d3ff0 callingPack=com.droidlogic.exoplayer2.demo req=1 flags=0x0 sdk=36
08-05 09:28:53.133   478  5303 I NU-AmNuPlayerRenderer: [#3] 1--->audio firstVideoTimeUs 25525500 firstAudioTimeUs 25408000 queueDiff = 0.12 secs
08-05 09:28:53.133   478  5303 I NU-AmNuPlayerRenderer: [#3] drop audio data: 4096, line: 4650
08-05 09:28:53.133   572   772 I AudioService.FadeOutManager: unfadeOutUid() uid:10035
08-05 09:28:53.134   361  1263 I audio_hw_hal_primary: [audiohal_get_latency:1344] io 13: out:0xe47c5d80 frames:3072 rate:48000 whole_latency:64 alsa_latency:64
08-05 09:28:53.135   572   572 D MediaSessionService: Media button session is changed to com.droidlogic.exoplayer2.demo/MoviePlayer (userId=0)
08-05 09:28:53.135   478  5303 I NU-AmNuPlayerRenderer: [#3] 1--->audio firstVideoTimeUs 25525500 firstAudioTimeUs 25408000 queueDiff = 0.12 secs
08-05 09:28:53.136   478  5303 I NU-AmNuPlayerRenderer: [#3] drop audio data: 4096, line: 4650
08-05 09:28:53.136   478  5303 I NU-AmNuPlayerRenderer: [#3] 1--->audio firstVideoTimeUs 25525500 firstAudioTimeUs 25408000 queueDiff = 0.12 secs
08-05 09:28:53.136   478  5303 I NU-AmNuPlayerRenderer: [#3] drop audio data: 4096, line: 4650
08-05 09:28:53.136   478   914 D NU-AmNuPlayerDriver: [#3] start(0xe90c4c90), state is 4, eos is 0
08-05 09:28:53.136  5240  5240 I MoviePlayer: onPlaybackStateChanged:4
08-05 09:28:53.136   478  5295 I NU-AmNuPlayer: [#3] kWhatStart
08-05 09:28:53.136   478  5303 I NU-AmNuPlayerRenderer: [#3] render_onResume
08-05 09:28:53.136   478   914 I NU-AmNuPlayer: [#3] [getStrCurrentAudioCodec]
08-05 09:28:53.137   478   914 I NU-AmNuPlayer: [#3] AmNuPlayer::Source::getFormat frame-rate = failed
08-05 09:28:53.137   478   914 I NU-AmNuPlayer: [#3] getFormat audio extend format : audio/ffmpeg
08-05 09:28:53.137  5240  5240 I MoviePlayer: [updatePlaybackState] state=3, pos=24530
08-05 09:28:53.139  5240  5240 D MoviePlayer: dv logo show deal--
08-05 09:28:53.138   271   282 I SystemControl: [CPQControl]:enableAipq, enableAipq
08-05 09:28:53.140   271   282 I SystemControl: [CPQControl]:Cpq_SetAipqMode success
08-05 09:28:53.140   271   282 I SystemControl: [CPQControl]:Cpq_SetAiColor value = 0
08-05 09:28:53.140   271   282 I SystemControl: [CPQControl]:hasAiColorFunc, has aicolor or not:0
08-05 09:28:53.140   271   282 D SystemControl: [CPQControl]:Cpq_SetAiColor: AiColor disabled!
08-05 09:28:53.140   271   282 E SystemControl: [CPQControl]:Cpq_SetSDR2HDR AMVECM_IOC_S_SDR2HDR_CTRL failed!
08-05 09:28:53.141   407   858 D audioserver: logFgsApiBegin: FGS Logger Transaction failed, -129
08-05 09:28:53.141   271   282 D SystemControl: [CPQControl]:Cpq_SetColorCustomize cm_9_color_md = 0, cm_14_color_md = 14, color_value = 0.
08-05 09:28:53.141   271   282 D SystemControl: [CPQControl]:Cpq_SetColorCustomize cm_9_color_md = 0, cm_14_color_md = 14, color_value = 0.
08-05 09:28:53.141   271   282 D SystemControl: [CPQControl]:Cpq_SetColorCustomize cm_9_color_md = 0, cm_14_color_md = 14, color_value = 0.
08-05 09:28:53.141   271   282 D SystemControl: [CPQControl]:Cpq_SetColorCustomize cm_9_color_md = 1, cm_14_color_md = 14, color_value = 0.
08-05 09:28:53.141   271   282 D SystemControl: [CPQControl]:Cpq_SetColorCustomize cm_9_color_md = 1, cm_14_color_md = 14, color_value = 0.
08-05 09:28:53.141   271   282 D SystemControl: [CPQControl]:Cpq_SetColorCustomize cm_9_color_md = 1, cm_14_color_md = 14, color_value = 0.
08-05 09:28:53.141   478  5303 D NU-AmNuPlayerRenderer: [#3] audio sink start from [onResume,5177]
08-05 09:28:53.141   271   282 D SystemControl: [CPQControl]:Cpq_SetColorCustomize cm_9_color_md = 2, cm_14_color_md = 14, color_value = 0.
08-05 09:28:53.141   478  5303 D NU-AmNuPlayerRenderer: [#3] audio sink setPlaybackRate from [onResume,5201]
08-05 09:28:53.141   271   282 D SystemControl: [CPQControl]:Cpq_SetColorCustomize cm_9_color_md = 2, cm_14_color_md = 14, color_value = 0.
08-05 09:28:53.141   271   282 D SystemControl: [CPQControl]:Cpq_SetColorCustomize cm_9_color_md = 2, cm_14_color_md = 14, color_value = 0.
08-05 09:28:53.141   271   282 D SystemControl: [CPQControl]:Cpq_SetColorCustomize cm_9_color_md = 3, cm_14_color_md = 14, color_value = 0.
08-05 09:28:53.141   271   282 D SystemControl: [CPQControl]:Cpq_SetColorCustomize cm_9_color_md = 3, cm_14_color_md = 14, color_value = 0.
08-05 09:28:53.141   271   282 D SystemControl: [CPQControl]:Cpq_SetColorCustomize cm_9_color_md = 3, cm_14_color_md = 14, color_value = 0.
08-05 09:28:53.141   271   282 D SystemControl: [CPQControl]:Cpq_SetColorCustomize cm_9_color_md = 4, cm_14_color_md = 14, color_value = 0.
08-05 09:28:53.141   271   282 D SystemControl: [CPQControl]:Cpq_SetColorCustomize cm_9_color_md = 4, cm_14_color_md = 14, color_value = 0.
08-05 09:28:53.141   271   282 D SystemControl: [CPQControl]:Cpq_SetColorCustomize cm_9_color_md = 4, cm_14_color_md = 14, color_value = 0.
08-05 09:28:53.141   271   282 D SystemControl: [CPQControl]:Cpq_SetColorCustomize cm_9_color_md = 5, cm_14_color_md = 14, color_value = 0.
08-05 09:28:53.141   271   282 D SystemControl: [CPQControl]:Cpq_SetColorCustomize cm_9_color_md = 5, cm_14_color_md = 14, color_value = 0.
08-05 09:28:53.142   271   282 D SystemControl: [CPQControl]:Cpq_SetColorCustomize cm_9_color_md = 5, cm_14_color_md = 14, color_value = 0.
08-05 09:28:53.142   271   282 D SystemControl: [CPQControl]:Cpq_SetColorCustomize cm_9_color_md = 6, cm_14_color_md = 14, color_value = 0.
08-05 09:28:53.142   271   282 D SystemControl: [CPQControl]:Cpq_SetColorCustomize cm_9_color_md = 6, cm_14_color_md = 14, color_value = 0.
08-05 09:28:53.142   271   282 D SystemControl: [CPQControl]:Cpq_SetColorCustomize cm_9_color_md = 6, cm_14_color_md = 14, color_value = 0.
08-05 09:28:53.142   271   282 D SystemControl: [CPQControl]:Cpq_SetColorCustomize cm_9_color_md = 7, cm_14_color_md = 14, color_value = 0.
08-05 09:28:53.142   271   282 D SystemControl: [CPQControl]:Cpq_SetColorCustomize cm_9_color_md = 7, cm_14_color_md = 14, color_value = 0.
08-05 09:28:53.142   271   282 D SystemControl: [CPQControl]:Cpq_SetColorCustomize cm_9_color_md = 7, cm_14_color_md = 14, color_value = 0.
08-05 09:28:53.142   271   282 D SystemControl: [CPQControl]:Cpq_SetColorCustomize cm_9_color_md = 8, cm_14_color_md = 14, color_value = 0.
08-05 09:28:53.142   271   282 D SystemControl: [CPQControl]:Cpq_SetColorCustomize cm_9_color_md = 8, cm_14_color_md = 14, color_value = 0.
08-05 09:28:53.142   271   282 D SystemControl: [CPQControl]:Cpq_SetColorCustomize cm_9_color_md = 8, cm_14_color_md = 14, color_value = 0.
08-05 09:28:53.142   271   282 E SystemControl: [CPQControl]:LoadPQTableSettings Some modules failed to set in PQTableSettings, please check!
08-05 09:28:53.142   271   282 D SystemControl: [CPQControl]:LoadPQTableSettings Done!
08-05 09:28:53.142   271   282 D SystemControl: [CPQControl]:Cpq_GetSourceHDRType: newHdrType:6, source_input:10
08-05 09:28:53.143   876   876 E jarvis_AppUtils: getPkgNameByPidFromFile failed, pid===5240, ex=java.io.FileNotFoundException: /proc/5240/cmdline: open failed: ENOENT (No such file or directory)
08-05 09:28:53.143   876   876 E jarvis_AppUtils: read /proc/pid/cmdline failed, pname===null, fallback to AMS...
08-05 09:28:53.143  5240  5240 I MyMediaPlayer_MoviePlayer: notify play position change
08-05 09:28:53.144  5240  5240 D MyMediaPlayer_MoviePlayer: subtitle setdisplay
08-05 09:28:53.144  5240  5240 I MoviePlayer: [displayModeImpl][onVideoSizeChanged], set background null,w:3840,h:2160
08-05 09:28:53.144   478  5303 I NU-AmNuPlayerRenderer: [#3] 1--->audio firstVideoTimeUs 25525500 firstAudioTimeUs 25472000 queueDiff = 0.05 secs
08-05 09:28:53.144   478  5303 I NU-AmNuPlayerRenderer: [#3] mQueueInitial end, line: 4693
08-05 09:28:53.144   478  5303 I NU-AmNuPlayerRenderer: PTS: AV sync info:Video on Header 
08-05 09:28:53.144   478  5303 I NU-AmNuPlayerRenderer: PTS:   SystemTimeStamp:-1
08-05 09:28:53.144   478  5303 I NU-AmNuPlayerRenderer: PTS:   Last AudioTimeStamp:-1
08-05 09:28:53.144   478  5303 I NU-AmNuPlayerRenderer: PTS:   Last VideoTimeStamp:25508811
08-05 09:28:53.144   478  5303 I NU-AmNuPlayerRenderer: PTS:   AV diff:-25508812 ,Ajump:0,Vjump:0
08-05 09:28:53.144   478  5303 I NU-AmNuPlayerRenderer: PTS:   mAjumpedNum:0, mAudioJumped till now=3464979717
08-05 09:28:53.144   478  5303 I NU-AmNuPlayerRenderer: PTS:   mVjumpedNum:0, mVideoJumped till now=3464979717
08-05 09:28:53.144   478  5303 I NU-AmNuPlayerRenderer: PTS:   mTotalAudioJumpedTimeUs:0, mTotalAudioJumpedTimeUs:0
08-05 09:28:53.144   478  5303 I NU-AmNuPlayerRenderer: PTS:   mLastVideoUs:-1
08-05 09:28:53.144   478  5303 I NU-AmNuPlayerRenderer: PTS:   mLastAudioUs:-1
08-05 09:28:53.144   478  5303 I NU-AmNuPlayerRenderer: PTS:   mAudioDelay 0 mFormat 0x1 mMs12Enabled 0
08-05 09:28:53.145   478  5303 I NU-AmNuPlayerRenderer: [#3] is mIsHttpLiveSource:0, waiting audio sink init, And then doing AV synchronization
08-05 09:28:53.145   478  5303 I NU-AmNuPlayerRenderer: [#3] First audio pcm date write to audiosink.
08-05 09:28:53.145   478  5303 I NU-AmNuPlayerRenderer: [#3] setStartingTimeMedia 25472000, mAudioPlayedOutDur 0
08-05 09:28:53.145   478  5295 I NU-AmNuPlayer: [#3] media rendering started
08-05 09:28:53.145   478  5295 I NU-AmNuPlayer: [#3] finishResume  mResumePending:0  
08-05 09:28:53.145   478  5295 D NU-AmNuPlayerDriver: [#3] notifyListener_l(0xe90c4c90), (6, 0, 0, -1), loop setting(0, 0)
08-05 09:28:53.145  4274  4274 V MediaPlayerList: onActiveSessionsChanged: number of controllers: 1
08-05 09:28:53.145  5240  5240 D MoviePlayer: isInSplitScreen:false
08-05 09:28:53.146  5240  5240 I MoviePlayer: [displayModeImpl]dispWidth:1280,dispHeight:800,mode:800x1280p60hz
08-05 09:28:53.146  5240  5240 I MoviePlayer: [displayModeImpl]videoWidth:3840,videoHeight:2160
08-05 09:28:53.146  5240  5240 I MoviePlayer: [displayModeImpl],setLayoutParams,w:1280,height:720
08-05 09:28:53.146  5240  5240 D MoviePlayer: sendDolbyVersionLogoMsg
08-05 09:28:53.146  5240  5240 I MoviePlayer: getAndSendCertMsg, audioType:0,dolbyVersion:1
08-05 09:28:53.147   271   285 I SystemControl: [CPQControl]:GetSourceHDRType: type is 6
08-05 09:28:53.147  5240  5240 D MoviePlayer: getHdrType:6
08-05 09:28:53.147  5240  5240 D MoviePlayer: sendDolbyVersionLogoMsg
08-05 09:28:53.147  5240  5240 I MoviePlayer: getAndSendCertMsg, audioType:0,dolbyVersion:1
08-05 09:28:53.147   271   284 I SystemControl: [CPQControl]:GetSourceHDRType: type is 6
08-05 09:28:53.147  5240  5240 D MoviePlayer: getHdrType:6
08-05 09:28:53.150  4274  4274 D MediaPlayerList: onActiveSessionsChanged: controller: com.droidlogic.exoplayer2.demo
08-05 09:28:53.150   876   876 I jarvis_ : <onMediaStart>
08-05 09:28:53.150   876   876 I jarvis_ : overlock,start true,0,0,,
08-05 09:28:53.154   361   436 I audio_hw_hal_primary: out_update_source_metadata_v7() line 2024 usage:1 content_type:0
08-05 09:28:53.159   876   876 E jarvis_AppUtils: getPkgNameByPidFromFile failed, pid===5240, ex=java.io.FileNotFoundException: /proc/5240/cmdline: open failed: ENOENT (No such file or directory)
08-05 09:28:53.159   876   876 E jarvis_AppUtils: read /proc/pid/cmdline failed, pname===null, fallback to AMS...
08-05 09:28:53.160  4274  4274 V MediaPlayerList: onActiveSessionsChanged: number of controllers: 1
08-05 09:28:53.161  4274  4274 D MediaPlayerList: onActiveSessionsChanged: controller: com.droidlogic.exoplayer2.demo
08-05 09:28:53.162  4274  4274 I MediaPlayerList: onMediaKeyEventSessionChanged: token=com.droidlogic.exoplayer2.demo
08-05 09:28:53.165   478  5303 I NU-AmNuPlayerRenderer: [#3] is mIsHttpLiveSource:0, waiting audio sink init, And then doing AV synchronization
08-05 09:28:53.167  4274  4274 D MediaPlayerList: setActivePlayer(): setting player to com.droidlogic.exoplayer2.demo
08-05 09:28:53.186     0     0 W [0 T2046  ..] audit: audit_lost=1508 audit_rate_limit=5 audit_backlog_limit=64
08-05 09:28:53.186     0     0 E [0 T2046  ..] audit: rate limit exceeded
08-05 09:28:53.170   572   772 I MediaSessionService: tempAllowlistTargetPkgIfPossible callingPackage:com.android.bluetooth targetPackage:com.droidlogic.exoplayer2.demo reason:MediaSessionRecord:android.support.v4.media.session.command.GET_EXTRA_BINDER [WIU] [FGS]
08-05 09:28:53.173   572   772 W ProcessStats: Tracking association SourceState{2d9f956 com.iflytek.xiri2.system/1000 BFgs #1088} whose proc state 4 is better than process ProcessState{3355e85 com.iflytek.xiri/10018 pkg=com.iflytek.xiri} proc state 14 (33 skipped)
08-05 09:28:53.176   478  5303 D AudioTrack: getTimestamp_l(37): device stall time corrected using current time 3465011090109
08-05 09:28:53.183  4274  4274 I MediaPlayerList: sendMediaUpdate: Creating a one item queue for a player with no queue
08-05 09:28:53.184  4274  4274 D MediaPlayerList: sendMediaUpdate state=PlaybackState {state=PLAYING(3), position=24571, buffered position=0, speed=1.0, updated=3465014, actions=823, custom actions=[], active item id=-1, error=null}
08-05 09:28:53.184  4274  4274 D AvrcpTargetJni: sendMediaUpdateNative
08-05 09:28:53.184  4274  4274 I bt_stack: [INFO:avrcp_service.cc(515)] virtual void bluetooth::avrcp::AvrcpService::SendMediaUpdate(bool, bool, bool) track_changed=1 :  play_state=1 :  queue=1
08-05 09:28:53.185   478  5303 I NU-AmNuPlayerRenderer: [#3] is mIsHttpLiveSource:0, waiting audio sink init, And then doing AV synchronization
08-05 09:28:53.185  4274  4274 I MediaPlayerList: onMediaKeyEventSessionChanged: token=com.droidlogic.exoplayer2.demo
08-05 09:28:53.188  4274  4274 D MediaPlayerList: setActivePlayer(): setting player to com.droidlogic.exoplayer2.demo
08-05 09:28:53.192  4274  4274 I MediaPlayerList: sendMediaUpdate: Creating a one item queue for a player with no queue
08-05 09:28:53.192  4274  4274 D MediaPlayerList: sendMediaUpdate state=PlaybackState {state=PLAYING(3), position=24582, buffered position=0, speed=1.0, updated=3465025, actions=823, custom actions=[], active item id=-1, error=null}
08-05 09:28:53.199  4274  4274 D MediaControlGattService: updatePlayerState: playbackState= PLAYING
08-05 09:28:53.199  4274  4274 W MediaControlGattService: Feature PLAYBACK_SPEED(BIT 8) support: true
08-05 09:28:53.200  4274  4274 W MediaControlGattService: Feature PLAYBACK_SPEED(BIT 8) support: true
08-05 09:28:53.200  4274  4274 W MediaControlGattService: Feature PLAYBACK_SPEED(BIT 8) support: true
08-05 09:28:53.200  4274  4274 W MediaControlGattService: Feature TRACK_POSITION(BIT 7) support: true
08-05 09:28:53.200  4274  4274 W MediaControlGattService: Feature TRACK_POSITION_NOTIFY support: true
08-05 09:28:53.200  4274  4274 W MediaControlGattService: Feature MEDIA_STATE(BIT 17) support: true
08-05 09:28:53.200  4274  4274 W MediaControlGattService: Feature MEDIA_STATE(BIT 17) support: true
08-05 09:28:53.203  4274  4274 W MediaControlGattService: Feature PLAYER_NAME(BIT 1) support: true
08-05 09:28:53.203  4274  4274 W MediaControlGattService: Feature PLAYER_NAME(BIT 1) support: true
08-05 09:28:53.203  4274  4274 W MediaControlGattService: Feature PLAYER_NAME(BIT 1) support: true
08-05 09:28:53.203  4274  4274 W MediaControlGattService: Feature PLAYER_NAME_NOTIFY support: true
08-05 09:28:53.205   478  5303 I NU-AmNuPlayerRenderer: [#3] is mIsHttpLiveSource:0, waiting audio sink init, And then doing AV synchronization
08-05 09:28:53.213   876   876 D myNoti  : onPlaybackStateChanged
08-05 09:28:53.213   876   876 I jarvis_ : <onMediaStart>
08-05 09:28:53.214   876   876 I jarvis_ : overlock,start true,0,0,,
08-05 09:28:53.215   876   876 E jarvis_AppUtils: getPkgNameByPidFromFile failed, pid===5240, ex=java.io.FileNotFoundException: /proc/5240/cmdline: open failed: ENOENT (No such file or directory)
08-05 09:28:53.215   876   876 E jarvis_AppUtils: read /proc/pid/cmdline failed, pname===null, fallback to AMS...
08-05 09:28:53.225   478  5303 I NU-AmNuPlayerRenderer: [#3] is mIsHttpLiveSource:0, waiting audio sink init, And then doing AV synchronization
08-05 09:28:53.231   478  5303 I NU-AmNuPlayerRenderer: [#3] Audio PCM buffer First Full. time pay:86570, frameCount:20480, mAudioSink->frameSize():4
08-05 09:28:53.235   361   436 I audio_hw_hal_primary: out_update_source_metadata_v7() line 2024 usage:1 content_type:0
08-05 09:28:53.242   478  5303 W NU-AmNuPlayerRenderer: [#3] postDrainAudioQueue long delay: 26666 (20480*0.020833), numFramesPendingPlayout:(22528-2048)
08-05 09:28:53.245   478  5303 I NU-AmNuPlayerRenderer: [#3] is mIsHttpLiveSource:0, waiting audio sink init, And then doing AV synchronization
08-05 09:28:53.248  4274  4274 W MediaControlGattService: Feature MEDIA_CONTROL_POINT_OPCODES_SUPPORTED(BIT 19) support: true
08-05 09:28:53.248  4274  4274 W MediaControlGattService: Feature PLAYING_ORDER_SUPPORTED(BIT 16) support: true
08-05 09:28:53.248  4274  4274 W MediaControlGattService: Feature PLAYING_ORDER(BIT 15) support: true
08-05 09:28:53.248  4274  4274 W MediaControlGattService: Feature PLAYER_ICON_OBJ_ID(BIT 2) support: false
08-05 09:28:53.248  4274  4274 W MediaControlGattService: Feature PLAYER_ICON_URL(BIT 3) support: false
08-05 09:28:53.248  4274  4274 W MediaControlGattService: Feature MEDIA_CONTROL_POINT_OPCODES_SUPPORTED(BIT 19) support: true
08-05 09:28:53.248  4274  4274 W MediaControlGattService: Feature MEDIA_CONTROL_POINT_OPCODES_SUPPORTED_NOTIFY support: true
08-05 09:28:53.255  4274  4274 W MediaControlGattService: Feature TRACK_TITLE(BIT 5) support: true
08-05 09:28:53.255  4274  4274 W MediaControlGattService: Feature TRACK_TITLE(BIT 5) support: true
08-05 09:28:53.255  4274  4274 W MediaControlGattService: Feature TRACK_TITLE_NOTIFY support: true
08-05 09:28:53.261  4274  4274 W MediaControlGattService: Feature TRACK_DURATION(BIT 6) support: true
08-05 09:28:53.262  4274  4274 W MediaControlGattService: Feature TRACK_DURATION(BIT 6) support: true
08-05 09:28:53.262  4274  4274 W MediaControlGattService: Feature TRACK_DURATION_NOTIFY support: true
08-05 09:28:53.264  4274  4274 W MediaControlGattService: Feature MEDIA_STATE(BIT 17) support: true
08-05 09:28:53.264  4274  4274 D MediaControlGattService: updateMediaStateChar
08-05 09:28:53.264  4274  4274 W MediaControlGattService: Feature MEDIA_STATE(BIT 17) support: true
08-05 09:28:53.265  4274  4274 D MediaControlGattService: updateMediaStateChar setting to state= 1
08-05 09:28:53.266   478  5303 I NU-AmNuPlayerRenderer: [#3] is mIsHttpLiveSource:0, waiting audio sink init, And then doing AV synchronization
08-05 09:28:53.269   478  5303 W NU-AmNuPlayerRenderer: [#3] postDrainAudioQueue long delay: 26666 (20480*0.020833), numFramesPendingPlayout:(24576-4096)
08-05 09:28:53.270  4274  4274 W MediaControlGattService: Feature MEDIA_STATE(BIT 17) support: true
08-05 09:28:53.270  4274  4274 W MediaControlGattService: Feature SEEKING_SPEED(BIT 9) support: true
08-05 09:28:53.270  4274  4274 W MediaControlGattService: Feature SEEKING_SPEED(BIT 9) support: true
08-05 09:28:53.271  4274  4274 W MediaControlGattService: Feature SEEKING_SPEED(BIT 9) support: true
08-05 09:28:53.271  4274  4274 W MediaControlGattService: Feature TRACK_CHANGED(BIT 4) support: true
08-05 09:28:53.285  4274  4274 W MediaControlGattService: Feature PLAYING_ORDER_SUPPORTED(BIT 16) support: true
08-05 09:28:53.285  4274  4274 W MediaControlGattService: Feature PLAYING_ORDER(BIT 15) support: true
08-05 09:28:53.285  4274  4274 W MediaControlGattService: Feature PLAYING_ORDER_NOTIFY support: true
08-05 09:28:53.286   478  5303 I NU-AmNuPlayerRenderer: [#3] is mIsHttpLiveSource:0, waiting audio sink init, And then doing AV synchronization
08-05 09:28:53.287  4274  4274 W MediaControlGattService: Feature MEDIA_STATE(BIT 17) support: true
08-05 09:28:53.288  4274  4274 D AvrcpTargetJni: sendPlayerSettingsNative
08-05 09:28:53.288  4274  4274 I bt_stack: [INFO:avrcp_service.cc(551)] virtual void bluetooth::avrcp::AvrcpService::SendPlayerSettingsChanged(std::vector<PlayerAttribute>, std::vector<uint8_t>)
08-05 09:28:53.288  4274  4274 I bt_stack: [INFO:avrcp_service.cc(565)] attribute=PlayerAttribute::REPEAT : value=PlayerRepeatValue::OFF
08-05 09:28:53.288  4274  4274 I bt_stack: attribute=PlayerAttribute::SHUFFLE : value=PlayerShuffleValue::OFF
08-05 09:28:53.288  4274  4274 I bt_stack: 
08-05 09:28:53.296   478  5303 W NU-AmNuPlayerRenderer: [#3] postDrainAudioQueue long delay: 26666 (20480*0.020833), numFramesPendingPlayout:(24576-4096)
08-05 09:28:53.304   257  5328 I         : [adla_platform_open:206]adla usr space 1.7.1.0.0
08-05 09:28:53.306   478  5303 I NU-AmNuPlayerRenderer: [#3] is mIsHttpLiveSource:0, waiting audio sink init, And then doing AV synchronization
08-05 09:28:53.307   257  5328 E [ADLAU ERROR] : [load_model:1458]You have to update the NNA compiler!
08-05 09:28:53.307   257  5328 E NN_SDK: : [aml_adla_create_network_common:836]Error: create network fail.
08-05 09:28:53.307   257  5328 E NN_SDK: : [aml_module_create:118]Error:init fail, context_sure is null.
08-05 09:28:53.307   257  5328 E hwc_aipq: amlnn_init is fail
08-05 09:28:53.307   257  5328 E hwc_aipq: ai_pq_init fail! /vendor/bin/nn/PQNet.nb
08-05 09:28:53.307   257  5328 D hwc_aipq: threadNnInit exit.
08-05 09:28:53.323   478  5303 W NU-AmNuPlayerRenderer: [#3] postDrainAudioQueue long delay: 26666 (20480*0.020833), numFramesPendingPlayout:(26624-6144)
08-05 09:28:53.326   478  5303 I NU-AmNuPlayerRenderer: [#3] is mIsHttpLiveSource:0, waiting audio sink init, And then doing AV synchronization
08-05 09:28:53.329   403   415 I thermal_service_droidlogic: Sending notification:  Type: CPU Name: soc_thermal CurrentValue: 67.2 ThrottlingStatus: LIGHT
08-05 09:28:53.341   361  1263 I audio_hw_hal_stream: aml_stream_out_info_print: out:0xe47c5d80, stream_type:pcm, sync_mode:non tunnel, input_size:17825792 bytes
08-05 09:28:53.341   361  1263 I audio_hw_hal_stream: aml_stream_out_info_print: last_time:3465128 ms (sec:3465, nsec:128826401), last_position:92725 ms (4450816), cur_time:3465171 ms (sec:3465, nsec:171220317), cur_position:92765 ms (4452736)
08-05 09:28:53.341   361  1263 I audio_hw_hal_stream: aml_stream_out_info_print: time_gap:43 ms (thr:100 ms), position_gap:40 ms, delay:77 ms, jitter: Position gap is behind system time gap by 3 ms (thr:100 ms)
08-05 09:28:53.347   478  5303 I NU-AmNuPlayerRenderer: [#3] is mIsHttpLiveSource:0, waiting audio sink init, And then doing AV synchronization
08-05 09:28:53.350   478  5303 D NU-AmNuPlayerRenderer: [#3] Switch audio track end . onNewAudioMediaTime, audio sink position was ready.
08-05 09:28:53.350   478  5303 I NU-AmNuPlayerRenderer: [#3] First valid audio position found, time pay:205305,  audioPlayedOutDur:64799, writtenDur:576000
08-05 09:28:53.350   478  5303 I NU-AmNuPlayerRenderer: [#3] getPlayedOutDurationUs is unstable. audioPlayedOutDur:64799 (diff:64799) - realDIFF: 3465185354 = -3465120555, writtenAudioDurationUs:576000, lastTimeUs:25984000 (frameSize: 4)
08-05 09:28:53.350   478  5303 W NU-AmNuPlayerRenderer: [#3] onNewAudioMediaTime:3115, updateAnchor abnormal, DIFF: -3439648554
08-05 09:28:53.350   478  5295 D NU-AmNuPlayerDriver: [#3] notifyListener_l(0xe90c4c90), (211, 0, 0, 20), loop setting(0, 0)
08-05 09:28:53.367   478  5303 I NU-AmNuPlayerRenderer: onResume first video post mediaTimeUs : 25525500.
08-05 09:28:53.367   478  5295 D NU-AmNuPlayerDriver: [#3] notifyListener_l(0xe90c4c90), (200, 3, 0, -1), loop setting(0, 0)
08-05 09:28:53.367   478  5295 I NU-AmNuPlayer: [#3] ====>Renderer::kWhatVideoRenderingStart
08-05 09:28:53.367  5240  5284 W MediaPlayerNative: info/warning (3, 0)
08-05 09:28:53.368  5240  5240 I MoviePlayer: [onInfo] mp: com.droidlogic.app.MediaPlayerExt@fe2a6c0,arg1:3,arg2:0
08-05 09:28:53.368  5240  5240 I MoviePlayer: [onInfo] needShow: false
08-05 09:28:53.383   257  5327 D MesonHwc: [updateVtBuffer] [0] [71] vt buffer fd(31) with timestamp(3465174054) expired droped expectedPresent time(3465235094) diffAdded(363032) queuedFrames(5)
08-05 09:28:53.383   257  5327 D MesonHwc: [updateVtBuffer] [0] [71] vt buffer fd(41) with timestamp(3465190732) expired droped expectedPresent time(3465235094) diffAdded(16678) queuedFrames(4)
08-05 09:28:53.383   257  5327 D MesonHwc: [updateVtBuffer] [0] [71] vt buffer fd(52) with timestamp(3465207421) expired droped expectedPresent time(3465235094) diffAdded(16689) queuedFrames(3)
08-05 09:28:53.410     0     0 I [3 T288   ..] vc: [0]invalid aiface param.
08-05 09:28:53.427     0     0 I [3 T288   ..] vc: [0]invalid aiface param.
08-05 09:28:53.444     0     0 I [3 T288   ..] vc: [0]invalid aiface param.
08-05 09:28:53.437   478  5317 I NU-AmNuPlayerTunnelDecoder: [#3] update mInputDecodeDoneCount, now 13, new 20
08-05 09:28:53.460     0     0 I [3 T288   ..] vc: [0]invalid aiface param.
08-05 09:28:53.445   478  5317 I AmlManagePts: [0]"insert  push:45:0\n"
08-05 09:28:53.453   478  5317 I AmlManagePts: [0]"insert  push:48:0\n"
08-05 09:28:53.454   478  5317 I AmlManagePts: [0]"insert  push:49:0\n"
08-05 09:28:53.477     0     0 I [3 T288   ..] vc: [0]invalid aiface param.
08-05 09:28:53.469   478  5317 I AmlManagePts: [0]"insert  push:50:0\n"
08-05 09:28:53.470   478  5317 I AmlManagePts: [0]"insert  push:52:0\n"
08-05 09:28:53.493     0     0 I [3 T288   ..] vc: [0]invalid aiface param.
08-05 09:28:53.487   478  5317 I AmlManagePts: [0]"insert  push:54:0\n"
08-05 09:28:53.487   478  5317 I AmlManagePts: [0]"insert  push:55:0\n"
08-05 09:28:53.510     0     0 I [3 T288   ..] vc: [0]invalid aiface param.
08-05 09:28:53.527     0     0 I [3 T288   ..] vc: [0]invalid aiface param.
08-05 09:28:53.544     0     0 I [3 T288   ..] vc: [0]invalid aiface param.
08-05 09:28:53.560     0     0 I [3 T288   ..] vc: [0]invalid aiface param.
08-05 09:28:53.577     0     0 I [3 T288   ..] vc: [0]invalid aiface param.
08-05 09:28:53.594     0     0 I [3 T288   ..] vc: [0]invalid aiface param.
08-05 09:28:53.610     0     0 I [3 T288   ..] vc: [0]invalid aiface param.
08-05 09:28:53.627     0     0 I [3 T288   ..] vc: [0]invalid aiface param.
08-05 09:28:53.644     0     0 I [3 T288   ..] vc: [0]invalid aiface param.
08-05 09:28:53.660     0     0 I [3 T288   ..] vc: [0]invalid aiface param.
08-05 09:28:53.682     0     0 I [0 T288   ..] vc: [0]invalid aiface param.
08-05 09:28:53.694     0     0 I [1 T288   ..] vc: [0]invalid aiface param.
08-05 09:28:53.710     0     0 I [1 T288   ..] vc: [0]invalid aiface param.
08-05 09:28:53.727     0     0 I [1 T288   ..] vc: [0]invalid aiface param.
08-05 09:28:53.748     0     0 I [0 T288   ..] vc: [0]invalid aiface param.
08-05 09:28:53.742  5167  5310 W adbd    : timed out while waiting for FUNCTIONFS_BIND, trying again
08-05 09:28:53.743  5167  5310 I adbd    : UsbFfs: connection terminated: monitor thread finished
08-05 09:28:53.743  5167  5167 I adbd    : UsbFfs: already offline
08-05 09:28:53.743  5167  5167 I adbd    : destroying transport UsbFfs
08-05 09:28:53.743  5167  5167 I adbd    : UsbFfsConnection being destroyed
08-05 09:28:53.744  5240  5240 I MoviePlayerControView_MoviePlayer: MoviePlayerControlView--construct,context:com.droidlogic.videoplayer.MoviePlayer@38e9f62
08-05 09:28:53.760     0     0 I [0 T288   ..] vc: [0]invalid aiface param.
08-05 09:28:53.777     0     0 I [0 T288   ..] vc: [0]invalid aiface param.
08-05 09:28:53.794     0     0 I [0 T288   ..] vc: [0]invalid aiface param.
08-05 09:28:53.781  5167  5171 I adbd    : opening control endpoint /dev/usb-ffs/adb/ep0
08-05 09:28:53.782  5167  5171 I adbd    : UsbFfsConnection constructed
08-05 09:28:53.783  5167  5338 I adbd    : UsbFfs-monitor thread spawned
08-05 09:28:53.786   478  5317 I VDA     : [3##1]ServiceDeviceTask INs=45/52, OUTs=34/38 {IN=7/8, OUT=8/12[kAtAccelerator(0) kAtDevice(4) kAtClient(8)]}
08-05 09:28:53.815     0     0 I [0 T288   ..] vc: [0]invalid aiface param.
08-05 09:28:53.808  5240  5240 I MoviePlayerControView_MoviePlayer: fastForwardMs:15000,rewindMs:5000
08-05 09:28:53.827     0     0 I [0 T288   ..] vc: [0]invalid aiface param.
08-05 09:28:53.809  5240  5240 I MoviePlayerControView_MoviePlayer: timeBarPlaceholder not null, create defultTimeBar
08-05 09:28:53.844     0     0 I [1 T288   ..] vc: [0]invalid aiface param.
08-05 09:28:53.838  5240  5240 I MoviePlayerControView_MoviePlayer: updateTrackLists, mediainfo or subtitleManager or mvoption null, do nothing
08-05 09:28:53.839  5240  5240 I MoviePlayerControView_MoviePlayer: stop return
08-05 09:28:53.840  5240  5240 I MoviePlayerControView_MoviePlayer: reset listener
08-05 09:28:53.861     0     0 I [1 T288   ..] vc: [0]invalid aiface param.
08-05 09:28:53.847  5240  5240 I MoviePlayerControView_MoviePlayer: updateTrackLists, mediainfo or subtitleManager or mvoption null, do nothing
08-05 09:28:53.850  5240  5240 I MediaInfo: amime:audio/mp4a-latm
08-05 09:28:53.851  5240  5240 D MoviePlayer: audio mime:audio/mp4a-latm
08-05 09:28:53.877     0     0 I [1 T288   ..] vc: [0]invalid aiface param.
08-05 09:28:53.894     0     0 I [1 T288   ..] vc: [0]invalid aiface param.
08-05 09:28:53.886   478  5317 I mediaserver: (null) is not set, used defaultValue = 1000
08-05 09:28:53.910     0     0 I [1 T288   ..] vc: [0]invalid aiface param.
08-05 09:28:53.927     0     0 I [1 T288   ..] vc: [0]invalid aiface param.
08-05 09:28:53.944     0     0 I [0 T288   ..] vc: [0]invalid aiface param.
08-05 09:28:53.964     0     0 I [1 T288   ..] vc: [0]invalid aiface param.
08-05 09:28:53.950   478  5304 I NU-AmNuPlayerTunnelDecoder: [#3] INs=83/83, OUTs=51 [PLAYER(0) RENDER(4) V4L(4) VIDEOTUNNEL(4)]
08-05 09:28:53.977     0     0 I [3 T288   ..] vc: [0]invalid aiface param.
08-05 09:28:53.994     0     0 I [0 T288   ..] vc: [0]invalid aiface param.
08-05 09:28:54.010     0     0 I [0 T288   ..] vc: [0]invalid aiface param.
08-05 09:28:54.028     0     0 I [1 T288   ..] vc: [0]invalid aiface param.
08-05 09:28:54.043     0     0 I [1 T288   ..] vc: [0]invalid aiface param.
08-05 09:28:54.060     0     0 I [2 T288   ..] vc: [0]invalid aiface param.
08-05 09:28:54.077     0     0 I [2 T288   ..] vc: [0]invalid aiface param.
08-05 09:28:54.094     0     0 I [2 T288   ..] vc: [0]invalid aiface param.
08-05 09:28:54.110     0     0 I [2 T288   ..] vc: [0]invalid aiface param.
08-05 09:28:54.127     0     0 I [2 T288   ..] vc: [0]invalid aiface param.
08-05 09:28:54.144     0     0 I [2 T288   ..] vc: [0]invalid aiface param.
08-05 09:28:54.129  1122  1122 I RxCachedThreadS: type=1400 audit(0.0:2714): avc:  denied  { search } for  name="amhdmitx0" dev="sysfs" ino=33591 scontext=u:r:zygote:s0 tcontext=u:object_r:sysfs_amhdmitx:s0 tclass=dir permissive=1
08-05 09:28:54.160     0     0 I [2 T288   ..] vc: [0]invalid aiface param.
08-05 09:28:54.177     0     0 I [2 T288   ..] vc: [0]invalid aiface param.
08-05 09:28:54.194     0     0 I [2 T288   ..] vc: [0]invalid aiface param.
08-05 09:28:54.210     0     0 I [2 T288   ..] vc: [0]invalid aiface param.
08-05 09:28:54.227     0     0 I [2 T288   ..] vc: [0]invalid aiface param.
08-05 09:28:54.244     0     0 I [2 T288   ..] vc: [0]invalid aiface param.
08-05 09:28:54.260     0     0 I [2 T288   ..] vc: [0]invalid aiface param.
08-05 09:28:54.277     0     0 I [2 T288   ..] vc: [0]invalid aiface param.
08-05 09:28:54.296     0     0 I [2 T288   ..] vc: [0]invalid aiface param.
08-05 09:28:54.310     0     0 I [2 T288   ..] vc: [0]invalid aiface param.
08-05 09:28:54.327     0     0 I [2 T288   ..] vc: [0]invalid aiface param.
08-05 09:28:54.344     0     0 I [2 T288   ..] vc: [0]invalid aiface param.
08-05 09:28:54.360     0     0 I [2 T288   ..] vc: [0]invalid aiface param.
08-05 09:28:54.380     0     0 I [2 T288   ..] vc: [0]invalid aiface param.
08-05 09:28:54.394     0     0 I [2 T288   ..] vc: [0]invalid aiface param.
08-05 09:28:54.410     0     0 I [2 T288   ..] vc: [0]invalid aiface param.
08-05 09:28:54.427     0     0 I [2 T288   ..] vc: [0]invalid aiface param.
08-05 09:28:54.444     0     0 I [2 T288   ..] vc: [0]invalid aiface param.
08-05 09:28:54.460     0     0 I [2 T288   ..] vc: [0]invalid aiface param.
08-05 09:28:54.477     0     0 I [2 T288   ..] vc: [0]invalid aiface param.
08-05 09:28:54.494     0     0 I [2 T288   ..] vc: [0]invalid aiface param.
08-05 09:28:54.510     0     0 I [2 T288   ..] vc: [0]invalid aiface param.
08-05 09:28:54.527     0     0 I [2 T288   ..] vc: [0]invalid aiface param.
08-05 09:28:54.544     0     0 I [2 T288   ..] vc: [0]invalid aiface param.
08-05 09:28:54.560     0     0 I [2 T288   ..] vc: [0]invalid aiface param.
08-05 09:28:54.577     0     0 I [2 T288   ..] vc: [0]invalid aiface param.
08-05 09:28:54.594     0     0 I [2 T288   ..] vc: [0]invalid aiface param.
08-05 09:28:54.610     0     0 I [2 T288   ..] vc: [0]invalid aiface param.
08-05 09:28:54.627     0     0 I [2 T288   ..] vc: [0]invalid aiface param.
08-05 09:28:54.644     0     0 I [2 T288   ..] vc: [0]invalid aiface param.
08-05 09:28:54.660     0     0 I [2 T288   ..] vc: [0]invalid aiface param.
08-05 09:28:54.648  5240  5240 D CertificationTipUtils: showCertification audioType:0,is dolby vision:true
08-05 09:28:54.649   271  5335 I SystemControl: [CPQControl]:GetSourceHDRType: type is 6
08-05 09:28:54.649  5240  5240 D CertificationTipUtils: type:6
08-05 09:28:54.649  5240  5240 D CertificationTipUtils: function has move to system service
08-05 09:28:54.649  5240  5240 D CertificationTipUtils: showCertification audioType:0,is dolby vision:true
08-05 09:28:54.649   271  5335 I SystemControl: [CPQControl]:GetSourceHDRType: type is 6
08-05 09:28:54.649  5240  5240 D CertificationTipUtils: type:6
08-05 09:28:54.649  5240  5240 D CertificationTipUtils: function has move to system service
08-05 09:28:54.677     0     0 I [2 T288   ..] vc: [0]invalid aiface param.
08-05 09:28:54.694     0     0 I [2 T288   ..] vc: [0]invalid aiface param.
08-05 09:28:54.710     0     0 I [2 T288   ..] vc: [0]invalid aiface param.
08-05 09:28:54.727     0     0 I [2 T288   ..] vc: [0]invalid aiface param.
08-05 09:28:54.744     0     0 I [2 T288   ..] vc: [0]invalid aiface param.
08-05 09:28:54.760     0     0 I [2 T288   ..] vc: [0]invalid aiface param.
08-05 09:28:54.777     0     0 I [2 T288   ..] vc: [0]invalid aiface param.
08-05 09:28:54.794     0     0 I [2 T288   ..] vc: [0]invalid aiface param.
08-05 09:28:54.784  5167  5338 W adbd    : timed out while waiting for FUNCTIONFS_BIND, trying again
08-05 09:28:54.785  5167  5338 I adbd    : UsbFfs: connection terminated: monitor thread finished
08-05 09:28:54.785  5167  5167 I adbd    : UsbFfs: already offline
08-05 09:28:54.785  5167  5167 I adbd    : destroying transport UsbFfs
08-05 09:28:54.785  5167  5167 I adbd    : UsbFfsConnection being destroyed
08-05 09:28:54.810     0     0 I [2 T288   ..] vc: [0]invalid aiface param.
08-05 09:28:54.802   478  5317 I VDA     : [3##1]ServiceDeviceTask INs=106/113, OUTs=95/99 {IN=7/8, OUT=8/12[kAtAccelerator(0) kAtDevice(4) kAtClient(8)]}
08-05 09:28:54.827     0     0 I [2 T288   ..] vc: [0]invalid aiface param.
08-05 09:28:54.817   478   856 I NU-AmNuPlayerDriver: [#3] [getCurrentPosition][752] position : 27004 msec
08-05 09:28:54.844     0     0 I [2 T288   ..] vc: [0]invalid aiface param.
08-05 09:28:54.833  5167  5171 I adbd    : opening control endpoint /dev/usb-ffs/adb/ep0
08-05 09:28:54.835  5167  5171 I adbd    : UsbFfsConnection constructed
08-05 09:28:54.836  5167  5339 I adbd    : UsbFfs-monitor thread spawned
08-05 09:28:54.864     0     0 I [0 T288   ..] vc: [0]invalid aiface param.
08-05 09:28:54.877     0     0 I [2 T288   ..] vc: [0]invalid aiface param.
08-05 09:28:54.894     0     0 I [2 T288   ..] vc: [0]invalid aiface param.
08-05 09:28:54.887   478  5317 I mediaserver: (null) is not set, used defaultValue = 1000
08-05 09:28:54.910     0     0 I [2 T288   ..] vc: [0]invalid aiface param.
08-05 09:28:54.927     0     0 I [2 T288   ..] vc: [0]invalid aiface param.
08-05 09:28:54.944     0     0 I [2 T288   ..] vc: [0]invalid aiface param.
08-05 09:28:54.960     0     0 I [2 T288   ..] vc: [0]invalid aiface param.
08-05 09:28:54.950   478  5304 I NU-AmNuPlayerTunnelDecoder: [#3] INs=143/143, OUTs=111 [PLAYER(0) RENDER(4) V4L(4) VIDEOTUNNEL(4)]
08-05 09:28:54.977     0     0 I [2 T288   ..] vc: [0]invalid aiface param.
08-05 09:28:54.993     0     0 I [2 T288   ..] vc: [0]invalid aiface param.
08-05 09:28:55.010     0     0 I [2 T288   ..] vc: [0]invalid aiface param.
08-05 09:28:55.027     0     0 I [2 T288   ..] vc: [0]invalid aiface param.
08-05 09:28:55.044     0     0 I [2 T288   ..] vc: [0]invalid aiface param.
08-05 09:28:55.060     0     0 I [2 T288   ..] vc: [0]invalid aiface param.
08-05 09:28:55.077     0     0 I [2 T288   ..] vc: [0]invalid aiface param.
08-05 09:28:55.093     0     0 I [2 T288   ..] vc: [0]invalid aiface param.
08-05 09:28:55.110     0     0 I [2 T288   ..] vc: [0]invalid aiface param.
08-05 09:28:55.127     0     0 I [2 T288   ..] vc: [0]invalid aiface param.
08-05 09:28:55.144     0     0 I [2 T288   ..] vc: [0]invalid aiface param.
08-05 09:28:55.160     0     0 I [2 T288   ..] vc: [0]invalid aiface param.
08-05 09:28:55.177     0     0 I [2 T288   ..] vc: [0]invalid aiface param.
08-05 09:28:55.194     0     0 I [2 T288   ..] vc: [0]invalid aiface param.
08-05 09:28:55.210     0     0 I [2 T288   ..] vc: [0]invalid aiface param.
08-05 09:28:55.232     0     0 I [2 T288   ..] vc: [0]invalid aiface param.
08-05 09:28:55.244     0     0 I [2 T288   ..] vc: [0]invalid aiface param.
08-05 09:28:55.260     0     0 I [2 T288   ..] vc: [0]invalid aiface param.
08-05 09:28:55.277     0     0 I [3 T288   ..] vc: [0]invalid aiface param.
08-05 09:28:55.294     0     0 I [3 T288   ..] vc: [0]invalid aiface param.
08-05 09:28:55.310     0     0 I [3 T288   ..] vc: [0]invalid aiface param.
08-05 09:28:55.327     0     0 I [3 T288   ..] vc: [0]invalid aiface param.
08-05 09:28:55.344     0     0 I [3 T288   ..] vc: [0]invalid aiface param.
08-05 09:28:55.360     0     0 I [3 T288   ..] vc: [0]invalid aiface param.
08-05 09:28:55.377     0     0 I [3 T288   ..] vc: [0]invalid aiface param.
08-05 09:28:55.396     0     0 I [3 T288   ..] vc: [0]invalid aiface param.
08-05 09:28:55.410     0     0 I [3 T288   ..] vc: [0]invalid aiface param.
08-05 09:28:55.427     0     0 I [3 T288   ..] vc: [0]invalid aiface param.
08-05 09:28:55.444     0     0 I [3 T288   ..] vc: [0]invalid aiface param.
08-05 09:28:55.460     0     0 I [3 T288   ..] vc: [0]invalid aiface param.
08-05 09:28:55.477     0     0 I [1 T288   ..] vc: [0]invalid aiface param.
08-05 09:28:55.494     0     0 I [1 T288   ..] vc: [0]invalid aiface param.
08-05 09:28:55.510     0     0 I [1 T288   ..] vc: [0]invalid aiface param.
08-05 09:28:55.527     0     0 I [0 T288   ..] vc: [0]invalid aiface param.
08-05 09:28:55.544     0     0 I [0 T288   ..] vc: [0]invalid aiface param.
08-05 09:28:55.561     0     0 I [0 T288   ..] vc: [0]invalid aiface param.
08-05 09:28:55.577     0     0 I [0 T288   ..] vc: [0]invalid aiface param.
08-05 09:28:55.594     0     0 I [0 T288   ..] vc: [0]invalid aiface param.
08-05 09:28:55.610     0     0 I [0 T288   ..] vc: [0]invalid aiface param.
08-05 09:28:55.627     0     0 I [0 T288   ..] vc: [0]invalid aiface param.
08-05 09:28:55.644     0     0 I [0 T288   ..] vc: [0]invalid aiface param.
08-05 09:28:55.660     0     0 I [1 T288   ..] vc: [0]invalid aiface param.
08-05 09:28:55.677     0     0 I [1 T288   ..] vc: [0]invalid aiface param.
08-05 09:28:55.698     0     0 I [1 T288   ..] vc: [0]invalid aiface param.
08-05 09:28:55.710     0     0 I [1 T288   ..] vc: [0]invalid aiface param.
08-05 09:28:55.727     0     0 I [1 T288   ..] vc: [0]invalid aiface param.
08-05 09:28:55.744     0     0 I [2 T288   ..] vc: [0]invalid aiface param.
08-05 09:28:55.760     0     0 I [2 T288   ..] vc: [0]invalid aiface param.
08-05 09:28:55.777     0     0 I [2 T288   ..] vc: [0]invalid aiface param.
08-05 09:28:55.794     0     0 I [2 T288   ..] vc: [0]invalid aiface param.
08-05 09:28:55.810     0     0 I [2 T288   ..] vc: [0]invalid aiface param.
08-05 09:28:55.802   478  5317 I VDA     : [3##1]ServiceDeviceTask INs=165/173, OUTs=156/159 {IN=8/8, OUT=9/12[kAtAccelerator(0) kAtDevice(3) kAtClient(9)]}
08-05 09:28:55.827     0     0 I [2 T288   ..] vc: [0]invalid aiface param.
08-05 09:28:55.844     0     0 I [2 T288   ..] vc: [0]invalid aiface param.
08-05 09:28:55.830   478   856 I NU-AmNuPlayerDriver: [#3] [getCurrentPosition][752] position : 28017 msec
08-05 09:28:55.837  5167  5339 W adbd    : timed out while waiting for FUNCTIONFS_BIND, trying again
08-05 09:28:55.837  5167  5339 I adbd    : UsbFfs: connection terminated: monitor thread finished
08-05 09:28:55.837  5167  5167 I adbd    : UsbFfs: already offline
08-05 09:28:55.837  5167  5167 I adbd    : destroying transport UsbFfs
08-05 09:28:55.837  5167  5167 I adbd    : UsbFfsConnection being destroyed
08-05 09:28:55.860     0     0 I [2 T288   ..] vc: [0]invalid aiface param.
08-05 09:28:55.877     0     0 I [2 T288   ..] vc: [0]invalid aiface param.
08-05 09:28:55.894     0     0 I [3 T288   ..] vc: [0]invalid aiface param.
08-05 09:28:55.877  5167  5171 I adbd    : opening control endpoint /dev/usb-ffs/adb/ep0
08-05 09:28:55.878  5167  5171 I adbd    : UsbFfsConnection constructed
08-05 09:28:55.880  5167  5340 I adbd    : UsbFfs-monitor thread spawned
08-05 09:28:55.887   478  5317 I mediaserver: (null) is not set, used defaultValue = 1000
08-05 09:28:55.910     0     0 I [3 T288   ..] vc: [0]invalid aiface param.
08-05 09:28:55.927     0     0 I [3 T288   ..] vc: [0]invalid aiface param.
08-05 09:28:55.944     0     0 I [3 T288   ..] vc: [0]invalid aiface param.
08-05 09:28:55.960     0     0 I [3 T288   ..] vc: [0]invalid aiface param.
08-05 09:28:55.951   478  5304 I NU-AmNuPlayerTunnelDecoder: [#3] INs=203/203, OUTs=171 [PLAYER(0) RENDER(4) V4L(4) VIDEOTUNNEL(4)]
08-05 09:28:55.977     0     0 I [3 T288   ..] vc: [0]invalid aiface param.
08-05 09:28:55.994     0     0 I [3 T288   ..] vc: [0]invalid aiface param.
08-05 09:28:56.010     0     0 I [3 T288   ..] vc: [0]invalid aiface param.
08-05 09:28:56.027     0     0 I [3 T288   ..] vc: [0]invalid aiface param.
08-05 09:28:56.044     0     0 I [3 T288   ..] vc: [0]invalid aiface param.
08-05 09:28:56.060     0     0 I [3 T288   ..] vc: [0]invalid aiface param.
08-05 09:28:56.077     0     0 I [3 T288   ..] vc: [0]invalid aiface param.
08-05 09:28:56.094     0     0 I [3 T288   ..] vc: [0]invalid aiface param.
08-05 09:28:56.110     0     0 I [3 T288   ..] vc: [0]invalid aiface param.
08-05 09:28:56.127     0     0 I [3 T288   ..] vc: [0]invalid aiface param.
08-05 09:28:56.144     0     0 I [3 T288   ..] vc: [0]invalid aiface param.
08-05 09:28:56.143  5240  5240 D UEventObserver: startObserving...
08-05 09:28:56.144  5240  5240 D UEventObserver: startObserving...
08-05 09:28:56.160     0     0 I [3 T288   ..] vc: [0]invalid aiface param.
08-05 09:28:56.177     0     0 I [3 T288   ..] vc: [0]invalid aiface param.
08-05 09:28:56.194     0     0 I [3 T288   ..] vc: [0]invalid aiface param.
08-05 09:28:56.210     0     0 I [3 T288   ..] vc: [0]invalid aiface param.
08-05 09:28:56.227     0     0 I [3 T288   ..] vc: [0]invalid aiface param.
08-05 09:28:56.244     0     0 I [3 T288   ..] vc: [0]invalid aiface param.
08-05 09:28:56.261     0     0 I [3 T288   ..] vc: [0]invalid aiface param.
08-05 09:28:56.277     0     0 I [3 T288   ..] vc: [0]invalid aiface param.
08-05 09:28:56.294     0     0 I [3 T288   ..] vc: [0]invalid aiface param.
08-05 09:28:56.310     0     0 I [3 T288   ..] vc: [0]invalid aiface param.
08-05 09:28:56.327     0     0 I [3 T288   ..] vc: [0]invalid aiface param.
08-05 09:28:56.344     0     0 I [3 T288   ..] vc: [0]invalid aiface param.
08-05 09:28:56.360     0     0 I [3 T288   ..] vc: [0]invalid aiface param.
08-05 09:28:56.377     0     0 I [3 T288   ..] vc: [0]invalid aiface param.
08-05 09:28:56.394     0     0 I [3 T288   ..] vc: [0]invalid aiface param.
08-05 09:28:56.417     0     0 I [3 T288   ..] vc: [0]invalid aiface param.
08-05 09:28:56.427     0     0 I [3 T288   ..] vc: [0]invalid aiface param.
08-05 09:28:56.444     0     0 I [3 T288   ..] vc: [0]invalid aiface param.
08-05 09:28:56.460     0     0 I [3 T288   ..] vc: [0]invalid aiface param.
08-05 09:28:56.477     0     0 I [3 T288   ..] vc: [0]invalid aiface param.
08-05 09:28:56.494     0     0 I [3 T288   ..] vc: [0]invalid aiface param.
08-05 09:28:56.510     0     0 I [3 T288   ..] vc: [0]invalid aiface param.
08-05 09:28:56.527     0     0 I [3 T288   ..] vc: [0]invalid aiface param.
08-05 09:28:56.544     0     0 I [3 T288   ..] vc: [0]invalid aiface param.
08-05 09:28:56.560     0     0 I [3 T288   ..] vc: [0]invalid aiface param.
08-05 09:28:56.577     0     0 I [3 T288   ..] vc: [0]invalid aiface param.
08-05 09:28:56.593     0     0 I [3 T288   ..] vc: [0]invalid aiface param.
08-05 09:28:56.610     0     0 I [3 T288   ..] vc: [0]invalid aiface param.
08-05 09:28:56.627     0     0 I [3 T288   ..] vc: [0]invalid aiface param.
08-05 09:28:56.644     0     0 I [3 T288   ..] vc: [0]invalid aiface param.
08-05 09:28:56.667     0     0 I [3 T288   ..] vc: [0]invalid aiface param.
08-05 09:28:56.677     0     0 I [3 T288   ..] vc: [0]invalid aiface param.
08-05 09:28:56.693     0     0 I [0 T288   ..] vc: [0]invalid aiface param.
08-05 09:28:56.710     0     0 I [1 T288   ..] vc: [0]invalid aiface param.
08-05 09:28:56.727     0     0 I [1 T288   ..] vc: [0]invalid aiface param.
08-05 09:28:56.744     0     0 I [1 T288   ..] vc: [0]invalid aiface param.
08-05 09:28:56.760     0     0 I [1 T288   ..] vc: [0]invalid aiface param.
08-05 09:28:56.777     0     0 I [0 T288   ..] vc: [0]invalid aiface param.
08-05 09:28:56.794     0     0 I [0 T288   ..] vc: [0]invalid aiface param.
08-05 09:28:56.810     0     0 I [0 T288   ..] vc: [0]invalid aiface param.
08-05 09:28:56.827     0     0 I [1 T288   ..] vc: [0]invalid aiface param.
08-05 09:28:56.819   478  5317 I VDA     : [3##1]ServiceDeviceTask INs=227/234, OUTs=216/220 {IN=7/8, OUT=8/12[kAtAccelerator(0) kAtDevice(4) kAtClient(8)]}
08-05 09:28:56.844     0     0 I [1 T288   ..] vc: [0]invalid aiface param.
08-05 09:28:56.840   478   531 I NU-AmNuPlayerDriver: [#3] [getCurrentPosition][752] position : 29027 msec
08-05 09:28:56.860     0     0 I [1 T288   ..] vc: [0]invalid aiface param.
08-05 09:28:56.877     0     0 I [1 T288   ..] vc: [0]invalid aiface param.
08-05 09:28:56.894     0     0 I [2 T288   ..] vc: [0]invalid aiface param.
08-05 09:28:56.881  5167  5340 W adbd    : timed out while waiting for FUNCTIONFS_BIND, trying again
08-05 09:28:56.882  5167  5340 I adbd    : UsbFfs: connection terminated: monitor thread finished
08-05 09:28:56.882  5167  5167 I adbd    : UsbFfs: already offline
08-05 09:28:56.882  5167  5167 I adbd    : destroying transport UsbFfs
08-05 09:28:56.882  5167  5167 I adbd    : UsbFfsConnection being destroyed
08-05 09:28:56.887   478  5317 I mediaserver: (null) is not set, used defaultValue = 1000
08-05 09:28:56.910     0     0 I [2 T288   ..] vc: [0]invalid aiface param.
08-05 09:28:56.927     0     0 I [2 T288   ..] vc: [0]invalid aiface param.
08-05 09:28:56.944     0     0 I [2 T288   ..] vc: [0]invalid aiface param.
08-05 09:28:56.925  5167  5171 I adbd    : opening control endpoint /dev/usb-ffs/adb/ep0
08-05 09:28:56.926  5167  5171 I adbd    : UsbFfsConnection constructed
08-05 09:28:56.927  5167  5342 I adbd    : UsbFfs-monitor thread spawned
08-05 09:28:56.960     0     0 I [2 T288   ..] vc: [0]invalid aiface param.
08-05 09:28:56.951   478  5304 I NU-AmNuPlayerTunnelDecoder: [#3] INs=263/263, OUTs=231 [PLAYER(0) RENDER(4) V4L(4) VIDEOTUNNEL(4)]
08-05 09:28:56.977     0     0 I [2 T288   ..] vc: [0]invalid aiface param.
08-05 09:28:56.994     0     0 I [2 T288   ..] vc: [0]invalid aiface param.
08-05 09:28:57.010     0     0 I [2 T288   ..] vc: [0]invalid aiface param.
08-05 09:28:57.027     0     0 I [2 T288   ..] vc: [0]invalid aiface param.
08-05 09:28:57.044     0     0 I [2 T288   ..] vc: [0]invalid aiface param.
08-05 09:28:57.060     0     0 I [2 T288   ..] vc: [0]invalid aiface param.
08-05 09:28:57.078     0     0 I [2 T288   ..] vc: [0]invalid aiface param.
08-05 09:28:57.094     0     0 I [0 T288   ..] vc: [0]invalid aiface param.
08-05 09:28:57.110     0     0 I [3 T288   ..] vc: [0]invalid aiface param.
08-05 09:28:57.127     0     0 I [3 T288   ..] vc: [0]invalid aiface param.
08-05 09:28:57.144     0     0 I [3 T288   ..] vc: [0]invalid aiface param.
08-05 09:28:57.160     0     0 I [3 T288   ..] vc: [0]invalid aiface param.
08-05 09:28:57.177     0     0 I [3 T288   ..] vc: [0]invalid aiface param.
08-05 09:28:57.194     0     0 I [3 T288   ..] vc: [0]invalid aiface param.
08-05 09:28:57.210     0     0 I [3 T288   ..] vc: [0]invalid aiface param.
08-05 09:28:57.227     0     0 I [3 T288   ..] vc: [0]invalid aiface param.
08-05 09:28:57.244     0     0 I [3 T288   ..] vc: [0]invalid aiface param.
08-05 09:28:57.260     0     0 I [3 T288   ..] vc: [0]invalid aiface param.
08-05 09:28:57.277     0     0 I [3 T288   ..] vc: [0]invalid aiface param.
08-05 09:28:57.294     0     0 I [3 T288   ..] vc: [0]invalid aiface param.
08-05 09:28:57.311     0     0 I [1 T288   ..] vc: [0]invalid aiface param.
08-05 09:28:57.327     0     0 I [1 T288   ..] vc: [0]invalid aiface param.
08-05 09:28:57.344     0     0 I [1 T288   ..] vc: [0]invalid aiface param.
08-05 09:28:57.364     0     0 I [0 T288   ..] vc: [0]invalid aiface param.
08-05 09:28:57.377     0     0 I [2 T288   ..] vc: [0]invalid aiface param.
08-05 09:28:57.394     0     0 I [2 T288   ..] vc: [0]invalid aiface param.
08-05 09:28:57.410     0     0 I [2 T288   ..] vc: [0]invalid aiface param.
08-05 09:28:57.427     0     0 I [2 T288   ..] vc: [0]invalid aiface param.
08-05 09:28:57.445     0     0 I [0 T288   ..] vc: [0]invalid aiface param.
08-05 09:28:57.460     0     0 I [1 T288   ..] vc: [0]invalid aiface param.
08-05 09:28:57.477     0     0 I [1 T288   ..] vc: [0]invalid aiface param.
08-05 09:28:57.494     0     0 I [1 T288   ..] vc: [0]invalid aiface param.
08-05 09:28:57.510     0     0 I [1 T288   ..] vc: [0]invalid aiface param.
08-05 09:28:57.528     0     0 I [1 T288   ..] vc: [0]invalid aiface param.
08-05 09:28:57.544     0     0 I [0 T288   ..] vc: [0]invalid aiface param.
08-05 09:28:57.560     0     0 I [3 T288   ..] vc: [0]invalid aiface param.
08-05 09:28:57.577     0     0 I [3 T288   ..] vc: [0]invalid aiface param.
08-05 09:28:57.594     0     0 I [3 T288   ..] vc: [0]invalid aiface param.
08-05 09:28:57.610     0     0 I [3 T288   ..] vc: [0]invalid aiface param.
08-05 09:28:57.627     0     0 I [3 T288   ..] vc: [0]invalid aiface param.
08-05 09:28:57.644     0     0 I [3 T288   ..] vc: [0]invalid aiface param.
08-05 09:28:57.660     0     0 I [3 T288   ..] vc: [0]invalid aiface param.
08-05 09:28:57.677     0     0 I [3 T288   ..] vc: [0]invalid aiface param.
08-05 09:28:57.694     0     0 I [3 T288   ..] vc: [0]invalid aiface param.
08-05 09:28:57.711     0     0 I [3 T288   ..] vc: [0]invalid aiface param.
08-05 09:28:57.727     0     0 I [3 T288   ..] vc: [0]invalid aiface param.
08-05 09:28:57.744     0     0 I [3 T288   ..] vc: [0]invalid aiface param.
08-05 09:28:57.760     0     0 I [3 T288   ..] vc: [0]invalid aiface param.
08-05 09:28:57.760   367   783 D BufferPoolAccessor2.0: evictor expired: 2, evicted: 0
08-05 09:28:57.777     0     0 I [3 T288   ..] vc: [0]invalid aiface param.
08-05 09:28:57.793     0     0 I [3 T288   ..] vc: [0]invalid aiface param.
08-05 09:28:57.810     0     0 I [3 T288   ..] vc: [0]invalid aiface param.
08-05 09:28:57.827     0     0 I [3 T288   ..] vc: [0]invalid aiface param.
08-05 09:28:57.844     0     0 I [3 T288   ..] vc: [0]invalid aiface param.
08-05 09:28:57.836   478  5317 I VDA     : [3##1]ServiceDeviceTask INs=288/295, OUTs=277/281 {IN=7/8, OUT=8/12[kAtAccelerator(0) kAtDevice(4) kAtClient(8)]}
08-05 09:28:57.861     0     0 I [3 T288   ..] vc: [0]invalid aiface param.
08-05 09:28:57.851   478   531 I NU-AmNuPlayerDriver: [#3] [getCurrentPosition][752] position : 30038 msec
08-05 09:28:57.877     0     0 I [3 T288   ..] vc: [0]invalid aiface param.
08-05 09:28:57.894     0     0 I [3 T288   ..] vc: [0]invalid aiface param.
08-05 09:28:57.887   478  5317 I mediaserver: (null) is not set, used defaultValue = 1000
08-05 09:28:57.910     0     0 I [2 T288   ..] vc: [0]invalid aiface param.
08-05 09:28:57.927     0     0 I [2 T288   ..] vc: [0]invalid aiface param.
08-05 09:28:57.920   478  5306 D BufferPoolAccessor2.0: bufferpool2 0xe7102308 : 8(16777216 size) total buffers - 5(10485760 size) used buffers - 267/275 (recycle/alloc) - 8/546 (fetch/transfer)
08-05 09:28:57.923   367  5308 D BufferPoolAccessor2.0: bufferpool2 0xea8c04a8 : 4(16384 size) total buffers - 1(4096 size) used buffers - 269/273 (recycle/alloc) - 5/272 (fetch/transfer)
08-05 09:28:57.944     0     0 I [2 T288   ..] vc: [0]invalid aiface param.
08-05 09:28:57.927  5167  5342 W adbd    : timed out while waiting for FUNCTIONFS_BIND, trying again
08-05 09:28:57.927  5167  5342 I adbd    : UsbFfs: connection terminated: monitor thread finished
08-05 09:28:57.927  5167  5167 I adbd    : UsbFfs: already offline
08-05 09:28:57.927  5167  5167 I adbd    : destroying transport UsbFfs
08-05 09:28:57.927  5167  5167 I adbd    : UsbFfsConnection being destroyed
08-05 09:28:57.960     0     0 I [2 T288   ..] vc: [0]invalid aiface param.
08-05 09:28:57.951   478  5304 I NU-AmNuPlayerTunnelDecoder: [#3] INs=323/323, OUTs=291 [PLAYER(0) RENDER(4) V4L(4) VIDEOTUNNEL(4)]
08-05 09:28:57.977     0     0 I [2 T288   ..] vc: [0]invalid aiface param.
08-05 09:28:57.973  5167  5171 I adbd    : opening control endpoint /dev/usb-ffs/adb/ep0
08-05 09:28:57.974  5167  5171 I adbd    : UsbFfsConnection constructed
08-05 09:28:57.975  5167  5343 I adbd    : UsbFfs-monitor thread spawned
08-05 09:28:57.994     0     0 I [2 T288   ..] vc: [0]invalid aiface param.
08-05 09:28:58.010     0     0 I [2 T288   ..] vc: [0]invalid aiface param.
08-05 09:28:58.027     0     0 I [2 T288   ..] vc: [0]invalid aiface param.
08-05 09:28:58.044     0     0 I [2 T288   ..] vc: [0]invalid aiface param.
08-05 09:28:58.060     0     0 I [2 T288   ..] vc: [0]invalid aiface param.
08-05 09:28:58.077     0     0 I [2 T288   ..] vc: [0]invalid aiface param.
08-05 09:28:58.094     0     0 I [2 T288   ..] vc: [0]invalid aiface param.
08-05 09:28:58.110     0     0 I [0 T288   ..] vc: [0]invalid aiface param.
08-05 09:28:58.127     0     0 I [3 T288   ..] vc: [0]invalid aiface param.
08-05 09:28:58.144     0     0 I [3 T288   ..] vc: [0]invalid aiface param.
08-05 09:28:58.160     0     0 I [3 T288   ..] vc: [0]invalid aiface param.
08-05 09:28:58.149  5240  5240 D CertificationTipUtils: closeCertificationDV
08-05 09:28:58.150  5240  5240 D CertificationTipUtils: closeCertificationDV
08-05 09:28:58.177     0     0 I [3 T288   ..] vc: [0]invalid aiface param.
08-05 09:28:58.194     0     0 I [3 T288   ..] vc: [0]invalid aiface param.
08-05 09:28:58.210     0     0 I [3 T288   ..] vc: [0]invalid aiface param.
08-05 09:28:58.227     0     0 I [1 T288   ..] vc: [0]invalid aiface param.
08-05 09:28:58.244     0     0 I [0 T288   ..] vc: [0]invalid aiface param.
08-05 09:28:58.260     0     0 I [1 T288   ..] vc: [0]invalid aiface param.
08-05 09:28:58.277     0     0 I [1 T288   ..] vc: [0]invalid aiface param.
08-05 09:28:58.294     0     0 I [1 T288   ..] vc: [0]invalid aiface param.
08-05 09:28:58.310     0     0 I [2 T288   ..] vc: [0]invalid aiface param.
08-05 09:28:58.327     0     0 I [2 T288   ..] vc: [0]invalid aiface param.
08-05 09:28:58.348     0     0 I [0 T288   ..] vc: [0]invalid aiface param.
08-05 09:28:58.360     0     0 I [0 T288   ..] vc: [0]invalid aiface param.
08-05 09:28:58.377     0     0 I [0 T288   ..] vc: [0]invalid aiface param.
08-05 09:28:58.394     0     0 I [0 T288   ..] vc: [0]invalid aiface param.
08-05 09:28:58.381   361  1263 I audio_hw_hal_stream: aml_stream_out_info_print: out:0xe47c5d80, stream_type:pcm, sync_mode:non tunnel, input_size:18792448 bytes
08-05 09:28:58.381   361  1263 I audio_hw_hal_stream: aml_stream_out_info_print: last_time:3470163 ms (sec:3470, nsec:163223278), last_position:97757 ms (4692352), cur_time:3470211 ms (sec:3470, nsec:211181153), cur_position:97805 ms (4694656)
08-05 09:28:58.381   361  1263 I audio_hw_hal_stream: aml_stream_out_info_print: time_gap:48 ms (thr:100 ms), position_gap:48 ms, delay:72 ms, jitter: Position gap is ahead of system time gap by 0 ms (thr:100 ms)
08-05 09:28:58.387   520   520 D XIRI_driver: send to xiri: {"cmd":"key","event":1,"keycode":330,"pid":0,"vid":0,"devnum":0}
08-05 09:28:58.387   520   520 D XIRI_driver: send to xiri: {"cmd":"key","event":1,"keycode":325,"pid":0,"vid":0,"devnum":0}
08-05 09:28:58.407     0     0 W [0 T100   ..] jadard_ts_work: Entering
08-05 09:28:58.391   572   593 D WindowManager: MotionEvent: action=ACTION_DOWN x=758.0 y=392.0 eventTime=3470222 pointerCount=1
08-05 09:28:58.392   876  1311 I jarvis_ : System call method methodId = touch_down
08-05 09:28:58.392   876  4269 I jarvis_ : System call method methodId = touch_down
08-05 09:28:58.410     0     0 I [0 T288   ..] vc: [0]invalid aiface param.
08-05 09:28:58.416     0     0 W [0 T100   ..] jadard_ts_work: Entering
08-05 09:28:58.397   572   593 D WindowManager: MotionEvent: action=ACTION_MOVE x=758.0 y=392.0 eventTime=3470231 pointerCount=1
08-05 09:28:58.405   572   593 D WindowManager: MotionEvent: action=ACTION_MOVE x=758.0 y=392.0 eventTime=3470239 pointerCount=1
08-05 09:28:58.423     0     0 W [0 T100   ..] jadard_ts_work: Entering
08-05 09:28:58.427     0     0 I [0 T288   ..] vc: [0]invalid aiface param.
08-05 09:28:58.414   572   593 D WindowManager: MotionEvent: action=ACTION_MOVE x=758.0 y=392.0 eventTime=3470248 pointerCount=1
08-05 09:28:58.433     0     0 W [0 T100   ..] jadard_ts_work: Entering
08-05 09:28:58.422   572   593 D WindowManager: MotionEvent: action=ACTION_MOVE x=758.0 y=392.0 eventTime=3470256 pointerCount=1
08-05 09:28:58.440     0     0 W [0 T100   ..] jadard_ts_work: Entering
08-05 09:28:58.444     0     0 I [0 T288   ..] vc: [0]invalid aiface param.
08-05 09:28:58.433   572   593 D WindowManager: MotionEvent: action=ACTION_MOVE x=758.0 y=392.0 eventTime=3470265 pointerCount=1
08-05 09:28:58.449     0     0 W [0 T100   ..] jadard_ts_work: Entering
08-05 09:28:58.439   572   593 D WindowManager: MotionEvent: action=ACTION_MOVE x=758.0 y=392.0 eventTime=3470272 pointerCount=1
08-05 09:28:58.457     0     0 W [0 T100   ..] jadard_ts_work: Entering
08-05 09:28:58.461     0     0 I [0 T288   ..] vc: [0]invalid aiface param.
08-05 09:28:58.447   572   593 D WindowManager: MotionEvent: action=ACTION_MOVE x=758.0 y=392.0 eventTime=3470281 pointerCount=1
08-05 09:28:58.465     0     0 W [0 T100   ..] jadard_ts_work: Entering
08-05 09:28:58.455   572   593 D WindowManager: MotionEvent: action=ACTION_MOVE x=758.0 y=392.0 eventTime=3470289 pointerCount=1
08-05 09:28:58.473     0     0 W [0 T100   ..] jadard_ts_work: Entering
08-05 09:28:58.478     0     0 I [0 T288   ..] vc: [0]invalid aiface param.
08-05 09:28:58.464   572   593 D WindowManager: MotionEvent: action=ACTION_MOVE x=758.0 y=392.0 eventTime=3470298 pointerCount=1
08-05 09:28:58.482     0     0 W [0 T100   ..] jadard_ts_work: Entering
08-05 09:28:58.490     0     0 W [0 T100   ..] jadard_ts_work: Entering
08-05 09:28:58.471   572   593 D WindowManager: MotionEvent: action=ACTION_MOVE x=758.0 y=392.0 eventTime=3470305 pointerCount=1
08-05 09:28:58.494     0     0 I [1 T288   ..] vc: [0]invalid aiface param.
08-05 09:28:58.480   572   593 D WindowManager: MotionEvent: action=ACTION_MOVE x=758.0 y=392.0 eventTime=3470314 pointerCount=1
08-05 09:28:58.491   572   593 D WindowManager: MotionEvent: action=ACTION_MOVE x=758.0 y=392.0 eventTime=3470323 pointerCount=1
08-05 09:28:58.499     0     0 W [0 T100   ..] jadard_ts_work: Entering
08-05 09:28:58.507     0     0 W [0 T100   ..] jadard_ts_work: Entering
08-05 09:28:58.497   572   593 D WindowManager: MotionEvent: action=ACTION_MOVE x=758.0 y=392.0 eventTime=3470331 pointerCount=1
08-05 09:28:58.515     0     0 I [0 T288   ..] vc: [0]invalid aiface param.
08-05 09:28:58.515     0     0 W [0 T100   ..] jadard_ts_work: Entering
08-05 09:28:58.504   520   520 D XIRI_driver: send to xiri: {"cmd":"key","event":0,"keycode":330,"pid":0,"vid":0,"devnum":0}
08-05 09:28:58.504   520   520 D XIRI_driver: send to xiri: {"cmd":"key","event":0,"keycode":325,"pid":0,"vid":0,"devnum":0}
08-05 09:28:58.506  5240  5240 I MoviePlayerControView_MoviePlayer: onClick:view.id2131362027
08-05 09:28:58.507  5240  5240 I MoviePlayerControlViewLayoutManager: resetHideCallbacks showTimeoutMs: 5000, uxState: 2
08-05 09:28:58.523     0     0 W [0 T100   ..] jadard_ts_work: Entering
08-05 09:28:58.507  5240  5240 I MyMediaPlayer_MoviePlayer: [playNext]mState:4
08-05 09:28:58.507   572   593 D WindowManager: MotionEvent: action=ACTION_UP x=758.0 y=392.0 eventTime=3470339 pointerCount=1
08-05 09:28:58.507  5240  5240 I Bookmark: set bookmark,filename:/storage/6A6F-168B/本地视频/[4KH265_59.940fps_10bit]03.UHD_RideOnBoard_Chinese.ts,position:30694
08-05 09:28:58.527     0     0 I [3 T288   ..] vc: [0]invalid aiface param.
08-05 09:28:58.509   876  4269 I jarvis_ : System call method methodId = touch_up
08-05 09:28:58.510   407   858 D audioserver: logFgsApiBegin: FGS Logger Transaction failed, -129
08-05 09:28:58.511   876  4269 I jarvis_ : System call method methodId = touch_up
08-05 09:28:58.518  5240  5240 I MyMediaPlayer_MoviePlayer: [close3D]mMediaPlayer:com.droidlogic.app.MediaPlayerExt@fe2a6c0,mOption:com.droidlogic.combineplayer.MvOption@9663bd3
08-05 09:28:58.518  5240  5240 I MyMediaPlayer_MoviePlayer: [stop]mMediaPlayer:,mState:4
08-05 09:28:58.518  5240  5240 I MyMediaPlayer_MoviePlayer: [close3D]mMediaPlayer:com.droidlogic.app.MediaPlayerExt@fe2a6c0,mOption:com.droidlogic.combineplayer.MvOption@9663bd3
08-05 09:28:58.518   478   531 D NU-AmNuPlayerDriver: [#3] stop(0xe90c4c90)
08-05 09:28:58.518   478   531 D NU-AmNuPlayerDriver: [#3] notifyListener_l(0xe90c4c90), (8, 0, 0, -1), loop setting(0, 0)
08-05 09:28:58.518   478  5303 I NU-AmNuPlayerRenderer: [#3] render_onPause
08-05 09:28:58.519   478  5295 D NU-AmNuPlayerDriver: [#3] notifyListener_l(0xe90c4c90), (211, 0, 0, 20), loop setting(0, 0)
08-05 09:28:58.523   876   876 I jarvis_ : <onMediaPause>
08-05 09:28:58.546     0     0 I [0 T288   ..] vc: [0]invalid aiface param.
08-05 09:28:58.560     0     0 I [3 T288   ..] vc: [0]invalid aiface param.
08-05 09:28:58.552   361   436 I audio_hw_hal_primary: out_update_source_metadata_v7() line 2024 usage:13 content_type:4
08-05 09:28:58.559   478  5303 D NU-AmNuPlayerRenderer: [#3] audio sink pause from [onPause,5151]
08-05 09:28:58.559   478  5303 I NU-AmNuPlayerRenderer: [#3] now paused audio queue has 3 entries, video has 4 entries
08-05 09:28:58.559   478  5303 D NU-AmNuPlayerRenderer: [#3] pause state, do not write audio data
08-05 09:28:58.559   478  5303 D NU-AmNuPlayerRenderer: [#3] pause state, do not write audio data
08-05 09:28:58.559   478  5303 D NU-AmNuPlayerRenderer: [#3] pause state, do not write audio data
08-05 09:28:58.560   478   531 D NU-AmNuPlayerDriver: [#3] reset(0xe90c4c90) at state 8
08-05 09:28:58.560   478   531 I NU-GenericSource: --->disconnect<---
08-05 09:28:58.577     0     0 I [3 T288   ..] vc: [0]invalid aiface param.
08-05 09:28:58.561   478   531 I NU-GenericSource: --->disconnect OK 
08-05 09:28:58.561   478  5304 I NU-AmNuPlayerTunnelDecoder: [#3] [doFlush:1203] flushing 
08-05 09:28:58.561   478  5305 I NU-AmNuPlayerDecoder: [#3] [doFlush:1547] audio flushing 
08-05 09:28:58.561   478  5304 I AmVideoDec: [No--1]-[0]"reset\n"
08-05 09:28:58.561   478  5305 I NU-AmNuPlayerDecoder: [#3] [doFlush:1554] audio flushing 
08-05 09:28:58.561   478  5304 I VDA     : [3##1]Reset
08-05 09:28:58.561   478  5317 I VDA     : [3##1]ResetTask
08-05 09:28:58.561   478  5317 I AmlManagePts: [0]"resetPtsInfo into\n"
08-05 09:28:58.561   478  5317 I AmlManagePts: [0]"resetOutPutInfo into\n"
08-05 09:28:58.561   478  5317 I VDA     : [3##1]FinishReset
08-05 09:28:58.561   478  5317 I VDA     : [3##1]StopInputStream input_streamon 1, input_buffer_map_.size 8
08-05 09:28:58.561   478  5317 I VDA     : [3##1]----stop input VIDIOC_STREAMOFF----
08-05 09:28:58.561   478  5317 I VDA     : [3##1]StopDevicePoll
08-05 09:28:58.561   478  5295 I NU-AmNuPlayerTunnelDecoder: [#3] ~ReadDecoderInfo
08-05 09:28:58.561   478  5295 I MessageMonitor: NU-Decoder::ReadDecoderInfo MessageMonitor exit
08-05 09:28:58.562   478  5295 D NU-AmNuPlayerDriver: [#3] notifyListener_l(0xe90c4c90), (211, 0, 0, 20), loop setting(0, 0)
08-05 09:28:58.562   478  5303 I NU-AmNuPlayerRenderer: [#3] clearAnchorTime
08-05 09:28:58.562   478  5303 I NU-AmNuPlayerRenderer: [#3] flushing video
08-05 09:28:58.562   478  5303 I NU-AmNuPlayerRenderer: mFirstSlowSync is set to True. from : 4953
08-05 09:28:58.562   478  5303 I NU-AmNuPlayerRenderer: [#3] clearAnchorTime
08-05 09:28:58.562   478  5306 D CCodecBuffers: [c2.amlogic.audio.decoder.ffmpeg#715:1D-Output.Impl[N]] Client returned a buffer it does not own according to our record: 0
08-05 09:28:58.562   478  5303 I NU-AmNuPlayerRenderer: [#3] flushing audio
08-05 09:28:58.562   478  5305 I NU-AmNuPlayerDecoder: [#3] [doFlush:1560] audio flushing 
08-05 09:28:58.562   478  5295 I NU-AmNuPlayer: [#3] decoder audio flush completed
08-05 09:28:58.567   478  5303 D NU-AmNuPlayerRenderer: [#3] audio sink pause-flush-stop from [onFlush,4923]
08-05 09:28:58.568   367  5308 I Amlogic_C2AudioFFMPEGDecoder: onRelease 492
08-05 09:28:58.568   367  5308 I Amlogic_C2AudioFFMPEGDecoder: onStop() 464
08-05 09:28:58.568   367  5308 I Amlogic_C2AudioFFMPEGDecoder: tearDown 439
08-05 09:28:58.568   367  5308 I Amlogic_C2AudioFFMPEGDecoder: tearDownAudioDecoder_l 308
08-05 09:28:58.568   367  5308 I Amlogic_C2AudioFFMPEGDecoder: unload_ffmpeg_decoder_lib 325
08-05 09:28:58.568   367  5308 I AmFFmpegDecoder: ffmpeg_decoder_close 160 
08-05 09:28:58.568   367  5308 I AmAudioCodec: decode_close 283 
08-05 09:28:58.568   367  5308 I AmAudioCodec: ~AmAudioCodec 66 
08-05 09:28:58.568   367  5308 I AmAudioCodec: decode_close 283 
08-05 09:28:58.568   367  5308 W RefBase : RefBase: Explicit destruction, weak count = 0 (in 0xee814cd0). Use sp<> to manage this object.
08-05 09:28:58.568   367  5308 W RefBase : CallStack::getCurrentInternal not linked, returning null
08-05 09:28:58.568   367  5308 W RefBase : CallStack::logStackInternal not linked
08-05 09:28:58.569   478  5306 I hw-BpHwBinder: onLastStrongRef automatically unlinking death recipients
08-05 09:28:58.569   367   902 I hw-BpHwBinder: onLastStrongRef automatically unlinking death recipients
08-05 09:28:58.569   367   902 I Amlogic_C2AudioFFMPEGDecoder: ~C2AudioFFMPEGDecoder() 280
08-05 09:28:58.569   367   902 I Amlogic_C2AudioFFMPEGDecoder: onRelease 492
08-05 09:28:58.569   367   902 I Amlogic_C2AudioFFMPEGDecoder: onStop() 464
08-05 09:28:58.569   367   902 I Amlogic_C2AudioFFMPEGDecoder: tearDown 439
08-05 09:28:58.569   367   902 I Amlogic_C2AudioFFMPEGDecoder: ~C2AudioFFMPEGDecoder() 287  exit
08-05 09:28:58.570   478  5305 D MediaCodec: flushMediametrics
08-05 09:28:58.572   478  5295 I NU-AmNuPlayer: [#3] audio shutdown completed
08-05 09:28:58.572   478  5295 I NU-AmNuPlayer: [#3] audio setHasNoMedia
08-05 09:28:58.572   478  5305 I NuPlayerDecoderBase: ReadDataHandler release.
08-05 09:28:58.572   478  5305 I MessageMonitor: ReadDataHandler MessageMonitor exit
08-05 09:28:58.572   478  5305 I MessageMonitor: NU-AmNuPlayerDecoder-audN MessageMonitor exit
08-05 09:28:58.573   478  5317 D ThreadUtil: stop:204 thread exit
08-05 09:28:58.573   478  5317 D ThreadUtil: stop:204 thread exit
08-05 09:28:58.573   478  5317 I VDA     : [3##1]----stop output VIDIOC_STREAMOFF----
08-05 09:28:58.593     0     0 I [1 T5317  ..] [amlv4l]: [1]: reset mode: 1, es frames buffering: 2
08-05 09:28:58.593     0     0 D [1 T5317  ..] [h265]: [0]h265:pts_unstable=0
08-05 09:28:58.593     0     0 D [1 T5317  ..] [h265]: [0]h265: ver (201602101,0) decinfo: 0x0 rate=3600
08-05 09:28:58.578   478  5317 I VDA     : [3##1]SendPictureReady
08-05 09:28:58.578   478  5317 I VDA     : [3##1]post ResetDoneTask
08-05 09:28:58.597     0     0 I [1 T5317  ..] [amlv4l]: [1]: reset mode: 1, es frames buffering: 0
08-05 09:28:58.597     0     0 I [2 T288   ..] vc: [0]invalid aiface param.
08-05 09:28:58.597     0     0 D [1 T5317  ..] [h265]: [0]h265:pts_unstable=0
08-05 09:28:58.597     0     0 D [1 T5317  ..] [h265]: [0]h265: ver (201602101,0) decinfo: 0x0 rate=3600
08-05 09:28:58.581   478  5317 I VDA     : [3##1]ResetDoneTask
08-05 09:28:58.581   478  5317 I VDA     : [3##1]StartDevicePoll
08-05 09:28:58.581   478  5317 D ThreadUtil: start:153 in
08-05 09:28:58.582   478  5317 D ThreadUtil: start:180 threadid:-447831616
08-05 09:28:58.582   478  5317 I VDA     : [3##1]NotifyResetDone
08-05 09:28:58.582   478  5317 I AmVideoDec: [No--1]-[0]"notifyResetDone\n"
08-05 09:28:58.582   478  5317 I NU-AmNuPlayerTunnelDecoder: [#3] NotifyFlushOrStopDone
08-05 09:28:58.582   478  5304 I NU-AmNuPlayerTunnelDecoder: [#3] [doFlush:1239] flushing 
08-05 09:28:58.582   478  5304 I NU-AmNuPlayerTunnelDecoder: [#3] [doFlush:1244] flushing 
08-05 09:28:58.582   478  5304 I NU-AmNuPlayerTunnelDecoder: [#3] onReuseOutputBuffers
08-05 09:28:58.582   478  5295 I NU-AmNuPlayer: [#3] decoder video flush completed
08-05 09:28:58.582   478  5311 I NU-AmNuPlayerTunnelDecoder: [#3] releaseAndResetInputBuffers
08-05 09:28:58.582   478  5317 I VDA     : [3##1]----enqueue output STREAMON----
08-05 09:28:58.587   478  5318 I NU-AmNuPlayerTunnelDecoder: [#3] dequeueBufferThreadEntry exit
08-05 09:28:58.587   478  5304 I VideoTunnelWrapper: [3##1] current queuedCount:2
08-05 09:28:58.587   478  5304 I VideoTunnelWrapper: [3##1] in,clearlastframe:0, mLastFrameColor:-1
08-05 09:28:58.587   478  5304 I VideoTunnelWrapper: [3##1] meson_vt_disconnect 10 success!
08-05 09:28:58.587   478  5304 I VideoTunnelWrapper: [3##1] ~VideoTunnelWrapper, mConnected = 0
08-05 09:28:58.587   478  5304 I VideoTunnelWrapper: [3##1] meson_vt_free_id success. mTunnelId:10
08-05 09:28:58.587   478  5304 I VideoTunnelWrapper: [3##1] ctor VideoTunnelWrapper meson_vt_close mVideoTunnelFd 66
08-05 09:28:58.587   478  5304 I VideoTunnelWrapper: [3##1] meson_vt_close done! ret:0
08-05 09:28:58.587   478  5304 I mediaserver: vendor.mediahal.loglevels is not set, used defaultValue = 1
08-05 09:28:58.587   478  5304 I VDA     : [3##1]Destroy:1851
08-05 09:28:58.587   478  5317 I VDA     : [3##1]DestroyTask INS=0/0, OUTS=0/10 {IN=0/8, OUT=2/12[kAtAccelerator(0) kAtDevice(10) kAtClient(2)]}
08-05 09:28:58.587   478  5317 I VDA     : [3##1]StopDevicePoll
08-05 09:28:58.588   478  5317 D ThreadUtil: stop:204 thread exit
08-05 09:28:58.588   478  5317 D ThreadUtil: stop:204 thread exit
08-05 09:28:58.588   478  5317 I VDA     : [3##1]----stop output VIDIOC_STREAMOFF----
08-05 09:28:58.606     0     0 I         : [1 T5304  ..] vt [10] producer-478 disconnect, instance ref 3, fcount 1
08-05 09:28:58.607     0     0 I         : [1 T5304  ..] vt free instance [10], ref 2
08-05 09:28:58.607     0     0 I         : [1 T5304  ..] vt session 478-0 destroy
08-05 09:28:58.607     0     0 I [3 T5317  ..] [amlv4l]: [1]: reset mode: 1, es frames buffering: 0
08-05 09:28:58.607     0     0 D [3 T5317  ..] [h265]: [0]h265:pts_unstable=0
08-05 09:28:58.607     0     0 D [3 T5317  ..] [h265]: [0]h265: ver (201602101,0) decinfo: 0x0 rate=3600
08-05 09:28:58.608     0     0 I [3 T5317  ..] [amlv4l]: [1]: reset mode: 1, es frames buffering: 0
08-05 09:28:58.608     0     0 D [3 T5317  ..] [h265]: [0]h265:pts_unstable=0
08-05 09:28:58.608     0     0 D [3 T5317  ..] [h265]: [0]h265: ver (201602101,0) decinfo: 0x0 rate=3600
08-05 09:28:58.589   478  5317 I VDA     : [3##1]StopInputStream input_streamon 0, input_buffer_map_.size 8
08-05 09:28:58.589   361  1263 I audio_hw_hal_primary: [audiohal_get_latency:1344] io 13: out:0xe47c5d80 frames:3072 rate:48000 whole_latency:64 alsa_latency:64
08-05 09:28:58.589   478  5317 I AmlManagePts: [0]"resetPtsInfo into\n"
08-05 09:28:58.589   478  5317 I AmlManagePts: [0]"resetOutPutInfo into\n"
08-05 09:28:58.589   478  5317 I VDA     : [3##1]DestroyInputBuffers:5492
08-05 09:28:58.589   478  5317 I VDA     : [3##1]DestroyOutputBuffers:5535
08-05 09:28:58.590   478  5317 I VDA     : [3##1]DestroyTask:4527
08-05 09:28:58.590   478  5317 I VDA     : [3##1]DestroyTask:4529 destroy done signal.
08-05 09:28:58.590   478  5304 I BufferPoolWrapper: [0]"free bufferpool region memory"
08-05 09:28:58.590   478  5304 I dmabufmanage: dmabufmanage_uninit-122 UnRegister dmabuf manager success 1
08-05 09:28:58.590   478  5304 I BufferPoolWrapper: [0]"~BufferPoolWrapper:183"
08-05 09:28:58.590   478  5304 I AmlManagePts: [0]"~AmlManagePts into\n"
08-05 09:28:58.590   478  5304 I AmlManagePts: [0]"~InputInfo release\n"
08-05 09:28:58.591   478  5304 I AmlVideoData: ~AmlVideoData fd =71
08-05 09:28:58.591   478  5304 I VDA     : [3##1]~V4L2VideoDecodeAccelerator:644
08-05 09:28:58.610     0     0 I         : [1 T5304  ..] MEDIAPROXY_DISCONNECT
08-05 09:28:58.610     0     0 I         : [1 T5304  ..] Session producer-3 is disconnected
08-05 09:28:58.610     0     0 I         : [1 T5304  ..] release session
08-05 09:28:58.610     0     0 I [2 T288   ..] vc: [0]invalid aiface param.
08-05 09:28:58.610     0     0 I [3 T5304  ..] [amlv4l]: [1]: reset mode: 1, es frames buffering: 0
08-05 09:28:58.610     0     0 D [3 T5304  ..] [h265]: [0]h265:pts_unstable=0
08-05 09:28:58.610     0     0 D [3 T5304  ..] [h265]: [0]h265: ver (201602101,0) decinfo: 0x0 rate=3600
08-05 09:28:58.612     0     0 D [1 T5304  ..] [amlcom]: vdec_release instance 000000003a340765, total 1
08-05 09:28:58.612     0     0 I [0 T5304  ..] [amlcom]: dos_local_config end, id 3, is_on 0
08-05 09:28:58.612     0     0 D [0 T5304  ..] [media_clock]: the clk_hevcf_mux   clock off, ref cnt: 0
08-05 09:28:58.612     0     0 I         : [0 T5304  ..] deinit session
08-05 09:28:58.592  5240  5341 E demo-jni: next event: change@/devices/virtual/framerate_adapter/framerate_dev
08-05 09:28:58.592   271   276 I SystemControl: [/UEventObserver.cpp, HDMITxUenventThreadLoop, 451] HDMI TX switch_name:0, switch_state: 
08-05 09:28:58.592   271   276 I SystemControl-FRA: [/FrameRateAutoAdaption.cpp, isFrameRateOn, 169] hdmi frame rate is on
08-05 09:28:58.592  5240  5341 E demo-jni: next event: unbind@/devices/platform/vdec/ammvdec_h265_v4l.0
08-05 09:28:58.592  5240  5341 E demo-jni: next event: remove@/devices/platform/vdec/ammvdec_h265_v4l.0
08-05 09:28:58.593   478  5304 I AmVideoDec: [No--1]-[0]"~AmVideoDec IN[357:357] OUT[334:321]\n"
08-05 09:28:58.593   478  5304 I NU-AmNuPlayerTunnelDecoder: [#3] FreeTunneledBuffers, fd=81
08-05 09:28:58.594   478  5304 I NU-AmNuPlayerTunnelDecoder: [#3] FreeTunneledBuffers, fd=83
08-05 09:28:58.594   478  5304 I NU-AmNuPlayerTunnelDecoder: [#3] FreeTunneledBuffers, fd=85
08-05 09:28:58.594   478  5304 I NU-AmNuPlayerTunnelDecoder: [#3] FreeTunneledBuffers, fd=87
08-05 09:28:58.594   478  5304 I NU-AmNuPlayerTunnelDecoder: [#3] FreeTunneledBuffers, fd=89
08-05 09:28:58.594   478  5304 I NU-AmNuPlayerTunnelDecoder: [#3] FreeTunneledBuffers, fd=91
08-05 09:28:58.595   478  5304 I NU-AmNuPlayerTunnelDecoder: [#3] FreeTunneledBuffers, fd=93
08-05 09:28:58.595   478  5304 I NU-AmNuPlayerTunnelDecoder: [#3] FreeTunneledBuffers, fd=95
08-05 09:28:58.596   478  5304 I NU-AmNuPlayerTunnelDecoder: [#3] FreeTunneledBuffers, fd=97
08-05 09:28:58.596   478  5304 I NU-AmNuPlayerTunnelDecoder: [#3] FreeTunneledBuffers, fd=99
08-05 09:28:58.596   478  5304 I NU-AmNuPlayerTunnelDecoder: [#3] FreeTunneledBuffers, fd=101
08-05 09:28:58.596   478  5304 I NU-AmNuPlayerTunnelDecoder: [#3] FreeTunneledBuffers, fd=103
08-05 09:28:58.596   478  5311 I NU-AmNuPlayerTunnelDecoder: [#3] releaseAndResetInputBuffers
08-05 09:28:58.597   478  5295 I NU-AmNuPlayer: [#3] video shutdown completed
08-05 09:28:58.597   478  5295 I NU-AmNuPlayer: [#3] video setHasNoMedia
08-05 09:28:58.597   478  5304 I NuPlayerDecoderBase: ReadDataHandler release.
08-05 09:28:58.597   478  5304 I MessageMonitor: ReadDataHandler MessageMonitor exit
08-05 09:28:58.597   478  5304 I NU-AmNuPlayerTunnelDecoder: [#3] dropFramenNum: 0 renderFrameNum : 314 dropFrameRate : 0.000000
08-05 09:28:58.597   478  5304 I NU-AmNuPlayerTunnelDecoder: [#3] releaseAndResetInputBuffers
08-05 09:28:58.598   478  5304 I NU-AmNuPlayerTunnelDecoder: Close mMediaproxyConsumerLibHandle
08-05 09:28:58.598   478  5304 I MessageMonitor: NU-AmNuPlayerTunnelDecoder-vidN MessageMonitor exit
08-05 09:28:58.598   478  5304 I NU-AmNuPlayerTunnelDecoder: [#3] ~TunnelDecoder
08-05 09:28:58.599   478  5295 I NU-GenericSource: >>>[~GenericSource 2159]
08-05 09:28:58.599   478  5295 I NU-GenericSource: [resetDataSource 691]
08-05 09:28:58.600   478  5295 I MessageMonitor: NU-GenericSource MessageMonitor exit
08-05 09:28:58.617     0     0 I         : [3 T5304  ..] MEDIAPROXY_DISCONNECT
08-05 09:28:58.617     0     0 I         : [3 T5304  ..] Session consumer-0 is disconnected
08-05 09:28:58.617     0     0 I         : [3 T5304  ..] release session
08-05 09:28:58.601   478  5295 W RefBase : RefBase: Explicit destruction, weak count = 0 (in 0xee484990). Use sp<> to manage this object.
08-05 09:28:58.601   478  5295 W RefBase : CallStack::getCurrentInternal not linked, returning null
08-05 09:28:58.601   478  5295 W RefBase : CallStack::logStackInternal not linked
08-05 09:28:58.602   478  5295 I MessageMonitor: NU-AmNuPlayerRenderer MessageMonitor exit
08-05 09:28:58.602   478  5295 I NU-AmNuPlayerRenderer: [#3] ~Renderer
08-05 09:28:58.602   478  5295 D NU-AmNuPlayerDriver: [#3] notifyResetComplete(0xe90c4c90)
08-05 09:28:58.602   478  5295 I NU-AmNuPlayer: mSeekByUserCompleted_5904: 1
08-05 09:28:58.602   478   531 D NU-AmNuPlayerDriver: [#3] reset(0xe90c4c90) at state 0
08-05 09:28:58.602   478   531 D SurfaceUtils: disconnecting from surface 0xe6ec0018, reason disconnectNativeWindow
08-05 09:28:58.602   476  5298 I AmFFmpegExtractor: feedMore_task out toBeExit:1 , err:0
08-05 09:28:58.602   478   531 I NU-AmNuPlayerDriver: ~AmNuPlayerDriver(0xe90c4c90)
08-05 09:28:58.602   476  5333 I AmFFmpegExtractor:  [~AmFFmpegExtractor 2491] feedMore task has exited.
08-05 09:28:58.603   476  5333 I AmFFmpegExtractor:  [stop 1480](0xe9641570)
08-05 09:28:58.603   478   531 D AmlPlayerTimer: func:_timer_delete  delete timer.1 success.
08-05 09:28:58.603   478   531 I MessageMonitor: NU-AmNuPlayer MessageMonitor exit
08-05 09:28:58.604   361   436 I audio_hw_hal_primary: [adev_set_parameters:4208] dev:0xe5083dc0, kv: sound_track=0
08-05 09:28:58.604   361   436 D audio_hw_hal_hfp: [audio_extn_hfp_set_parameters:739] audio_extn_hfp_set_parameters
08-05 09:28:58.604   361   436 I audio_hw_hal_primary: video player sound_track mode 0 
08-05 09:28:58.604   361   436 D AudioHalHardware: +setParameters(): sound_track=0
08-05 09:28:58.604   361   436 W AudioHalHardware: setParameters(), still have param.size() = 1, remain param = "sound_track=0"
08-05 09:28:58.604   361   436 D AudioHalHardware: -setParameters(): sound_track=0 
08-05 09:28:58.604   476  5333 I AmFFmpegExtractor:  [~AmFFmpegSource 724]
08-05 09:28:58.604   476  5333 I AmFFmpegExtractor:  [stop 1480](0xe96406d0)
08-05 09:28:58.605   476  5333 I AmFFmpegExtractor:  [~AmFFmpegSource 724]
08-05 09:28:58.605   361   436 I audio_hw_hal_primary: [adev_set_parameters:4208] dev:0xe5083dc0, kv: is_ms12_continuous=1
08-05 09:28:58.605   361   436 D audio_hw_hal_hfp: [audio_extn_hfp_set_parameters:739] audio_extn_hfp_set_parameters
08-05 09:28:58.605   361  5097 D AudioHalHardware: +setParameters(): is_ms12_continuous=1
08-05 09:28:58.605   361  5097 W AudioHalHardware: setParameters(), still have param.size() = 1, remain param = "is_ms12_continuous=1"
08-05 09:28:58.605   361  5097 D AudioHalHardware: -setParameters(): is_ms12_continuous=1 
08-05 09:28:58.605   476  5333 I AmFFmpegExtractor:  [~AmFFmpegExtractor 2504]
08-05 09:28:58.606   476  5333 I AmFFmpegExtractor:  [~AmFFmpegExtractor 2511]
08-05 09:28:58.606   476  5333 W RefBase : RefBase: Explicit destruction, weak count = 0 (in 0xec340894). Use sp<> to manage this object.
08-05 09:28:58.606   478   531 I AmlPlayerTimer: ~AmlPlayerTimer
08-05 09:28:58.606   476  5333 W RefBase : CallStack::getCurrentInternal not linked, returning null
08-05 09:28:58.606   476  5333 W RefBase : CallStack::logStackInternal not linked
08-05 09:28:58.606   478   531 W AMessage: failed to post message as target looper for handler 0 is gone.
08-05 09:28:58.606  5240  5240 V MediaPlayer: resetDrmState:  mDrmInfo=null mDrmProvisioningThread=null mPrepareDrmInProgress=false mActiveDrmScheme=false
08-05 09:28:58.606  5240  5240 V MediaPlayer: cleanDrmObj: mDrmObj=null mDrmSessionId=null
08-05 09:28:58.606  5240  5240 D SubtitleViewAdaptor: stopTtxLoading
08-05 09:28:58.606  5240  5240 D CCSubtitleView: clear queue item
08-05 09:28:58.606  5240  5240 D CCSubtitleView: clear queue item
08-05 09:28:58.606  5240  5240 D SubtitleViewAdaptor: removeSubtitleView
08-05 09:28:58.606  5240  5240 D SubtitleViewAdaptor: stopTtxLoading
08-05 09:28:58.607  5240  5240 D CCSubtitleView: clear queue item
08-05 09:28:58.607  5240  5240 D SubtitleManager-jni: nativeClose 385 0xf1544a90
08-05 09:28:58.607   402  5325 I SubtitleServer: userDataClose
08-05 09:28:58.607   402  5325 I SubtitleService: userDataClose 
08-05 09:28:58.607   402  5325 I UserDataAfd: stopUserData
08-05 09:28:58.607   402  5325 I UserDataAfd: ~UserDataAfd
08-05 09:28:58.607   402  5325 I UserDataAfd: stopUserData
08-05 09:28:58.607   402  5325 I SubtitleServer: close ss=0xedf00120
08-05 09:28:58.607   402  5325 I SubtitleService: stopSubtitle
08-05 09:28:58.607   402  5325 I Subtitle: ~Subtitle
08-05 09:28:58.607   402  5300 I Subtitle: Exit: run mExitRequested:1, mSubPrams->subType:-1
08-05 09:28:58.609   402  5325 I AribB24Parser: stopParser: END
08-05 09:28:58.609   402  5325 I Presentation: enter stopPresent
08-05 09:28:58.609   402  5302 I Presentation: A_LOOPER_POLL_WAKE
08-05 09:28:58.628     0     0 I [0 T288   ..] vc: [0]invalid aiface param.
08-05 09:28:58.609   402  5325 I Presentation: enter ~Presentation
08-05 09:28:58.609   402  5325 I ClosedCaptionParser: ~ClosedCaptionParser
08-05 09:28:58.609   402  5325 I ClosedCaptionParser: stop cc
08-05 09:28:58.609   402  5322 I AMLOGIC_UTIL: signal handler, tid -320360000, signo 14
08-05 09:28:58.609   402  5322 E UserdataDriver: poll error, unexpected error
08-05 09:28:58.609   402  5322 E UserdataDriver: AM_USERDATA_Close dev->open_cnt = 0
08-05 09:28:58.609   402  5321 I ClosedCaptionParser: @@@@@@ cc json string: {"type":"cea708"}
08-05 09:28:58.609   402  5323 I AMLOGIC_UTIL: signal handler, tid -321412672, signo 14
08-05 09:28:58.609   402  5321 I ClosedCaptionParser: Report json string to a deleted cc parser!
08-05 09:28:58.609   402  5323 I Userdata: aml userdata thread exit
08-05 09:28:58.609   402  5321 I ClosedCaption: am_cc_clear
08-05 09:28:58.609   402  5321 E ClosedCaption: CC rendering thread exit now
08-05 09:28:58.609   402  5322 E UserdataDriver: UserdataClose pthread_mutex_destroy
08-05 09:28:58.609   402  5322 E ClosedCaption: CC data thread exit now
08-05 09:28:58.609   402  5325 I ClosedCaption: am_cc_stop ok
08-05 09:28:58.611   402  5325 I ClosedCaption: am_cc_destroy ok
08-05 09:28:58.611   402  5325 I SubtitleSource: ~ExternalDataSource
08-05 09:28:58.611   402  5325 I subtitleserver: ~DataSource
08-05 09:28:58.611   402  5325 I Subtitle: ~Subtitle end
08-05 09:28:58.612  5240  5240 I MyMediaPlayer_MoviePlayer: subtitleStop,close end
08-05 09:28:58.612  5240  5240 I MoviePlayer: onPlaybackStateChanged:1
08-05 09:28:58.612  5240  5240 I MoviePlayer: [updatePlaybackState] state=1, pos=0
08-05 09:28:58.615  5240  5240 I CertificationTipUtils: resetParam
08-05 09:28:58.615  5240  5240 D CertificationTipUtils: closecertification
08-05 09:28:58.615  5240  5240 D CertificationTipUtils: closeCertificationDV
08-05 09:28:58.618  5240  5240 I MoviePlayerControView_MoviePlayer: stop return
08-05 09:28:58.619  5240  5240 I MyMediaPlayer_MoviePlayer: path:/storage/6A6F-168B/本地视频/[4KH265_59.940fps_10bit]03.UHD_RideOnBoard_Chinese.ts
08-05 09:28:58.619  5240  5240 I MyMediaPlayer_MoviePlayer: path:/storage/6A6F-168B/本地视频/[4KH265_59.940fps_10bit]03.UHD_RideOnBoard_Chinese.ts
08-05 09:28:58.620  5240  5240 I MyMediaPlayer_MoviePlayer: [playFile]resume mode:true,path:/storage/6A6F-168B/本地视频/[4KH265_59.940fps_10bit]03.UHD_RideOnBoard_Chinese.ts
08-05 09:28:58.621  4274  4274 V AudioMediaPlayerWrapper: onPlaybackStateChanged(): com.droidlogic.exoplayer2.demo : PlaybackState {state=STOPPED(1), position=0, buffered position=0, speed=1.0, updated=3470447, actions=823, custom actions=[], active item id=-1, error=null}
08-05 09:28:58.621  5240  5240 I Bookmark: create resume dialog
08-05 09:28:58.621   876   876 D myNoti  : onPlaybackStateChanged
08-05 09:28:58.621   876   876 I jarvis_ : <onMediaPause>
08-05 09:28:58.622  4274  4274 V AudioMediaPlayerWrapper: trySendMediaUpdate(): Metadata has been updated for com.droidlogic.exoplayer2.demo
08-05 09:28:58.622  4274  4274 I MediaPlayerList: sendMediaUpdate: Creating a one item queue for a player with no queue
08-05 09:28:58.622  4274  4274 D MediaPlayerList: sendMediaUpdate state=PlaybackState {state=STOPPED(1), position=0, buffered position=0, speed=1.0, updated=3470447, actions=823, custom actions=[], active item id=-1, error=null}
08-05 09:28:58.622  4274  4274 D AvrcpTargetJni: sendMediaUpdateNative
08-05 09:28:58.622  4274  4274 I bt_stack: [INFO:avrcp_service.cc(515)] virtual void bluetooth::avrcp::AvrcpService::SendMediaUpdate(bool, bool, bool) track_changed=0 :  play_state=1 :  queue=0
08-05 09:28:58.623  4274  4274 V AudioMediaPlayerWrapper: onPlaybackStateChanged(): com.droidlogic.exoplayer2.demo : PlaybackState {state=STOPPED(1), position=0, buffered position=0, speed=1.0, updated=3470447, actions=823, custom actions=[], active item id=-1, error=null}
08-05 09:28:58.624  4274  4274 V AudioMediaPlayerWrapper: trySendMediaUpdate(): Metadata has been updated for com.droidlogic.exoplayer2.demo
08-05 09:28:58.624  4274  4274 I MediaPlayerList: sendMediaUpdate: Creating a one item queue for a player with no queue
08-05 09:28:58.624  4274  4274 D MediaPlayerList: sendMediaUpdate state=PlaybackState {state=STOPPED(1), position=0, buffered position=0, speed=1.0, updated=3470447, actions=823, custom actions=[], active item id=-1, error=null}
08-05 09:28:58.624  4274  4274 D MediaControlGattService: updatePlayerState: playbackState= PAUSED
08-05 09:28:58.624  4274  4274 W MediaControlGattService: Feature PLAYBACK_SPEED(BIT 8) support: true
08-05 09:28:58.624  4274  4274 W MediaControlGattService: Feature PLAYBACK_SPEED(BIT 8) support: true
08-05 09:28:58.624  4274  4274 W MediaControlGattService: Feature PLAYBACK_SPEED(BIT 8) support: true
08-05 09:28:58.624  4274  4274 W MediaControlGattService: Feature TRACK_POSITION(BIT 7) support: true
08-05 09:28:58.624  4274  4274 W MediaControlGattService: Feature TRACK_POSITION_NOTIFY support: true
08-05 09:28:58.624  4274  4274 W MediaControlGattService: Feature MEDIA_STATE(BIT 17) support: true
08-05 09:28:58.624  4274  4274 W MediaControlGattService: Feature MEDIA_STATE(BIT 17) support: true
08-05 09:28:58.644     0     0 I [0 T288   ..] vc: [0]invalid aiface param.
08-05 09:28:58.626  4274  4274 W MediaControlGattService: Feature PLAYER_NAME(BIT 1) support: true
08-05 09:28:58.626  4274  4274 W MediaControlGattService: Feature PLAYER_NAME(BIT 1) support: true
08-05 09:28:58.626  4274  4274 W MediaControlGattService: Feature MEDIA_CONTROL_POINT_OPCODES_SUPPORTED(BIT 19) support: true
08-05 09:28:58.626  4274  4274 W MediaControlGattService: Feature MEDIA_STATE(BIT 17) support: true
08-05 09:28:58.626  4274  4274 D MediaControlGattService: updateMediaStateChar
08-05 09:28:58.626  4274  4274 W MediaControlGattService: Feature MEDIA_STATE(BIT 17) support: true
08-05 09:28:58.626  4274  4274 D MediaControlGattService: updateMediaStateChar setting to state= 2
08-05 09:28:58.628  4274  4274 W MediaControlGattService: Feature MEDIA_STATE(BIT 17) support: true
08-05 09:28:58.628  4274  4274 W MediaControlGattService: Feature SEEKING_SPEED(BIT 9) support: true
08-05 09:28:58.628  4274  4274 W MediaControlGattService: Feature SEEKING_SPEED(BIT 9) support: true
08-05 09:28:58.628  4274  4274 W MediaControlGattService: Feature SEEKING_SPEED(BIT 9) support: true
08-05 09:28:58.637   361  1263 I audio_hw_hal_primary: [audiohal_get_latency:1344] io 13: out:0xe47c5d80 frames:3072 rate:48000 whole_latency:64 alsa_latency:64
08-05 09:28:58.660     0     0 I [3 T288   ..] vc: [0]invalid aiface param.
08-05 09:28:58.654   572   772 W WindowManager: [addWindow] title:com.droidlogic.exoplayer2.demo/com.droidlogic.videoplayer.MoviePlayer
08-05 09:28:58.658  5240  5240 I MyMediaPlayer_MoviePlayer: wait the confirm dialog show
08-05 09:28:58.677     0     0 I [3 T288   ..] vc: [0]invalid aiface param.
08-05 09:28:58.664   572   772 D CoreBackPreview: Window{ee4ce6d u0 com.droidlogic.exoplayer2.demo/com.droidlogic.videoplayer.MoviePlayer}: Setting back callback OnBackInvokedCallbackInfo{mCallback=android.window.IOnBackInvokedCallback$Stub$Proxy@edc5333, mPriority=0, mIsAnimationCallback=false}
08-05 09:28:58.672  5240  5264 E OpenGLRenderer: Unable to match the desired swap behavior.
08-05 09:28:58.694     0     0 I [3 T288   ..] vc: [0]invalid aiface param.
08-05 09:28:58.677   361  1263 I audio_hw_hal_primary: [audiohal_get_latency:1344] io 13: out:0xe47c5d80 frames:3072 rate:48000 whole_latency:64 alsa_latency:64
08-05 09:28:58.677   361  1263 I audio_hw_hal_primary: [audiohal_get_latency:1344] io 13: out:0xe47c5d80 frames:3072 rate:48000 whole_latency:64 alsa_latency:64
08-05 09:28:58.678   407   545 D audioserver: logFgsApiEnd: FGS Logger Transaction failed, -129
08-05 09:28:58.680   361   436 I audio_hw_hal_primary: out_update_source_metadata_v7() line 2024 usage:13 content_type:4
08-05 09:28:58.683  5240  5240 I MoviePlayerControView_MoviePlayer: stop return
08-05 09:28:58.712     0     0 I [0 T288   ..] vc: [0]invalid aiface param.
08-05 09:28:58.704   407   545 D audioserver: logFgsApiEnd: FGS Logger Transaction failed, -129
08-05 09:28:58.705   361  1263 I audio_hw_hal_primary: [audiohal_get_latency:1344] io 13: out:0xe47c5d80 frames:3072 rate:48000 whole_latency:64 alsa_latency:64
08-05 09:28:58.730     0     0 I [0 T288   ..] vc: [0]invalid aiface param.
08-05 09:28:58.743     0     0 I [0 T288   ..] vc: [0]invalid aiface param.
08-05 09:28:58.725   361  1263 I audio_hw_hal_primary: [audiohal_get_latency:1344] io 13: out:0xe47c5d80 frames:3072 rate:48000 whole_latency:64 alsa_latency:64
08-05 09:28:58.760     0     0 I [0 T288   ..] vc: [0]invalid aiface param.
08-05 09:28:58.747   361  1263 I audio_hw_hal_primary: [audiohal_get_latency:1344] io 13: out:0xe47c5d80 frames:3072 rate:48000 whole_latency:64 alsa_latency:64
08-05 09:28:58.759   478  5095 D BufferPoolAccessor2.0: evictor expired: 2, evicted: 0
08-05 09:28:58.777     0     0 I [2 T288   ..] vc: [0]invalid aiface param.
08-05 09:28:58.773   361  1263 I audio_hw_hal_primary: [audiohal_get_latency:1344] io 13: out:0xe47c5d80 frames:3072 rate:48000 whole_latency:64 alsa_latency:64
08-05 09:28:58.774   407   545 D audioserver: logFgsApiEnd: FGS Logger Transaction failed, -129
08-05 09:28:58.793     0     0 I [2 T288   ..] vc: [0]invalid aiface param.
08-05 09:28:58.810     0     0 I [2 T288   ..] vc: [0]invalid aiface param.
08-05 09:28:58.827     0     0 I [2 T288   ..] vc: [0]invalid aiface param.
08-05 09:28:58.843     0     0 I [2 T288   ..] vc: [0]invalid aiface param.
08-05 09:28:58.860     0     0 I [2 T288   ..] vc: [0]invalid aiface param.
08-05 09:28:58.877     0     0 I [2 T288   ..] vc: [0]invalid aiface param.
08-05 09:28:58.894     0     0 I [1 T288   ..] vc: [0]invalid aiface param.
08-05 09:28:58.910     0     0 I [0 T288   ..] vc: [0]invalid aiface param.
08-05 09:28:58.927     0     0 I [0 T288   ..] vc: [0]invalid aiface param.
08-05 09:28:58.943     0     0 I [0 T288   ..] vc: [0]invalid aiface param.
08-05 09:28:58.960     0     0 I [0 T288   ..] vc: [0]invalid aiface param.
08-05 09:28:58.977     0     0 I [0 T288   ..] vc: [0]invalid aiface param.
08-05 09:28:58.976  5167  5343 W adbd    : timed out while waiting for FUNCTIONFS_BIND, trying again
08-05 09:28:58.976  5167  5343 I adbd    : UsbFfs: connection terminated: monitor thread finished
08-05 09:28:58.976  5167  5167 I adbd    : UsbFfs: already offline
08-05 09:28:58.976  5167  5167 I adbd    : destroying transport UsbFfs
08-05 09:28:58.976  5167  5167 I adbd    : UsbFfsConnection being destroyed
08-05 09:28:58.994     0     0 I [0 T288   ..] vc: [0]invalid aiface param.
08-05 09:28:59.010     0     0 I [0 T288   ..] vc: [0]invalid aiface param.
08-05 09:28:59.027     0     0 I [2 T288   ..] vc: [0]invalid aiface param.
08-05 09:28:59.017  5167  5171 I adbd    : opening control endpoint /dev/usb-ffs/adb/ep0
08-05 09:28:59.019  5167  5171 I adbd    : UsbFfsConnection constructed
08-05 09:28:59.020  5167  5350 I adbd    : UsbFfs-monitor thread spawned
08-05 09:28:59.044     0     0 I [2 T288   ..] vc: [0]invalid aiface param.
08-05 09:28:59.060     0     0 I [2 T288   ..] vc: [0]invalid aiface param.
08-05 09:28:59.077     0     0 I [3 T288   ..] vc: [0]invalid aiface param.
08-05 09:28:59.093     0     0 I [3 T288   ..] vc: [0]invalid aiface param.
08-05 09:28:59.110     0     0 I [3 T288   ..] vc: [0]invalid aiface param.
08-05 09:28:59.127     0     0 I [3 T288   ..] vc: [0]invalid aiface param.
08-05 09:28:59.144     0     0 I [2 T288   ..] vc: [0]invalid aiface param.
08-05 09:28:59.161     0     0 I [2 T288   ..] vc: [0]invalid aiface param.
08-05 09:28:59.177     0     0 I [2 T288   ..] vc: [0]invalid aiface param.
08-05 09:28:59.194     0     0 I [2 T288   ..] vc: [0]invalid aiface param.
08-05 09:28:59.210     0     0 I [2 T288   ..] vc: [0]invalid aiface param.
08-05 09:28:59.227     0     0 I [2 T288   ..] vc: [0]invalid aiface param.
08-05 09:28:59.243     0     0 I [2 T288   ..] vc: [0]invalid aiface param.
08-05 09:28:59.260     0     0 I [2 T288   ..] vc: [0]invalid aiface param.
08-05 09:28:59.277     0     0 I [2 T288   ..] vc: [0]invalid aiface param.
08-05 09:28:59.297     0     0 I [2 T288   ..] vc: [0]invalid aiface param.
08-05 09:28:59.310     0     0 I [2 T288   ..] vc: [0]invalid aiface param.
08-05 09:28:59.327     0     0 I [0 T288   ..] vc: [0]invalid aiface param.
08-05 09:28:59.710     0     0 I [0 T288   ..] vc: [0]invalid aiface param.
08-05 09:29:00.021  5167  5350 W adbd    : timed out while waiting for FUNCTIONFS_BIND, trying again
08-05 09:29:00.021  5167  5350 I adbd    : UsbFfs: connection terminated: monitor thread finished
08-05 09:29:00.021  5167  5167 I adbd    : UsbFfs: already offline
08-05 09:29:00.021  5167  5167 I adbd    : destroying transport UsbFfs
08-05 09:29:00.021  5167  5167 I adbd    : UsbFfsConnection being destroyed
08-05 09:29:00.073  5167  5171 I adbd    : opening control endpoint /dev/usb-ffs/adb/ep0
08-05 09:29:00.074  5167  5171 I adbd    : UsbFfsConnection constructed
08-05 09:29:00.075  5167  5352 I adbd    : UsbFfs-monitor thread spawned
08-05 09:29:00.129  1122  1122 I RxCachedThreadS: type=1400 audit(0.0:2715): avc:  denied  { read } for  name="hpd_state" dev="sysfs" ino=33716 scontext=u:r:zygote:s0 tcontext=u:object_r:sysfs_amhdmitx:s0 tclass=file permissive=1
08-05 09:29:00.129  1122  1122 I RxCachedThreadS: type=1400 audit(0.0:2716): avc:  denied  { open } for  path="/sys/devices/virtual/amhdmitx/amhdmitx0/hpd_state" dev="sysfs" ino=33716 scontext=u:r:zygote:s0 tcontext=u:object_r:sysfs_amhdmitx:s0 tclass=file permissive=1
08-05 09:29:00.129  1122  1122 I RxCachedThreadS: type=1400 audit(0.0:2717): avc:  denied  { getattr } for  path="/sys/devices/virtual/amhdmitx/amhdmitx0/hpd_state" dev="sysfs" ino=33716 scontext=u:r:zygote:s0 tcontext=u:object_r:sysfs_amhdmitx:s0 tclass=file permissive=1
08-05 09:29:00.155   520   520 D XIRI_driver: send to xiri: {"cmd":"key","event":1,"keycode":330,"pid":0,"vid":0,"devnum":0}
08-05 09:29:00.157   520   520 D XIRI_driver: send to xiri: {"cmd":"key","event":1,"keycode":325,"pid":0,"vid":0,"devnum":0}
08-05 09:29:00.159   572   593 D WindowManager: MotionEvent: action=ACTION_DOWN x=855.0 y=442.0 eventTime=3471989 pointerCount=1
08-05 09:29:00.173     0     0 W [0 T100   ..] jadard_ts_work: Entering
08-05 09:29:00.162   876  1311 I jarvis_ : System call method methodId = touch_down
08-05 09:29:00.162   876  4269 I jarvis_ : System call method methodId = touch_down
08-05 09:29:00.164   572   593 D WindowManager: MotionEvent: action=ACTION_MOVE x=855.0 y=442.0 eventTime=3471998 pointerCount=1
08-05 09:29:00.172   572   593 D WindowManager: MotionEvent: action=ACTION_MOVE x=855.0 y=442.0 eventTime=3472006 pointerCount=1
08-05 09:29:00.190     0     0 W [0 T100   ..] jadard_ts_work: Entering
08-05 09:29:00.161   978   978 I binder:978_4: type=1400 audit(0.0:2719): avc:  denied  { call } for  scontext=u:r:priv_app:s0:c512,c768 tcontext=u:r:zygote:s0 tclass=binder permissive=1 app=com.android.systemui
08-05 09:29:00.161   978   978 I ndroid.systemui: type=1400 audit(0.0:2718): avc:  denied  { call } for  scontext=u:r:priv_app:s0:c512,c768 tcontext=u:r:zygote:s0 tclass=binder permissive=1 app=com.android.systemui
08-05 09:29:00.180   572   593 D WindowManager: MotionEvent: action=ACTION_MOVE x=855.0 y=442.0 eventTime=3472014 pointerCount=1
08-05 09:29:00.199     0     0 W [0 T100   ..] jadard_ts_work: Entering
08-05 09:29:00.188   572   593 D WindowManager: MotionEvent: action=ACTION_MOVE x=855.0 y=442.0 eventTime=3472022 pointerCount=1
08-05 09:29:00.207     0     0 W [0 T100   ..] jadard_ts_work: Entering
08-05 09:29:00.210     0     0 I [0 T288   ..] vc: [0]invalid aiface param.
08-05 09:29:00.198   572   593 D WindowManager: MotionEvent: action=ACTION_MOVE x=855.0 y=442.0 eventTime=3472031 pointerCount=1
08-05 09:29:00.216     0     0 W [0 T100   ..] jadard_ts_work: Entering
08-05 09:29:00.223     0     0 W [0 T100   ..] jadard_ts_work: Entering
08-05 09:29:00.205   572   593 D WindowManager: MotionEvent: action=ACTION_MOVE x=855.0 y=442.0 eventTime=3472039 pointerCount=1
08-05 09:29:00.227     0     0 I [0 T288   ..] vc: [0]invalid aiface param.
08-05 09:29:00.213   572   593 D WindowManager: MotionEvent: action=ACTION_MOVE x=855.0 y=442.0 eventTime=3472048 pointerCount=1
08-05 09:29:00.232     0     0 W [0 T100   ..] jadard_ts_work: Entering
08-05 09:29:00.240     0     0 W [0 T100   ..] jadard_ts_work: Entering
08-05 09:29:00.221   572   593 D WindowManager: MotionEvent: action=ACTION_MOVE x=855.0 y=442.0 eventTime=3472055 pointerCount=1
08-05 09:29:00.243     0     0 I [0 T288   ..] vc: [0]invalid aiface param.
08-05 09:29:00.231   572   593 D WindowManager: MotionEvent: action=ACTION_MOVE x=855.0 y=442.0 eventTime=3472065 pointerCount=1
08-05 09:29:00.249     0     0 W [0 T100   ..] jadard_ts_work: Entering
08-05 09:29:00.238   572   593 D WindowManager: MotionEvent: action=ACTION_MOVE x=855.0 y=442.0 eventTime=3472072 pointerCount=1
08-05 09:29:00.257     0     0 W [0 T100   ..] jadard_ts_work: Entering
08-05 09:29:00.260     0     0 I [1 T288   ..] vc: [0]invalid aiface param.
08-05 09:29:00.248   572   593 D WindowManager: MotionEvent: action=ACTION_MOVE x=855.0 y=442.0 eventTime=3472081 pointerCount=1
08-05 09:29:00.265     0     0 W [0 T100   ..] jadard_ts_work: Entering
08-05 09:29:00.254   520   520 D XIRI_driver: send to xiri: {"cmd":"key","event":0,"keycode":330,"pid":0,"vid":0,"devnum":0}
08-05 09:29:00.254   520   520 D XIRI_driver: send to xiri: {"cmd":"key","event":0,"keycode":325,"pid":0,"vid":0,"devnum":0}
08-05 09:29:00.256  5240  5240 W WindowOnBackDispatcher: sendCancelIfRunning: isInProgress=falsecallback=android.view.ViewRootImpl$$ExternalSyntheticLambda17@847056e
08-05 09:29:00.256   572   593 D WindowManager: MotionEvent: action=ACTION_UP x=855.0 y=442.0 eventTime=3472089 pointerCount=1
08-05 09:29:00.257   876  4269 I jarvis_ : System call method methodId = touch_up
08-05 09:29:00.258   876  1311 I jarvis_ : System call method methodId = touch_up
08-05 09:29:00.273     0     0 W [0 T100   ..] jadard_ts_work: Entering
08-05 09:29:00.277     0     0 I [3 T288   ..] vc: [0]invalid aiface param.
08-05 09:29:00.258  5240  5264 D OpenGLRenderer: endAllActiveAnimators on 0xbe7453d0 (RippleDrawable) with handle 0xbe4c00d0
08-05 09:29:00.259   572   585 W InputManager-JNI: Input channel object 'ee4ce6d com.droidlogic.exoplayer2.demo/com.droidlogic.videoplayer.MoviePlayer (client)' was disposed without first being removed with the input manager!
08-05 09:29:00.261   407  1434 D audioserver: logFgsApiBegin: FGS Logger Transaction failed, -129
08-05 09:29:00.265   572   586 D CoreBackPreview: Window{ee4ce6d u0 com.droidlogic.exoplayer2.demo/com.droidlogic.videoplayer.MoviePlayer EXITING}: Setting back callback null
08-05 09:29:00.266  5240  5240 I MyMediaPlayer_MoviePlayer: confirm dialog onDismiss
08-05 09:29:00.266  5240  5240 I MyMediaPlayer_MoviePlayer: [setVideoPath, path:]/storage/6A6F-168B/本地视频/[4KH265_59.940fps_10bit]03.UHD_RideOnBoard_Chinese.ts
08-05 09:29:00.266  5240  5240 I MyMediaPlayer_MoviePlayer: [setVideoURIAsync] uri:null, path:/storage/6A6F-168B/本地视频/[4KH265_59.940fps_10bit]03.UHD_RideOnBoard_Chinese.ts
08-05 09:29:00.266  5240  5240 I MyMediaPlayer_MoviePlayer: use file
08-05 09:29:00.267   572   595 V WindowManager: Unknown focus tokens, dropping reportFocusChanged
08-05 09:29:00.274   478   913 V AmlogicNuPlayerFactoryInit:  create AmNuPlayer
08-05 09:29:00.275   478   913 I NU-AmNuPlayerDriver:  ReCalculatePositionRatio set 0.500000
08-05 09:29:00.275   478   913 I AmlPlayerTimer: AmlPlayerTimer
08-05 09:29:00.275   478   913 I MessageMonitor: NU-AmNuPlayer MessageMonitor mDebugLevel 0, poll message us 30000000
08-05 09:29:00.275   478   913 I NU-AmNuPlayer: [#4] mPlayerInstanceId = 4
08-05 09:29:00.275   478   913 D AmlPlayerTimer: func:_timer_create  create timer.1 success.
08-05 09:29:00.275   478   913 D NU-AmNuPlayer: Enable QOS : 0
08-05 09:29:00.275   478   913 D NU-AmNuPlayerDriver: [#4] AmNuPlayerDriver(0xe90c4c90) created, clientPid(5240), mPlayerInstanceId(4)
08-05 09:29:00.275   478   913 I NU-AmNuPlayerDriver: [#4] 
08-05 09:29:00.275   478   913 I NU-AmNuPlayerDriver: --------------------------------
08-05 09:29:00.275   478   913 I NU-AmNuPlayerDriver: ARCH = arm
08-05 09:29:00.275   478   913 I NU-AmNuPlayerDriver: branch name:   origin/project/iptv/r-iptv-dev-v3.0]
08-05 09:29:00.275   478   913 I NU-AmNuPlayerDriver: git version:   6813fe2217fe2ed7a1a950f4d2ab93222cb65337 
08-05 09:29:00.275   478   913 I NU-AmNuPlayerDriver: change id:      Change-Id: I992c058f8140cc983aaa0a39666b80b8ca3b1c17 
08-05 09:29:00.275   478   913 I NU-AmNuPlayerDriver: ID       :      PD#IPTV-39521 
08-05 09:29:00.275   478   913 I NU-AmNuPlayerDriver: last changed:  Date: Thu Mar 19 02:26:18 2026 +0000
08-05 09:29:00.275   478   913 I NU-AmNuPlayerDriver: build-time:     Wed Mar 25 02:38:52 UTC 2026
08-05 09:29:00.275   478   913 I NU-AmNuPlayerDriver: build-name:     wang.ren
08-05 09:29:00.275   478   913 I NU-AmNuPlayerDriver: uncommitted-file-num:0
08-05 09:29:00.275   478   913 I NU-AmNuPlayerDriver: BaseCommitMsg: commit 6813fe2217fe2ed7a1a950f4d2ab93222cb65337 PD#IPTV-39521 Change-Id: I992c058f8140cc983aaa0a39666b80b8ca3b1c17
08-05 09:29:00.275   478   913 I NU-AmNuPlayerDriver: PathesOnBase:  
08-05 09:29:00.275   478   913 I NU-AmNuPlayerDriver: 
08-05 09:29:00.275   478   913 I NU-AmNuPlayerDriver: MM-module-name:AmNuPlayer,Version:V5.1.206-g6813fe2
08-05 09:29:00.275   478   913 I NU-AmNuPlayerDriver: 
08-05 09:29:00.275   478   913 I NU-AmNuPlayerDriver: --------------------------------
08-05 09:29:00.275   478   913 I NU-AmNuPlayerDriver: [#4] Supported functions : 
08-05 09:29:00.275   478   913 I NU-AmNuPlayerDriver: {"MM-module-name":"AmNuPlayer"{"Features":["Switchaudio/subtitletracks","HTTPlivestreamingformpegtsandmp3formats","Localplaybackforvariousformats","UDPunicastandmulticastformpegtsformat","RTP/RTSPplaybackformpegtsformat","HLSlive/vodformpegtsformat","Androidaudiooffloadmode","SupportBuilt-insubtitles","AVS3videosupportforprotocolHTTPandLocal","AC4audiosupportforprotocolHTTP,Local,HLSandUDP","DVBTelextsupport","AudioVIVIDsuportforLocal/HTTP/UDP/HLS","AVS3videosupportvforprotocolHLSandUDP","ISOplaybackforlocal""libcurldownloadforprotocolHLS""dnscacheforprotocolHLS""ipv6andipv4firstplaybackforprotocolHLS""IPTVMulticasttoUnicastforprotocolRTPandUDP""IPTVcmccsoftprobeforprotocolUDPRTPHTTPHLS"],"SupportedFormats":[{"Protocol":"UDP","FileFormats":["MPEGTS"],},{"Protocol":"HLS","FileFormats":["MPEGTS","MP4"],},{"Protocol":"HTTPLIVE","FileFormats":["MPEGTS","MP3"],},{"Protocol":"LOCAL/HTTPVOD","FileFormats":["MP4","ASF","AVI","MPEGTS","MPEGPS","FLV","LIVE_FLV","WAV","PMP","H264","IVF","OG
08-05 09:29:00.276   191   191 I hwservicemanager: getTransport: Cannot find entry android.hardware.media.omx@1.0::IOmx/default in either framework or device VINTF manifest.
08-05 09:29:00.276   478   913 D MediaPlayerService: OMX service is not available
08-05 09:29:00.296     0     0 I [0 T288   ..] vc: [0]invalid aiface param.
08-05 09:29:00.310     0     0 I [2 T288   ..] vc: [0]invalid aiface param.
08-05 09:29:00.279   478   913 I NU-AmNuPlayer: [#4] setDataSourceAsync fd 12/0/1038803400
08-05 09:29:00.282   478  5355 I NU-AmNuPlayer: [#4] kWhatSetAudioSink
08-05 09:29:00.291   478   913 D NU-AmNuPlayer: part of md5:1ff9a272cc08b6bd86087eaaeb192661
08-05 09:29:00.292   478   913 I MessageMonitor: NU-GenericSource MessageMonitor mDebugLevel 0, poll message us 30000000
08-05 09:29:00.292   478   913 I NU-GenericSource: mPlayerInstanceId = 4
08-05 09:29:00.292   478   913 I NU-GenericSource: [resetDataSource 691]
08-05 09:29:00.292   478   913 I NU-GenericSource: [resetDataSource 691]
08-05 09:29:00.293  5240  5240 I MoviePlayer: onPlaybackStateChanged:2
08-05 09:29:00.293   478   913 I NU-AmNuPlayerDriver: [#4] [getCurrentPosition][752] position : 0 msec
08-05 09:29:00.293  5240  5240 I MoviePlayer: [updatePlaybackState] state=6, pos=0
08-05 09:29:00.294   572   585 I MediaSessionStack: onPlaybackStateChanged - Pushing session to top | record: com.droidlogic.exoplayer2.demo/MoviePlayer (userId=0)
08-05 09:29:00.295  5240  5240 I MyMediaPlayer_MoviePlayer: getDuration when <prepared,return, state:2
08-05 09:29:00.295   876   876 D myNoti  : onPlaybackStateChanged
08-05 09:29:00.296   876   876 I jarvis_ : <onMediaPause>
08-05 09:29:00.296  5240  5240 I MediaPlayerExt: [getMediaInfobyInvoke]mp:com.droidlogic.app.MediaPlayerExt@fe2a6c0
08-05 09:29:00.297  5240  5240 D PreparedTimeoutTracker: startTrack
08-05 09:29:00.299   478   913 D SurfaceUtils: connecting to surface 0xe6ec3278, reason setVideoSurfaceTexture
08-05 09:29:00.299  4274  4274 V AudioMediaPlayerWrapper: onPlaybackStateChanged(): com.droidlogic.exoplayer2.demo : PlaybackState {state=BUFFERING(6), position=0, buffered position=0, speed=1.0, updated=3472128, actions=823, custom actions=[], active item id=-1, error=null}
08-05 09:29:00.299   478  5355 D NU-AmNuPlayer: [#4] onSetVideoSurface(0xe6ec0010, no video decoder)
08-05 09:29:00.300   478  5355 I NU-AmNuPlayer: [#4] not set video screenmode to 1
08-05 09:29:00.302  4274  4274 V AudioMediaPlayerWrapper: trySendMediaUpdate(): Metadata has been updated for com.droidlogic.exoplayer2.demo
08-05 09:29:00.302  4274  4274 I MediaPlayerList: sendMediaUpdate: Creating a one item queue for a player with no queue
08-05 09:29:00.302  4274  4274 D MediaPlayerList: sendMediaUpdate state=PlaybackState {state=BUFFERING(6), position=0, buffered position=0, speed=1.0, updated=3472128, actions=823, custom actions=[], active item id=-1, error=null}
08-05 09:29:00.302   361   436 I audio_hw_hal_primary: [adev_set_parameters:4208] dev:0xe5083dc0, kv: is_ms12_continuous=0
08-05 09:29:00.302   361   436 D audio_hw_hal_hfp: [audio_extn_hfp_set_parameters:739] audio_extn_hfp_set_parameters
08-05 09:29:00.302  4274  4274 D MediaControlGattService: updatePlayerState: playbackState= PAUSED
08-05 09:29:00.302  4274  4274 W MediaControlGattService: Feature PLAYBACK_SPEED(BIT 8) support: true
08-05 09:29:00.302  4274  4274 W MediaControlGattService: Feature PLAYBACK_SPEED(BIT 8) support: true
08-05 09:29:00.302  4274  4274 W MediaControlGattService: Feature PLAYBACK_SPEED(BIT 8) support: true
08-05 09:29:00.302  4274  4274 W MediaControlGattService: Feature TRACK_POSITION(BIT 7) support: true
08-05 09:29:00.302  4274  4274 W MediaControlGattService: Feature TRACK_POSITION_NOTIFY support: true
08-05 09:29:00.302  4274  4274 W MediaControlGattService: Feature MEDIA_STATE(BIT 17) support: true
08-05 09:29:00.302   361   361 D AudioHalHardware: +setParameters(): is_ms12_continuous=0
08-05 09:29:00.302   361   361 W AudioHalHardware: setParameters(), still have param.size() = 1, remain param = "is_ms12_continuous=0"
08-05 09:29:00.302   361   361 D AudioHalHardware: -setParameters(): is_ms12_continuous=0 
08-05 09:29:00.303   478  5357 I NU-GenericSource: patch:
08-05 09:29:00.303   478  5357 D NU-GenericSource: FileSource local use ffmpeg extractor
08-05 09:29:00.303   478  5357 I NU-GenericSource: FFmpegFileSource : fd=18 (/storage/6A6F-168B/本地视频/[4KH265_59.940fps_10bit]03.UHD_RideOnBoard_Chinese.ts), offset=0, length=1038803400
08-05 09:29:00.304  4274  4274 W MediaControlGattService: Feature PLAYER_NAME(BIT 1) support: true
08-05 09:29:00.304  4274  4274 W MediaControlGattService: Feature PLAYER_NAME(BIT 1) support: true
08-05 09:29:00.304  4274  4274 W MediaControlGattService: Feature MEDIA_CONTROL_POINT_OPCODES_SUPPORTED(BIT 19) support: true
08-05 09:29:00.304  4274  4274 W MediaControlGattService: Feature MEDIA_STATE(BIT 17) support: true
08-05 09:29:00.304  4274  4274 W MediaControlGattService: Feature MEDIA_STATE(BIT 17) support: true
08-05 09:29:00.304  4274  4274 W MediaControlGattService: Feature SEEKING_SPEED(BIT 9) support: true
08-05 09:29:00.304  4274  4274 W MediaControlGattService: Feature SEEKING_SPEED(BIT 9) support: true
08-05 09:29:00.304  4274  4274 W MediaControlGattService: Feature SEEKING_SPEED(BIT 9) support: true
08-05 09:29:00.304   478  5357 I NU-GenericSource: >>>[initFromDataSource 1438]
08-05 09:29:00.305  4274  4274 V AudioMediaPlayerWrapper: onPlaybackStateChanged(): com.droidlogic.exoplayer2.demo : PlaybackState {state=BUFFERING(6), position=0, buffered position=0, speed=1.0, updated=3472128, actions=823, custom actions=[], active item id=-1, error=null}
08-05 09:29:00.306   572  1515 I ImeTracker: com.droidlogic.exoplayer2.demo:56b5bed7: onRequestHide at ORIGIN_SERVER_HIDE_INPUT reason HIDE_SAME_WINDOW_FOCUSED_WITHOUT_EDITOR
08-05 09:29:00.307   572  1515 I ImeTracker: com.droidlogic.exoplayer2.demo:56b5bed7: onCancelled at PHASE_SERVER_SHOULD_HIDE
08-05 09:29:00.308  4274  4274 V AudioMediaPlayerWrapper: trySendMediaUpdate(): Metadata has been updated for com.droidlogic.exoplayer2.demo
08-05 09:29:00.308  4274  4274 I MediaPlayerList: sendMediaUpdate: Creating a one item queue for a player with no queue
08-05 09:29:00.309  4274  4274 D MediaPlayerList: sendMediaUpdate state=PlaybackState {state=BUFFERING(6), position=0, buffered position=0, speed=1.0, updated=3472128, actions=823, custom actions=[], active item id=-1, error=null}
08-05 09:29:00.309  4274  4274 D AvrcpTargetJni: sendMediaUpdateNative
08-05 09:29:00.309  4274  4274 I bt_stack: [INFO:avrcp_service.cc(515)] virtual void bluetooth::avrcp::AvrcpService::SendMediaUpdate(bool, bool, bool) track_changed=0 :  play_state=1 :  queue=0
08-05 09:29:00.310   361  5097 I audio_hw_hal_primary: out_update_source_metadata_v7() line 2024 usage:13 content_type:4
08-05 09:29:00.311   476  5333 I AmFFmpegExtractor: all use ffmpegextractor
08-05 09:29:00.311   476  5333 I AmFFmpegExtractor: is in white list : 1
08-05 09:29:00.311   476  5333 I AmFFmpegExtractor: SniffAmFFmpeg  ok, confidence = 0.800000
08-05 09:29:00.328     0     0 I [3 T288   ..] vc: [0]invalid aiface param.
08-05 09:29:00.325   476  5333 W AString : ctor got NULL, using empty string instead
08-05 09:29:00.326   476  5333 I AmFFmpegExtractor: 
08-05 09:29:00.326   476  5333 I AmFFmpegExtractor: -----------AmFFmpegExtractor Info---------
08-05 09:29:00.326   476  5333 I AmFFmpegExtractor: 
08-05 09:29:00.326   476  5333 I AmFFmpegExtractor: MM-module-name:Extractor,Version:V3.0.47-g62c0e35
08-05 09:29:00.326   476  5333 I AmFFmpegExtractor: 
08-05 09:29:00.326   476  5333 I AmFFmpegExtractor: ARCH = arm
08-05 09:29:00.326   476  5333 I AmFFmpegExtractor: Author: multi-media team
08-05 09:29:00.326   476  5333 I AmFFmpegExtractor: Branch name:   * project/iptv/r-iptv-dev-v3.0
08-05 09:29:00.326   476  5333 I AmFFmpegExtractor: Last Commit Info:
08-05 09:29:00.326   476  5333 I AmFFmpegExtractor:     commit 62c0e35d74eea49a36e12a3606980c10190612ef
08-05 09:29:00.326   476  5333 I AmFFmpegExtractor:     Author: wang.ren <wang.ren@amlogic.com>
08-05 09:29:00.326   476  5333 I AmFFmpegExtractor:     Date: Wed Mar 18 08:05:29 2026 +0000
08-05 09:29:00.326   476  5333 I AmFFmpegExtractor:      AmFFmpegAdapter: CB2 sync patch from branch apex to iptv [1/1]
08-05 09:29:00.326   476  5333 I AmFFmpegExtractor:      PD#IPTV-39846
08-05 09:29:00.326   476  5333 I AmFFmpegExtractor:      Change-Id: Ic4714a59dcc906ce7551f77f43cacf29a563346b
08-05 09:29:00.326   476  5333 I AmFFmpegExtractor: Uncommitted-file-num:0
08-05 09:29:00.326   476  5333 I AmFFmpegExtractor: Build-time:     Thu Mar 19 11:41:22 UTC 2026
08-05 09:29:00.326   476  5333 I AmFFmpegExtractor: Build-name:     wang.ren
08-05 09:29:00.326   476  5333 I AmFFmpegExtractor: -----------------------------------------
08-05 09:29:00.326   476  5333 I AmFFmpegExtractor: media.ffmpegextractor.loglevel 16
08-05 09:29:00.326   476  5333 I AmFFmpegExtractor: vendor.media.ffmpegextractor.ESLen264Check : 60
08-05 09:29:00.326   476  5333 I AmFFmpegExtractor: vendor.media.ffmpegextractor.ESLen265Check : 50
08-05 09:29:00.326   476  5333 I AmFFmpegByteIOAdapter: File size : 1038803400
08-05 09:29:00.327   476  5333 I AmFFmpegExtractor: AmFFmpegExtractor mInputFormat name {mpegts [(null)]}
08-05 09:29:00.345     0     0 I [1 T288   ..] vc: [0]invalid aiface param.
08-05 09:29:00.360     0     0 I [1 T288   ..] vc: [0]invalid aiface param.
08-05 09:29:00.377     0     0 I [1 T288   ..] vc: [0]invalid aiface param.
08-05 09:29:00.395     0     0 I [3 T288   ..] vc: [0]invalid aiface param.
08-05 09:29:00.410     0     0 I [3 T288   ..] vc: [0]invalid aiface param.
08-05 09:29:00.427     0     0 I [3 T288   ..] vc: [0]invalid aiface param.
08-05 09:29:00.444     0     0 I [2 T288   ..] vc: [0]invalid aiface param.
08-05 09:29:00.437   361  1263 I audio_hw_hal_primary: [audiohal_get_latency:1344] io 13: out:0xe47c5d80 frames:3072 rate:48000 whole_latency:64 alsa_latency:64
08-05 09:29:00.460     0     0 I [2 T288   ..] vc: [0]invalid aiface param.
08-05 09:29:00.459   361  1263 I audio_hw_hal_primary: [audiohal_get_latency:1344] io 13: out:0xe47c5d80 frames:3072 rate:48000 whole_latency:64 alsa_latency:64
08-05 09:29:00.477     0     0 I [2 T288   ..] vc: [0]invalid aiface param.
08-05 09:29:00.493     0     0 I [1 T288   ..] vc: [0]invalid aiface param.
08-05 09:29:00.477   361  1263 I audio_hw_hal_primary: [audiohal_get_latency:1344] io 13: out:0xe47c5d80 frames:3072 rate:48000 whole_latency:64 alsa_latency:64
08-05 09:29:00.510     0     0 I [1 T288   ..] vc: [0]invalid aiface param.
08-05 09:29:00.499   361  1263 I audio_hw_hal_primary: [audiohal_get_latency:1344] io 13: out:0xe47c5d80 frames:3072 rate:48000 whole_latency:64 alsa_latency:64
08-05 09:29:00.512   361  1263 I audio_hw_hal_primary: [audiohal_get_latency:1344] io 13: out:0xe47c5d80 frames:3072 rate:48000 whole_latency:64 alsa_latency:64
08-05 09:29:00.512   407   545 D audioserver: logFgsApiEnd: FGS Logger Transaction failed, -129
08-05 09:29:00.534   476  5333 I AmFFmpegExtractor: ///////////////start dump format
08-05 09:29:00.534   476  5333 I AmFFmpegExtractor: [init 3304] video/mp2ts
08-05 09:29:00.535   476  5333 D AmFFmpegExtractor: fileSize:1038803400, ff_ctx_bit_rate:51818113, bitrateDiff:0, bitRateSum:51818113, duration:(160376878,160376878)
08-05 09:29:00.535   476  5333 I AmFFmpegExtractor: isMusic major_brand:null
08-05 09:29:00.535   476  5333 I AmFFmpegExtractor: Stream 0(0) [video/hevc][codecid:0xad(0xad)] found.
08-05 09:29:00.535   476  5333 I AmFFmpegExtractor:  [AmFFmpegSource 711]startTimeUs:1050044, seekable:1
08-05 09:29:00.535   476  5333 I AmFFmpegExtractor:  [init 744](0xe9641570)
08-05 09:29:00.535   476  5333 E AmFFmpegExtractor: mAudioMuxRead 2
08-05 09:29:00.535   476  5333 I AmFFmpegExtractor: init kKeyDuration = 160376878
08-05 09:29:00.535   476  5333 I AmFFmpegExtractor: VIDEO stream startTimeUs = 1050044
08-05 09:29:00.535   476  5333 I AmFFmpegExtractor: video:demux: extradata_size = 120
08-05 09:29:00.535   476  5333 I AmFFmpegExtractor: video:demux: has b-frame = 1
08-05 09:29:00.535   476  5333 I AmFFmpegExtractor: video:demux: width = 3840, height = 2160
08-05 09:29:00.535   476  5333 E AmFFmpegExtractor: demux: frame_number = 0
08-05 09:29:00.535   476  5333 I AmFFmpegExtractor: init kKeyFrameRate = 60(59.939999)
08-05 09:29:00.535   476  5333 I AmFFmpegExtractor: set frame-rate 60   rationalFramerate num 60000 den 1001
08-05 09:29:00.535   476  5333 I AmFFmpegExtractor: mIsDolbyVison :0, mCreate_two_tracks_dv:0, codec_id: 173(AVC:27,HEVC:173), DvCFG:0(0), TAG:$
08-05 09:29:00.536   476  5333 I AmFFmpegExtractor: set tag nCFG
08-05 09:29:00.536   476  5333 I AmFFmpegExtractor: Mime:video/hevc
08-05 09:29:00.536   476  5333 I StreamFormatter: Creating formatter for codec id : 173 extradata size : 120
08-05 09:29:00.536   476  5333 I HVCTSFormatter: [parseCodecExtraData:96] skip hevc nalu DELIMITER
08-05 09:29:00.536   476  5333 D HVCTSFormatter: actual extra size:113
08-05 09:29:00.536   476  5333 I AmFFmpegExtractor: [init 3526] mIsDolbyVison:0, i:0
08-05 09:29:00.536   476  5333 E AmFFmpegExtractor: [checkStreamValid]:sample_rate:0, channels:0
08-05 09:29:00.536   476  5333 I AmFFmpegExtractor: Stream 1(1) [audio/mp4a-latm][codecid:0x15002(0x15002)] found.
08-05 09:29:00.536   476  5333 I AmFFmpegExtractor:  [AmFFmpegSource 711]startTimeUs:1050044, seekable:0
08-05 09:29:00.536   476  5333 I AmFFmpegExtractor:  [init 744](0xe96406d0)
08-05 09:29:00.536   476  5333 E AmFFmpegExtractor: mAudioMuxRead 2
08-05 09:29:00.536   476  5333 I AmFFmpegExtractor: init kKeyDuration = 160376878
08-05 09:29:00.536   476  5333 I AmFFmpegExtractor: audio:demux: fmt = -1
08-05 09:29:00.536   476  5333 I AmFFmpegExtractor: audio:demux: channels = 0
08-05 09:29:00.536   476  5333 I AmFFmpegExtractor: audio:demux: sample_rate = 0
08-05 09:29:00.536   476  5333 I AmFFmpegExtractor: audio:demux: bit_rate = 0
08-05 09:29:00.536   476  5333 I AmFFmpegExtractor: audio:demux: codec_id = 86018
08-05 09:29:00.536   476  5333 I AmFFmpegExtractor: audio:demux: stream startTimeUs = 1050044
08-05 09:29:00.536   476  5333 I AmFFmpegExtractor: audio:demux: sample_rate = 0, force set to 48000
08-05 09:29:00.536   476  5333 I AmFFmpegExtractor: audio:demux: block_align = 0
08-05 09:29:00.536   476  5333 I AmFFmpegExtractor: Mime:audio/mp4a-latm
08-05 09:29:00.536   476  5333 I AmFFmpegExtractor: Mime:audio/mp4a-latm,  profile:0 hasextradata:0, mMeta MimeType:audio/ffmpeg, mExtractor->mIsSetFfmpegFlag:1
08-05 09:29:00.536   476  5333 I StreamFormatter: Creating formatter for codec id : 86018 extradata size : 0
08-05 09:29:00.537   476  5333 E AACTSFormatter: Invalid extra data for AAC codec.
08-05 09:29:00.537   476  5333 I AmFFmpegExtractor: [init 3526] mIsDolbyVison:0, i:1
08-05 09:29:00.537   476  5333 I AmFFmpegExtractor: pthread_create OK pid:-392195648
08-05 09:29:00.537   476  5358 I AmFFmpegExtractor: feedMore_task in
08-05 09:29:00.538   478  5357 I NU-GenericSource: >>>MediaExtractor::Create [initFromDataSource 1485] and extractor name:AmFFmpegExtractor
08-05 09:29:00.538   478  5357 D NU-GenericSource: [#4] [KPI] startup, find stream info time spent: 233666
08-05 09:29:00.539   478  5357 I NU-GenericSource: initFromDataSource, mExtractor->countTracks() = 2
08-05 09:29:00.539   478  5357 I NU-GenericSource: amlogic private metadata ffmpegHasAudio
08-05 09:29:00.539   478  5357 I NU-GenericSource: amlogic private metadata ffmpegHasVideo
08-05 09:29:00.539   478  5357 I NU-GenericSource: amlogic private metadata mSeekable:1
08-05 09:29:00.539   478  5357 I NU-GenericSource: ffmpegHasAudio : 1, ffmpegHasVideo : 1
08-05 09:29:00.539   478  5357 I NU-GenericSource: enabled audio limiter !
08-05 09:29:00.539   476  5333 I AmAVUtils: set default max-input-size to 6291456
08-05 09:29:00.540   476  5333 I AmAVUtils: set default max-input-size to 6291456
08-05 09:29:00.540   478  5357 I NU-GenericSource: initFromDataSource track[0]: video/hevc
08-05 09:29:00.540   478  5357 I NU-GenericSource: ++++++++++++++++++++++++
08-05 09:29:00.540   476  5333 I AmAVUtils: set default max-input-size to 6291456
08-05 09:29:00.540   478  5357 I AmAnotherPacketSource: (video/hevc)IsUdp:0 mLimitiSize:2097152, mTotalCount:1000 kLocalPlaybackMaxBufferCount 500
08-05 09:29:00.540   478  5357 I AmAnotherPacketSource: ----->(0xee3015f0)start mIsVideo:1  mIsAudio:0 
08-05 09:29:00.541   478  5357 D NU-GenericSource: initFromDataSource:1784,  found video prog num:1
08-05 09:29:00.541   478  5357 I NU-GenericSource: initFromDataSource track[1]: audio/ffmpeg
08-05 09:29:00.541   478  5357 I NU-GenericSource: AudioName:aac  codec_id:0x15002 skipAudio:truehd
08-05 09:29:00.542   478  5357 I NU-AmNuPlayerDecoder: sampleRate:48000 
08-05 09:29:00.542   478  5357 D NU-GenericSource: initFromDataSource:1654,  found audio prog num:1
08-05 09:29:00.542   478  5357 I AmAnotherPacketSource: (audio/ffmpeg)IsUdp:0 mLimitiSize:2097152, mTotalCount:1000 kLocalPlaybackMaxBufferCount 500
08-05 09:29:00.542   478  5357 I AmAnotherPacketSource: ----->(0xee301510)start mIsVideo:0  mIsAudio:1 
08-05 09:29:00.542   478  5357 I NU-GenericSource: initFromDataSource mVideoTrack.mSource:0xee44e1b0, unsupportvideo:0, ffmpegHasVideo:1
08-05 09:29:00.542   478  5357 I NU-GenericSource: initFromDataSource mAudioTrack.mSource:0xee44e0c0, ffmpegHasAudio:1
08-05 09:29:00.542   478  5357 I NU-GenericSource: update local bitrate 51818113
08-05 09:29:00.543   476  5333 I AmAVUtils: set default max-input-size to 6291456
08-05 09:29:00.545   476  5333 I AmFFmpegExtractor:  [start 1451](0xe96406d0)
08-05 09:29:00.545   476  5333 D MediaBufferGroup: creating MemoryDealer
08-05 09:29:00.545   478  5355 I NU-AmNuPlayer: [#4] Video input format 3840 x 2160
08-05 09:29:00.545   478  5355 D NU-AmNuPlayerDriver: [#4] notifyListener_l(0xe90c4c90), (5, 3840, 2160, -1), loop setting(0, 0)
08-05 09:29:00.546   476  5333 I AmFFmpegExtractor:  [start 1451](0xe9641570)
08-05 09:29:00.546   476  5333 D MediaBufferGroup: creating MemoryDealer
08-05 09:29:00.546   478  5357 I NU-GenericSource: notifyPrepared 2560
08-05 09:29:00.546   478  5355 I NU-AmNuPlayer: [#4] notifyPrepareCompleted
08-05 09:29:00.546   478  5355 D NU-AmNuPlayerDriver: [#4] notifyListener_l(0xe90c4c90), (1, 0, 0, -1), loop setting(0, 0)
08-05 09:29:00.546  5240  5240 I MoviePlayer: [displayModeImpl][onVideoSizeChanged], set background null,w:3840,h:2160
08-05 09:29:00.546   478  5357 E NU-GenericSource: mFastPostCacheData = false
08-05 09:29:00.547  5240  5240 D MoviePlayer: isInSplitScreen:false
08-05 09:29:00.547  5240  5240 I MoviePlayer: [displayModeImpl]dispWidth:1280,dispHeight:800,mode:800x1280p60hz
08-05 09:29:00.547  5240  5240 I MoviePlayer: [displayModeImpl]videoWidth:3840,videoHeight:2160
08-05 09:29:00.548  5240  5240 I MoviePlayer: [displayModeImpl],setLayoutParams,w:1280,height:720
08-05 09:29:00.548   478  5355 I NU-AmNuPlayer: [#4] updateMediaInfo
08-05 09:29:00.548   476  5336 I AmAVUtils: set default max-input-size to 6291456
08-05 09:29:00.549   478  5355 I NU-AmNuPlayer: [#4] [updateMediaInfo:1371]get i=0 , mime: video/hevc
08-05 09:29:00.550   476  5358 I AmFFmpegExtractor: First [video/hevc] key frame received
08-05 09:29:00.551   478  5357 E AmSubtitle: [setSubStartPts]  mClient == NULL
08-05 09:29:00.554   478  5355 I NU-AmNuPlayer: [#4] [updateMediaInfo:1371]get i=1 , mime: audio/mp4a-latm
08-05 09:29:00.554   478  5355 I NU-AmNuPlayer: [#4] [updateMediaInfo:1558] video prog_num=1,cnt=0
08-05 09:29:00.554   478  5355 I NU-AmNuPlayer: [#4] [updateMediaInfo:1563] audio prog_num=1
08-05 09:29:00.554   476  5336 I AmAVUtils: set default max-input-size to 6291456
08-05 09:29:00.554   476   793 I AmAVUtils: set default max-input-size to 6291456
08-05 09:29:00.555   478  5355 I NU-AmNuPlayer: [#4] [onMessageReceived:2737]get cur_video_prog_num=1
08-05 09:29:00.555   478  5355 I NU-AmNuPlayer: [#4] [onMessageReceived:2737]get cur_video_prog_num=1
08-05 09:29:00.556   476  5336 I AmAVUtils: set default max-input-size to 6291456
08-05 09:29:00.557  5240  5240 I MyMediaPlayer_MoviePlayer: [mPreparedListener]onPrepared mp:com.droidlogic.app.MediaPlayerExt@fe2a6c0
08-05 09:29:00.557  5240  5240 D PreparedTimeoutTracker: stopTrack
08-05 09:29:00.557  5240  5240 I MoviePlayer: onPlaybackStateChanged:3
08-05 09:29:00.557  5240  5240 D MoviePlayer: set background null
08-05 09:29:00.559   478  5355 I NU-AmNuPlayer: [#4] updateMediaInfo
08-05 09:29:00.559   476   793 I AmAVUtils: set default max-input-size to 6291456
08-05 09:29:00.559   478  5355 I NU-AmNuPlayer: [#4] [updateMediaInfo:1371]get i=0 , mime: video/hevc
08-05 09:29:00.560   478  5355 I NU-AmNuPlayer: [#4] [updateMediaInfo:1371]get i=1 , mime: audio/mp4a-latm
08-05 09:29:00.560   478  5355 I NU-AmNuPlayer: [#4] [updateMediaInfo:1558] video prog_num=1,cnt=0
08-05 09:29:00.560   478  5355 I NU-AmNuPlayer: [#4] [updateMediaInfo:1563] audio prog_num=1
08-05 09:29:00.560   476  5336 I AmAVUtils: set default max-input-size to 6291456
08-05 09:29:00.561   476  5336 I AmAVUtils: set default max-input-size to 6291456
08-05 09:29:00.561   478  5355 I NU-AmNuPlayer: [#4] [onMessageReceived:2737]get cur_video_prog_num=1
08-05 09:29:00.562   478  5355 I NU-AmNuPlayer: [#4] [onMessageReceived:2737]get cur_video_prog_num=1
08-05 09:29:00.562   476  5336 I AmAVUtils: set default max-input-size to 6291456
08-05 09:29:00.564  5240  5240 D MediaPlayerNative: getMetadata
08-05 09:29:00.564   478   913 I NU-AmNuPlayerDriver: [#4] getMetadata 1387
08-05 09:29:00.564   478   913 I NU-AmNuPlayerDriver: [#4] getMetadata mVideoWidth 3840, mVideoHeight 2160
08-05 09:29:00.564   476  5336 I AmAVUtils: set default max-input-size to 6291456
08-05 09:29:00.565   478   913 I NU-AmNuPlayer: [#4] AmNuPlayer::Source::getFormat frame-rate = 60
08-05 09:29:00.565   478   913 I NU-AmNuPlayer: [#4] [getStrCurrentCodecMime 5483] 0 mDTSMimeFromCodec:0-->mMediaRenderingStarted:0
08-05 09:29:00.565   476  5336 I AmAVUtils: set default max-input-size to 6291456
08-05 09:29:00.565   478   913 I NU-AmNuPlayer: [#4] AmNuPlayer::Source::getFormat frame-rate = 60
08-05 09:29:00.565   478   913 I NU-AmNuPlayer: [#4] [getStrCurrentCodecMime 5483] 0 mDTSMimeFromCodec:0-->mMediaRenderingStarted:0
08-05 09:29:00.565   478   913 I AmMetadata: appendString hevc, 4
08-05 09:29:00.566   478   913 I NU-AmNuPlayer: [#4] AmNuPlayer::Source::getFormat frame-rate = failed
08-05 09:29:00.566   478   913 I NU-AmNuPlayer: [#4] getFormat audio extend format : audio/ffmpeg
08-05 09:29:00.566   478   913 I NU-AmNuPlayer: [#4] [getStrCurrentCodecMime 5483] 1 mDTSMimeFromCodec:0-->mMediaRenderingStarted:0
08-05 09:29:00.566   478   913 I NU-AmNuPlayer: [#4] AmNuPlayer::Source::getFormat frame-rate = failed
08-05 09:29:00.566   478   913 I NU-AmNuPlayer: [#4] getFormat audio extend format : audio/ffmpeg
08-05 09:29:00.566   478   913 I NU-AmNuPlayer: [#4] [getStrCurrentCodecMime 5483] 1 mDTSMimeFromCodec:0-->mMediaRenderingStarted:0
08-05 09:29:00.566   478   913 I AmMetadata: appendString mp4a-latm, 9
08-05 09:29:00.567   476   793 I AmAVUtils: set default max-input-size to 6291456
08-05 09:29:00.567   478   913 I NU-AmNuPlayer: [#4] AmNuPlayer::Source::getFormat frame-rate = 60
08-05 09:29:00.567   478   913 I NU-AmNuPlayer: [#4] [getStrCurrentCodecMime 5483] 0 mDTSMimeFromCodec:0-->mMediaRenderingStarted:0
08-05 09:29:00.568   478   913 I NU-AmNuPlayer: [#4] AmNuPlayer::Source::getFormat frame-rate = failed
08-05 09:29:00.568   478   913 I NU-AmNuPlayer: [#4] getFormat audio extend format : audio/ffmpeg
08-05 09:29:00.568   478   913 I NU-AmNuPlayer: [#4] [getStrCurrentCodecMime 5483] 1 mDTSMimeFromCodec:0-->mMediaRenderingStarted:0
08-05 09:29:00.568   478   913 I NU-AmNuPlayerDriver: [#4] getMetadata kVideoCodec hevc, kAudioCodec mp4a-latm
08-05 09:29:00.569   478   913 I NU-AmNuPlayer: [#4] AmNuPlayer::Source::getFormat frame-rate = failed
08-05 09:29:00.569   478   913 I NU-AmNuPlayer: [#4] getFormat audio extend format : audio/ffmpeg
08-05 09:29:00.569   478   913 I AmMetadata: appendString mono, 4
08-05 09:29:00.570   476  5333 I AmAVUtils: set default max-input-size to 6291456
08-05 09:29:00.571   478   913 D NU-AmNuPlayer: [#4] [5687] getRealFrameRate: 5994
08-05 09:29:00.571  5240  5240 I MyMediaPlayer_MoviePlayer: [mPreparedListener]mCanSeek:true
08-05 09:29:00.572  5240  5240 D MyMediaPlayer_MoviePlayer: [seekTo]msec:30694,mState:3
08-05 09:29:00.572  5240  5240 I MyMediaPlayer_MoviePlayer: [seekTo]:30694
08-05 09:29:00.572  5240  5240 I MoviePlayer: onPlaybackStateChanged:7
08-05 09:29:00.572  5240  5240 I MoviePlayer: [updatePlaybackState] state=6, pos=0
08-05 09:29:00.574  5240  5240 I MyMediaPlayer_MoviePlayer: getDuration when seeking or error, return restore value, state:7
08-05 09:29:00.574  5240  5240 D SubtitleViewAdaptor: stopTtxLoading
08-05 09:29:00.575  5240  5240 D CCSubtitleView: clear queue item
08-05 09:29:00.575  5240  5240 D CCSubtitleView: clear queue item
08-05 09:29:00.575   478   913 D NU-AmNuPlayerDriver: [#4] seekTo(0xe90c4c90) (30694 ms, 3) at state 4
08-05 09:29:00.575   876   876 D myNoti  : onPlaybackStateChanged
08-05 09:29:00.575   478   913 D NU-AmNuPlayerDriver: [#4] notifyListener_l(0xe90c4c90), (7, 0, 0, -1), loop setting(0, 0)
08-05 09:29:00.575   478   913 I NU-AmNuPlayer: [#4] seekToAsync  NowTimeMs: 3472410  mLastSeekTimeMs: 3472110, Seek diffTime: 300, quickExit:0
08-05 09:29:00.575   478   913 D NU-AmNuPlayerDriver: [#4] seekTo_END(0xe90c4c90) (30694 ms, 3) at state 4
08-05 09:29:00.575   876   876 I jarvis_ : <onMediaPause>
08-05 09:29:00.575   478  5355 I NU-AmNuPlayer: [#4] kWhatSeek
08-05 09:29:00.575   478  5355 I NU-AmNuPlayer: [#4] kWhatSeek seekTimeUs=30694000 us, mode=3, needNotify=1
08-05 09:29:00.575   478  5355 I NU-AmNuPlayer: [#4] onStart: mCrypto: 0x0 (0)
08-05 09:29:00.575  5240  5240 I MyMediaPlayer_MoviePlayer: eventlistener notify
08-05 09:29:00.575  5240  5240 I MoviePlayer: [displayModeImpl]onPrepared[Landroid.media.MediaPlayer$TrackInfo;@3257393
08-05 09:29:00.575  5240  5240 I MoviePlayer: openSubtitle() start
08-05 09:29:00.576  5240  5240 I SystemSubtitleUtils: is uni media for iptv:0
08-05 09:29:00.576  5240  5240 I SubtitleManager: [start]mPath:/storage/6A6F-168B/本地视频/[4KH265_59.940fps_10bit]03.UHD_RideOnBoard_Chinese.ts
08-05 09:29:00.576  5240  5240 I SubtitleUtils: [setFileName]mFileName:/storage/6A6F-168B/本地视频/[4KH265_59.940fps_10bit]03.UHD_RideOnBoard_Chinese.ts
08-05 09:29:00.576  5240  5240 I SubtitleUtils: [accountExSubtitleNumber] prefix:[4KH265_59.940fps_10bit]03.UHD_RideOnBoard_Chinese.
08-05 09:29:00.578  4274  4274 V AudioMediaPlayerWrapper: onPlaybackStateChanged(): com.droidlogic.exoplayer2.demo : PlaybackState {state=BUFFERING(6), position=0, buffered position=0, speed=1.0, updated=3472407, actions=823, custom actions=[], active item id=-1, error=null}
08-05 09:29:00.579  5240  5240 I SubtitleUtils: accountExSubtitleNumber:0
08-05 09:29:00.579  5240  5240 D SubtitleManager-jni: nativeOpenSubIdx 327
08-05 09:29:00.579  4274  4274 W AudioMediaPlayerWrapper: onPlaybackStateChanged(): com.droidlogic.exoplayer2.demo tried to update with no new data
08-05 09:29:00.579   402  5325 I SubtitleServer: userDataOpen
08-05 09:29:00.579   402  5325 I SubtitleService: userDataOpen 
08-05 09:29:00.579   402  5325 I UserDataAfd: creat UserDataAfd
08-05 09:29:00.579   402  5325 I UserDataAfd: startUserData mPlayerId = -1
08-05 09:29:00.579  5240  5240 I SubtitleManager: [isExtSubtitle]mExtFilePath:/storage/6A6F-168B/本地视频/[4KH265_59.940fps_10bit]03.UHD_RideOnBoard_Chinese.ts
08-05 09:29:00.579  5240  5240 D SubtitleManager-jni: isExt? 0
08-05 09:29:00.579  4274  4274 V AudioMediaPlayerWrapper: onPlaybackStateChanged(): com.droidlogic.exoplayer2.demo : PlaybackState {state=BUFFERING(6), position=0, buffered position=0, speed=1.0, updated=3472407, actions=823, custom actions=[], active item id=-1, error=null}
08-05 09:29:00.579   402  5325 I SubtitleServer: open ss=0xedf00120 ioType=0 openType:1
08-05 09:29:00.580   402  5325 I SubtitleServer: mOpenCalled: 0 mLastOpenTime=3464321646025, now=3472414931779
08-05 09:29:00.580   402  5325 I SubtitleService: startSubtitle  type:0
08-05 09:29:00.580   402  5325 I Subtitle: Subtitle
08-05 09:29:00.580   402  5325 I Presentation: enter Presentation
08-05 09:29:00.580   402  5325 I SubtitleSource: ExternalDataSource
08-05 09:29:00.580   402  5325 I SubtitleService: startSubtitle  subType:-1
08-05 09:29:00.580   402  5325 I Subtitle: scheduleStart:-1
08-05 09:29:00.580  4274  4274 W AudioMediaPlayerWrapper: onPlaybackStateChanged(): com.droidlogic.exoplayer2.demo tried to update with no new data
08-05 09:29:00.580   402  5325 I Subtitle: attachDataSource
08-05 09:29:00.580   402  5325 I SubtitleService: setParameter on start: 0, dtvSubType=-1
08-05 09:29:00.580   402  5325 I SubtitleService: setParameter on start
08-05 09:29:00.580   402  5359 I Subtitle: run mExitRequested:0, mSubPrams->subType:-1
08-05 09:29:00.580  5240  5240 I SubtitleManager: [innerTotal]mInterSubTotal:-1
08-05 09:29:00.580  5240  5240 D SubtitleManager-jni: nativeTotalSubtitles 396 0xf1544a90
08-05 09:29:00.580   402  5325 I SubtitleServer: getTotalTracks ss=0xedf00120
08-05 09:29:00.580   402  5325 I SubtitleServer: getTotalTracks total=-1
08-05 09:29:00.580  5240  5240 I SubtitleManager: [open] innerTotal:-1, mIOType:0
08-05 09:29:00.580  5240  5240 I SubtitleManager: [innerTotal]mInterSubTotal:-1
08-05 09:29:00.580  5240  5240 D SubtitleManager-jni: nativeTotalSubtitles 396 0xf1544a90
08-05 09:29:00.580   402  5325 I SubtitleServer: getTotalTracks ss=0xedf00120
08-05 09:29:00.580   402  5325 I SubtitleServer: getTotalTracks total=-1
08-05 09:29:00.581  5240  5240 I SubtitleManager: [start]ext sub innerTotal:-1
08-05 09:29:00.581  5240  5240 I SubtitleUtils: [setFileName]mFileName:/storage/6A6F-168B/本地视频/[4KH265_59.940fps_10bit]03.UHD_RideOnBoard_Chinese.ts
08-05 09:29:00.581  5240  5240 I SubtitleUtils: [accountExSubtitleNumber] prefix:[4KH265_59.940fps_10bit]03.UHD_RideOnBoard_Chinese.
08-05 09:29:00.583  5240  5240 I SubtitleUtils: accountExSubtitleNumber:0
08-05 09:29:00.583  5240  5240 I SubtitleManager: [innerTotal]mInterSubTotal:-1
08-05 09:29:00.583  5240  5240 D SubtitleManager-jni: nativeTotalSubtitles 396 0xf1544a90
08-05 09:29:00.584   402  5325 I SubtitleServer: getTotalTracks ss=0xedf00120
08-05 09:29:00.584   402  5325 I SubtitleServer: getTotalTracks total=-1
08-05 09:29:00.584  5240  5240 I SubtitleManager: [total]mSubTotal:0, extTotal:0
08-05 09:29:00.584  5240  5240 I SystemSubtitleUtils: total:0
08-05 09:29:00.584  5240  5240 I MoviePlayer: openSubtitle() end
08-05 09:29:00.584  5240  5240 I MoviePlayer: [initMediaInfo] mMediaPlayer:com.droidlogic.videoplayer.MyMediaPlayer@b92af84
08-05 09:29:00.584  5240  5240 I MediaPlayerExt: [getMediaInfobyInvoke]mp:com.droidlogic.app.MediaPlayerExt@fe2a6c0
08-05 09:29:00.666   476  5336 I AmFFmpegExtractor: Seek stream_index:0, To seekTimeUs:31744044, seekPosition:2856963, seekFlag:8
08-05 09:29:00.680   402  5359 I Subtitle: ACTION_SUBTITLE_RECEIVED_SUBTYPE, type:-1
08-05 09:29:00.680   402  5359 I ClosedCaptionParser: creat ClosedCaption parser
08-05 09:29:00.680   402  5359 I ClosedCaptionParser: @@@@@@ updateParameter mChannelId: 0, mVfmt:-1
08-05 09:29:00.680   402  5359 I ClosedCaptionParser: setPipId mode = 1, id = -1
08-05 09:29:00.680   402  5359 I ClosedCaptionParser: setPipId mode = 2, id = -1
08-05 09:29:00.680   402  5359 I Presentation: enter startPresent
08-05 09:29:00.680   402  5359 I AribB24Parser: notifyRenderStartTimestamp: startTime=0
08-05 09:29:00.681   402  5360 I SysfsVideoInfo: getVideoFormat ubuf8:connected vdec list empty
08-05 09:29:00.681   402  5361 I Presentation: A_LOOPER_POLL_WAKE
08-05 09:29:00.699   476  5336 I AmFFmpegExtractor: Seeking to 2856963 end. seekflag 8 
08-05 09:29:00.701   402  5360 I SysfsVideoInfo: getVideoFormat ubuf8:connected vdec list empty
08-05 09:29:00.702   476  5358 I AmFFmpegExtractor: drop a frame, ptsFromFFmpeg = 31780744
08-05 09:29:00.702   476  5358 I AmFFmpegExtractor: drop a frame, ptsFromFFmpeg = 31764055
08-05 09:29:00.704   476  5358 I AmFFmpegExtractor: drop a frame, ptsFromFFmpeg = 31797422
08-05 09:29:00.704   476  5358 I AmFFmpegExtractor: drop a frame, ptsFromFFmpeg = 31847477
08-05 09:29:00.705   476  5358 I AmFFmpegExtractor: drop a frame, ptsFromFFmpeg = 31830788
08-05 09:29:00.706   476  5358 I AmFFmpegExtractor: video is looking for keyframe and has been dropped, so drop pending audio before ptsFromFFmpeg = 31194044
08-05 09:29:00.708   476  5358 I AmFFmpegExtractor: drop a frame, ptsFromFFmpeg = 31864155
08-05 09:29:00.712   476  5358 I AmFFmpegExtractor: drop a frame, ptsFromFFmpeg = 32014311
08-05 09:29:00.713   476  5358 I AmFFmpegExtractor: video is looking for keyframe and has been dropped, so drop pending audio before ptsFromFFmpeg = 31258044
08-05 09:29:00.714   476  5358 I AmFFmpegExtractor: drop a frame, ptsFromFFmpeg = 31947577
08-05 09:29:00.715   476  5358 I AmFFmpegExtractor: drop a frame, ptsFromFFmpeg = 31914211
08-05 09:29:00.716   476  5358 I AmFFmpegExtractor: drop a frame, ptsFromFFmpeg = 31897522
08-05 09:29:00.717   476  5358 I AmFFmpegExtractor: drop a frame, ptsFromFFmpeg = 31930888
08-05 09:29:00.718   476  5358 I AmFFmpegExtractor: drop a frame, ptsFromFFmpeg = 31980944
08-05 09:29:00.719   476  5358 I AmFFmpegExtractor: drop a frame, ptsFromFFmpeg = 31964255
08-05 09:29:00.719   476  5358 I AmFFmpegExtractor: video is looking for keyframe and has been dropped, so drop pending audio before ptsFromFFmpeg = 31322044
08-05 09:29:00.721   476  5358 I AmFFmpegExtractor: drop a frame, ptsFromFFmpeg = 31997622
08-05 09:29:00.721   402  5360 I SysfsVideoInfo: getVideoFormat ubuf8:connected vdec list empty
08-05 09:29:00.724   476  5358 I AmFFmpegExtractor: drop a frame, ptsFromFFmpeg = 32147777
08-05 09:29:00.725   476  5358 I AmFFmpegExtractor: video is looking for keyframe and has been dropped, so drop pending audio before ptsFromFFmpeg = 31386044
08-05 09:29:00.727   476  5358 I AmFFmpegExtractor: drop a frame, ptsFromFFmpeg = 32081044
08-05 09:29:00.727   476  5358 I AmFFmpegExtractor: drop a frame, ptsFromFFmpeg = 32047677
08-05 09:29:00.729   476  5358 I AmFFmpegExtractor: drop a frame, ptsFromFFmpeg = 32030988
08-05 09:29:00.730   476  5358 I AmFFmpegExtractor: drop a frame, ptsFromFFmpeg = 32064355
08-05 09:29:00.731   476  5358 I AmFFmpegExtractor: drop a frame, ptsFromFFmpeg = 32114411
08-05 09:29:00.731   476  5358 I AmFFmpegExtractor: video is looking for keyframe and has been dropped, so drop pending audio before ptsFromFFmpeg = 31450044
08-05 09:29:00.732   476  5358 I AmFFmpegExtractor: drop a frame, ptsFromFFmpeg = 32097722
08-05 09:29:00.734   476  5358 I AmFFmpegExtractor: drop a frame, ptsFromFFmpeg = 32131088
08-05 09:29:00.735   476  5358 I AmFFmpegExtractor: video is looking for keyframe and has been dropped, so drop pending audio before ptsFromFFmpeg = 31514044
08-05 09:29:00.737   476  5358 I AmFFmpegExtractor: drop a frame, ptsFromFFmpeg = 32281244
08-05 09:29:00.739   476  5358 I AmFFmpegExtractor: drop a frame, ptsFromFFmpeg = 32214511
08-05 09:29:00.740   476  5358 I AmFFmpegExtractor: drop a frame, ptsFromFFmpeg = 32181144
08-05 09:29:00.740   476  5358 I AmFFmpegExtractor: drop a frame, ptsFromFFmpeg = 32164455
08-05 09:29:00.741   476  5358 I AmFFmpegExtractor: drop a frame, ptsFromFFmpeg = 32197822
08-05 09:29:00.742   402  5360 I SysfsVideoInfo: getVideoFormat ubuf8:connected vdec list empty
08-05 09:29:00.742   476  5358 I AmFFmpegExtractor: drop a frame, ptsFromFFmpeg = 32247877
08-05 09:29:00.742   476  5358 I AmFFmpegExtractor: video is looking for keyframe and has been dropped, so drop pending audio before ptsFromFFmpeg = 31578044
08-05 09:29:00.742   476  5358 I AmFFmpegExtractor: drop a frame, ptsFromFFmpeg = 32231188
08-05 09:29:00.744   476  5358 I AmFFmpegExtractor: drop a frame, ptsFromFFmpeg = 32264555
08-05 09:29:00.748   476  5358 I AmFFmpegExtractor: video is looking for keyframe and has been dropped, so drop pending audio before ptsFromFFmpeg = 31642044
08-05 09:29:00.752   478  5357 I NU-GenericSource: queueDiscontinuityIfNeeded, queueDiscontinuity for trackType:1, seeking:1, formatChange:0 From[readBuffer:4873]
08-05 09:29:00.754   478  5357 I NU-GenericSource: [doSeek:3924] mVideoLastDequeueTimeUs:31364667
08-05 09:29:00.755   478  5357 I NU-GenericSource: queueDiscontinuityIfNeeded, queueDiscontinuity for trackType:2, seeking:1, formatChange:0 From[readBuffer:4873]
08-05 09:29:00.755   478  5357 I NU-GenericSource: [doSeek:3934] mAudioLastDequeueTimeUs:30694000
08-05 09:29:00.756   476   793 I AmAVUtils: set default max-input-size to 6291456
08-05 09:29:00.756   478  5355 I NU-AmNuPlayer: [#4] AmNuPlayer::Source::getFormat frame-rate = 60
08-05 09:29:00.756   478  5355 I NU-GenericSource: start
08-05 09:29:00.757   478  5355 I NU-AmNuPlayer: [#4] AmNuPlayer::Source::getFormat frame-rate = failed
08-05 09:29:00.757   478  5355 I NU-AmNuPlayer: [#4] getFormat audio extend format : audio/ffmpeg
08-05 09:29:00.758   476  5142 I AmAVUtils: set default max-input-size to 6291456
08-05 09:29:00.758   478  5355 I NU-AmNuPlayer: [#4] AmNuPlayer::Source::getFormat frame-rate = 60
08-05 09:29:00.759   476  5142 I AmAVUtils: set default max-input-size to 6291456
08-05 09:29:00.759   476  5336 I AmAVUtils: set default max-input-size to 6291456
08-05 09:29:00.760   478  5355 I NU-AmNuPlayer: [#4] AmNuPlayer::Source::getFormat frame-rate = 60
08-05 09:29:00.760   478  5355 I NU-AmNuPlayerRenderer: getAudioDevicesForStream   streamType=3,  audioDevices=0x2
08-05 09:29:00.760   478  5355 E NU-AmNuPlayerRenderer: Couldn't map mime "audio/ffmpeg" to a valid audio_format
08-05 09:29:00.760   478  5355 I MessageMonitor: NU-AmNuPlayerRenderer MessageMonitor mDebugLevel 0, poll message us 30000000
08-05 09:29:00.760   478  5355 I NU-AmNuPlayerRenderer: [#4] mPlayerInstanceId = 4
08-05 09:29:00.760   478  5355 I NU-AmNuPlayerRenderer: mFirstSlowSync is set to True. from : 1010
08-05 09:29:00.760   478  5355 I NU-AmNuPlayerRenderer: [#4] media.amnuplayer.avsync.dropmode is set to 0 us .
08-05 09:29:00.760   478  5355 I NU-AmNuPlayerRenderer: for IPTV hls, mShowFrameAfterOpenAudioSink is set to True. from : 1115
08-05 09:29:00.761   361   436 D AudioHalHardware: +getParameters(), key = hdmi_format
08-05 09:29:00.761   361   436 D AudioHalHardware: -getParameters(), return ""
08-05 09:29:00.762   402  5360 I SysfsVideoInfo: getVideoFormat ubuf8:connected vdec list empty
08-05 09:29:00.763   478  5355 I NU-AmNuPlayerDriver: media.player.atrace.enable is 1
08-05 09:29:00.763   478  5355 I NU-AmNuPlayer: [#4] [onStart:4461] new Renderer
08-05 09:29:00.764   476  5333 I AmAVUtils: set default max-input-size to 6291456
08-05 09:29:00.764   478  5355 D NU-AmNuPlayerDriver: [#4] notifyListener_l(0xe90c4c90), (4, 0, 0, -1), loop setting(0, 0)
08-05 09:29:00.764   478  5355 I NU-AmNuPlayer: [#4] AmNuPlayer::getMediaInfo
08-05 09:29:00.764   478  5355 I NU-AmNuPlayer: [#4] updateMediaInfo
08-05 09:29:00.765   476  5333 I AmAVUtils: set default max-input-size to 6291456
08-05 09:29:00.765   478  5355 I NU-AmNuPlayer: [#4] [updateMediaInfo:1371]get i=0 , mime: video/hevc
08-05 09:29:00.766   478  5355 I NU-AmNuPlayer: [#4] [updateMediaInfo:1371]get i=1 , mime: audio/mp4a-latm
08-05 09:29:00.766   478  5355 I NU-AmNuPlayer: [#4] [updateMediaInfo:1558] video prog_num=1,cnt=0
08-05 09:29:00.766   478  5355 I NU-AmNuPlayer: [#4] [updateMediaInfo:1563] audio prog_num=1
08-05 09:29:00.766   478  5355 I NU-AmNuPlayer: [#4] --cur video:0 cur audio:1 cur sub:-1 
08-05 09:29:00.766   478  5355 I NU-AmNuPlayer: [#4] --video index:0 id:173 totlanum:1 width:3840 height:2160 
08-05 09:29:00.766   478  5355 I NU-AmNuPlayer: [#4] --audio index:1 id:86018 totlanum:1 channel:0 samplerate:48000 aformat=2
08-05 09:29:00.766   478  5355 I NU-AmNuPlayer: [#4] --programme i:0, id:0 programme_name:unknown
08-05 09:29:00.766   478  5362 I NU-AmNuPlayerRenderer: [#4] render_onPause
08-05 09:29:00.766   478  5362 D NU-AmNuPlayerRenderer: [#4] audio sink pause from [onPause,5151]
08-05 09:29:00.766   478  5362 E NU-AmNuPlayerRenderer: [#4] sampleRate is 0 in non-offload mode
08-05 09:29:00.766   478  5362 I NU-AmNuPlayerRenderer: [#4] now paused audio queue has 0 entries, video has 0 entries
08-05 09:29:00.766  5240  5240 I MediaPlayerExt: [getMediaInfo]filename:-1,duration:160,file_size:null,bitrate:51818113,type:0
08-05 09:29:00.766  5240  5240 I MediaPlayerExt: [getMediaInfo]cur_video_index:0,cur_audio_index:1,cur_sub_index:-1
08-05 09:29:00.766  5240  5240 I MediaPlayerExt: [getMediaInfo]mediaInfo.total_video_num:1
08-05 09:29:00.766  5240  5240 I MediaPlayerExt: [getMediaInfo]videoInfo i:0,index:0,id:173
08-05 09:29:00.766  5240  5240 I MediaPlayerExt: [getMediaInfo]videoInfo i:0,vformat:VFORMAT_HEVC
08-05 09:29:00.766  5240  5240 I MediaPlayerExt: [getMediaInfo]videoInfo i:0,width:3840,height:2160
08-05 09:29:00.766  5240  5240 I MediaPlayerExt: [getMediaInfo]mediaInfo.total_audio_num:1
08-05 09:29:00.766  5240  5240 I MediaPlayerExt: [getMediaInfo]audioInfo j:0,index:1,id:86018,aformat:2
08-05 09:29:00.766  5240  5240 I MediaPlayerExt: [getMediaInfo]audioInfo j:0,channel:0,sample_rate:48000
08-05 09:29:00.766  5240  5240 I MediaPlayerExt: [getMediaInfo]mediaInfo.total_sub_num:0
08-05 09:29:00.766  5240  5240 I MediaPlayerExt: [getMediaInfo]mediaInfo.total_ts_num:1
08-05 09:29:00.766  5240  5240 I MediaPlayerExt: [getMediaInfo]tsprogrameInfo l:0,v_pid:0,title:unknown
08-05 09:29:00.766  5240  5240 I MediaPlayerExt: [getMediaInfo]data[0]:117(0x75)
08-05 09:29:00.767  5240  5240 I MediaPlayerExt: [getMediaInfo]data[1]:110(0x6e)
08-05 09:29:00.767  5240  5240 I MediaPlayerExt: [getMediaInfo]data[2]:107(0x6b)
08-05 09:29:00.767  5240  5240 I MediaPlayerExt: [getMediaInfo]data[3]:110(0x6e)
08-05 09:29:00.767  5240  5240 I MediaPlayerExt: [getMediaInfo]data[4]:111(0x6f)
08-05 09:29:00.767  5240  5240 I MediaPlayerExt: [getMediaInfo]data[5]:119(0x77)
08-05 09:29:00.767  5240  5240 I MediaPlayerExt: [getMediaInfo]data[6]:110(0x6e)
08-05 09:29:00.767  5240  5240 I MediaPlayerExt: [getMediaInfo]=======================================
08-05 09:29:00.767  5240  5240 I MediaPlayerExt: [getMediaInfo]mediaInfo.total_sub_num:0
08-05 09:29:00.767  5240  5240 I MediaInfo: [printMediaInfo]mInfo:com.droidlogic.app.MediaPlayerExt$MediaInfo@6db2fd0
08-05 09:29:00.767  5240  5240 I MediaInfo: [printMediaInfo]filename:-1,duration:160,file_size:null,bitrate:51818113,type:0
08-05 09:29:00.767  5240  5240 I MediaInfo: [printMediaInfo]cur_video_index:0,cur_audio_index:1,cur_sub_index:-1
08-05 09:29:00.767  5240  5240 I MediaInfo: [printMediaInfo]total_video_num:1
08-05 09:29:00.767  5240  5240 I MediaInfo: [printMediaInfo]videoInfo i:0,index:0,id:173
08-05 09:29:00.767  5240  5240 I MediaInfo: [printMediaInfo]videoInfo i:0,vformat:VFORMAT_HEVC
08-05 09:29:00.767  5240  5240 I MediaInfo: [printMediaInfo]videoInfo i:0,width:3840,height:2160
08-05 09:29:00.767  5240  5240 I MediaInfo: [printMediaInfo]total_audio_num:1
08-05 09:29:00.767  5240  5240 I MediaInfo: [printMediaInfo]audioInfo j:0,index:1,id:86018
08-05 09:29:00.767  5240  5240 I MediaInfo: [printMediaInfo]audioInfo j:0,aformat:2
08-05 09:29:00.767  5240  5240 I MediaInfo: [printMediaInfo]audioInfo j:0,channel:0,sample_rate:48000
08-05 09:29:00.767  5240  5240 I MediaInfo: [printMediaInfo]total_sub_num:0
08-05 09:29:00.767  5240  5240 D MediaPlayerNative: getMetadata
08-05 09:29:00.767   478  5346 I NU-AmNuPlayerDriver: [#4] getMetadata 1387
08-05 09:29:00.768   478  5346 I NU-AmNuPlayerDriver: [#4] getMetadata mVideoWidth 3840, mVideoHeight 2160
08-05 09:29:00.768   476  5333 I AmAVUtils: set default max-input-size to 6291456
08-05 09:29:00.768   478  5355 I NU-AmNuPlayer: [#4] AmNuPlayer::Source::getFormat frame-rate = 60
08-05 09:29:00.768   476  5336 I AmAVUtils: set default max-input-size to 6291456
08-05 09:29:00.769   478  5355 I NU-AmNuPlayer: [#4] getFrameRate 60.00
08-05 09:29:00.769   476  5333 I AmAVUtils: set default max-input-size to 6291456
08-05 09:29:00.769   476  5336 I AmAVUtils: set default max-input-size to 6291456
08-05 09:29:00.770   478  5355 I NU-AmNuPlayer: [#4] set frame-rate 60.00
08-05 09:29:00.771   476  5336 I AmAVUtils: set default max-input-size to 6291456
08-05 09:29:00.771   478  5355 W AString : ctor got NULL, using empty string instead
08-05 09:29:00.771   478  5355 D NU-AmNuPlayerTunnelDecoder: [#4] mIsAtLeastLinux515=1 , major=5, minor=15
08-05 09:29:00.771   478  5355 I NU-AmNuPlayerDriver: media.player.atrace.enable is 1
08-05 09:29:00.771   478  5355 I NU-AmNuPlayerTunnelDecoder: [#4] mPlayerInstanceId = 4
08-05 09:29:00.771   478  5355 I MessageMonitor: NU-AmNuPlayerTunnelDecoder-vidN MessageMonitor mDebugLevel 0, poll message us 30000000
08-05 09:29:00.771   478  5346 I NU-AmNuPlayer: [#4] AmNuPlayer::Source::getFormat frame-rate = 60
08-05 09:29:00.771   478  5346 I NU-AmNuPlayer: [#4] [getStrCurrentCodecMime 5483] 0 mDTSMimeFromCodec:0-->mMediaRenderingStarted:0
08-05 09:29:00.771   476  5333 I AmAVUtils: set default max-input-size to 6291456
08-05 09:29:00.771   478  5363 I NU-AmNuPlayerTunnelDecoder: [#4] onConfigure format: AMessage(what = 0x00000000) = {
08-05 09:29:00.771   478  5363 I NU-AmNuPlayerTunnelDecoder:   string mime = "video/hevc"
08-05 09:29:00.771   478  5363 I NU-AmNuPlayerTunnelDecoder:   int64_t durationUs = 160376878
08-05 09:29:00.771   478  5363 I NU-AmNuPlayerTunnelDecoder:   int32_t track-id = 0
08-05 09:29:00.771   478  5363 I NU-AmNuPlayerTunnelDecoder:   int32_t bitrate = 51818113
08-05 09:29:00.771   478  5363 I NU-AmNuPlayerTunnelDecoder:   int32_t width = 3840
08-05 09:29:00.771   478  5363 I NU-AmNuPlayerTunnelDecoder:   int32_t height = 2160
08-05 09:29:00.771   478  5363 I NU-AmNuPlayerTunnelDecoder:   int32_t max-input-size = 6291456
08-05 09:29:00.771   478  5363 I NU-AmNuPlayerTunnelDecoder:   float frame-rate = 60.000000
08-05 09:29:00.771   478  5363 I NU-AmNuPlayerTunnelDecoder:   string codec-format-str = "video/hevc"
08-05 09:29:00.771   478  5363 I NU-AmNuPlayerTunnelDecoder:   string program-name = "unknown"
08-05 09:29:00.771   478  5363 I NU-AmNuPlayerTunnelDecoder:   int32_t vendor.dvconfig-box.disable = 1
08-05 09:29:00.771   478  5363 I NU-AmNuPlayerTunnelDecoder:   int32_t HDR.type = 0
08-05 09:29:00.771   478  5363 I NU-AmNuPlayerTunnelDecoder:   int32_t vendor.Bitrate.value = 51818113
08-05 09:29:00.771   478  5363 I NU-AmNuPlayerTunnelDecoder:   int32_t codec-id = 173
08-05 09:29:00.771   478  5363 I NU-AmNuPlayerTunnelDecoder:   int32_t extradata-size = 120
08-05 09:29:00.771   478  5363 I NU-AmNuPlayerTunnelDecoder:   int32_t bit-depth = 2
08-05 09:29:00.771   478  5363 I NU-AmNuPlayerTunnelDecoder:   int32_t vendor.realframerate.framerate-num = 60000
08-05 09:29:00.771   478  5363 I NU-AmNuPlayerTunnelDecoder:   int32_t vendor.realframerate.framerate-den = 1001
08-05 09:29:00.771   478  5363 I NU-AmNuPlayerTunnelDecoder:   int32_t program-num = 1
08-05 09:29:00.771   478  5363 I NU-AmNuPlayerTunnelDecoder:   Buffer *extra-data = 0xee4e00d0
08-05 09:29:00.771   478  5363 I NU-AmNuPlayerTunnelDecoder:   int32_t priority = 0
08-05 09:29:00.771   478  5363 I NU-AmNuPlayerTunnelDecoder:   float operating-rate = 60.000000
08-05 09:29:00.771   478  5363 I NU-AmNuPlayerTunnelDecoder:   int32_t auto-frc = 1
08-05 09:29:00.771   478  5363 I NU-AmNuPlayerTunnelDecoder:   int32_t early-release = 0
08-05 09:29:00.771   478  5363 I NU-AmNuPlayerTunnelDecoder: }
08-05 09:29:00.771   478  5363 D NU-AmNuPlayerTunnelDecoder: [#4] start dlopen libmediaproxy_consumer.system.so
08-05 09:29:00.771   478  5355 I NU-AmNuPlayerRenderer: [#4] set bitrate 51818113
08-05 09:29:00.772   478  5355 I NU-AmNuPlayer: [#4] AmNuPlayer::Source::getFormat frame-rate = failed
08-05 09:29:00.772   478  5355 I NU-AmNuPlayer: [#4] getFormat audio extend format : audio/ffmpeg
08-05 09:29:00.772   478  5363 I NU-AmNuPlayerTunnelDecoder: [#4] load mMediaproxyConsumerLibHandle OK
08-05 09:29:00.772   478  5363 D mediaproxyconsumer: initialized consumer, opened device fd = 27
08-05 09:29:00.772   478  5363 D NU-AmNuPlayerTunnelDecoder: [#4] finished dlopen libmediaproxy_consumer.system.so
08-05 09:29:00.773   478  5363 I MessageMonitor: NU-Decoder::ReadDecoderInfo MessageMonitor mDebugLevel 0, poll message us 30000000
08-05 09:29:00.792     0     0 I         : [0 T5363  ..] mediaproxy open
08-05 09:29:00.792     0     0 I         : [0 T5363  ..] Mediaproxy is opened name[app]\n
08-05 09:29:00.792     0     0 I         : [0 T5363  ..] MEDIAPROXY_CONNECT
08-05 09:29:00.773   478  5363 I NU-AmNuPlayerTunnelDecoder: [#4] new ReadDecoderInfo
08-05 09:29:00.773   478  5363 I NU-AmNuPlayerTunnelDecoder: [#4] [onConfigure 920] mReadDecoderInfoLooper = new ALooper
08-05 09:29:00.773   476  5336 I AmAVUtils: set default max-input-size to 6291456
08-05 09:29:00.773   478  5363 I MessageMonitor: ReadDataHandler MessageMonitor mDebugLevel 0, poll message us 30000000
08-05 09:29:00.773   478  5363 I AmVdecConfig: found attr name c2.amlogic.hevc.decoder
08-05 09:29:00.773   478  5363 I NU-AmNuPlayerTunnelDecoder: [#4] mEnableAvc4kMMU = 1, mmu open width:2560, height:2160
08-05 09:29:00.773   478  5363 I AmVdecConfig: hevc.decoder can support 4K
08-05 09:29:00.773   478  5355 I NU-AmNuPlayer: [#4] AmNuPlayer::Source::getFormat frame-rate = 60
08-05 09:29:00.773   478  5363 I AmVdecConfig: found attr name c2.amlogic.hevc.decoder
08-05 09:29:00.773   478  5363 I AmVdecConfig: hevc.decoder can not support 8K
08-05 09:29:00.773   478  5363 I NU-AmNuPlayerTunnelDecoder: [#4] mPlatformSupport4K 1 mPlatformSupport8k 0
08-05 09:29:00.773   476  5333 I AmAVUtils: set default max-input-size to 6291456
08-05 09:29:00.773   478  5363 I NU-AmNuPlayerTunnelDecoder: [#4] Configure mVideoFramerate: 60.000000, mVideoDurationUs: 16667, mUnstablePts: 0, mIsAviDiscard: 0
08-05 09:29:00.773   478  5363 I NU-AmNuPlayerTunnelDecoder: [#4] Configure bitrate:51818113, adaptive-playback:0, bufferWidth:3840, bufferHeight:2160, streamIs8K:0
08-05 09:29:00.773   478  5363 I NU-AmNuPlayerTunnelDecoder: [#4] 540p_buffer enabled, set double write 1024
08-05 09:29:00.773   478  5363 I NU-AmNuPlayerTunnelDecoder: [#4] Configure doubleWriteMode:1024, margin:6
08-05 09:29:00.774   478  5346 I NU-AmNuPlayer: [#4] AmNuPlayer::Source::getFormat frame-rate = 60
08-05 09:29:00.774   478  5363 E VideoDecWrapper: version 1.1 use create AmVideoDec_create
08-05 09:29:00.774   478  5346 I NU-AmNuPlayer: [#4] [getStrCurrentCodecMime 5483] 0 mDTSMimeFromCodec:0-->mMediaRenderingStarted:0
08-05 09:29:00.774   478  5363 I AmVideoDec: AmVideoDec version: V3.42-dev.38-g45c019a1  (drm.autobuild  Thu Jan  1 13:53:41 CST 2026), mHalInstanceID 1, mHalInstancenum 0, mIonFd-1
08-05 09:29:00.774   478  5346 I AmMetadata: appendString hevc, 4
08-05 09:29:00.774   478  5363 I mediaserver: vendor.mediahal.loglevels is not set, used defaultValue = 1
08-05 09:29:00.774   478  5363 I AmVideoDec: [No--1]-[0]"new VideoDec\n"
08-05 09:29:00.774   478  5363 I AmVideoDec: open dec_stat fd -1  mLowMem:0
08-05 09:29:00.774   478  5363 I mediaserver: vendor.amtsplayer.pipeline is not set, used defaultValue = 1
08-05 09:29:00.774   478  5363 I VideoDecWrapper: GetAmVideoDec ok
08-05 09:29:00.774   478  5355 I NU-AmNuPlayerRenderer: getAudioDevicesForStream   streamType=3,  audioDevices=0x2
08-05 09:29:00.774   478  5355 E NU-AmNuPlayerRenderer: Couldn't map mime "audio/ffmpeg" to a valid audio_format
08-05 09:29:00.774   478  5363 I V4l2Adaptor: V4l2Adaptor::initialize flags is 0x8900
08-05 09:29:00.774   478  5363 I V4l2Adaptor: V4l2Adaptor::onInit instanceNum = 0
08-05 09:29:00.774   478  5363 I mediaserver: vendor.mediahal.loglevels is not set, used defaultValue = 1
08-05 09:29:00.774   478  5355 I NU-AmNuPlayer: [#4] instantiateDecoder   format: AMessage(what = 0x00000000) = {
08-05 09:29:00.774   478  5355 I NU-AmNuPlayer:   string mime = "audio/ffmpeg"
08-05 09:29:00.774   478  5355 I NU-AmNuPlayer:   int64_t durationUs = 160376878
08-05 09:29:00.774   478  5355 I NU-AmNuPlayer:   int32_t track-id = 1
08-05 09:29:00.774   478  5355 I NU-AmNuPlayer:   Buffer csd-0 = {
08-05 09:29:00.774   478  5355 I NU-AmNuPlayer:     00000000:  11 90                                             ..
08-05 09:29:00.774   478  5355 I NU-AmNuPlayer:   }
08-05 09:29:00.774   478  5355 I NU-AmNuPlayer:   string language = "und"
08-05 09:29:00.774   478  5355 I NU-AmNuPlayer:   int32_t channel-count = 0
08-05 09:29:00.774   478  5355 I NU-AmNuPlayer:   int32_t sample-rate = 48000
08-05 09:29:00.774   478  5355 I NU-AmNuPlayer:   int32_t is-adts = 1
08-05 09:29:00.774   478  5355 I NU-AmNuPlayer:   string codec-format-str = "audio/mp4a-latm"
08-05 09:29:00.774   478  5355 I NU-AmNuPlayer:   int32_t codec-id = 86018
08-05 09:29:00.774   478  5355 I NU-AmNuPlayer:   int32_t block-align = 0
08-05 09:29:00.774   478  5355 I NU-AmNuPlayer:   int32_t program-num = 1
08-05 09:29:00.774   478  5355 I NU-AmNuPlayer:   int32_t vendor.adec.codec-id.value = 86018
08-05 09:29:00.774   478  5355 I NU-AmNuPlayer:   Buffer extra-data = {
08-05 09:29:00.774   478  5355 I NU-AmNuPlayer:   }
08-05 09:29:00.774   478  5355 I NU-AmNuPlayer:   int32_t priority = 0
08-05 09:29:00.774   478  5355 I NU-AmNuPlayer: }  
08-05 09:29:00.774   478  5363 I mediaserver: vendor.mediahal.loglevels is not set, used defaultValue = 1
08-05 09:29:00.774   478  5363 I VDA     : [-1##-1]open dec_stat fd -1, gloglevel 1 use_pts_id_ is 0 force dmabuf mode 0 send_userdata_:1
08-05 09:29:00.774   478  5363 I VDA     : [-1##-1]Disabled LCEVC
08-05 09:29:00.774   478  5363 I VDA     : [-1##-1]Initialize instance_num 0
08-05 09:29:00.774   478  5363 I VDA     : [-1##-1][warning] config v4l2paras len:5, but videodec v4l2paras len:7
08-05 09:29:00.774   478  5363 I VDA     : [-1##-1]v4l2 private parms, magic:55aacc33 len:5, adaptiveback:0 height:3840 width:2160,format:non NV12 or NV21
08-05 09:29:00.774   478  5363 I VDA     : [-1##-1]Initialize codec2_mode_:0,stream_mode_:0,use_pts_id_:0,force_dmabuf_mode_:0,use_input_buffercache_:0,use_input_bufferpool_ :1,use_dynamic_capture_buffer_:0,use_uvm_:0,use_pts_calculator_:1,use_high_prio_:0,use_secure_vdec_hal_:0,use_low_latency_mode_:0,add_csd_:1,use_no_header_mode_:0
08-05 09:29:00.774   478  5355 W AString : ctor got NULL, using empty string instead
08-05 09:29:00.774   478  5355 I NU-AmNuPlayerDecoder: [#4] mPlayerInstanceId = 4  mForceClearUseClearKey is 0
08-05 09:29:00.774   478  5355 I NU-AmNuPlayerDriver: media.player.atrace.enable is 1
08-05 09:29:00.775   478  5355 I MessageMonitor: NU-AmNuPlayerDecoder-audN MessageMonitor mDebugLevel 0, poll message us 30000000
08-05 09:29:00.775   478  5355 I NU-AmNuPlayer: [#4] instantiateDecoder audio Decoder
08-05 09:29:00.775   478  5366 I NU-AmNuPlayerDecoder: [#4] onConfigure format: AMessage(what = 0x00000000) = {
08-05 09:29:00.775   478  5366 I NU-AmNuPlayerDecoder:   string mime = "audio/ffmpeg"
08-05 09:29:00.775   478  5366 I NU-AmNuPlayerDecoder:   int64_t durationUs = 160376878
08-05 09:29:00.775   478  5366 I NU-AmNuPlayerDecoder:   int32_t track-id = 1
08-05 09:29:00.775   478  5366 I NU-AmNuPlayerDecoder:   Buffer csd-0 = {
08-05 09:29:00.775   478  5366 I NU-AmNuPlayerDecoder:     00000000:  11 90                                             ..
08-05 09:29:00.775   478  5366 I NU-AmNuPlayerDecoder:   }
08-05 09:29:00.775   478  5366 I NU-AmNuPlayerDecoder:   string language = "und"
08-05 09:29:00.775   478  5366 I NU-AmNuPlayerDecoder:   int32_t channel-count = 0
08-05 09:29:00.775   478  5366 I NU-AmNuPlayerDecoder:   int32_t sample-rate = 48000
08-05 09:29:00.775   478  5366 I NU-AmNuPlayerDecoder:   int32_t is-adts = 1
08-05 09:29:00.775   478  5366 I NU-AmNuPlayerDecoder:   string codec-format-str = "audio/mp4a-latm"
08-05 09:29:00.775   478  5366 I NU-AmNuPlayerDecoder:   int32_t codec-id = 86018
08-05 09:29:00.775   478  5366 I NU-AmNuPlayerDecoder:   int32_t block-align = 0
08-05 09:29:00.775   478  5366 I NU-AmNuPlayerDecoder:   int32_t program-num = 1
08-05 09:29:00.775   478  5366 I NU-AmNuPlayerDecoder:   int32_t vendor.adec.codec-id.value = 86018
08-05 09:29:00.775   478  5366 I NU-AmNuPlayerDecoder:   Buffer extra-data = {
08-05 09:29:00.775   478  5366 I NU-AmNuPlayerDecoder:   }
08-05 09:29:00.775   478  5366 I NU-AmNuPlayerDecoder:   int32_t priority = 0
08-05 09:29:00.775   478  5366 I NU-AmNuPlayerDecoder:   int32_t early-release = 0
08-05 09:29:00.775   478  5366 I NU-AmNuPlayerDecoder: }
08-05 09:29:00.794     0     0 I         : [0 T5363  ..] Mediaproxy is opened name[aml-vcodec-dec]\n
08-05 09:29:00.775   478  5366 I MessageMonitor: ReadDataHandler MessageMonitor mDebugLevel 0, poll message us 30000000
08-05 09:29:00.775   478  5346 I NU-AmNuPlayer: [#4] AmNuPlayer::Source::getFormat frame-rate = failed
08-05 09:29:00.775   478  5346 I NU-AmNuPlayer: [#4] getFormat audio extend format : audio/ffmpeg
08-05 09:29:00.775   478  5346 I NU-AmNuPlayer: [#4] [getStrCurrentCodecMime 5483] 1 mDTSMimeFromCodec:0-->mMediaRenderingStarted:0
08-05 09:29:00.775   478  5366 D MediaCodecList: codecHandlesFormat: no format, so no extra checks
08-05 09:29:00.796     0     0 I         : [0 T5363  ..] deinit session
08-05 09:29:00.776   478  5346 I NU-AmNuPlayer: [#4] AmNuPlayer::Source::getFormat frame-rate = failed
08-05 09:29:00.776   478  5346 I NU-AmNuPlayer: [#4] getFormat audio extend format : audio/ffmpeg
08-05 09:29:00.776   478  5346 I NU-AmNuPlayer: [#4] [getStrCurrentCodecMime 5483] 1 mDTSMimeFromCodec:0-->mMediaRenderingStarted:0
08-05 09:29:00.776   478  5346 I AmMetadata: appendString mp4a-latm, 9
08-05 09:29:00.776   476  5336 I AmAVUtils: set default max-input-size to 6291456
08-05 09:29:00.777   478  5367 D CCodec  : allocate(c2.amlogic.audio.decoder.ffmpeg)
08-05 09:29:00.777   478  5346 I NU-AmNuPlayer: [#4] AmNuPlayer::Source::getFormat frame-rate = 60
08-05 09:29:00.777   478  5346 I NU-AmNuPlayer: [#4] [getStrCurrentCodecMime 5483] 0 mDTSMimeFromCodec:0-->mMediaRenderingStarted:0
08-05 09:29:00.777   478  5346 I NU-AmNuPlayer: [#4] AmNuPlayer::Source::getFormat frame-rate = failed
08-05 09:29:00.777   478  5346 I NU-AmNuPlayer: [#4] getFormat audio extend format : audio/ffmpeg
08-05 09:29:00.777   478  5346 I NU-AmNuPlayer: [#4] [getStrCurrentCodecMime 5483] 1 mDTSMimeFromCodec:0-->mMediaRenderingStarted:0
08-05 09:29:00.777   478  5346 I NU-AmNuPlayerDriver: [#4] getMetadata kVideoCodec hevc, kAudioCodec mp4a-latm
08-05 09:29:00.778   478  5346 I NU-AmNuPlayer: [#4] AmNuPlayer::Source::getFormat frame-rate = failed
08-05 09:29:00.778   478  5346 I NU-AmNuPlayer: [#4] getFormat audio extend format : audio/ffmpeg
08-05 09:29:00.778   478  5346 I AmMetadata: appendString mono, 4
08-05 09:29:00.778   476  5336 I AmAVUtils: set default max-input-size to 6291456
08-05 09:29:00.779   478  5346 D NU-AmNuPlayer: [#4] [5687] getRealFrameRate: 5994
08-05 09:29:00.779   478  5367 I CCodec  : setting up 'default' as default (vendor) store
08-05 09:29:00.780  5240  5240 I MoviePlayer: subtitle setting ok button click or init call
08-05 09:29:00.780  5240  5240 I MoviePlayer: lqj, set Subtitle setting to subtitleManager,win h:2160,w:3840,pw:1280after height:720
08-05 09:29:00.780  5240  5240 I SystemSubtitleUtils: [setSubtitleView]
08-05 09:29:00.780  5240  5240 I SystemSubtitleUtils: set Subtitle setting to subtitleManager, win h:720,margin y:40
08-05 09:29:00.780  5240  5240 I SystemSubtitleUtils: text subtitle y position:40
08-05 09:29:00.781  5240  5240 D SystemSubtitleUtils: setSubtitleEnc:null
08-05 09:29:00.781  5240  5240 D SystemSubtitleUtils: selected Pos:0,set translate language to subtitle manager---language:
08-05 09:29:00.781  5240  5240 E SystemSubtitleUtils: no such method errorjava.lang.NoSuchMethodError: No virtual method setSubTranslationLanguage(Ljava/lang/String;Ljava/lang/String;)I in class Lcom/droidlogic/app/SubtitleManager; or its super classes (declaration of 'com.droidlogic.app.SubtitleManager' appears in /vendor/framework/droidlogic.software.core.jar)
08-05 09:29:00.781  5240  5240 I MyMediaPlayer_MoviePlayer: onInfochanged--lister
08-05 09:29:00.781  5240  5240 I MyMediaPlayer_MoviePlayer: onInfochanged--lister
08-05 09:29:00.782  5240  5240 I MoviePlayerControView_MoviePlayer: onInfoChanged--mediaInfo:com.droidlogic.videoplayer.MediaInfo@ec4ebc9,subtiltemanage:com.droidlogic.app.SubtitleManager@25d2ce,option:com.droidlogic.combineplayer.MvOption@9663bd3
08-05 09:29:00.782  5240  5240 I SubtitleManager: [innerTotal]mInterSubTotal:-1
08-05 09:29:00.782  5240  5240 D SubtitleManager-jni: nativeTotalSubtitles 396 0xf1544a90
08-05 09:29:00.782   402  5325 I SubtitleServer: getTotalTracks ss=0xedf00120
08-05 09:29:00.782   402  5325 I SubtitleServer: getTotalTracks total=-1
08-05 09:29:00.782  5240  5240 I SubtitleManager: [total]mSubTotal:0, extTotal:0
08-05 09:29:00.782  5240  5240 I SystemSubtitleUtils: total:0
08-05 09:29:00.782  5240  5240 I MoviePlayerControView_MoviePlayer: subtitle size:0
08-05 09:29:00.782   402  5360 I SysfsVideoInfo: getVideoFormat ubuf8:connected vdec list empty
08-05 09:29:00.782  5240  5240 I SubtitleManager: [innerTotal]mInterSubTotal:-1
08-05 09:29:00.782  5240  5240 D SubtitleManager-jni: nativeTotalSubtitles 396 0xf1544a90
08-05 09:29:00.782   402  5325 I SubtitleServer: getTotalTracks ss=0xedf00120
08-05 09:29:00.782   402  5325 I SubtitleServer: getTotalTracks total=-1
08-05 09:29:00.782  5240  5240 I SubtitleManager: [total]mSubTotal:0, extTotal:0
08-05 09:29:00.782  5240  5240 I SystemSubtitleUtils: total:0
08-05 09:29:00.782  5240  5240 I MoviePlayerControView_MoviePlayer: subtilte number:0
08-05 09:29:00.782  5240  5240 I SubtitleManager: [innerTotal]mInterSubTotal:-1
08-05 09:29:00.782  5240  5240 D SubtitleManager-jni: nativeTotalSubtitles 396 0xf1544a90
08-05 09:29:00.783   402  5325 I SubtitleServer: getTotalTracks ss=0xedf00120
08-05 09:29:00.783   402  5325 I SubtitleServer: getTotalTracks total=-1
08-05 09:29:00.783   478  5363 I mediaserver: vendor.mediahal.loglevels is not set, used defaultValue = 1
08-05 09:29:00.783  5240  5240 I SubtitleManager: [total]mSubTotal:0, extTotal:0
08-05 09:29:00.783   478  5363 I VDA     : [-1##3]Initialize decoder_instance_num_ = 3
08-05 09:29:00.783   478  5363 I VDA     : [-1##3]TP_VDA_Initialize 3472618128446, flags is 35072
08-05 09:29:00.783  5240  5240 I SystemSubtitleUtils: total:0
08-05 09:29:00.783  5240  5240 I MediaInfo: amime:audio/mp4a-latm
08-05 09:29:00.783   478  5363 I mediaserver: vendor.media.mediahal.videodec.pts.loglevels is not set, used defaultValue = 1
08-05 09:29:00.783   478  5363 I AmlManagePts: [0]"AmlManagePts into\n"
08-05 09:29:00.783   478  5363 I mediaserver: vendor.media.mediahal.videodec.pts.duration is not set, used defaultValue = 33333
08-05 09:29:00.783   478  5363 I AmlManagePts: [0]"InputInfo  size:8 -- 8\n"
08-05 09:29:00.783   478  5363 I AmlManagePts: [0]"amlList size:16  mCapability:18 instance:0\n"
08-05 09:29:00.783   478  5363 I AmlManagePts: [0]"amlList size:20  mCapability:22 instance:0\n"
08-05 09:29:00.783   478   913 I NU-AmNuPlayerDriver: [#4] getParameter 1836347992
08-05 09:29:00.783   478  5363 I AmlManagePts: [0]"amlList size:20  mCapability:22 instance:0\n"
08-05 09:29:00.783   478  5363 I AmlManagePts: [0]"amlList size:1001  mCapability:1003 instance:0\n"
08-05 09:29:00.783   478  5363 I AmlManagePts: [0]"amlList size:1001  mCapability:1003 instance:0\n"
08-05 09:29:00.783   478  5363 I VDA     : V4l2Adaptor::postAndReplyMsg callerinstanceid : 4
08-05 09:29:00.783   478  5363 I NU-AmNuPlayerTunnelDecoder: [#4] set durationUs:16667, frameRate:60.000000
08-05 09:29:00.783   478  5363 I AmlManagePts: [0]"setDuration set duration[16667]type[2]mDuration[33333]mIsInterlaced[0]enable[0]\n"
08-05 09:29:00.783   478  5373 I VDA     : [4##3]InitializeTask
08-05 09:29:00.783   478  5363 I VDA     : [4##3]postAndReplyMsg set framerate [60.000000] afr_force_on:1
08-05 09:29:00.783   478  5363 I VDA     : [4##3]setDurationToDecoder set [1600][60.000000]
08-05 09:29:00.784   478  5373 I VDA     : [4##3]v4l2_params_.width 3840, height 2160
08-05 09:29:00.784   478  5363 I VDA     : [4##3]setDurationToDecoder set [1600]
08-05 09:29:00.784   478  5363 I VDA     : [4##3]sendMessagetoDecoder set AML_V4L2_SET_VF_DURATION
08-05 09:29:00.784   478  5373 I VDA     : [4##3]use 8K input size
08-05 09:29:00.784  5240  5240 I MediaInfo: vmime:video/hevc
08-05 09:29:00.784   478  5373 I VDA     : [4##3]TP_VDA_SFmt_Start 3472619030821
08-05 09:29:00.784   478  5363 I mediaserver: (null) is not set, used defaultValue = 0
08-05 09:29:00.784   478  5363 I VDA     : [4##3]setDurationToDecoder set need_disable_afr from [0] to false
08-05 09:29:00.784  5240  5240 I MediaInfo: getAudioCodecStrByMetrics,audio mime:audio/mp4a-latm,vMime:video/hevc
08-05 09:29:00.784   478  5363 I VDA     : [4##3]sendMessagetoDecoder set AML_V4L2_SET_UEVENT_DURATION
08-05 09:29:00.784  5240  5240 I MediaInfo: amime:audio/mp4a-latm
08-05 09:29:00.784   478  5346 I NU-AmNuPlayerDriver: [#4] getParameter 1836347992
08-05 09:29:00.784  5240  5240 I MediaInfo: vmime:video/hevc
08-05 09:29:00.784  5240  5240 I MoviePlayerControView_MoviePlayer: audio mime:audio/mp4a-latm,video mime:video/hevcaudio track,name:aac
08-05 09:29:00.785  5240  5240 I MediaInfo: amime:audio/mp4a-latm
08-05 09:29:00.785  5240  5240 I MoviePlayer: gotoTeletextSubtitlePage
08-05 09:29:00.785  5240  5341 E demo-jni: next event: add@/devices/platform/vdec/ammvdec_h265_v4l.0
08-05 09:29:00.786  5240  5240 I MediaInfo: is uni media for iptv:0
08-05 09:29:00.786  5240  5240 I MediaInfo: getTeletextSubtitlePage
08-05 09:29:00.797     0     0 I         : [0 T5363  ..] Mediaproxy is opened name[aml-vcodec-dec]\n
08-05 09:29:00.802     0     0 I [0 T5363  ..] [amlv4l]: [3]: DW:400, TW:0, Margin:6
08-05 09:29:00.803     0     0 I [0 T5363  ..] [amlv4l]: [3]: set vf duration: 640
08-05 09:29:00.803     0     0 D [3 T5373  ..] [amlcom]: vdec_create instance 000000001a60d383, total 1, PM: power-domain
08-05 09:29:00.803     0     0 D [3 T5373  ..] [media_clock]: hevc mux clock is 799999988 Hz
08-05 09:29:00.804     0     0 I [3 T5373  ..] [amlcom]: dos_local_config end, id 3, is_on 1
08-05 09:29:00.804     0     0 I [3 T5373  ..] [amlcom]: vdec_init, dev_name:ammvdec_h265_v4l, vdec_type=VDEC_TYPE_FRAME_BLOCK, format: 11, total: 1
08-05 09:29:00.805     0     0 D [3 T5373  ..] [h265]: [0]pdata->config=parm_v4l_codec_enable:1;parm_v4l_buffer_margin:6;hevc_double_write_mode:1024;hevc_triple_write_mode:0;hevc_buf_width:4096;hevc_buf_height:2304;save_buffer_mode:0;parm_v4l_canvas_mem_mode:0;parm_v4l_canvas_mem_endian:0;parm_v4l_low_latency_mode:0;parm_v4l_metadata_config_flag:2;parm_v4l_duration:0;dv_profile:0;parm_v4l_error_handle_info:0;
08-05 09:29:00.805     0     0 D [3 T5373  ..] [h265]: [0]discard dv data
08-05 09:29:00.805     0     0 D [3 T5373  ..] [h265]: [0]dv_profile: 0
08-05 09:29:00.805     0     0 D [3 T5373  ..] [h265]: [0]Correction: policy 0x2 mode 2 lcu_percentage_threshold 0
08-05 09:29:00.786  5240  5240 D MoviePlayer: setSurfaceFrameRate---
08-05 09:29:00.786  5240  5240 D MediaPlayerNative: getMetadata
08-05 09:29:00.786   478  5346 I NU-AmNuPlayerDriver: [#4] getMetadata 1387
08-05 09:29:00.786   478  5346 I NU-AmNuPlayerDriver: [#4] getMetadata mVideoWidth 3840, mVideoHeight 2160
08-05 09:29:00.787   476  5333 I AmAVUtils: set default max-input-size to 6291456
08-05 09:29:00.787   478  5346 I NU-AmNuPlayer: [#4] AmNuPlayer::Source::getFormat frame-rate = 60
08-05 09:29:00.787   478  5346 I NU-AmNuPlayer: [#4] [getStrCurrentCodecMime 5483] 0 mDTSMimeFromCodec:0-->mMediaRenderingStarted:0
08-05 09:29:00.788   476  5336 I AmAVUtils: set default max-input-size to 6291456
08-05 09:29:00.789   478  5346 I NU-AmNuPlayer: [#4] AmNuPlayer::Source::getFormat frame-rate = 60
08-05 09:29:00.789   478  5346 I NU-AmNuPlayer: [#4] [getStrCurrentCodecMime 5483] 0 mDTSMimeFromCodec:0-->mMediaRenderingStarted:0
08-05 09:29:00.789   478  5346 I AmMetadata: appendString hevc, 4
08-05 09:29:00.793   478  5346 I NU-AmNuPlayer: [#4] AmNuPlayer::Source::getFormat frame-rate = failed
08-05 09:29:00.793   478  5346 I NU-AmNuPlayer: [#4] getFormat audio extend format : audio/ffmpeg
08-05 09:29:00.793   478  5346 I NU-AmNuPlayer: [#4] [getStrCurrentCodecMime 5483] 1 mDTSMimeFromCodec:0-->mMediaRenderingStarted:0
08-05 09:29:00.793   478  5346 I NU-AmNuPlayer: [#4] AmNuPlayer::Source::getFormat frame-rate = failed
08-05 09:29:00.794   478  5346 I NU-AmNuPlayer: [#4] getFormat audio extend format : audio/ffmpeg
08-05 09:29:00.794   478  5346 I NU-AmNuPlayer: [#4] [getStrCurrentCodecMime 5483] 1 mDTSMimeFromCodec:0-->mMediaRenderingStarted:0
08-05 09:29:00.794   478  5346 I AmMetadata: appendString mp4a-latm, 9
08-05 09:29:00.794   476   793 I AmAVUtils: set default max-input-size to 6291456
08-05 09:29:00.794   478  5346 I NU-AmNuPlayer: [#4] AmNuPlayer::Source::getFormat frame-rate = 60
08-05 09:29:00.794   478  5346 I NU-AmNuPlayer: [#4] [getStrCurrentCodecMime 5483] 0 mDTSMimeFromCodec:0-->mMediaRenderingStarted:0
08-05 09:29:00.795   478  5346 I NU-AmNuPlayer: [#4] AmNuPlayer::Source::getFormat frame-rate = failed
08-05 09:29:00.795   478  5346 I NU-AmNuPlayer: [#4] getFormat audio extend format : audio/ffmpeg
08-05 09:29:00.795   478  5346 I NU-AmNuPlayer: [#4] [getStrCurrentCodecMime 5483] 1 mDTSMimeFromCodec:0-->mMediaRenderingStarted:0
08-05 09:29:00.795   478  5346 I NU-AmNuPlayerDriver: [#4] getMetadata kVideoCodec hevc, kAudioCodec mp4a-latm
08-05 09:29:00.816     0     0 D [1 T5373  ..] [h265]: [0]dynamic_buf_num_margin=6
08-05 09:29:00.816     0     0 D [1 T5373  ..] [h265]: [0]double_write_mode=1024
08-05 09:29:00.816     0     0 D [1 T5373  ..] [h265]: [0]nal_skip_policy=2
08-05 09:29:00.816     0     0 D [1 T5373  ..] [h265]: [0]h265:pts_unstable=0
08-05 09:29:00.816     0     0 D [1 T5373  ..] [h265]: [0]h265: ver (201602101,0) decinfo: 0x0 rate=3600
08-05 09:29:00.796   478  5346 I NU-AmNuPlayer: [#4] AmNuPlayer::Source::getFormat frame-rate = failed
08-05 09:29:00.796   478  5346 I NU-AmNuPlayer: [#4] getFormat audio extend format : audio/ffmpeg
08-05 09:29:00.796   478  5346 I AmMetadata: appendString mono, 4
08-05 09:29:00.796   476  5142 I AmAVUtils: set default max-input-size to 6291456
08-05 09:29:00.797   478  5346 D NU-AmNuPlayer: [#4] [5687] getRealFrameRate: 5994
08-05 09:29:00.797  5240  5240 D MoviePlayer: type=0, fps=5994, on=true
08-05 09:29:00.798  5240  5240 I MyMediaPlayer_MoviePlayer: getDuration when seeking or error, return restore value, state:7
08-05 09:29:00.798  5240  5240 I MoviePlayer: [updateMediaMetadata] title=[4KH265_59.940fps_10bit]03.UHD_RideOnBoard_Chinese.ts, duration=160377
08-05 09:29:00.802  5240  5341 E demo-jni: next event: bind@/devices/platform/vdec/ammvdec_h265_v4l.0
08-05 09:29:00.802   478  5373 I VDA     : [4##3]TP_VDA_SFmt_End 3472637756946
08-05 09:29:00.802   478  5373 I VDA     : [4##3]SetupOutputFormat set outformat:NV21
08-05 09:29:00.802   478  5373 I VDA     : IsSupportedOutputFormat v4l2_format 3132564e
08-05 09:29:00.802   478  5373 I VDA     : [4##3]init bufferpool bufferpool_size = 12582912
08-05 09:29:00.803   478  5373 I dmabufmanage: dmabufmanage_init-105 Register dmabuf manager success 2 1
08-05 09:29:00.803   478  5373 I BufferPoolWrapper: [0]"BufferPoolWrapper use dmabuf manager version 1"
08-05 09:29:00.803   478  5373 I mediaserver: (null) is not set, used defaultValue = 1
08-05 09:29:00.803   478  5373 I BufferPoolWrapper: [1]"BufferPoolWrapper:169"
08-05 09:29:00.803   478  5373 I mediaserver: (null) is not set, used defaultValue = 12582912
08-05 09:29:00.803   402  5360 I SysfsVideoInfo: getVideoFormat ubuf8: Core: last_sched 0000000000000000, sched_mask 0, vdec_combine_flag 0
08-05 09:29:00.803   402  5360 I SysfsVideoInfo: 	vdec.0 (000000001a60d383 (amvdec_h265_v4l)), status = VDEC_STATUS_CONNECTED,	type = VDEC_TYPE_FRAME_BLOCK, 	active_mask = 0
08-05 09:29:00.803   402  5360 I SysfsVideoInfo: H265_CC_TYPE
08-05 09:29:00.803   402  5360 I ClosedCaptionParser:  start cc source:0, channel:0, mvfmt:2
08-05 09:29:00.803   402  5360 I ClosedCaptionParser: start cc: vfmt 2 caption 0, fgc 0, bgc 0, fgo 0, bgo 0, fsize 0, fstyle 0 mMediaSyncId:-1
08-05 09:29:00.803   402  5360 I ClosedCaptionParser: (null) 
08-05 09:29:00.804   367   893 I C2VendorComponentStore: C2VendorComponentStore::createComponent name c2.amlogic.audio.decoder.ffmpeg
08-05 09:29:00.804   367   893 I C2VendorComponentStore: findComponent
08-05 09:29:00.804   367   893 I C2VendorComponentStore: C2VendorComponentStore::createComponent fetchModule
08-05 09:29:00.804   367   893 I C2VendorComponentStore: localModule libpath libcodec2_aml_audio_decoder.so 54
08-05 09:29:00.804   367   893 V C2VendorComponentStore: Loading dll
08-05 09:29:00.805   367   893 I C2VendorComponentStore: in init ===> start codec:54 secure:0 isAudio:1
08-05 09:29:00.805   367   893 V C2VendorComponentStore: init  libPath:libcodec2_aml_audio_decoder.so --> isAudio:1, createFactoryName:CreateC2AudioDecoderFFMPEGFactory
08-05 09:29:00.805   367   893 V Amlogic_C2AudioFFMPEGDecoder: create component FFMPEG 
08-05 09:29:00.805   367   893 I C2VendorComponentStore: GetCodec2VendorComponentStore, line:910
08-05 09:29:00.805   367   893 I Amlogic_C2AudioFFMPEGDecoder: in C2AudioFFMPEGDecFactory 
08-05 09:29:00.805   367   893 I Amlogic_C2AudioFFMPEGDecoder: in createComponent 
08-05 09:29:00.805  5240  5240 I MyMediaPlayer_MoviePlayer: [onSeekComplete] progressBarSeekFlag:,mStateBac:4
08-05 09:29:00.805   367   893 I Amlogic_C2AudioFFMPEGDecoder: in IntfImpl  c2.amlogic.audio.decoder.ffmpeg
08-05 09:29:00.806   478  5363 I VDA     : [4##3]decoderID:3
08-05 09:29:00.806   367   893 I Amlogic_C2AudioFFMPEGDecoder: C2AudioFFMPEGDecoder() 267  name:c2.amlogic.audio.decoder.ffmpeg
08-05 09:29:00.806   367   893 I Amlogic_C2AudioFFMPEGDecoder: initializeState_l 291
08-05 09:29:00.806   478  5363 I NU-AmNuPlayerTunnelDecoder: [#4] initialize video/hevc decoder done
08-05 09:29:00.806   367   893 V C2VendorComponentStore: In ~ComponentModule
08-05 09:29:00.806   367   893 V C2VendorComponentStore: Unloading dll
08-05 09:29:00.806   271   276 I SystemControl: [/UEventObserver.cpp, HDMITxUenventThreadLoop, 451] HDMI TX switch_name:1600, switch_state: 
08-05 09:29:00.806  5240  5240 D SubtitleManager-jni: nativeResetForSeek 485
08-05 09:29:00.806   271   276 I SystemControl-FRA: [/FrameRateAutoAdaption.cpp, isFrameRateOn, 169] hdmi frame rate is on
08-05 09:29:00.807  5240  5240 I MyMediaPlayer_MoviePlayer: [start]mMediaPlayer:
08-05 09:29:00.807   478  5367 I CCodec  : Created component [c2.amlogic.audio.decoder.ffmpeg]
08-05 09:29:00.807   478  5363 I VideoTunnelWrapper: [0##0] ctor VideoTunnelWrapper mVideoTunnelFd 39
08-05 09:29:00.808   478  5367 D CCodecConfig: read media type: audio/ffmpeg
08-05 09:29:00.808   478  5363 I VideoTunnelWrapper: [-1##-1] meson_vt_alloc_id success. mTunnelId:11
08-05 09:29:00.808   478  5363 I VideoTunnelWrapper: [-1##-1] meson_vt_connect 11 success!
08-05 09:29:00.808   478  5365 I NU-AmNuPlayerTunnelDecoder: [#4] releaseAndResetInputBuffers
08-05 09:29:00.808   478  5363 I NU-AmNuPlayerTunnelDecoder: [#4] [video/hevc] First CB_INPUT_AVAILABLE received.
08-05 09:29:00.808   478  5365 I NU-AmNuPlayerTunnelDecoder: [#4] [video/hevc] First Input Buffer Queued to Codec
08-05 09:29:00.809   478  5363 D NuPlayerDecoderBase: [#4] [KPI] startup, mediacodec config time spent: 37988
08-05 09:29:00.810  5240  5341 E demo-jni: next event: change@/devices/virtual/framerate_adapter/framerate_dev
08-05 09:29:00.810   478  5367 D ReflectedParamUpdater: extent() != 1 for single value type: output.subscribed-indices.values
08-05 09:29:00.810   478  5373 I BufferPoolWrapper: [1]"Init:210 fd:43 phyadr:0xffffffffbe2d2000 size:c00000(c00000)"
08-05 09:29:00.810   478  5373 I VDA     : [4##3]v4l2_params_.width 3840, height 2160
08-05 09:29:00.810   478  5367 D ReflectedParamUpdater: extent() != 1 for single value type: input.buffers.allocator-ids.values
08-05 09:29:00.810   478  5373 I mediaserver: vendor.mediahal.loglevels is not set, used defaultValue = 1
08-05 09:29:00.810   478  5373 I AmlVideoData: AmlVideoData
08-05 09:29:00.810   478  5367 D ReflectedParamUpdater: extent() != 1 for single value type: output.buffers.allocator-ids.values
08-05 09:29:00.810   478  5373 D mediaproxyproducer: initialized producer, opened device fd = 44
08-05 09:29:00.811   478  5373 I AmlVideoData: setInstanceId succeed:0
08-05 09:29:00.811   478  5373 D VDA     : [4##3]setDecoderId stream_mode_ 0 decoder_instance_num_ 3 instance_num_ 0
08-05 09:29:00.811   478  5373 I mediaserver: (null) is not set, used defaultValue = 8
08-05 09:29:00.811   478  5373 I VDA     : [4##3]CreateInputBuffers count 8 instance_num_: 0
08-05 09:29:00.811   478  5373 I mediaserver: (null) is not set, used defaultValue = 8388608
08-05 09:29:00.811   478  5373 I mediaserver: (null) is not set, used defaultValue = 8388608
08-05 09:29:00.811   478  5373 I mediaserver: (null) is not set, used defaultValue = 8388608
08-05 09:29:00.811   478  5373 I mediaserver: (null) is not set, used defaultValue = 8388608
08-05 09:29:00.811   478  5373 I mediaserver: (null) is not set, used defaultValue = 8388608
08-05 09:29:00.811   478  5373 I mediaserver: (null) is not set, used defaultValue = 8388608
08-05 09:29:00.811   478  5373 I mediaserver: (null) is not set, used defaultValue = 8388608
08-05 09:29:00.811   478  5373 I mediaserver: (null) is not set, used defaultValue = 8388608
08-05 09:29:00.811   478  5373 I VDA     : [4##3]----create input VIDIOC_STREAMON----
08-05 09:29:00.811   478  5373 I VDA     : [4##3]StartDevicePoll
08-05 09:29:00.811   478  5373 D ThreadUtil: start:153 in
08-05 09:29:00.811   478  5367 D ReflectedParamUpdater: extent() != 1 for single value type: output.buffers.pool-ids.values
08-05 09:29:00.811   478  5373 D ThreadUtil: start:180 threadid:-477617728
08-05 09:29:00.812   478  5373 I VDA     : [4##3]TP_VDA_InputBuf_First_Que 3472647156779 enqueue first input index:0  id: 0
08-05 09:29:00.814   478  5346 D NU-AmNuPlayerDriver: [#4] start(0xe90c4c90), state is 4, eos is 0
08-05 09:29:00.814   478  5367 I CCodecConfig: query failed after returning 8 values (BAD_INDEX)
08-05 09:29:00.814   478  5367 D CCodecConfig: c2 config diff is Dict {
08-05 09:29:00.814   478  5367 D CCodecConfig:   c2::u32 coded.bitrate.value = 64000
08-05 09:29:00.814   478  5367 D CCodecConfig:   c2::u32 input.buffers.max-size.value = 2097152
08-05 09:29:00.814   478  5367 D CCodecConfig:   string input.media-type.value = "audio/ffmpeg"
08-05 09:29:00.814   478  5367 D CCodecConfig:   string output.media-type.value = "audio/raw"
08-05 09:29:00.814   478  5367 D CCodecConfig:   c2::u32 raw.channel-count.value = 1
08-05 09:29:00.814   478  5367 D CCodecConfig:   c2::u32 raw.channel-mask.value = 0
08-05 09:29:00.814   478  5367 D CCodecConfig:   c2::u32 raw.max-channel-count.value = 8
08-05 09:29:00.814   478  5367 D CCodecConfig:   c2::u32 raw.sample-rate.value = 44100
08-05 09:29:00.814   478  5367 D CCodecConfig: }
08-05 09:29:00.814  5240  5240 I MoviePlayer: onPlaybackStateChanged:4
08-05 09:29:00.814   478  5355 I NU-AmNuPlayer: [#4] kWhatStart
08-05 09:29:00.814   478  5346 I NU-AmNuPlayer: [#4] [getStrCurrentAudioCodec]
08-05 09:29:00.814   478  5362 I NU-AmNuPlayerRenderer: [#4] render_onResume
08-05 09:29:00.814   478  5362 E NU-AmNuPlayerRenderer: [#4] sampleRate is 0 in non-offload mode
08-05 09:29:00.815   478  5373 I AmlManagePts: [0]"insert  push:8:0\n"
08-05 09:29:00.818   478  5373 I AmlManagePts: [0]"insert  push:9:0\n"
08-05 09:29:00.818   478  5373 I AmlManagePts: [0]"insert  push:10:0\n"
08-05 09:29:00.818   478  5373 I AmlManagePts: [0]"insert  push:11:0\n"
08-05 09:29:00.818   478  5373 I AmlManagePts: [0]"insert  push:12:0\n"
08-05 09:29:00.818   478  5373 I AmlManagePts: [0]"insert  push:13:0\n"
08-05 09:29:00.818   478  5373 I AmlManagePts: [0]"insert  push:14:0\n"
08-05 09:29:00.818   478  5373 I AmlManagePts: [0]"insert  push:15:0\n"
08-05 09:29:00.821     0     0 D [1 T5373  ..] [h265]: ucode version 4.221, swap enable 1
08-05 09:29:00.821     0     0 D [1 T5373  ..] [media_clock]: hevc mux clock is 799999988 Hz
08-05 09:29:00.821     0     0 D [1 T5373  ..] [amlcom]: hevc video changed to 3840 x 2160 60 fps clk->800MHZ
08-05 09:29:00.826     0     0 I         : [0 T5363  ..] vt session 478-0 create
08-05 09:29:00.827     0     0 I         : [0 T5363  ..] vt alloc instance [11], ref 1
08-05 09:29:00.827     0     0 I         : [0 T5363  ..] vt [11] producer-478 connect, instance ref 2
08-05 09:29:00.830     0     0 I         : [1 T5373  ..] mediaproxy open
08-05 09:29:00.830     0     0 I         : [1 T5373  ..] Mediaproxy is opened name[app]\n
08-05 09:29:00.830     0     0 I         : [1 T5373  ..] MEDIAPROXY_CONNECT
08-05 09:29:00.830     0     0 I         : [1 T5373  ..] MEDIAPROXY_SET_VDEC_ID vdec_id [0]
08-05 09:29:00.831     0     0 D [3 T214   ..] [h265]: [0]vh265 cached=0  need_size=16384 speed= 24 ms
08-05 09:29:00.832     0     0 D [0 T212   ..] [h265]: set ucode parse
08-05 09:29:00.832     0     0 W         : [0 T212   ..] hevc get comp info: 64 294912 4080
08-05 09:29:00.832     0     0 D [0 T212   ..] [h265]: margin = 6, sps_max_dec_pic_buffering_minus1_0 = 4
08-05 09:29:00.832     0     0 I [0 T212   ..] [amlv4l]: [3]: Parse from ucode, visible(3840 x 2160), coded(3840 x 2176), scan:P, bitdepth(10), DW/TW(400, 0)
08-05 09:29:00.834     0     0 I [1 T5373  ..] [amlv4l]: [3]: Picture buffer count: dec:6, vpp:0, ge2d:0, margin:6, total:12
08-05 09:29:00.834     0     0 D [1 T5373  ..] [amlv4l]: [3]: Post event: res chg
08-05 09:29:00.821   876   876 I pool-16-thread-: type=1400 audit(0.0:2720): avc:  denied  { call } for  scontext=u:r:zygote:s0 tcontext=u:r:priv_app:s0:c512,c768 tclass=binder permissive=1
08-05 09:29:00.820   876   876 I jarvis_ : eventbus post:MusicEvent
08-05 09:29:00.844     0     0 I [0 T288   ..] vc: [0]invalid aiface param.
08-05 09:29:00.821   257   287 E MesonHwc: getConnector:unsupported connector type 15
08-05 09:29:00.821   257   287 V MesonDisplayServer: GetDisplayMode:
08-05 09:29:00.822   876   876 E jarvis_AppUtils: getPkgNameByPidFromFile failed, pid===5240, ex=java.io.FileNotFoundException: /proc/5240/cmdline: open failed: ENOENT (No such file or directory)
08-05 09:29:00.823   876   876 E jarvis_AppUtils: read /proc/pid/cmdline failed, pname===null, fallback to AMS...
08-05 09:29:00.823   978  2139 E d       : ===========>MediaPlayInfo{name='[4KH265_59.940fps_10bit]03.UHD_RideOnBoard_Chinese.ts', author='[4KH265_59.940fps_10bit]03.UHD_RideOnBoard_Chinese.ts', des='', mediaType=0, isPlaying=false, picUrl='null'}
08-05 09:29:00.824   478  5366 I NU-AmNuPlayerDecoder: [#4] mComponentName c2.amlogic.audio.decoder.ffmpeg
08-05 09:29:00.824   478  5366 I NU-AmNuPlayerRenderer: [#4] audio source format 0x1
08-05 09:29:00.824   478  5346 I NU-AmNuPlayer: [#4] AmNuPlayer::Source::getFormat frame-rate = failed
08-05 09:29:00.824   478  5366 I NU-AmNuPlayerDecoder: sampleRate:48000 
08-05 09:29:00.824   478  5346 I NU-AmNuPlayer: [#4] getFormat audio extend format : audio/ffmpeg
08-05 09:29:00.824  5240  5240 I MoviePlayer: [updatePlaybackState] state=3, pos=30694
08-05 09:29:00.825  5240  5240 D MoviePlayer: dv logo show deal--
08-05 09:29:00.828   876  3856 D AppClientCallback: [208] onReceiveSpecial: onReceiveSpecial uri=MEDIA_INFO
08-05 09:29:00.830   876  3856 I jarvis_VoiceSDKHelper: onReceiverSpecial:key=MEDIA_INFO,value={"current":0,"duration":160377,"name":"[4KH265_59.940fps_10bit]03.UHD_RideOnBoard_Chinese.ts","progress":0,"size":0,"state":3}
08-05 09:29:00.831   402  5360 E ZVBI    : tvcc_init lang  dp 0
08-05 09:29:00.832   402  5360 E ClosedCaption: ClosedCaptionStart vfmt 2 para->caption1=0 para->caption2=-1
08-05 09:29:00.832   402  5360 I ClosedCaptionParser: start cc successfully!
08-05 09:29:00.833   876  3856 I jarvis_ : eventbus post:MusicEvent
08-05 09:29:00.834   876   876 I jarvis_ : <onMediaStart>
08-05 09:29:00.834   876   876 I jarvis_ : overlock,start true,0,0,,
08-05 09:29:00.835  4274  4274 V AudioMediaPlayerWrapper: trySendMediaUpdate(): Metadata has been updated for com.droidlogic.exoplayer2.demo
08-05 09:29:00.835  4274  4274 I MediaPlayerList: sendMediaUpdate: Creating a one item queue for a player with no queue
08-05 09:29:00.835   876   876 D myNoti  : onPlaybackStateChanged
08-05 09:29:00.835  4274  4274 D MediaPlayerList: sendMediaUpdate state=PlaybackState {state=PLAYING(3), position=30702, buffered position=0, speed=1.0, updated=3472667, actions=823, custom actions=[], active item id=-1, error=null}
08-05 09:29:00.835   876   876 I jarvis_ : eventbus post:MusicEvent
08-05 09:29:00.835   478  5366 I NU-AmNuPlayerDecoder: [#4] is_passthrough_enable:0 
08-05 09:29:00.835   478  5366 I NU-AmNuPlayerDecoder: channel-count=0
08-05 09:29:00.835   478  5366 I NU-AmNuPlayerDecoder: sample-rate=48000
08-05 09:29:00.835   478  5366 I NU-AmNuPlayerDecoder: block-align=0
08-05 09:29:00.835   478  5366 I NU-AmNuPlayerDecoder: codec-id=86018
08-05 09:29:00.835   478  5366 I NU-AmNuPlayerDecoder: is_passthrough_enable=0
08-05 09:29:00.835   478  5366 I NU-AmNuPlayerDecoder: extradata-size=0
08-05 09:29:00.836   478  5373 I VDA     : [4##3]ProcessStreamInfo set video change[0/0], frame_rate:-1
08-05 09:29:00.836   478  5373 V mediaserver: [0805/092900.836159:VERBOSE1:v4l2_video_decode_accelerator.cc(5016)] NotifyEvent(): 
08-05 09:29:00.836   478  5373 I NU-AmNuPlayerTunnelDecoder: [#4] NotifyEvent:event:6
08-05 09:29:00.836   478  5367 I MediaCodec: MediaCodec will operate in async mode
08-05 09:29:00.836   478  5373 I mediaserver: (null) is not set, used defaultValue = 1000
08-05 09:29:00.836   478  5373 I VDA     : [4##3]TP_VDA_Res_Confirmed 3472671312279
08-05 09:29:00.836   478  5373 I VDA     : [4##3]VIDIOC_G_FMT format.fmt.pix.width 3840
08-05 09:29:00.836   478  5373 I VDA     : [4##3][GetVisibleSize] visible width 3840, height 2160
08-05 09:29:00.836   478  5373 I VDA     : [4##3][NeedResolutionChange] dpb(0->12),size(0x0->3840x2160), is_interlace_changed_:0
08-05 09:29:00.836   478  5373 I VDA     : [4##3]StopDevicePoll
08-05 09:29:00.837   478  5367 D MediaCodec: flushMediametrics
08-05 09:29:00.837   478  5367 D CCodec  : [c2.amlogic.audio.decoder.ffmpeg] buffers are bound to CCodec for this session
08-05 09:29:00.837   478  5367 D CCodecConfig: no c2 equivalents for durationUs
08-05 09:29:00.837   478  5367 D CCodecConfig: no c2 equivalents for track-id
08-05 09:29:00.837   478  5367 D CCodecConfig: no c2 equivalents for language
08-05 09:29:00.837   478  5367 D CCodecConfig: no c2 equivalents for codec-format-str
08-05 09:29:00.837   478  5367 D CCodecConfig: no c2 equivalents for codec-id
08-05 09:29:00.837   478  5373 D ThreadUtil: stop:204 thread exit
08-05 09:29:00.837   478  5367 D CCodecConfig: no c2 equivalents for block-align
08-05 09:29:00.837   478  5373 D ThreadUtil: stop:204 thread exit
08-05 09:29:00.837   478  5367 D CCodecConfig: no c2 equivalents for program-num
08-05 09:29:00.837   478  5373 I VDA     : [4##3]DestroyOutputBuffers:5535
08-05 09:29:00.837   478  5367 D CCodecConfig: no c2 equivalents for extra-data
08-05 09:29:00.837   478  5373 I VDA     : [4##3][StartResolutionChange] into resolution
08-05 09:29:00.837   478  5367 D CCodecConfig: no c2 equivalents for early-release
08-05 09:29:00.837   478  5373 I AmlManagePts: [0]"resetOutPutInfo into\n"
08-05 09:29:00.837   478  5367 D CCodecConfig: no c2 equivalents for is_passthrough_enable
08-05 09:29:00.837   478  5367 D CCodecConfig: no c2 equivalents for flags
08-05 09:29:00.837   478  5373 I VDA     : [4##3]VIDIOC_G_FMT format.fmt.pix.width 3840
08-05 09:29:00.837  4274  4274 D MediaControlGattService: updatePlayerState: playbackState= PLAYING
08-05 09:29:00.837   478  5373 I VDA     : [4##3][GetVisibleSize] visible width 3840, height 2160
08-05 09:29:00.837   478  5373 V mediaserver: [0805/092900.837889:VERBOSE1:v4l2_video_decode_accelerator.cc(4984)] CheckInterlaced(): 
08-05 09:29:00.837   478  5373 I VDA     : [4##3]CheckInterlaced: format.fmt.pix.field 1
08-05 09:29:00.837   478  5373 V mediaserver: [0805/092900.837974:VERBOSE1:v4l2_video_decode_accelerator.cc(5016)] NotifyEvent(): 
08-05 09:29:00.838   478  5373 I NU-AmNuPlayerTunnelDecoder: [#4] NotifyEvent FIELD_PROGRESSIVE
08-05 09:29:00.838   478  5373 I AmlManagePts: [0]"setInterlace set interlace[0]\n"
08-05 09:29:00.838   478  5373 I VDA     : [4##3]output_planes_count_ 1, format.fmt.pix.width 3840
08-05 09:29:00.838   478  5373 I VDA     : [4##3][CreateOutputBuffers@5426] got widthalign:64
08-05 09:29:00.838   478  5373 I VDA     : [4##3][CreateOutputBuffers@5433] got heightalign:64
08-05 09:29:00.838   478  5373 I VDA     : [4##3]output_dpb_size_ 12, output buffer 12, coded_size_ 3840 x 2176 width_align:64 height_align_:64
08-05 09:29:00.838   478  5373 I VDA     : [4##3]CreateOutputBuffers decoder_state_ change to kAwaitingPictureBuffers
08-05 09:29:00.838   478  5373 I VDA     : [4##3]StartDevicePoll
08-05 09:29:00.838  4274  4274 W MediaControlGattService: Feature PLAYBACK_SPEED(BIT 8) support: true
08-05 09:29:00.838   478  5373 D ThreadUtil: start:153 in
08-05 09:29:00.838  4274  4274 W MediaControlGattService: Feature PLAYBACK_SPEED(BIT 8) support: true
08-05 09:29:00.838  4274  4274 W MediaControlGattService: Feature PLAYBACK_SPEED(BIT 8) support: true
08-05 09:29:00.838   478  5373 D ThreadUtil: start:180 threadid:-477617728
08-05 09:29:00.838  4274  4274 W MediaControlGattService: Feature TRACK_POSITION(BIT 7) support: true
08-05 09:29:00.838  4274  4274 W MediaControlGattService: Feature TRACK_POSITION_NOTIFY support: true
08-05 09:29:00.838  4274  4274 W MediaControlGattService: Feature MEDIA_STATE(BIT 17) support: true
08-05 09:29:00.838   478  5367 D CCodecConfig: c2 config diff is   c2::u32 raw.sample-rate.value = 48000
08-05 09:29:00.838   478  5367 D CCodecConfig:   c2::i32 vendor.adec.block-align.value = 0
08-05 09:29:00.838   478  5367 D CCodecConfig:   c2::i32 vendor.adec.codec-id.value = 86018
08-05 09:29:00.838   478  5367 D CCodecConfig:   c2::i32 vendor.adec.extra-data-size.value = 0
08-05 09:29:00.838   478  5373 D VDA     : [4##3]DecodeBufferTask DecodeBufferTask early out: state=kAwaitingPictureBuffers
08-05 09:29:00.838   478  5373 I V4l2Adaptor: V4l2Adaptor::ProvidePictureBuffers 12
08-05 09:29:00.838   478  5373 I NU-AmNuPlayerTunnelDecoder: [#4] ProvidePictureBuffers minNumBuffers 12 width 3840 height 2160
08-05 09:29:00.838   478  5373 I NU-AmNuPlayerTunnelDecoder: [#4] 540p_buffer enabled, set double write 1024
08-05 09:29:00.838   478  5373 I AmVdecConfig: found attr name c2.amlogic.hevc.decoder
08-05 09:29:00.838   478  5373 I AmVdecConfig: hevc.decoder can not support 8K
08-05 09:29:00.839   478  5373 I NU-AmNuPlayerTunnelDecoder: [#4] neede alloc with max size 4096x2304
08-05 09:29:00.839   478  5373 I VDA     : [4##3][postAndReplyMsg@2063] got widthalign:64
08-05 09:29:00.839   478  5373 I VDA     : [4##3][postAndReplyMsg@2070] got heightalign:64
08-05 09:29:00.839   478  5373 I NU-AmNuPlayerTunnelDecoder: [#4] Query the decoder width align(64) success.
08-05 09:29:00.839   478  5373 I NU-AmNuPlayerTunnelDecoder: [#4] Query the decoder height align(64) success.
08-05 09:29:00.839   478  5373 I NU-AmNuPlayerTunnelDecoder: [#4] double write: 0x400 use 576p buffer
08-05 09:29:00.839   478  5373 I NU-AmNuPlayerTunnelDecoder: [#4] [ProvidePictureBuffers:4158] set output buffer num 12 to decoder
08-05 09:29:00.839   478  5373 I AmVideoDec: [No--1]-[0]"setupOutputBufferNum 12\n"
08-05 09:29:00.839   478  5373 I V4l2Adaptor: assignPictureBuffers numOutputBuffers 12
08-05 09:29:00.839   478  5373 I V4l2Adaptor: onAssignPictureBuffers numOutputBuffers 12
08-05 09:29:00.839   478  5373 I VDA     : [4##3]AssignPictureBuffers buffer_count=12
08-05 09:29:00.839   478  5367 W Codec2Client: query -- param skipped: index = 1107298332.
08-05 09:29:00.839   478  5367 D CCodec  : encoding statistics level = 0
08-05 09:29:00.839   478  5367 D CCodec  : setup formats input: AMessage(what = 0x00000000) = {
08-05 09:29:00.839   478  5367 D CCodec  :   int32_t aac-max-output-channel_count = 8
08-05 09:29:00.839   478  5367 D CCodec  :   int32_t bitrate = 64000
08-05 09:29:00.839   478  5367 D CCodec  :   int32_t channel-count = 1
08-05 09:29:00.839   478  5367 D CCodec  :   int32_t channel-mask = 0
08-05 09:29:00.839   478  5367 D CCodec  :   int32_t max-input-size = 2097152
08-05 09:29:00.839   478  5367 D CCodec  :   int32_t max-output-channel-count = 8
08-05 09:29:00.839   478  5367 D CCodec  :   string mime = "audio/ffmpeg"
08-05 09:29:00.839   478  5367 D CCodec  :   int32_t sample-rate = 48000
08-05 09:29:00.839   478  5367 D CCodec  :   int32_t vendor.adec.block-align.value = 0
08-05 09:29:00.839   478  5367 D CCodec  :   int32_t vendor.adec.codec-id.value = 86018
08-05 09:29:00.839   478  5367 D CCodec  :   int32_t vendor.adec.extra-data-size.value = 0
08-05 09:29:00.839   478  5367 D CCodec  : }
08-05 09:29:00.839  5240  5240 I MyMediaPlayer_MoviePlayer: notify play position change
08-05 09:29:00.839   478  5367 D CCodec  : setup formats output: AMessage(what = 0x00000000) = {
08-05 09:29:00.839   478  5367 D CCodec  :   int32_t aac-max-output-channel_count = 8
08-05 09:29:00.839   478  5367 D CCodec  :   int32_t channel-count = 1
08-05 09:29:00.839   478  5367 D CCodec  :   int32_t channel-mask = 0
08-05 09:29:00.839   478  5367 D CCodec  :   int32_t max-output-channel-count = 8
08-05 09:29:00.839   478  5367 D CCodec  :   string mime = "audio/raw"
08-05 09:29:00.839   478  5367 D CCodec  :   int32_t sample-rate = 48000
08-05 09:29:00.839   478  5367 D CCodec  :   int32_t android._config-pcm-encoding = 2
08-05 09:29:00.839   478  5367 D CCodec  : }
08-05 09:29:00.839  5240  5240 I MyMediaPlayer_MoviePlayer: notify play position change
08-05 09:29:00.839  5240  5240 I MoviePlayerControView_MoviePlayer: onPlayPositionChanged
08-05 09:29:00.840   478  5367 I CCodecConfig: query failed after returning 11 values (BAD_INDEX)
08-05 09:29:00.840   478  5373 I NU-AmNuPlayerTunnelDecoder: [#4] AllocTunneledBuffer index=0, fd=56, size=884736(1024x576)
08-05 09:29:00.840   478  5373 I NU-AmNuPlayerTunnelDecoder: [#4] [allocTunnelBuffers:3648] set output buffer 0 fd 56 to decoder
08-05 09:29:00.840   478  5373 I V4l2Adaptor: importBufferForPicture pictureBufferId 0, dmabufFd 57, metaFd -1
08-05 09:29:00.840   478  5373 I V4l2Adaptor: onImportBufferForPicture pictureBufferId 0, dmabufFd 57, metaFd -1, plane size 1
08-05 09:29:00.840   478  5373 I V4l2Adaptor: onImportBufferForPicture addr 0x0, stride 0, offset 0, size 0
08-05 09:29:00.841   478  5366 D MediaCodec: keep callback message for reclaim
08-05 09:29:00.841   572   585 I PowerManagerService: Allowing device wake-up from app com.cmcc.jarvis
08-05 09:29:00.841   478  5373 I NU-AmNuPlayerTunnelDecoder: [#4] AllocTunneledBuffer index=1, fd=58, size=884736(1024x576)
08-05 09:29:00.841   478  5373 I NU-AmNuPlayerTunnelDecoder: [#4] [allocTunnelBuffers:3648] set output buffer 1 fd 58 to decoder
08-05 09:29:00.841   478  5373 I V4l2Adaptor: importBufferForPicture pictureBufferId 1, dmabufFd 61, metaFd -1
08-05 09:29:00.841   478  5373 I V4l2Adaptor: onImportBufferForPicture pictureBufferId 1, dmabufFd 61, metaFd -1, plane size 1
08-05 09:29:00.841   367  5374 I Amlogic_C2AudioFFMPEGDecoder: onInit() 453
08-05 09:29:00.841   478  5373 I V4l2Adaptor: onImportBufferForPicture addr 0x0, stride 0, offset 0, size 0
08-05 09:29:00.841   367  5374 I Amlogic_C2AudioFFMPEGDecoder: initDecoder 511
08-05 09:29:00.841   367  5374 I Amlogic_C2AudioFFMPEGDecoder: setUp 421
08-05 09:29:00.841   367  5374 I Amlogic_C2AudioFFMPEGDecoder: vendor.media.c2.loglevels is not set used def = 1
08-05 09:29:00.841   367  5374 I Amlogic_C2AudioFFMPEGDecoder: setUpAudioDecoder_l  debug_print:0, debug_dump:0,  gloglevel:1
08-05 09:29:00.842   367  5374 I Amlogic_C2AudioFFMPEGDecoder: mAInfo codec_id:(0x15002 86018) blockalign:0 bitspersample:1 channelCount:1 SampleRate:48000 BitRate:64000
08-05 09:29:00.842   367  5374 I AmAudioCodec: AmAudioCodec 54 
08-05 09:29:00.842   367  5374 I AmFFmpegDecoder: AmFFmpegCodec::CreateCodec audio_decode_init  audio/ffmpeg
08-05 09:29:00.842  4274  4274 W MediaControlGattService: Feature PLAYER_NAME(BIT 1) support: true
08-05 09:29:00.842  5240  5240 D MyMediaPlayer_MoviePlayer: subtitle setdisplay
08-05 09:29:00.842  5240  5240 D MoviePlayer: sendDolbyVersionLogoMsg
08-05 09:29:00.842  4274  4274 W MediaControlGattService: Feature PLAYER_NAME(BIT 1) support: true
08-05 09:29:00.842  5240  5240 I MoviePlayer: getAndSendCertMsg, audioType:0,dolbyVersion:1
08-05 09:29:00.842  4274  4274 W MediaControlGattService: Feature MEDIA_CONTROL_POINT_OPCODES_SUPPORTED(BIT 19) support: true
08-05 09:29:00.842  4274  4274 W MediaControlGattService: Feature TRACK_TITLE(BIT 5) support: true
08-05 09:29:00.842   271   285 I SystemControl: [CPQControl]:GetSourceHDRType: type is 6
08-05 09:29:00.843  4274  4274 W MediaControlGattService: Feature TRACK_TITLE(BIT 5) support: true
08-05 09:29:00.843  4274  4274 W MediaControlGattService: Feature TRACK_TITLE_NOTIFY support: true
08-05 09:29:00.843   367  5374 I AmAudioCodec: ffmpeg decoder NeedCheckFrame 0  id =0x15002
08-05 09:29:00.843   367  5374 I AmFFmpegDecoder: AmFFmpegCodec::CreateCodec audio_decode_init  audio/ffmpeg ret:0
08-05 09:29:00.843   367  5374 I Amlogic_C2AudioFFMPEGDecoder: ffmpeg audio_decode_init return 0
08-05 09:29:00.843   367  5374 I Amlogic_C2AudioFFMPEGDecoder: C2AudioFFMPEGDecoder setUp done
08-05 09:29:00.843   367  5374 I Amlogic_C2AudioFFMPEGDecoder: onInit() 459 exit
08-05 09:29:00.843  5240  5240 D MoviePlayer: getHdrType:6
08-05 09:29:00.843  5240  5240 D MoviePlayer: sendDolbyVersionLogoMsg
08-05 09:29:00.843  5240  5240 I MoviePlayer: getAndSendCertMsg, audioType:0,dolbyVersion:1
08-05 09:29:00.843   478  5373 I NU-AmNuPlayerTunnelDecoder: [#4] AllocTunneledBuffer index=2, fd=62, size=884736(1024x576)
08-05 09:29:00.843   478  5373 I NU-AmNuPlayerTunnelDecoder: [#4] [allocTunnelBuffers:3648] set output buffer 2 fd 62 to decoder
08-05 09:29:00.843   478  5373 I V4l2Adaptor: importBufferForPicture pictureBufferId 2, dmabufFd 63, metaFd -1
08-05 09:29:00.843   478  5373 I V4l2Adaptor: onImportBufferForPicture pictureBufferId 2, dmabufFd 63, metaFd -1, plane size 1
08-05 09:29:00.843   271   285 I SystemControl: [CPQControl]:GetSourceHDRType: type is 6
08-05 09:29:00.843   478  5373 I V4l2Adaptor: onImportBufferForPicture addr 0x0, stride 0, offset 0, size 0
08-05 09:29:00.843  5240  5240 D MoviePlayer: getHdrType:6
08-05 09:29:00.844   478  5373 I NU-AmNuPlayerTunnelDecoder: [#4] AllocTunneledBuffer index=3, fd=65, size=884736(1024x576)
08-05 09:29:00.844   478  5373 I NU-AmNuPlayerTunnelDecoder: [#4] [allocTunnelBuffers:3648] set output buffer 3 fd 65 to decoder
08-05 09:29:00.844   478  5373 I V4l2Adaptor: importBufferForPicture pictureBufferId 3, dmabufFd 66, metaFd -1
08-05 09:29:00.844   478  5373 I V4l2Adaptor: onImportBufferForPicture pictureBufferId 3, dmabufFd 66, metaFd -1, plane size 1
08-05 09:29:00.844   478  5373 I V4l2Adaptor: onImportBufferForPicture addr 0x0, stride 0, offset 0, size 0
08-05 09:29:00.845   478  5367 D BufferPoolAccessor2.0: bufferpool2 0xe7101468 : 4(8388608 size) total buffers - 4(8388608 size) used buffers - 12/20 (recycle/alloc) - 8/36 (fetch/transfer)
08-05 09:29:00.845   478  5367 D CCodecBufferChannel: [c2.amlogic.audio.decoder.ffmpeg#358] Created input block pool with allocatorID 16 => poolID 21 - OK (0)
08-05 09:29:00.845   367   893 D BufferPoolAccessor2.0: bufferpool2 0xea8c1468 : 0(0 size) total buffers - 0(0 size) used buffers - 15/18 (recycle/alloc) - 3/18 (fetch/transfer)
08-05 09:29:00.846   978  2139 E d       : ===========>MediaPlayInfo{name='[4KH265_59.940fps_10bit]03.UHD_RideOnBoard_Chinese.ts', author='[4KH265_59.940fps_10bit]03.UHD_RideOnBoard_Chinese.ts', des='', mediaType=0, isPlaying=true, picUrl='null'}
08-05 09:29:00.846   478  5373 I NU-AmNuPlayerTunnelDecoder: [#4] AllocTunneledBuffer index=4, fd=41, size=884736(1024x576)
08-05 09:29:00.847   478  5367 I CCodecBufferChannel: [c2.amlogic.audio.decoder.ffmpeg#358] Created output block pool with allocatorID 16 => poolID 24 - OK
08-05 09:29:00.848  4274  4274 W MediaControlGattService: Feature TRACK_DURATION(BIT 6) support: true
08-05 09:29:00.850   478  5373 I NU-AmNuPlayerTunnelDecoder: [#4] [allocTunnelBuffers:3648] set output buffer 4 fd 41 to decoder
08-05 09:29:00.850   478  5373 I V4l2Adaptor: importBufferForPicture pictureBufferId 4, dmabufFd 22, metaFd -1
08-05 09:29:00.850   478  5373 I V4l2Adaptor: onImportBufferForPicture pictureBufferId 4, dmabufFd 22, metaFd -1, plane size 1
08-05 09:29:00.850   478  5373 I V4l2Adaptor: onImportBufferForPicture addr 0x0, stride 0, offset 0, size 0
08-05 09:29:00.851   478  5373 I NU-AmNuPlayerTunnelDecoder: [#4] AllocTunneledBuffer index=5, fd=42, size=884736(1024x576)
08-05 09:29:00.851   478  5373 I NU-AmNuPlayerTunnelDecoder: [#4] [allocTunnelBuffers:3648] set output buffer 5 fd 42 to decoder
08-05 09:29:00.851   478  5373 I V4l2Adaptor: importBufferForPicture pictureBufferId 5, dmabufFd 70, metaFd -1
08-05 09:29:00.851   478  5373 I V4l2Adaptor: onImportBufferForPicture pictureBufferId 5, dmabufFd 70, metaFd -1, plane size 1
08-05 09:29:00.851   478  5373 I V4l2Adaptor: onImportBufferForPicture addr 0x0, stride 0, offset 0, size 0
08-05 09:29:00.851   478  5367 D CCodecBufferChannel: [c2.amlogic.audio.decoder.ffmpeg#358] Configured output block pool ids 24 => OK
08-05 09:29:00.852   367   893 I C2VendorComponentStore: setDmaBufUsage 5
08-05 09:29:00.853  4274  4274 W MediaControlGattService: Feature TRACK_DURATION(BIT 6) support: true
08-05 09:29:00.853  4274  4274 W MediaControlGattService: Feature TRACK_DURATION_NOTIFY support: true
08-05 09:29:00.853   876   876 I jarvis_ : <onMediaStart>
08-05 09:29:00.853   876   876 I jarvis_ : overlock,start true,0,0,,
08-05 09:29:00.854   478  5373 I NU-AmNuPlayerTunnelDecoder: [#4] AllocTunneledBuffer index=6, fd=86, size=884736(1024x576)
08-05 09:29:00.854   478  5373 I NU-AmNuPlayerTunnelDecoder: [#4] [allocTunnelBuffers:3648] set output buffer 6 fd 86 to decoder
08-05 09:29:00.854   478  5373 I V4l2Adaptor: importBufferForPicture pictureBufferId 6, dmabufFd 87, metaFd -1
08-05 09:29:00.854   478  5373 I V4l2Adaptor: onImportBufferForPicture pictureBufferId 6, dmabufFd 87, metaFd -1, plane size 1
08-05 09:29:00.854   478  5373 I V4l2Adaptor: onImportBufferForPicture addr 0x0, stride 0, offset 0, size 0
08-05 09:29:00.855   478  5366 D NuPlayerDecoderBase: [#4] [KPI] startup, mediacodec config time spent: 79868
08-05 09:29:00.855   478  5373 I NU-AmNuPlayerTunnelDecoder: [#4] AllocTunneledBuffer index=7, fd=73, size=884736(1024x576)
08-05 09:29:00.855   478  5373 I NU-AmNuPlayerTunnelDecoder: [#4] [allocTunnelBuffers:3648] set output buffer 7 fd 73 to decoder
08-05 09:29:00.855   478  5373 I V4l2Adaptor: importBufferForPicture pictureBufferId 7, dmabufFd 88, metaFd -1
08-05 09:29:00.855   478  5373 I V4l2Adaptor: onImportBufferForPicture pictureBufferId 7, dmabufFd 88, metaFd -1, plane size 1
08-05 09:29:00.855   478  5373 I V4l2Adaptor: onImportBufferForPicture addr 0x0, stride 0, offset 0, size 0
08-05 09:29:00.855   367  5374 D Amlogic_C2AudioDecComponent: Using output block pool with poolID 24 => got 24 - 0
08-05 09:29:00.856   367  5374 I Amlogic_C2AudioFFMPEGDecoder: process Invalid data frame
08-05 09:29:00.856   478  5373 I NU-AmNuPlayerTunnelDecoder: [#4] AllocTunneledBuffer index=8, fd=90, size=884736(1024x576)
08-05 09:29:00.856   478  5373 I NU-AmNuPlayerTunnelDecoder: [#4] [allocTunnelBuffers:3648] set output buffer 8 fd 90 to decoder
08-05 09:29:00.856   478  5373 I V4l2Adaptor: importBufferForPicture pictureBufferId 8, dmabufFd 91, metaFd -1
08-05 09:29:00.856   478  5373 I V4l2Adaptor: onImportBufferForPicture pictureBufferId 8, dmabufFd 91, metaFd -1, plane size 1
08-05 09:29:00.856   478  5373 I V4l2Adaptor: onImportBufferForPicture addr 0x0, stride 0, offset 0, size 0
08-05 09:29:00.857   367  5374 I Amlogic_C2AudioFFMPEGDecoder: ffmpeg_decoder handle csd data!
08-05 09:29:00.857   367  5374 I Amlogic_C2AudioFFMPEGDecoder: mAInfo codec_id:(0x15002 86018) blockalign:0 bitspersample:1 channelCount:1 SampleRate:48000 BitRate:64000
08-05 09:29:00.857   367  5374 I AmFFmpegDecoder: ffmpeg_decoder_close 160 
08-05 09:29:00.857   367  5374 I AmAudioCodec: decode_close 283 
08-05 09:29:00.857   367  5374 I AmAudioCodec: ~AmAudioCodec 66 
08-05 09:29:00.857   367  5374 I AmAudioCodec: decode_close 283 
08-05 09:29:00.857   367  5374 W RefBase : RefBase: Explicit destruction, weak count = 0 (in 0xee815c90). Use sp<> to manage this object.
08-05 09:29:00.857   367  5374 W RefBase : CallStack::getCurrentInternal not linked, returning null
08-05 09:29:00.857   367  5374 W RefBase : CallStack::logStackInternal not linked
08-05 09:29:00.857   367  5374 I AmAudioCodec: AmAudioCodec 54 
08-05 09:29:00.857   367  5374 I AmFFmpegDecoder: AmFFmpegCodec::CreateCodec audio_decode_init  audio/ffmpeg
08-05 09:29:00.857   478  5366 I NU-AmNuPlayerDecoder: [#4] [c2.amlogic.audio.decoder.ffmpeg] First CB_INPUT_AVAILABLE received.
08-05 09:29:00.857   478  5368 I NU-AmNuPlayerDecoder: [#4] [c2.amlogic.audio.decoder.ffmpeg] suppressing rendering until 30592000 us
08-05 09:29:00.857   478  5373 I NU-AmNuPlayerTunnelDecoder: [#4] AllocTunneledBuffer index=9, fd=92, size=884736(1024x576)
08-05 09:29:00.857   478  5368 I NU-AmNuPlayerDecoder: [#4] [c2.amlogic.audio.decoder.ffmpeg] First Input Buffer Queued to Codec
08-05 09:29:00.857   478  5373 I NU-AmNuPlayerTunnelDecoder: [#4] [allocTunnelBuffers:3648] set output buffer 9 fd 92 to decoder
08-05 09:29:00.857   478  5373 I V4l2Adaptor: importBufferForPicture pictureBufferId 9, dmabufFd 93, metaFd -1
08-05 09:29:00.857   478  5373 I V4l2Adaptor: onImportBufferForPicture pictureBufferId 9, dmabufFd 93, metaFd -1, plane size 1
08-05 09:29:00.857   478  5373 I V4l2Adaptor: onImportBufferForPicture addr 0x0, stride 0, offset 0, size 0
08-05 09:29:00.858   367  5374 I AmAudioCodec: ffmpeg decoder NeedCheckFrame 0  id =0x15002
08-05 09:29:00.858   367  5374 I AmFFmpegDecoder: AmFFmpegCodec::CreateCodec audio_decode_init  audio/ffmpeg ret:0
08-05 09:29:00.858   367  5374 I Amlogic_C2AudioFFMPEGDecoder: ffmpeg audio_decode_init return 0
08-05 09:29:00.859   478  5373 I NU-AmNuPlayerTunnelDecoder: [#4] AllocTunneledBuffer index=10, fd=95, size=884736(1024x576)
08-05 09:29:00.859   478  5373 I NU-AmNuPlayerTunnelDecoder: [#4] [allocTunnelBuffers:3648] set output buffer 10 fd 95 to decoder
08-05 09:29:00.859   478  5373 I V4l2Adaptor: importBufferForPicture pictureBufferId 10, dmabufFd 96, metaFd -1
08-05 09:29:00.859   478  5373 I V4l2Adaptor: onImportBufferForPicture pictureBufferId 10, dmabufFd 96, metaFd -1, plane size 1
08-05 09:29:00.859   478  5373 I V4l2Adaptor: onImportBufferForPicture addr 0x0, stride 0, offset 0, size 0
08-05 09:29:00.878     0     0 I [2 T288   ..] vc: [0]invalid aiface param.
08-05 09:29:00.860   367  5374 I Amlogic_C2AudioFFMPEGDecoder: Reconfiguring decoder: 0->48000 Hz, 0->2 channels
08-05 09:29:00.860   367  5374 I C2VendorComponentStore: setDmaBufUsage 5
08-05 09:29:00.860   978   990 E d       : ===========>MediaPlayInfo{name='[4KH265_59.940fps_10bit]03.UHD_RideOnBoard_Chinese.ts', author='[4KH265_59.940fps_10bit]03.UHD_RideOnBoard_Chinese.ts', des='', mediaType=0, isPlaying=false, picUrl=''}
08-05 09:29:00.861   478  5373 I NU-AmNuPlayerTunnelDecoder: [#4] AllocTunneledBuffer index=11, fd=94, size=884736(1024x576)
08-05 09:29:00.861   478  5373 I NU-AmNuPlayerTunnelDecoder: [#4] [allocTunnelBuffers:3648] set output buffer 11 fd 94 to decoder
08-05 09:29:00.861   478  5373 I V4l2Adaptor: importBufferForPicture pictureBufferId 11, dmabufFd 97, metaFd -1
08-05 09:29:00.861   478  5373 I V4l2Adaptor: onImportBufferForPicture pictureBufferId 11, dmabufFd 97, metaFd -1, plane size 1
08-05 09:29:00.861   478  5373 I V4l2Adaptor: onImportBufferForPicture addr 0x0, stride 0, offset 0, size 0
08-05 09:29:00.861   478  5373 I VDA     : [4##3]AssignPictureBuffersTask decoder_state_=kAwaitingPictureBuffers
08-05 09:29:00.861   478  5373 I VDA     : [4##3]ImportBufferForPictureTask fd=57, index=0
08-05 09:29:00.861   478  5373 I VDA     :  {IN=8/8, OUT=0/1[kAtAccelerator(1) kAtDevice(0) kAtClient(0)]}
08-05 09:29:00.861   478  5373 I VDA     : [4##3]TP_VDA_CapBuf_First_Que 3472696694571 enqueue first output index:0
08-05 09:29:00.865   478  5367 D CCodecConfig: c2 config diff is   c2::u32 raw.channel-count.value = 2
08-05 09:29:00.865   478  5367 D CCodecConfig:   c2::u32 raw.channel-mask.value = 12
08-05 09:29:00.868   876  3856 D AppClientCallback: [208] onReceiveSpecial: onReceiveSpecial uri=MEDIA_INFO
08-05 09:29:00.868   876  3856 I jarvis_VoiceSDKHelper: onReceiverSpecial:key=MEDIA_INFO,value={"current":0,"duration":160377,"name":"[4KH265_59.940fps_10bit]03.UHD_RideOnBoard_Chinese.ts","progress":0,"size":0,"state":5}
08-05 09:29:00.868   876  3856 I jarvis_ : eventbus post:MusicEvent
08-05 09:29:00.869   478  5373 I VDA     : [4##3]----enqueue output STREAMON----
08-05 09:29:00.869   478  5367 D CCodecBuffers: [c2.amlogic.audio.decoder.ffmpeg#358:Output[N]] popFromStashAndRegister: at 30592000us, output format changed to AMessage(what = 0x00000000) = {
08-05 09:29:00.869   478  5367 D CCodecBuffers:   int32_t aac-max-output-channel_count = 8
08-05 09:29:00.869   478  5367 D CCodecBuffers:   int32_t channel-count = 2
08-05 09:29:00.869   478  5367 D CCodecBuffers:   int32_t channel-mask = 12
08-05 09:29:00.869   478  5367 D CCodecBuffers:   int32_t max-output-channel-count = 8
08-05 09:29:00.869   478  5367 D CCodecBuffers:   string mime = "audio/raw"
08-05 09:29:00.869   478  5367 D CCodecBuffers:   int32_t sample-rate = 48000
08-05 09:29:00.869   478  5367 D CCodecBuffers:   int32_t android._config-pcm-encoding = 2
08-05 09:29:00.869   478  5367 D CCodecBuffers: }
08-05 09:29:00.869   478  5373 I VDA     : [4##3]ImportBufferForPictureTask fd=61, index=1
08-05 09:29:00.869   478  5373 I VDA     :  {IN=8/8, OUT=0/2[kAtAccelerator(1) kAtDevice(1) kAtClient(0)]}
08-05 09:29:00.871   476   793 I AmAVUtils: set default max-input-size to 6291456
08-05 09:29:00.872   478  5366 I NU-AmNuPlayer: [#4] AmNuPlayer::Source::getFormat frame-rate = 60
08-05 09:29:00.872   478  5366 I NU-AmNuPlayerDecoder: [#4] handleOutputFormatChange   format: AMessage(what = 0x00000000) = {
08-05 09:29:00.872   478  5366 I NU-AmNuPlayerDecoder:   int32_t aac-max-output-channel_count = 8
08-05 09:29:00.872   478  5366 I NU-AmNuPlayerDecoder:   int32_t channel-count = 2
08-05 09:29:00.872   478  5366 I NU-AmNuPlayerDecoder:   int32_t channel-mask = 12
08-05 09:29:00.872   478  5366 I NU-AmNuPlayerDecoder:   int32_t max-output-channel-count = 8
08-05 09:29:00.872   478  5366 I NU-AmNuPlayerDecoder:   string mime = "audio/raw"
08-05 09:29:00.872   478  5366 I NU-AmNuPlayerDecoder:   int32_t sample-rate = 48000
08-05 09:29:00.872   478  5366 I NU-AmNuPlayerDecoder:   int32_t android._config-pcm-encoding = 2
08-05 09:29:00.872   478  5366 I NU-AmNuPlayerDecoder: }
08-05 09:29:00.872   478  5373 I VDA     : [4##3]ImportBufferForPictureTask fd=63, index=2
08-05 09:29:00.872   478  5373 I VDA     :  {IN=8/8, OUT=0/3[kAtAccelerator(1) kAtDevice(2) kAtClient(0)]}
08-05 09:29:00.872   478  5366 I NU-AmNuPlayerDecoder: [#4] [c2.amlogic.audio.decoder.ffmpeg] First CB_OUTPUT_AVAILABLE received. input buffer queued: 4
08-05 09:29:00.872   478  5366 I NU-AmNuPlayerDecoder: [#4] [c2.amlogic.audio.decoder.ffmpeg] First Out Buffer Queued to Render. timeUs:30592000
08-05 09:29:00.872   478  5373 I VDA     : [4##3]ImportBufferForPictureTask fd=66, index=3
08-05 09:29:00.872   478  5373 I VDA     :  {IN=8/8, OUT=0/4[kAtAccelerator(1) kAtDevice(3) kAtClient(0)]}
08-05 09:29:00.872   478  5362 V NU-AmNuPlayerRenderer: [#4] openAudioSink: offloadOnly(0) offloadingAudio(0)
08-05 09:29:00.872   478  5362 V NU-AmNuPlayerRenderer: [#4] openAudioSink channelMask:0x3
08-05 09:29:00.872   478  5362 V NU-AmNuPlayerRenderer: [#4] openAudioSink: open AudioSink in NON-offload mode
08-05 09:29:00.873   478  5373 I VDA     : [4##3]ImportBufferForPictureTask fd=22, index=4
08-05 09:29:00.873   478  5373 I VDA     :  {IN=8/8, OUT=0/5[kAtAccelerator(1) kAtDevice(4) kAtClient(0)]}
08-05 09:29:00.873   478  5373 I VDA     : [4##3]ImportBufferForPictureTask fd=70, index=5
08-05 09:29:00.873   478  5373 I VDA     :  {IN=8/8, OUT=0/6[kAtAccelerator(1) kAtDevice(5) kAtClient(0)]}
08-05 09:29:00.892     0     0 D [0 T212   ..] [h265]: [0]Bit depth luma = 10
08-05 09:29:00.892     0     0 D [0 T212   ..] [h265]: [0]Bit depth chroma = 10
08-05 09:29:00.892     0     0 D [0 T212   ..] [h265]: [0]hevc->performance_profile 0
08-05 09:29:00.873   478  5373 I VDA     : [4##3]ImportBufferForPictureTask fd=87, index=6
08-05 09:29:00.873   478  5373 I VDA     :  {IN=8/8, OUT=0/7[kAtAccelerator(1) kAtDevice(6) kAtClient(0)]}
08-05 09:29:00.892     0     0 D [0 T212   ..] [h265]: [0]set pic_list_init_flag 1
08-05 09:29:00.874   478  5373 I VDA     : [4##3]ImportBufferForPictureTask fd=88, index=7
08-05 09:29:00.874   478  5373 I VDA     :  {IN=8/8, OUT=0/8[kAtAccelerator(1) kAtDevice(7) kAtClient(0)]}
08-05 09:29:00.892     0     0 D [0 T3572  ..] [h265]: [0]init_buf_spec2 3840 2160
08-05 09:29:00.874   361   436 D AudioHalHardware: +getParameters(), key = hdmi_format
08-05 09:29:00.874   361   436 D AudioHalHardware: -getParameters(), return ""
08-05 09:29:00.892     0     0 D [0 T3572  ..] [h265]: [0]set pic_list_init_flag to 2
08-05 09:29:00.892     0     0 D [0 T212   ..] [h265]: [0]set pic_list_init_flag to 3
08-05 09:29:00.892     0     0 D [0 T212   ..] [h265]: [vdec_kpi][vh265_isr_thread_fn] First I frame coming.
08-05 09:29:00.892     0     0 D [0 T212   ..] [h265]: [0]VH265: output first frame poc 56
08-05 09:29:00.894     0     0 I [2 T288   ..] vc: [0]invalid aiface param.
08-05 09:29:00.875   478  5362 I NU-AmNuPlayerRenderer: is_force_direct 0
08-05 09:29:00.875   478  5362 D NU-AmNuPlayerRenderer: [#4] audio sink close from [onOpenAudioSink,5663]
08-05 09:29:00.875   478  5373 I VDA     : [4##3]ImportBufferForPictureTask fd=91, index=8
08-05 09:29:00.875   478  5373 I VDA     :  {IN=8/8, OUT=0/9[kAtAccelerator(1) kAtDevice(8) kAtClient(0)]}
08-05 09:29:00.900     0     0 D [0 T212   ..] [h265]: [0]VH265: output first frame poc 56
08-05 09:29:00.900     0     0 D [0 T212   ..] [h265]: [0]decoder duration change old: 0 new: 1601
08-05 09:29:00.900     0     0 D [0 T212   ..] [h265]: [vdec_kpi][post_video_frame] First I frame decoded.
08-05 09:29:00.876   478  5373 I VDA     : [4##3]ImportBufferForPictureTask fd=93, index=9
08-05 09:29:00.876   478  5373 I VDA     :  {IN=8/8, OUT=0/10[kAtAccelerator(1) kAtDevice(9) kAtClient(0)]}
08-05 09:29:00.905     0     0 D [0 T212   ..] [amlv4l]: [3]: Post event: frame err
08-05 09:29:00.877   572  1515 I PowerManagerService: Allowing device wake-up from app com.cmcc.jarvis
08-05 09:29:00.905     0     0 D [2 T3572  ..] [h265]: [0]cur lcu idx = 0, (total 2040), set error_mark
08-05 09:29:00.878   978   990 E d       : ===========>MediaPlayInfo{name='[4KH265_59.940fps_10bit]03.UHD_RideOnBoard_Chinese.ts', author='[4KH265_59.940fps_10bit]03.UHD_RideOnBoard_Chinese.ts', des='', mediaType=0, isPlaying=true, picUrl=''}
08-05 09:29:00.879   407  1434 W AudioFlinger: createTrack_l(): mismatch between requested flags (00000008) and output flags (00000002)
08-05 09:29:00.906     0     0 D [0 T212   ..] [amlv4l]: [3]: Post event: frame err
08-05 09:29:00.879   361   361 I audio_hw_hal_primary: [audiohal_get_latency:1344] io 13: out:0xe47c5d80 frames:3072 rate:48000 whole_latency:64 alsa_latency:64
08-05 09:29:00.906     0     0 D [2 T3572  ..] [h265]: [0]cur lcu idx = 0, (total 2040), set error_mark
08-05 09:29:00.879   407  1434 D AudioFlinger: Client defaulted notificationFrames to 10240 for frameCount 20480
08-05 09:29:00.882  4274  4274 W MediaControlGattService: Feature MEDIA_STATE(BIT 17) support: true
08-05 09:29:00.907     0     0 D [0 T212   ..] [amlv4l]: [3]: Post event: frame err
08-05 09:29:00.882  4274  4274 D MediaControlGattService: updateMediaStateChar
08-05 09:29:00.882  4274  4274 W MediaControlGattService: Feature MEDIA_STATE(BIT 17) support: true
08-05 09:29:00.882  4274  4274 D MediaControlGattService: updateMediaStateChar setting to state= 1
08-05 09:29:00.908     0     0 D [0 T3572  ..] [h265]: [0]cur lcu idx = 0, (total 2040), set error_mark
08-05 09:29:00.883   361   361 I audio_hw_hal_primary: [audiohal_get_latency:1344] io 13: out:0xe47c5d80 frames:3072 rate:48000 whole_latency:64 alsa_latency:64
08-05 09:29:00.885   478  5362 D NU-AmNuPlayerRenderer: [#4] audio sink open from [onOpenAudioSink,5730]
08-05 09:29:00.885   478  5362 I NU-AmNuPlayerRenderer: [#4] reopen audio sink success cnt=0
08-05 09:29:00.887  4274  4274 W MediaControlGattService: Feature MEDIA_STATE(BIT 17) support: true
08-05 09:29:00.887  4274  4274 W MediaControlGattService: Feature SEEKING_SPEED(BIT 9) support: true
08-05 09:29:00.887  4274  4274 W MediaControlGattService: Feature SEEKING_SPEED(BIT 9) support: true
08-05 09:29:00.887  4274  4274 W MediaControlGattService: Feature SEEKING_SPEED(BIT 9) support: true
08-05 09:29:00.910     0     0 D [0 T212   ..] [amlv4l]: [3]: Post event: frame err
08-05 09:29:00.887  4274  4274 W MediaControlGattService: Feature TRACK_CHANGED(BIT 4) support: true
08-05 09:29:00.889   407  1434 D audioserver: logFgsApiBegin: FGS Logger Transaction failed, -129
08-05 09:29:00.889   478  5362 I NU-AmNuPlayerRenderer: [#4] openAudioSink:  mAudioSink->open  finished!!!
08-05 09:29:00.892   478  5373 I VDA     : [4##3]ImportBufferForPictureTask fd=96, index=10
08-05 09:29:00.892   478  5373 I VDA     :  {IN=8/8, OUT=0/11[kAtAccelerator(1) kAtDevice(10) kAtClient(0)]}
08-05 09:29:00.896  4274  4274 V AudioMediaPlayerWrapper: trySendMediaUpdate(): Metadata has been updated for com.droidlogic.exoplayer2.demo
08-05 09:29:00.896  4274  4274 I MediaPlayerList: sendMediaUpdate: Creating a one item queue for a player with no queue
08-05 09:29:00.913     0     0 D [0 T3572  ..] [h265]: [0]cur lcu idx = 0, (total 2040), set error_mark
08-05 09:29:00.916     0     0 D [0 T212   ..] [amlv4l]: [3]: Post event: frame err
08-05 09:29:00.897  4274  4274 D MediaPlayerList: sendMediaUpdate state=PlaybackState {state=PLAYING(3), position=30766, buffered position=0, speed=1.0, updated=3472731, actions=823, custom actions=[], active item id=-1, error=null}
08-05 09:29:00.897  4274  4274 D AvrcpTargetJni: sendMediaUpdateNative
08-05 09:29:00.897  4274  4274 I bt_stack: [INFO:avrcp_service.cc(515)] virtual void bluetooth::avrcp::AvrcpService::SendMediaUpdate(bool, bool, bool) track_changed=1 :  play_state=1 :  queue=1
08-05 09:29:00.898   478  5373 I VDA     : [4##3]ImportBufferForPictureTask fd=97, index=11
08-05 09:29:00.898   478  5373 I VDA     :  {IN=8/8, OUT=0/12[kAtAccelerator(1) kAtDevice(11) kAtClient(0)]}
08-05 09:29:00.898  4274  4274 V AudioMediaPlayerWrapper: onPlaybackStateChanged(): com.droidlogic.exoplayer2.demo : PlaybackState {state=PLAYING(3), position=30694, buffered position=0, speed=1.0, updated=3472659, actions=823, custom actions=[], active item id=-1, error=null}
08-05 09:29:00.899   478  5373 I VDA     : [4##3]DecodeBufferTask decoder_state_ = kPictureBuffersReady -> kDecoding
08-05 09:29:00.899   478  5373 I VDA     : [4##3]TP_VDA_InputBuf_First_DeQue 3472734139029 dequeue first input index:0  id: 0
08-05 09:29:00.900   478  5373 I VDA     : [4##3]reportFrameRate set [1601] framerate[59.962524]
08-05 09:29:00.900   478  5373 V mediaserver: [0805/092900.900467:VERBOSE1:v4l2_video_decode_accelerator.cc(5016)] NotifyEvent(): 
08-05 09:29:00.900   478  5373 I NU-AmNuPlayerTunnelDecoder: [#4] NotifyEvent FRAME_RATE framerate 59.962524
08-05 09:29:00.900   478  5373 I VDA     : [4##3]ProcessStreamInfo set video change[3840/2160], frame_rate:60
08-05 09:29:00.900   478  5373 V mediaserver: [0805/092900.900590:VERBOSE1:v4l2_video_decode_accelerator.cc(5016)] NotifyEvent(): 
08-05 09:29:00.900   478  5373 I NU-AmNuPlayerTunnelDecoder: [#4] NotifyEvent:event:6
08-05 09:29:00.900   478  5373 I VDA     : [4##3]error frame id: 1000000000, send error frame to omx2
08-05 09:29:00.900   478  5373 V mediaserver: [0805/092900.900741:VERBOSE1:v4l2_video_decode_accelerator.cc(5016)] NotifyEvent(): 
08-05 09:29:00.900   478  5373 I NU-AmNuPlayerTunnelDecoder: [#4] NotifyEvent FRAME_ERROR bitstreamId 1000000000
08-05 09:29:00.900   478  5373 I VDA     : [4##3]error frame id: 2000000000, send error frame to omx2
08-05 09:29:00.900   478  5373 V mediaserver: [0805/092900.900838:VERBOSE1:v4l2_video_decode_accelerator.cc(5016)] NotifyEvent(): 
08-05 09:29:00.900   478  5373 I NU-AmNuPlayerTunnelDecoder: [#4] NotifyEvent FRAME_ERROR bitstreamId 2000000000
08-05 09:29:00.900   478  5373 I VDA     : [4##3]error frame id: -1294967296, send error frame to omx2
08-05 09:29:00.900   478  5373 V mediaserver: [0805/092900.900914:VERBOSE1:v4l2_video_decode_accelerator.cc(5016)] NotifyEvent(): 
08-05 09:29:00.900   478  5373 I NU-AmNuPlayerTunnelDecoder: [#4] NotifyEvent FRAME_ERROR bitstreamId -1294967296
08-05 09:29:00.900   478  5373 I VDA     : [4##3]error frame id: -294967296, send error frame to omx2
08-05 09:29:00.900  4274  4274 W AudioMediaPlayerWrapper: onPlaybackStateChanged(): com.droidlogic.exoplayer2.demo tried to update with no new data
08-05 09:29:00.901   478  5373 V mediaserver: [0805/092900.900987:VERBOSE1:v4l2_video_decode_accelerator.cc(5016)] NotifyEvent(): 
08-05 09:29:00.901   478  5373 I NU-AmNuPlayerTunnelDecoder: [#4] NotifyEvent FRAME_ERROR bitstreamId -294967296
08-05 09:29:00.901   478  5373 I VDA     : [4##3]error frame id: 705032704, send error frame to omx2
08-05 09:29:00.901   361  1263 I audio_hw_hal_primary: [audiohal_get_latency:1344] io 13: out:0xe47c5d80 frames:3072 rate:48000 whole_latency:64 alsa_latency:64
08-05 09:29:00.902   361   361 I audio_hw_hal_primary: out_update_source_metadata_v7() line 2024 usage:1 content_type:0
08-05 09:29:00.902   478  5373 V mediaserver: [0805/092900.901062:VERBOSE1:v4l2_video_decode_accelerator.cc(5016)] NotifyEvent(): 
08-05 09:29:00.902   478  5373 I NU-AmNuPlayerTunnelDecoder: [#4] NotifyEvent FRAME_ERROR bitstreamId 705032704
08-05 09:29:00.902   478  5373 I VDA     : [4##3]error frame id: 1705032704, send error frame to omx2
08-05 09:29:00.902   478  5373 V mediaserver: [0805/092900.902606:VERBOSE1:v4l2_video_decode_accelerator.cc(5016)] NotifyEvent(): 
08-05 09:29:00.902   478  5373 I NU-AmNuPlayerTunnelDecoder: [#4] NotifyEvent FRAME_ERROR bitstreamId 1705032704
08-05 09:29:00.902   478  5373 I VDA     : [4##3]error frame id: -1589934592, send error frame to omx2
08-05 09:29:00.902   478  5373 V mediaserver: [0805/092900.902690:VERBOSE1:v4l2_video_decode_accelerator.cc(5016)] NotifyEvent(): 
08-05 09:29:00.902   478  5373 I NU-AmNuPlayerTunnelDecoder: [#4] NotifyEvent FRAME_ERROR bitstreamId -1589934592
08-05 09:29:00.902   478  5373 I VDA     : [4##3]TP_VDA_CapBuf_First_DeQue 3472737788613 dequeue first output index:0  id: 0
08-05 09:29:00.902   478  5373 V mediaserver: [0805/092900.902885:VERBOSE1:v4l2_video_decode_accelerator.cc(4942)] CheckInterlaced(): 
08-05 09:29:00.902   478  5373 I VDA     : [4##3]VIDIOC_G_FMT format.fmt.pix.width 3840
08-05 09:29:00.902   478  5373 I VDA     : [4##3][GetVisibleSize] visible width 3840, height 2160
08-05 09:29:00.903   478  5373 I VDA     : [4##3]CheckInterlaced format.fmt.pix.field 1
08-05 09:29:00.903   478  5373 V mediaserver: [0805/092900.903016:VERBOSE1:v4l2_video_decode_accelerator.cc(5016)] NotifyEvent(): 
08-05 09:29:00.903   478  5373 I NU-AmNuPlayerTunnelDecoder: [#4] NotifyEvent FIELD_PROGRESSIVE
08-05 09:29:00.903   478  5373 I AmlManagePts: [0]"setInterlace set interlace[0]\n"
08-05 09:29:00.904   402  5378 E ClosedCaption: CC data thread start.
08-05 09:29:00.904   478  5373 I NU-AmNuPlayerTunnelDecoder: if not Interlaced, use to 10fps
08-05 09:29:00.904   476   476 I AmAVUtils: set default max-input-size to 6291456
08-05 09:29:00.917     0     0 D [0 T3572  ..] [h265]: [0]cur lcu idx = 0, (total 2040), set error_mark
08-05 09:29:00.918     0     0 D [0 T212   ..] [amlv4l]: [3]: Post event: frame err
08-05 09:29:00.918     0     0 D [2 T3572  ..] [h265]: [0]cur lcu idx = 0, (total 2040), set error_mark
08-05 09:29:00.918     0     0 D [0 T212   ..] [amlv4l]: [3]: Post event: frame err
08-05 09:29:00.918     0     0 D [2 T3572  ..] [h265]: [0]cur lcu idx = 0, (total 2040), set error_mark
08-05 09:29:00.905   478  5355 I NU-AmNuPlayer: [#4] AmNuPlayer::Source::getFormat frame-rate = 60
08-05 09:29:00.905   478  5355 I NU-AmNuPlayer: [#4] not set video screenmode to 1
08-05 09:29:00.905   478  5355 I NU-AmNuPlayer: [#4] Video output format changed to 3840 x 2160 (crop: 3840 x 2160 @ (0, 0))
08-05 09:29:00.905   478  5355 D NU-AmNuPlayerDriver: [#4] notifyListener_l(0xe90c4c90), (5, 3840, 2160, -1), loop setting(0, 0)
08-05 09:29:00.905   478  5373 I NU-AmNuPlayerTunnelDecoder: [#4] handleOutputFormatChange w*h = 3840 x 2160
08-05 09:29:00.905   478  5363 I NU-AmNuPlayerTunnelDecoder: [#4] [video/hevc] First CB_OUTPUT_AVAILABLE received. input buffer queued: 23
08-05 09:29:00.905   478  5363 I NU-AmNuPlayerTunnelDecoder: [#4] First Out Buffer Queued to Render. timeUs:31364667
08-05 09:29:00.906   478  5362 I NU-AmNuPlayerRenderer: [#4] fast show first video frame
08-05 09:29:00.906   478  5362 I NU-AmNuPlayerRenderer: onResume first video post mediaTimeUs : 31364667.
08-05 09:29:00.906   478  5363 I NU-AmNuPlayerTunnelDecoder: setTunnelSurface
08-05 09:29:00.906   478  5363 I NU-AmNuPlayerTunnelDecoder: [#4] setTunnelSurface
08-05 09:29:00.907   478  5373 I AmlManagePts: [0]"insert  push:17:0\n"
08-05 09:29:00.907   478  5373 I AmlManagePts: [0]"insert  push:18:0\n"
08-05 09:29:00.907   478  5373 I AmlManagePts: [0]"insert  push:19:0\n"
08-05 09:29:00.907   478  5355 D NU-AmNuPlayerDriver: [#4] notifyListener_l(0xe90c4c90), (200, 3, 0, -1), loop setting(0, 0)
08-05 09:29:00.907   478  5373 I AmlManagePts: [0]"insert  push:20:0\n"
08-05 09:29:00.907   478  5373 I AmlManagePts: [0]"insert  push:21:0\n"
08-05 09:29:00.907   478  5373 I AmlManagePts: [0]"insert  push:22:0\n"
08-05 09:29:00.907   478  5355 I NU-AmNuPlayer: [#4] ====>Renderer::kWhatVideoRenderingStart
08-05 09:29:00.907   478  5373 I AmlManagePts: [0]"insert  push:23:0\n"
08-05 09:29:00.907   478  5355 I NU-AmNuPlayer: [#4] media rendering started
08-05 09:29:00.907   478  5355 I NU-AmNuPlayer: [#4] finishResume  mResumePending:0  
08-05 09:29:00.907   478  5355 D NU-AmNuPlayerDriver: [#4] notifyListener_l(0xe90c4c90), (6, 0, 0, -1), loop setting(0, 0)
08-05 09:29:00.907   402  5378 I ClosedCaption: am_cc_data_thread vfmt:2 playerid:-1 mediasyncid:-1
08-05 09:29:00.907   478  5363 I VideoTunnelWrapper: [4##3] queueBuffer 56 3472740988, count:1
08-05 09:29:00.907  5240  5348 W MediaPlayerNative: info/warning (3, 0)
08-05 09:29:00.907   478  5373 I AmlManagePts: [0]"insert  push:24:0\n"
08-05 09:29:00.910   478  5373 I AmlManagePts: [0]"insert  push:25:0\n"
08-05 09:29:00.910   478  5373 I AmlManagePts: [0]"insert  push:26:0\n"
08-05 09:29:00.914   478  5373 I AmlManagePts: [0]"insert  push:27:0\n"
08-05 09:29:00.915   257   298 D MesonHwc: [releaseVtResourceLocked] [0] [71] Hwc2Layer release disconnect(10) queuedFrames(0)
08-05 09:29:00.915   257   298 D MesonHwc: [unregisterVtConsumer] [VtInstance-10] remove consumer
08-05 09:29:00.915   257   298 D MesonHwc: [disconnect] [VtInstance-10] disconnect videotunnel
08-05 09:29:00.915   257   298 D MesonHwc: clearUpInstancesLocked, destroy instance 10 succeeded
08-05 09:29:00.915   257   298 E MesonHwc: [releaseInstanceBuffers] [VtInstance-10] buffer queue is empty
08-05 09:29:00.915   257   298 D MesonHwc: [disconnect] [VtInstance-10] disconnect videotunnel
08-05 09:29:00.915   257   298 D MesonHwc: [connect] [VtInstance-11] connect to videotunnel succeeded
08-05 09:29:00.915   257   298 D MesonHwc: connectInstanceLocked, [11] connect video tunnel succeeded
08-05 09:29:00.915   257   298 D MesonHwc: [registerConsumer] [0] [71] connect to instance 11 seccussed
08-05 09:29:00.915   257   298 D MesonHwc: setSidebandStream [71] register consumer for videotunnel 11 succeeded
08-05 09:29:00.916   257  5327 W MesonHwc: vframe get invalid buffer fd
08-05 09:29:00.934     0     0 I         : [1 T298   ..] vt [10] consumer-257 disconnect, instance ref 1, fcount 0
08-05 09:29:00.934     0     0 I         : [1 T298   ..] vt [10] destroy fcount:0
08-05 09:29:00.934     0     0 I         : [1 T298   ..] vt [11] consumer-257 connect, instance ref 3
08-05 09:29:00.925   402  5378 I ClosedCaption: VBI Caption event: pgno 9, cur_pgno 0, cc->auto_detect_play:1
08-05 09:29:00.925   402  5378 I ClosedCaption: vbi_event node_pts 0 decoder_pts 0
08-05 09:29:00.925   402  5377 I ClosedCaption: render_thread pts in range, node->pts 0 videopts 0
08-05 09:29:00.925   402  5377 I ClosedCaption: json--> {"type":"cea708","windows":[]}
08-05 09:29:00.925   402  5377 I ClosedCaptionParser: @@@@@@ cc json string: {"type":"cea708","windows":[]}
08-05 09:29:00.926  5240  5240 I MoviePlayer: [displayModeImpl][onVideoSizeChanged], set background null,w:3840,h:2160
08-05 09:29:00.926   402  5361 I Presentation: Got SPU:  TimeStamp:0 ms, startTime=0 SPU[objectId=0 pts:0(0 d0 ms) m_delay:0(0 ms) data:0xee644210(30) type:10], mEmittedShowingSpu:0, timestamp:0
08-05 09:29:00.926   402  5361 I Presentation: spu->isExtSub:0, TimeStamp:0 mStartTimeModifier=0 currentTimeStamp=0 SPU[pts=0(0 d0 ms) m_delay/DVB_TIME_MULTI:0 ms]
08-05 09:29:00.926   402  5361 I Presentation: Show SPU: TimeStamp:0 ms, startTime=0 SPU[objectId=0 pts:0(0 d0 ms) m_delay:360000(4000 ms) data:0xee644210(30)] mEmittedShowingSpu:0
08-05 09:29:00.926   402  5361 I SubtitleRender: showSubtitleItem
08-05 09:29:00.926   402  5361 I SubtitleRender: postSubtitleData_display: objectId=0 type=10 x0 y0 w0 h0 pts:0, data=0xee644210 size=30
08-05 09:29:00.927  5240  5240 D MoviePlayer: isInSplitScreen:false
08-05 09:29:00.927  5240  5240 I MoviePlayer: [displayModeImpl]dispWidth:1280,dispHeight:800,mode:800x1280p60hz
08-05 09:29:00.927  5240  5240 I MoviePlayer: [displayModeImpl]videoWidth:3840,videoHeight:2160
08-05 09:29:00.928   402  5378 I ClosedCaption: VBI Caption event: pgno 10, cur_pgno 9, cc->auto_detect_play:1
08-05 09:29:00.928   876   876 E jarvis_AppUtils: getPkgNameByPidFromFile failed, pid===5240, ex=java.io.FileNotFoundException: /proc/5240/cmdline: open failed: ENOENT (No such file or directory)
08-05 09:29:00.928   876   876 E jarvis_AppUtils: read /proc/pid/cmdline failed, pname===null, fallback to AMS...
08-05 09:29:00.929  4274  4274 V AudioMediaPlayerWrapper: onPlaybackStateChanged(): com.droidlogic.exoplayer2.demo : PlaybackState {state=PLAYING(3), position=30694, buffered position=0, speed=1.0, updated=3472659, actions=823, custom actions=[], active item id=-1, error=null}
08-05 09:29:00.930   402  5378 I ClosedCaption: VBI Caption event: pgno 11, cur_pgno 9, cc->auto_detect_play:1
08-05 09:29:00.930   402  5378 I ClosedCaption: VBI Caption event: pgno 12, cur_pgno 9, cc->auto_detect_play:1
08-05 09:29:00.930   402  5378 I ClosedCaption: VBI Caption event: pgno 13, cur_pgno 9, cc->auto_detect_play:1
08-05 09:29:00.930   402  5378 I ClosedCaption: VBI Caption event: pgno 14, cur_pgno 9, cc->auto_detect_play:1
08-05 09:29:00.930   402  5361 I SubtitleServer:  in postDisplayData:postDisplayData type:10, width=0, height=0 size=30 objectSegmentId=0
08-05 09:29:00.931   402   417 I SubtitleServer: onSubtitleDataEvent, type:10 width:0, height:0, size:30
08-05 09:29:00.931   402   417 E SubtitleServer: CallbackHandlerImpl onSubtitleDataEvent
08-05 09:29:00.931   402   417 I SubtitleServer: onEvent event:10, client size:1
08-05 09:29:00.933   402   417 I SubtitleServer: sendSubtitleDisplayNotify, client cookie:0 notifyCallback
08-05 09:29:00.933   257  5327 W MesonHwc: vframe get invalid buffer fd
08-05 09:29:00.934  5240  5276 D SubtitleManager-jni: in onStringSubtitleEvent subtitleType=3 size=30 x=0, y= 0 width=0 height=0 videow=0, videoh=0 cmd=1 objectSegmentId=0
08-05 09:29:00.935  5240  5276 D SubtitleManager: onSubtitleEvent: mHidlCallback=com.droidlogic.app.SubtitleManager$1@fa9b5ef
08-05 09:29:00.935  5240  5276 D SubtitleManager: in SubtitleManager.java onSubtitleEvent:3; height=0; width=0, show=true
08-05 09:29:00.935  5240  5276 D SubtitleManager: has no cc content, not create subtitle window
08-05 09:29:00.936   478  5373 I AmlManagePts: [0]"insert  push:28:0\n"
08-05 09:29:00.938   478  5373 V mediaserver: [0805/092900.938172:VERBOSE1:v4l2_video_decode_accelerator.cc(4942)] CheckInterlaced(): 
08-05 09:29:00.938   478  5373 I VDA     : [4##3]VIDIOC_G_FMT format.fmt.pix.width 3840
08-05 09:29:00.938   478  5373 I VDA     : [4##3][GetVisibleSize] visible width 3840, height 2160
08-05 09:29:00.938   478  5373 I VDA     : [4##3]CheckInterlaced format.fmt.pix.field 1
08-05 09:29:00.938   478  5373 V mediaserver: [0805/092900.938458:VERBOSE1:v4l2_video_decode_accelerator.cc(5016)] NotifyEvent(): 
08-05 09:29:00.938   478  5373 I NU-AmNuPlayerTunnelDecoder: [#4] NotifyEvent FIELD_PROGRESSIVE
08-05 09:29:00.938  4274  4274 W AudioMediaPlayerWrapper: onPlaybackStateChanged(): com.droidlogic.exoplayer2.demo tried to update with no new data
08-05 09:29:00.938   478  5373 I AmlManagePts: [0]"setInterlace set interlace[0]\n"
08-05 09:29:00.940   478  5362 I NU-AmNuPlayerRenderer: [#4] 1--->video firstVideoTimeUs 31381344 firstAudioTimeUs 30592000 queueDiff = 0.79 secs
08-05 09:29:00.943   478  5362 I NU-AmNuPlayerRenderer: [#4] drop audio data: 16384, line: 4650
08-05 09:29:00.945   478  5362 I NU-AmNuPlayerRenderer: [#4] 1--->audio firstVideoTimeUs 31381344 firstAudioTimeUs 30656000 queueDiff = 0.73 secs
08-05 09:29:00.945   478  5362 I NU-AmNuPlayerRenderer: [#4] drop audio data: 4096, line: 4650
08-05 09:29:00.945   478  5362 I NU-AmNuPlayerRenderer: [#4] 1--->audio firstVideoTimeUs 31381344 firstAudioTimeUs 30656000 queueDiff = 0.73 secs
08-05 09:29:00.945   478  5362 I NU-AmNuPlayerRenderer: [#4] drop audio data: 4096, line: 4650
08-05 09:29:00.945   478  5362 I NU-AmNuPlayerRenderer: [#4] 1--->audio firstVideoTimeUs 31381344 firstAudioTimeUs 30720000 queueDiff = 0.66 secs
08-05 09:29:00.945   478  5362 I NU-AmNuPlayerRenderer: [#4] drop audio data: 4096, line: 4650
08-05 09:29:00.949   478  5362 I NU-AmNuPlayerRenderer: [#4] 1--->audio firstVideoTimeUs 31381344 firstAudioTimeUs 30720000 queueDiff = 0.66 secs
08-05 09:29:00.949   478  5362 I NU-AmNuPlayerRenderer: [#4] drop audio data: 4096, line: 4650
08-05 09:29:00.950   257  5327 D MesonHwc: Display (0) ask for refresh.
08-05 09:29:00.953  5240  5240 I MoviePlayer: [displayModeImpl],setLayoutParams,w:1280,height:720
08-05 09:29:00.954  5240  5240 I MoviePlayer: [onInfo] mp: com.droidlogic.app.MediaPlayerExt@fe2a6c0,arg1:3,arg2:0
08-05 09:29:00.954  5240  5240 I MoviePlayer: [onInfo] needShow: false
08-05 09:29:00.956   478  5362 I NU-AmNuPlayerRenderer: [#4] 1--->audio firstVideoTimeUs 31381344 firstAudioTimeUs 30720000 queueDiff = 0.66 secs
08-05 09:29:00.956   478  5362 I NU-AmNuPlayerRenderer: [#4] drop audio data: 4096, line: 4650
08-05 09:29:00.956   478  5362 I NU-AmNuPlayerRenderer: [#4] 1--->audio firstVideoTimeUs 31381344 firstAudioTimeUs 30784000 queueDiff = 0.60 secs
08-05 09:29:00.956   478  5362 I NU-AmNuPlayerRenderer: [#4] drop audio data: 4096, line: 4650
08-05 09:29:00.956   478  5362 I NU-AmNuPlayerRenderer: [#4] 1--->audio firstVideoTimeUs 31381344 firstAudioTimeUs 30784000 queueDiff = 0.60 secs
08-05 09:29:00.956   478  5362 I NU-AmNuPlayerRenderer: [#4] drop audio data: 4096, line: 4650
08-05 09:29:00.958   478  5362 I NU-AmNuPlayerRenderer: [#4] 1--->audio firstVideoTimeUs 31381344 firstAudioTimeUs 30784000 queueDiff = 0.60 secs
08-05 09:29:00.958   478  5362 I NU-AmNuPlayerRenderer: [#4] drop audio data: 4096, line: 4650
08-05 09:29:00.960   478  5362 I NU-AmNuPlayerRenderer: [#4] 1--->audio firstVideoTimeUs 31381344 firstAudioTimeUs 30848000 queueDiff = 0.53 secs
08-05 09:29:00.978     0     0 I [3 T288   ..] vc: [0]invalid aiface param.
08-05 09:29:00.960   478  5362 I NU-AmNuPlayerRenderer: [#4] drop audio data: 4096, line: 4650
08-05 09:29:00.966   478  5362 I NU-AmNuPlayerRenderer: [#4] 1--->audio firstVideoTimeUs 31381344 firstAudioTimeUs 30848000 queueDiff = 0.53 secs
08-05 09:29:00.966   478  5362 I NU-AmNuPlayerRenderer: [#4] drop audio data: 4096, line: 4650
08-05 09:29:00.970   478  5362 I NU-AmNuPlayerRenderer: [#4] 1--->audio firstVideoTimeUs 31381344 firstAudioTimeUs 30848000 queueDiff = 0.53 secs
08-05 09:29:00.970   478  5362 I NU-AmNuPlayerRenderer: [#4] drop audio data: 4096, line: 4650
08-05 09:29:00.972   478  5362 I NU-AmNuPlayerRenderer: [#4] 1--->audio firstVideoTimeUs 31381344 firstAudioTimeUs 30912000 queueDiff = 0.47 secs
08-05 09:29:00.972   478  5362 I NU-AmNuPlayerRenderer: [#4] drop audio data: 4096, line: 4650
08-05 09:29:00.974   478  5362 I NU-AmNuPlayerRenderer: [#4] 1--->audio firstVideoTimeUs 31381344 firstAudioTimeUs 30912000 queueDiff = 0.47 secs
08-05 09:29:00.974   478  5362 I NU-AmNuPlayerRenderer: [#4] drop audio data: 4096, line: 4650
08-05 09:29:00.975   478  5362 I NU-AmNuPlayerRenderer: [#4] 1--->audio firstVideoTimeUs 31381344 firstAudioTimeUs 30912000 queueDiff = 0.47 secs
08-05 09:29:00.975   478  5362 I NU-AmNuPlayerRenderer: [#4] drop audio data: 4096, line: 4650
08-05 09:29:00.976   402  5382 I Userdata: get_kernel_version version= 5,subversion=15
08-05 09:29:00.994     0     0 I [3 T288   ..] vc: [0]invalid aiface param.
08-05 09:29:00.977   478  5362 I NU-AmNuPlayerRenderer: [#4] 1--->audio firstVideoTimeUs 31381344 firstAudioTimeUs 30976000 queueDiff = 0.41 secs
08-05 09:29:00.977   478  5362 I NU-AmNuPlayerRenderer: [#4] drop audio data: 4096, line: 4650
08-05 09:29:00.980   478  5362 I NU-AmNuPlayerRenderer: [#4] 1--->audio firstVideoTimeUs 31381344 firstAudioTimeUs 30976000 queueDiff = 0.41 secs
08-05 09:29:00.980   478  5362 I NU-AmNuPlayerRenderer: [#4] drop audio data: 4096, line: 4650
08-05 09:29:00.982   478  5362 I NU-AmNuPlayerRenderer: [#4] 1--->audio firstVideoTimeUs 31381344 firstAudioTimeUs 30976000 queueDiff = 0.41 secs
08-05 09:29:00.982   478  5362 I NU-AmNuPlayerRenderer: [#4] drop audio data: 4096, line: 4650
08-05 09:29:00.983   478  5362 I NU-AmNuPlayerRenderer: [#4] 1--->audio firstVideoTimeUs 31381344 firstAudioTimeUs 31040000 queueDiff = 0.34 secs
08-05 09:29:00.983   478  5362 I NU-AmNuPlayerRenderer: [#4] drop audio data: 4096, line: 4650
08-05 09:29:00.985   478  5362 I NU-AmNuPlayerRenderer: [#4] 1--->audio firstVideoTimeUs 31381344 firstAudioTimeUs 31040000 queueDiff = 0.34 secs
08-05 09:29:00.985   478  5362 I NU-AmNuPlayerRenderer: [#4] drop audio data: 4096, line: 4650
08-05 09:29:00.989   478  5373 I AmlManagePts: [0]"insert  push:37:0\n"
08-05 09:29:00.989   478  5373 I AmlManagePts: [0]"insert  push:38:0\n"
08-05 09:29:00.989   478  5373 I AmlManagePts: [0]"insert  push:39:0\n"
08-05 09:29:00.989   478  5373 I AmlManagePts: [0]"insert  push:40:0\n"
08-05 09:29:00.989   478  5362 I NU-AmNuPlayerRenderer: [#4] 1--->audio firstVideoTimeUs 31381344 firstAudioTimeUs 31040000 queueDiff = 0.34 secs
08-05 09:29:00.989   478  5362 I NU-AmNuPlayerRenderer: [#4] drop audio data: 4096, line: 4650
08-05 09:29:00.990   478  5362 I NU-AmNuPlayerRenderer: [#4] 1--->audio firstVideoTimeUs 31381344 firstAudioTimeUs 31104000 queueDiff = 0.28 secs
08-05 09:29:00.990   478  5362 I NU-AmNuPlayerRenderer: [#4] drop audio data: 4096, line: 4650
08-05 09:29:00.993   478  5362 I NU-AmNuPlayerRenderer: [#4] 1--->audio firstVideoTimeUs 31381344 firstAudioTimeUs 31104000 queueDiff = 0.28 secs
08-05 09:29:00.993   478  5362 I NU-AmNuPlayerRenderer: [#4] drop audio data: 4096, line: 4650
08-05 09:29:00.999   478  5362 I NU-AmNuPlayerRenderer: [#4] 1--->audio firstVideoTimeUs 31381344 firstAudioTimeUs 31104000 queueDiff = 0.28 secs
08-05 09:29:00.999   478  5362 I NU-AmNuPlayerRenderer: [#4] drop audio data: 4096, line: 4650
08-05 09:29:01.000   478  5362 I NU-AmNuPlayerRenderer: [#4] 1--->audio firstVideoTimeUs 31381344 firstAudioTimeUs 31168000 queueDiff = 0.21 secs
08-05 09:29:01.000   478  5362 I NU-AmNuPlayerRenderer: [#4] drop audio data: 4096, line: 4650
08-05 09:29:01.005   478  5362 I NU-AmNuPlayerRenderer: [#4] 1--->audio firstVideoTimeUs 31381344 firstAudioTimeUs 31168000 queueDiff = 0.21 secs
08-05 09:29:01.005   478  5362 I NU-AmNuPlayerRenderer: [#4] drop audio data: 4096, line: 4650
08-05 09:29:01.011   478  5362 I NU-AmNuPlayerRenderer: [#4] 1--->audio firstVideoTimeUs 31381344 firstAudioTimeUs 31168000 queueDiff = 0.21 secs
08-05 09:29:01.011   478  5362 I NU-AmNuPlayerRenderer: [#4] drop audio data: 4096, line: 4650
08-05 09:29:01.014   478  5362 I NU-AmNuPlayerRenderer: [#4] 1--->audio firstVideoTimeUs 31381344 firstAudioTimeUs 31232000 queueDiff = 0.15 secs
08-05 09:29:01.014   478  5362 I NU-AmNuPlayerRenderer: [#4] drop audio data: 4096, line: 4650
08-05 09:29:01.015   478  5362 I NU-AmNuPlayerRenderer: [#4] 1--->audio firstVideoTimeUs 31381344 firstAudioTimeUs 31232000 queueDiff = 0.15 secs
08-05 09:29:01.015   478  5362 I NU-AmNuPlayerRenderer: [#4] drop audio data: 4096, line: 4650
08-05 09:29:01.018   478  5362 I NU-AmNuPlayerRenderer: [#4] 1--->audio firstVideoTimeUs 31381344 firstAudioTimeUs 31232000 queueDiff = 0.15 secs
08-05 09:29:01.018   478  5362 I NU-AmNuPlayerRenderer: [#4] drop audio data: 4096, line: 4650
08-05 09:29:01.035   478  5362 I NU-AmNuPlayerRenderer: [#4] 1--->audio firstVideoTimeUs 31381344 firstAudioTimeUs 31296000 queueDiff = 0.09 secs
08-05 09:29:01.035   478  5362 I NU-AmNuPlayerRenderer: [#4] drop audio data: 4096, line: 4650
08-05 09:29:01.036   478  5362 I NU-AmNuPlayerRenderer: [#4] 1--->audio firstVideoTimeUs 31381344 firstAudioTimeUs 31296000 queueDiff = 0.09 secs
08-05 09:29:01.037   478  5362 I NU-AmNuPlayerRenderer: [#4] drop audio data: 4096, line: 4650
08-05 09:29:01.038   478  5362 I NU-AmNuPlayerRenderer: [#4] 1--->audio firstVideoTimeUs 31381344 firstAudioTimeUs 31296000 queueDiff = 0.09 secs
08-05 09:29:01.038   478  5362 I NU-AmNuPlayerRenderer: [#4] drop audio data: 4096, line: 4650
08-05 09:29:01.040   478  5362 I NU-AmNuPlayerRenderer: [#4] 1--->audio firstVideoTimeUs 31381344 firstAudioTimeUs 31360000 queueDiff = 0.02 secs
08-05 09:29:01.040   478  5362 I NU-AmNuPlayerRenderer: [#4] mQueueInitial end, line: 4693
08-05 09:29:01.040   478  5362 I NU-AmNuPlayerRenderer: PTS: AV sync info:Video on Header 
08-05 09:29:01.040   478  5362 I NU-AmNuPlayerRenderer: PTS:   SystemTimeStamp:-1
08-05 09:29:01.040   478  5362 I NU-AmNuPlayerRenderer: PTS:   Last AudioTimeStamp:-1
08-05 09:29:01.040   478  5362 I NU-AmNuPlayerRenderer: PTS:   Last VideoTimeStamp:31364667
08-05 09:29:01.040   478  5362 I NU-AmNuPlayerRenderer: PTS:   AV diff:-31364668 ,Ajump:0,Vjump:0
08-05 09:29:01.040   478  5362 I NU-AmNuPlayerRenderer: PTS:   mAjumpedNum:0, mAudioJumped till now=3472875414
08-05 09:29:01.040   478  5362 I NU-AmNuPlayerRenderer: PTS:   mVjumpedNum:0, mVideoJumped till now=3472875414
08-05 09:29:01.040   478  5362 I NU-AmNuPlayerRenderer: PTS:   mTotalAudioJumpedTimeUs:0, mTotalAudioJumpedTimeUs:0
08-05 09:29:01.040   478  5362 I NU-AmNuPlayerRenderer: PTS:   mLastVideoUs:-1
08-05 09:29:01.040   478  5362 I NU-AmNuPlayerRenderer: PTS:   mLastAudioUs:-1
08-05 09:29:01.040   478  5362 I NU-AmNuPlayerRenderer: PTS:   mAudioDelay 0 mFormat 0x1 mMs12Enabled 0
08-05 09:29:01.040   478  5362 I NU-AmNuPlayerRenderer: [#4] is mIsHttpLiveSource:0, waiting audio sink init, And then doing AV synchronization
08-05 09:29:01.040   478  5362 I NU-AmNuPlayerRenderer: [#4] First audio pcm date write to audiosink.
08-05 09:29:01.042   478  5362 I NU-AmNuPlayerRenderer: [#4] setStartingTimeMedia 31360000, mAudioPlayedOutDur 0
08-05 09:29:01.042   478  5362 D AudioTrack: getTimestamp_l(38): device stall time corrected using current time 3472877127696
08-05 09:29:01.060   478  5362 I NU-AmNuPlayerRenderer: [#4] is mIsHttpLiveSource:0, waiting audio sink init, And then doing AV synchronization
08-05 09:29:01.076  5167  5352 W adbd    : timed out while waiting for FUNCTIONFS_BIND, trying again
08-05 09:29:01.094     0     0 I [3 T288   ..] vc: [0]invalid aiface param.
08-05 09:29:01.076  5167  5352 I adbd    : UsbFfs: connection terminated: monitor thread finished
08-05 09:29:01.076  5167  5167 I adbd    : UsbFfs: already offline
08-05 09:29:01.076  5167  5167 I adbd    : destroying transport UsbFfs
08-05 09:29:01.077  5167  5167 I adbd    : UsbFfsConnection being destroyed
08-05 09:29:01.081   478  5362 I NU-AmNuPlayerRenderer: [#4] is mIsHttpLiveSource:0, waiting audio sink init, And then doing AV synchronization
08-05 09:29:01.101   478  5362 I NU-AmNuPlayerRenderer: [#4] is mIsHttpLiveSource:0, waiting audio sink init, And then doing AV synchronization
08-05 09:29:01.117  5167  5171 I adbd    : opening control endpoint /dev/usb-ffs/adb/ep0
08-05 09:29:01.118  5167  5171 I adbd    : UsbFfsConnection constructed
08-05 09:29:01.121  5167  5384 I adbd    : UsbFfs-monitor thread spawned
08-05 09:29:01.121   478  5362 I NU-AmNuPlayerRenderer: [#4] is mIsHttpLiveSource:0, waiting audio sink init, And then doing AV synchronization
08-05 09:29:01.127   478  5362 I NU-AmNuPlayerRenderer: [#4] Audio PCM buffer First Full. time pay:86689, frameCount:20480, mAudioSink->frameSize():4
08-05 09:29:01.133   361   361 I audio_hw_hal_primary: out_update_source_metadata_v7() line 2024 usage:1 content_type:0
08-05 09:29:01.141   478  5362 I NU-AmNuPlayerRenderer: [#4] is mIsHttpLiveSource:0, waiting audio sink init, And then doing AV synchronization
08-05 09:29:01.150   478  5362 W NU-AmNuPlayerRenderer: [#4] postDrainAudioQueue long delay: 26666 (20480*0.020833), numFramesPendingPlayout:(22528-2048)
08-05 09:29:01.162   478  5362 I NU-AmNuPlayerRenderer: [#4] is mIsHttpLiveSource:0, waiting audio sink init, And then doing AV synchronization
08-05 09:29:01.162  1488  2342 D libovd  : [2026-08-05 09:29:01.162] [debug] [2342] [DME] DME_internal.c:1104 DME_backoff_algorithm backoff_result resum: 122
08-05 09:29:01.177   478  5362 W NU-AmNuPlayerRenderer: [#4] postDrainAudioQueue long delay: 26666 (20480*0.020833), numFramesPendingPlayout:(24576-4096)
08-05 09:29:01.182   478  5362 I NU-AmNuPlayerRenderer: [#4] is mIsHttpLiveSource:0, waiting audio sink init, And then doing AV synchronization
08-05 09:29:01.202   478  5362 I NU-AmNuPlayerRenderer: [#4] is mIsHttpLiveSource:0, waiting audio sink init, And then doing AV synchronization
08-05 09:29:01.204   478  5362 W NU-AmNuPlayerRenderer: [#4] postDrainAudioQueue long delay: 26666 (20480*0.020833), numFramesPendingPlayout:(24576-4096)
08-05 09:29:01.222   478  5362 I NU-AmNuPlayerRenderer: [#4] is mIsHttpLiveSource:0, waiting audio sink init, And then doing AV synchronization
08-05 09:29:01.231   478  5362 W NU-AmNuPlayerRenderer: [#4] postDrainAudioQueue long delay: 26666 (20480*0.020833), numFramesPendingPlayout:(26624-6144)
08-05 09:29:01.243   478  5362 I NU-AmNuPlayerRenderer: [#4] is mIsHttpLiveSource:0, waiting audio sink init, And then doing AV synchronization
08-05 09:29:01.258   478  5362 W NU-AmNuPlayerRenderer: [#4] postDrainAudioQueue long delay: 26666 (20480*0.020833), numFramesPendingPlayout:(26624-6144)
08-05 09:29:01.263   478  5362 I NU-AmNuPlayerRenderer: [#4] is mIsHttpLiveSource:0, waiting audio sink init, And then doing AV synchronization
08-05 09:29:01.294     0     0 I [3 T288   ..] vc: [0]invalid aiface param.
08-05 09:29:01.283   478  5362 I NU-AmNuPlayerRenderer: [#4] is mIsHttpLiveSource:0, waiting audio sink init, And then doing AV synchronization
08-05 09:29:01.285   478  5362 D NU-AmNuPlayerRenderer: [#4] Switch audio track end . onNewAudioMediaTime, audio sink position was ready.
08-05 09:29:01.285   478  5362 I NU-AmNuPlayerRenderer: [#4] First valid audio position found, time pay:244475,  audioPlayedOutDur:82264, writtenDur:576000
08-05 09:29:01.285   478  5362 I NU-AmNuPlayerRenderer: [#4] getPlayedOutDurationUs is unstable. audioPlayedOutDur:82264 (diff:82264) - realDIFF: 3473120162 = -3473037898, writtenAudioDurationUs:576000, lastTimeUs:31872000 (frameSize: 4)
08-05 09:29:01.285   478  5362 W NU-AmNuPlayerRenderer: [#4] onNewAudioMediaTime:3115, updateAnchor abnormal, DIFF: -3441677897
08-05 09:29:01.285   478  5355 D NU-AmNuPlayerDriver: [#4] notifyListener_l(0xe90c4c90), (211, 0, 0, 20), loop setting(0, 0)
08-05 09:29:01.303   478  5362 V NU-AmNuPlayerRenderer: [#4] video late by 79472 us (0.08 secs)
08-05 09:29:01.304   478  5362 V NU-AmNuPlayerRenderer: [#4] video late by 63016 us (0.06 secs)
08-05 09:29:01.304   478  5363 W NU-AmNuPlayerTunnelDecoder: [#4] dropped_video, idx:10, timeus:31381344
08-05 09:29:01.304   478  5362 V NU-AmNuPlayerRenderer: [#4] video late by 46425 us (0.05 secs)
08-05 09:29:01.304   478  5363 W NU-AmNuPlayerTunnelDecoder: [#4] dropped_video, idx:2, timeus:31414711
08-05 09:29:01.304   478  5373 I AmlManagePts: [0]"insert  push:41:0\n"
08-05 09:29:01.317   257  5327 D MesonHwc: [updateVtBuffer] [0] [71] vt buffer fd(41) with timestamp(3473075930) expired droped expectedPresent time(3473168427) diffAdded(334942) queuedFrames(6)
08-05 09:29:01.317   257  5327 D MesonHwc: [updateVtBuffer] [0] [71] vt buffer fd(50) with timestamp(3473109297) expired droped expectedPresent time(3473168427) diffAdded(33367) queuedFrames(5)
08-05 09:29:01.317   257  5327 D MesonHwc: [updateVtBuffer] [0] [71] vt buffer fd(72) with timestamp(3473125975) expired droped expectedPresent time(3473168427) diffAdded(16678) queuedFrames(4)
08-05 09:29:01.317   257  5327 D MesonHwc: [updateVtBuffer] [0] [71] vt buffer fd(83) with timestamp(3473142664) expired droped expectedPresent time(3473168427) diffAdded(16689) queuedFrames(3)
08-05 09:29:01.344     0     0 I [3 T288   ..] vc: [0]invalid aiface param.
08-05 09:29:01.341   478  5373 I AmlManagePts: [0]"insert  push:44:0\n"
08-05 09:29:01.360     0     0 I [3 T288   ..] vc: [0]invalid aiface param.
08-05 09:29:01.378     0     0 I [3 T288   ..] vc: [0]invalid aiface param.
08-05 09:29:01.394     0     0 I [3 T288   ..] vc: [0]invalid aiface param.
08-05 09:29:01.410     0     0 I [3 T288   ..] vc: [0]invalid aiface param.
08-05 09:29:01.427     0     0 I [0 T288   ..] vc: [0]invalid aiface param.
08-05 09:29:01.444     0     0 I [0 T288   ..] vc: [0]invalid aiface param.
08-05 09:29:01.462     0     0 I [3 T288   ..] vc: [0]invalid aiface param.
08-05 09:29:01.477     0     0 I [3 T288   ..] vc: [0]invalid aiface param.
08-05 09:29:01.494     0     0 I [3 T288   ..] vc: [0]invalid aiface param.
08-05 09:29:01.510     0     0 I [3 T288   ..] vc: [0]invalid aiface param.
08-05 09:29:01.528     0     0 I [3 T288   ..] vc: [0]invalid aiface param.
08-05 09:29:01.544     0     0 I [3 T288   ..] vc: [0]invalid aiface param.
08-05 09:29:01.560     0     0 I [3 T288   ..] vc: [0]invalid aiface param.
08-05 09:29:01.577     0     0 I [3 T288   ..] vc: [0]invalid aiface param.
08-05 09:29:01.594     0     0 I [3 T288   ..] vc: [0]invalid aiface param.
08-05 09:29:01.610     0     0 I [3 T288   ..] vc: [0]invalid aiface param.
08-05 09:29:01.627     0     0 I [1 T288   ..] vc: [0]invalid aiface param.
08-05 09:29:01.644     0     0 I [1 T288   ..] vc: [0]invalid aiface param.
08-05 09:29:01.637  1488  2342 D libovd  : [2026-08-05 09:29:01.637] [debug] [2342] [DME] DME_main.c:649 DME_make_capinfo_hash data:{"device_type":0,"auto_reboot":true,"stream_encryption_mode":"NULL","media_protocol":"srt","talk_protocol":"ccrtc","replay_protocol":"srt","cloud_record":true,"netprobe_cap":1,"ivrs":true,"pic_upload_https":true,"log_upload_https":true,"firmware_download_https":true,"support_softprobe":false,"video_encrypt":false,"support_extension":"","camera_lens_type":0,"light_supplement_lamp":false,"support_4G":false,"battery":false,"screen":true,"smoke_sensor":false,"robot_housekeeper":0,"ptz":false,"trace":false,"support_ptz_preset":false,"zoomcontrol":false,"focuscontrol":false,"channel":0,"timed_dormancy":false,"switch":false,"SD":false,"led":false,"AIGC_cloud_record":false,"support_DN_mode":false,"playback_speed":0,"support_get_SDcapacity":false,"multi_stream":false,"support_set_video_formats":false,"support_set_bitrate":false,"support_set_framerate":false,"support_set_gop":false,"osd_text":false,"osd_logo":false,"support_set_AI_rules_mode":false,"video_quality":"sd,hd","video_formats_supportlists":"h264","static_scence_ABR":false,"audio_out":false,"voice_out":true,"voiceout_volume":false,"audiosamplerate":0,"alarms":{"io":false,"cry":false,"voice":false,"alarm_voice_detect_stand":0,"motion":true,"alarm_motion_detect_stand":0,"motion_zone":0,"body":false,"body_zone":0,"cross":false,"pir":false,"pir_staymode":false,"lossLock":false,"alertarea":false,"alertarea_expel":false,"alertarea_zone":0,"alertarea_params":{"support_set_target":0,"support_staymode_time":false,"support_set_alerttime":false,"alertarea_zone":0,"alertarea_num":1},"transgression":false,"transgression_params":{"support_set_target":0,"support_set_alerttime":false,"support_set_statistics_line":false}},"stopalarm":false,"linkage_mode":{"alertarea":"","vehicle_detection":"","nonmotorvehicle_detection":"","mask_detection":"","regional_people_statistics_detection":"","transgression":"","helmet_wearing_detection":""},"dashcam":false,"robot_ctrl":"","AI":{"face":false,"kitchen
08-05 09:29:01.637  1488  2342 D libovd  : [2026-08-05 09:29:01.637] [debug] [2342] [DME] DME_main.c:663 DME_make_capinfo_hash out_result:9267c2c57e4e32f3926f05b27cdd9f42bf10b519a75a360c36a207c39a509a34c969fe1486613a52b8b73c7a7f4af98a8eeb4dafd2171fa38328ab5dad4b4a78
08-05 09:29:01.638  1488  2342 D libovd  : [2026-08-05 09:29:01.638] [debug] [2342] [DME] DME_main.c:716 DME_reconnect_server2 DME use wss ....
08-05 09:29:01.638  1488  2342 D libovd  : [2026-08-05 09:29:01.638] [debug] [2342] [DME] DME_main.c:768 DME_reconnect_server2 url: wss://accessxy-ws.region.video.komect.com:9105/ovc?login_code=28BEF3247A81&login_passwd=25d3f5fa16e9&cmei=111132090000010&hardware_model=TB712&firmware_model=1.44.4&sdk=V1.44.3-rc-0f54fbe23&model_id=YX_lxp_TB712&macaddress=28:BE:F3:24:7A:81&reconnect=0&capinfohash=9267c2c57e4e32f3926f05b27cdd9f42bf10b519a75a360c36a207c39a509a34c969fe1486613a52b8b73c7a7f4af98a8eeb4dafd2171fa38328ab5dad4b4a78&channel_num=1&device_type=0
08-05 09:29:01.638  1488  2342 D libovd  : [2026-08-05 09:29:01.638] [debug] [2342] [DME] DME_main.c:791 DME_reconnect_server2 i.address:'accessxy-ws.region.video.komect.com'
08-05 09:29:01.638  1488  2342 D libovd  : [2026-08-05 09:29:01.638] [debug] [2342] [DME] DME_main.c:817 DME_reconnect_server2 DME ssl ca filepath: NULL 
08-05 09:29:01.638  1488  2342 I libovd  : [2026-08-05 09:29:01.638] [info] [2342] [DME] DME_main.c:836 DME_reconnect_server2  context created.
08-05 09:29:01.638  1488  2342 D libovd  : [2026-08-05 09:29:01.638] [debug] [2342] [DME] DME_internal.c:1028 DME_status_change pthread 0xbdd581c0 DME status changed from 4 to 2 
08-05 09:29:01.638  1488  2342 D libovd  : [2026-08-05 09:29:01.638] [debug] [2342] [DME] DME_main.c:859 DME_reconnect_server2 address: accessxy-ws.region.video.komect.com
08-05 09:29:01.638  1488  2342 D libovd  : , host: accessxy-ws.region.video.komect.com
08-05 09:29:01.638  1488  2342 D libovd  :  ,origin: accessxy-ws.region.video.komect.com
08-05 09:29:01.637  1488  1488 I DMEmainthread: type=1400 audit(0.0:2721): avc:  denied  { connectto } for  path="/dev/socket/dnsproxyd" scontext=u:r:zygote:s0 tcontext=u:r:netd:s0 tclass=unix_stream_socket permissive=1
08-05 09:29:01.639   347  5385 I resolv  : GetAddrInfoHandler::run: {100 786532 100 983140 1000 0}
08-05 09:29:01.640   347  5386 I resolv  : res_nmkquery: (QUERY, IN, AAAA)
08-05 09:29:01.640   347  5387 I resolv  : res_nmkquery: (QUERY, IN, A)
08-05 09:29:01.640   347  5386 I resolv  : resolv_cache_lookup: FOUND IN CACHE entry=0xedb005b0
08-05 09:29:01.640   347  5386 I resolv  : doQuery: rcode=0, ancount=0, return value=126
08-05 09:29:01.640   347  5387 I resolv  : resolv_cache_lookup: FOUND IN CACHE entry=0xede41970
08-05 09:29:01.640   347  5387 I resolv  : doQuery: rcode=0, ancount=2, return value=85
08-05 09:29:01.641  1488  1488 I DMEmainthread: type=1400 audit(0.0:2722): avc:  denied  { create } for  scontext=u:r:zygote:s0 tcontext=u:r:zygote:s0 tclass=tcp_socket permissive=1
08-05 09:29:01.641  1488  1488 I DMEmainthread: type=1400 audit(0.0:2723): avc:  denied  { setopt } for  scontext=u:r:zygote:s0 tcontext=u:r:zygote:s0 tclass=tcp_socket permissive=1
08-05 09:29:01.641  1488  1488 I DMEmainthread: type=1400 audit(0.0:2724): avc:  denied  { getopt } for  scontext=u:r:zygote:s0 tcontext=u:r:zygote:s0 tclass=tcp_socket permissive=1
08-05 09:29:01.641  1488  1488 I DMEmainthread: type=1400 audit(0.0:2725): avc:  denied  { write } for  name="fwmarkd" dev="tmpfs" ino=768 scontext=u:r:zygote:s0 tcontext=u:object_r:fwmarkd_socket:s0 tclass=sock_file permissive=1
08-05 09:29:01.641   347   347 I binder:347_2: type=1400 audit(0.0:2726): avc:  denied  { use } for  path="socket:[101578]" dev="sockfs" ino=101578 scontext=u:r:netd:s0 tcontext=u:r:zygote:s0 tclass=fd permissive=1
08-05 09:29:01.641   347   347 I binder:347_2: type=1400 audit(0.0:2727): avc:  denied  { read write } for  path="socket:[101578]" dev="sockfs" ino=101578 scontext=u:r:netd:s0 tcontext=u:r:zygote:s0 tclass=tcp_socket permissive=1
08-05 09:29:01.641   347   347 I binder:347_2: type=1400 audit(0.0:2728): avc:  denied  { getopt } for  scontext=u:r:netd:s0 tcontext=u:r:zygote:s0 tclass=tcp_socket permissive=1
08-05 09:29:01.644  1488  2342 I libovd  : [2026-08-05 09:29:01.644] [info] [2342] [DME] DME_main.c:869 DME_reconnect_server2 connect start
08-05 09:29:01.660     0     0 I [1 T288   ..] vc: [0]invalid aiface param.
08-05 09:29:01.662     0     0 W [2 T438   ..] audit: audit_lost=1510 audit_rate_limit=5 audit_backlog_limit=64
08-05 09:29:01.662     0     0 E [2 T438   ..] audit: rate limit exceeded
08-05 09:29:01.660   347  5388 I resolv  : GetAddrInfoHandler::run: {100 786532 100 983140 1000 0}
08-05 09:29:01.660   347  5389 I resolv  : res_nmkquery: (QUERY, IN, AAAA)
08-05 09:29:01.660   347  5390 I resolv  : res_nmkquery: (QUERY, IN, A)
08-05 09:29:01.660   347  5389 I resolv  : resolv_cache_lookup: FOUND IN CACHE entry=0xedb005b0
08-05 09:29:01.677     0     0 I [1 T288   ..] vc: [0]invalid aiface param.
08-05 09:29:01.660   347  5390 I resolv  : resolv_cache_lookup: FOUND IN CACHE entry=0xede41970
08-05 09:29:01.660   347  5389 I resolv  : doQuery: rcode=0, ancount=0, return value=126
08-05 09:29:01.660   347  5390 I resolv  : doQuery: rcode=0, ancount=2, return value=85
08-05 09:29:01.694     0     0 I [1 T288   ..] vc: [0]invalid aiface param.
08-05 09:29:01.715     0     0 I [0 T288   ..] vc: [0]invalid aiface param.
08-05 09:29:01.727     0     0 I [0 T288   ..] vc: [0]invalid aiface param.
08-05 09:29:01.744     0     0 I [1 T288   ..] vc: [0]invalid aiface param.
08-05 09:29:01.731  1488  2342 I libovd  : [2026-08-05 09:29:01.731] [info] [2342] [DME] DME_main.c:121 DME_service_callback  [DME] Connect with server success.
08-05 09:29:01.732  1488  2342 D libovd  : [2026-08-05 09:29:01.732] [debug] [2342] [DME] DME_main.c:900 DME_Set_DME_ws_connection_flag ws_connection_flag changed to 1
08-05 09:29:01.732  1488  2342 I libovd  : [2026-08-05 09:29:01.732] [info] [2342] [DME] DME_main.c:143 DME_service_callback g_DMEContext->contextstatus.status changed to DME_STATUS_ESTABLISHED
08-05 09:29:01.732  1488  2342 I libovd  : [2026-08-05 09:29:01.732] [info] [2342] [DME] DME_main.c:546 DMEAPI_Wakeup_heart Wakeup heartbeat, dme status (3)
08-05 09:29:01.732  1488  2342 I libovd  : [2026-08-05 09:29:01.732] [info] [2342] [DME] DME_main.c:159 DME_service_callback DME localip :192.168.1.4
08-05 09:29:01.732  1488  2342 D libovd  : [2026-08-05 09:29:01.732] [debug] [2342] [ovd_utils] soft_wdt.c:283 softwdt_adddog add dme dog:DME===timeout:900 s, feedtime:3473567
08-05 09:29:01.732  1488  2342 W libovd  : [2026-08-05 09:29:01.732] [warn] [2342] [ovd_utils] soft_wdt.c:312 softwdt_adddog softwdt watch dog: 0xbd5501c0 
08-05 09:29:01.732  1488  2342 W libovd  : [2026-08-05 09:29:01.732] [warn] [2342] [DME] DME_pb.c:25 dme_pb_package_event_report [DME_client_close] the device not in region
08-05 09:29:01.732  1488  2342 W libovd  : [2026-08-05 09:29:01.732] [warn] [2342] [OVD_OpenApi] OVD_OpenAPI.c:3356 ovd_probe_exception_post soft probe is not supported
08-05 09:29:01.732  1488  2342 W libovd  : [2026-08-05 09:29:01.732] [warn] [2342] [DME] DME_main.c:112 DME_service_callback The peer has sent an unsolicited Close WS packet. errorcode:4003 reason is "the device not in region" 
08-05 09:29:01.733  1488  2342 W libovd  : [2026-08-05 09:29:01.732] [warn] [2342] [ovd_utils] soft_wdt.c:329 softwdt_deldog del dog:DME===
08-05 09:29:01.733  1488  2342 I libovd  : [2026-08-05 09:29:01.733] [info] [2342] [ovd_utils] soft_wdt.c:343 softwdt_deldog dog DME changed to inactive
08-05 09:29:01.733  1488  2342 W libovd  : [2026-08-05 09:29:01.733] [warn] [2342] [DME] DME_main.c:205 DME_service_callback  libwebsocket find closed  reson:(null)....
08-05 09:29:01.733  1488  2342 D libovd  : [2026-08-05 09:29:01.733] [debug] [2342] [DME] DME_main.c:900 DME_Set_DME_ws_connection_flag ws_connection_flag changed to 0
08-05 09:29:01.733  1488  2342 D libovd  : [2026-08-05 09:29:01.733] [debug] [2342] [DME] DME_internal.c:1028 DME_status_change pthread 0xbdd581c0 DME status changed from 3 to 8 
08-05 09:29:01.733  1488  2342 W libovd  : [2026-08-05 09:29:01.733] [warn] [2342] [DME] DME_main.c:244 DME_service_callback  LWS_CALLBACK_WSI_DESTROY
08-05 09:29:01.733  1488  2342 D libovd  : [2026-08-05 09:29:01.733] [debug] [2342] [DME] DME_main.c:900 DME_Set_DME_ws_connection_flag ws_connection_flag changed to 0
08-05 09:29:01.733  1488  2342 D libovd  : [2026-08-05 09:29:01.733] [debug] [2342] [DME] DME_internal.c:1028 DME_status_change pthread 0xbdd581c0 DME status changed from 8 to 8 
08-05 09:29:01.733  1488  2342 D libovd  : [2026-08-05 09:29:01.733] [debug] [2342] [DME] DME_internal.c:1028 DME_status_change pthread 0xbdd581c0 DME status changed from 8 to 4 
08-05 09:29:01.734  1488  2342 D libovd  : [2026-08-05 09:29:01.734] [debug] [2342] [DME] DME_main.c:900 DME_Set_DME_ws_connection_flag ws_connection_flag changed to 0
08-05 09:29:01.734  1488  2342 W libovd  : [2026-08-05 09:29:01.734] [warn] [2342] [DME] DME_rpc.c:928 dme_rpc_reset drop dme msg, type (0)
08-05 09:29:01.734  1488  2342 W libovd  : [2026-08-05 09:29:01.734] [warn] [2342] [DME] DME_rpc.c:938 dme_rpc_reset cancel wait ack, wait obj <0xc69dcd50>, seq 127
08-05 09:29:01.734  1488  2342 D libovd  : [2026-08-05 09:29:01.734] [debug] [2342] [ovd_utils] ovd_pb.c:306 ovd_pb_bind_cal_time ===status:4===
08-05 09:29:01.734  1488  2342 D libovd  : [2026-08-05 09:29:01.734] [debug] [2342] [DME] DME_main.c:690 DME_reconnect_server2 reconnect servering...
08-05 09:29:01.734  1488  2343 E libovd  : [2026-08-05 09:29:01.734] [error] [2343] [DME] DME_rpc.c:1019 dme_remote_call ack is null or timeout, seq (127), method (Keepalive), wait_time (2 ms)
08-05 09:29:01.734  1488  2342 I libovd  : [2026-08-05 09:29:01.734] [info] [2342] [DME] DME_internal.c:1076 DME_backoff_algorithm this is 123 connect, backoff 31835768 us 
08-05 09:29:01.734  1488  2343 D libovd  : [2026-08-05 09:29:01.734] [debug] [2343] [DME] DME_internal.c:364 DME_RPC_send_keepalive keep alive succuss, ovc response code [0]
08-05 09:29:01.734  1488  2343 W libovd  : [2026-08-05 09:29:01.734] [warn] [2343] [ovd_utils] soft_wdt.c:415 softwdt_feeddog dog DME inactive
08-05 09:29:01.761     0     0 I [1 T288   ..] vc: [0]invalid aiface param.
08-05 09:29:01.777     0     0 I [3 T288   ..] vc: [0]invalid aiface param.
08-05 09:29:01.798     0     0 I [3 T288   ..] vc: [0]invalid aiface param.
08-05 09:29:01.786   478  5373 I VDA     : [4##3]ServiceDeviceTask INs=52/59, OUTs=41/45 {IN=7/8, OUT=8/12[kAtAccelerator(0) kAtDevice(4) kAtClient(8)]}
08-05 09:29:01.810     0     0 I [3 T288   ..] vc: [0]invalid aiface param.
08-05 09:29:01.827     0     0 I [3 T288   ..] vc: [0]invalid aiface param.
08-05 09:29:01.844     0     0 I [3 T288   ..] vc: [0]invalid aiface param.
08-05 09:29:01.836   478  5373 I mediaserver: (null) is not set, used defaultValue = 1000
08-05 09:29:01.860     0     0 I [3 T288   ..] vc: [0]invalid aiface param.
08-05 09:29:01.853   478   913 I NU-AmNuPlayerDriver: [#4] [getCurrentPosition][752] position : 32010 msec
08-05 09:29:01.877     0     0 I [3 T288   ..] vc: [0]invalid aiface param.
08-05 09:29:01.861   478  5363 I NU-AmNuPlayerTunnelDecoder: [#4] INs=78/78, OUTs=46 [PLAYER(0) RENDER(4) V4L(3) VIDEOTUNNEL(5)]
08-05 09:29:01.894     0     0 I [3 T288   ..] vc: [0]invalid aiface param.
08-05 09:29:01.910     0     0 I [0 T288   ..] vc: [0]invalid aiface param.
08-05 09:29:01.927     0     0 I [0 T288   ..] vc: [0]invalid aiface param.
08-05 09:29:01.944     0     0 I [0 T288   ..] vc: [0]invalid aiface param.
08-05 09:29:01.960     0     0 I [0 T288   ..] vc: [0]invalid aiface param.
08-05 09:29:01.977     0     0 I [0 T288   ..] vc: [0]invalid aiface param.
08-05 09:29:01.994     0     0 I [0 T288   ..] vc: [0]invalid aiface param.
08-05 09:29:02.010     0     0 I [0 T288   ..] vc: [0]invalid aiface param.
08-05 09:29:02.027     0     0 I [0 T288   ..] vc: [0]invalid aiface param.
08-05 09:29:02.044     0     0 I [0 T288   ..] vc: [0]invalid aiface param.
08-05 09:29:02.060     0     0 I [2 T288   ..] vc: [0]invalid aiface param.
08-05 09:29:02.078     0     0 I [2 T288   ..] vc: [0]invalid aiface param.
08-05 09:29:02.094     0     0 I [2 T288   ..] vc: [0]invalid aiface param.
08-05 09:29:02.110     0     0 I [3 T288   ..] vc: [0]invalid aiface param.
08-05 09:29:02.127     0     0 I [3 T288   ..] vc: [0]invalid aiface param.
08-05 09:29:02.122  5167  5384 W adbd    : timed out while waiting for FUNCTIONFS_BIND, trying again
08-05 09:29:02.122  5167  5384 I adbd    : UsbFfs: connection terminated: monitor thread finished
08-05 09:29:02.122  5167  5167 I adbd    : UsbFfs: already offline
08-05 09:29:02.122  5167  5167 I adbd    : destroying transport UsbFfs
08-05 09:29:02.122  5167  5167 I adbd    : UsbFfsConnection being destroyed
08-05 09:29:02.144     0     0 I [3 T288   ..] vc: [0]invalid aiface param.
08-05 09:29:02.160     0     0 I [3 T288   ..] vc: [0]invalid aiface param.
08-05 09:29:02.157  5167  5171 I adbd    : opening control endpoint /dev/usb-ffs/adb/ep0
08-05 09:29:02.159  5167  5171 I adbd    : UsbFfsConnection constructed
08-05 09:29:02.159  5167  5391 I adbd    : UsbFfs-monitor thread spawned
08-05 09:29:02.182     0     0 I [3 T288   ..] vc: [0]invalid aiface param.
08-05 09:29:02.194     0     0 I [3 T288   ..] vc: [0]invalid aiface param.
08-05 09:29:02.210     0     0 I [3 T288   ..] vc: [0]invalid aiface param.
08-05 09:29:02.227     0     0 I [1 T288   ..] vc: [0]invalid aiface param.
08-05 09:29:02.244     0     0 I [1 T288   ..] vc: [0]invalid aiface param.
08-05 09:29:02.261     0     0 I [1 T288   ..] vc: [0]invalid aiface param.
08-05 09:29:02.277     0     0 I [1 T288   ..] vc: [0]invalid aiface param.
08-05 09:29:02.294     0     0 I [1 T288   ..] vc: [0]invalid aiface param.
08-05 09:29:02.310     0     0 I [3 T288   ..] vc: [0]invalid aiface param.
08-05 09:29:02.327     0     0 I [3 T288   ..] vc: [0]invalid aiface param.
08-05 09:29:02.344     0     0 I [3 T288   ..] vc: [0]invalid aiface param.
08-05 09:29:02.343  5240  5240 D CertificationTipUtils: showCertification audioType:0,is dolby vision:true
08-05 09:29:02.344   271  5335 I SystemControl: [CPQControl]:GetSourceHDRType: type is 6
08-05 09:29:02.344  5240  5240 D CertificationTipUtils: type:6
08-05 09:29:02.344  5240  5240 D CertificationTipUtils: function has move to system service
08-05 09:29:02.344  5240  5240 D CertificationTipUtils: showCertification audioType:0,is dolby vision:true
08-05 09:29:02.345   271   285 I SystemControl: [CPQControl]:GetSourceHDRType: type is 6
08-05 09:29:02.345  5240  5240 D CertificationTipUtils: type:6
08-05 09:29:02.345  5240  5240 D CertificationTipUtils: function has move to system service
08-05 09:29:02.363     0     0 I [3 T288   ..] vc: [0]invalid aiface param.
08-05 09:29:02.377     0     0 I [3 T288   ..] vc: [0]invalid aiface param.
08-05 09:29:02.394     0     0 I [3 T288   ..] vc: [0]invalid aiface param.
08-05 09:29:02.410     0     0 I [3 T288   ..] vc: [0]invalid aiface param.
08-05 09:29:02.427     0     0 I [3 T288   ..] vc: [0]invalid aiface param.
08-05 09:29:02.448     0     0 I [3 T288   ..] vc: [0]invalid aiface param.
08-05 09:29:02.460     0     0 I [3 T288   ..] vc: [0]invalid aiface param.
08-05 09:29:02.477     0     0 I [3 T288   ..] vc: [0]invalid aiface param.
08-05 09:29:02.494     0     0 I [3 T288   ..] vc: [0]invalid aiface param.
08-05 09:29:02.510     0     0 I [3 T288   ..] vc: [0]invalid aiface param.
08-05 09:29:02.527     0     0 I [3 T288   ..] vc: [0]invalid aiface param.
08-05 09:29:02.544     0     0 I [3 T288   ..] vc: [0]invalid aiface param.
08-05 09:29:02.560     0     0 I [3 T288   ..] vc: [0]invalid aiface param.
08-05 09:29:02.577     0     0 I [3 T288   ..] vc: [0]invalid aiface param.
08-05 09:29:02.594     0     0 I [3 T288   ..] vc: [0]invalid aiface param.
08-05 09:29:02.610     0     0 I [3 T288   ..] vc: [0]invalid aiface param.
08-05 09:29:02.627     0     0 I [3 T288   ..] vc: [0]invalid aiface param.
08-05 09:29:02.644     0     0 I [3 T288   ..] vc: [0]invalid aiface param.
08-05 09:29:02.660     0     0 I [3 T288   ..] vc: [0]invalid aiface param.
08-05 09:29:02.677     0     0 I [3 T288   ..] vc: [0]invalid aiface param.
08-05 09:29:02.694     0     0 I [3 T288   ..] vc: [0]invalid aiface param.
08-05 09:29:02.710     0     0 I [3 T288   ..] vc: [0]invalid aiface param.
08-05 09:29:02.727     0     0 I [3 T288   ..] vc: [0]invalid aiface param.
08-05 09:29:02.744     0     0 I [3 T288   ..] vc: [0]invalid aiface param.
08-05 09:29:02.760     0     0 I [3 T288   ..] vc: [0]invalid aiface param.
08-05 09:29:02.777     0     0 I [2 T288   ..] vc: [0]invalid aiface param.
08-05 09:29:02.794     0     0 I [2 T288   ..] vc: [0]invalid aiface param.
08-05 09:29:02.810     0     0 I [2 T288   ..] vc: [0]invalid aiface param.
08-05 09:29:02.801   478  5373 I VDA     : [4##3]ServiceDeviceTask INs=113/120, OUTs=102/106 {IN=7/8, OUT=8/12[kAtAccelerator(0) kAtDevice(4) kAtClient(8)]}
08-05 09:29:02.827     0     0 I [2 T288   ..] vc: [0]invalid aiface param.
08-05 09:29:02.844     0     0 I [2 T288   ..] vc: [0]invalid aiface param.
08-05 09:29:02.836   478  5373 I mediaserver: (null) is not set, used defaultValue = 1000
08-05 09:29:02.860     0     0 I [2 T288   ..] vc: [0]invalid aiface param.
08-05 09:29:02.877     0     0 I [2 T288   ..] vc: [0]invalid aiface param.
08-05 09:29:02.861   478  5363 I NU-AmNuPlayerTunnelDecoder: [#4] INs=138/138, OUTs=106 [PLAYER(0) RENDER(4) V4L(3) VIDEOTUNNEL(5)]
08-05 09:29:02.864   478  5346 I NU-AmNuPlayerDriver: [#4] [getCurrentPosition][752] position : 33021 msec
08-05 09:29:02.894     0     0 I [2 T288   ..] vc: [0]invalid aiface param.
08-05 09:29:02.910     0     0 I [2 T288   ..] vc: [0]invalid aiface param.
08-05 09:29:02.927     0     0 I [2 T288   ..] vc: [0]invalid aiface param.
08-05 09:29:02.944     0     0 I [2 T288   ..] vc: [0]invalid aiface param.
08-05 09:29:02.960     0     0 I [2 T288   ..] vc: [0]invalid aiface param.
08-05 09:29:02.977     0     0 I [2 T288   ..] vc: [0]invalid aiface param.
08-05 09:29:02.994     0     0 I [2 T288   ..] vc: [0]invalid aiface param.
08-05 09:29:03.010     0     0 I [2 T288   ..] vc: [0]invalid aiface param.
08-05 09:29:03.027     0     0 I [2 T288   ..] vc: [0]invalid aiface param.
08-05 09:29:03.044     0     0 I [2 T288   ..] vc: [0]invalid aiface param.
08-05 09:29:03.060     0     0 I [2 T288   ..] vc: [0]invalid aiface param.
08-05 09:29:03.077     0     0 I [2 T288   ..] vc: [0]invalid aiface param.
08-05 09:29:03.094     0     0 I [2 T288   ..] vc: [0]invalid aiface param.
08-05 09:29:03.110     0     0 I [2 T288   ..] vc: [0]invalid aiface param.
08-05 09:29:03.128     0     0 I [0 T288   ..] vc: [0]invalid aiface param.
08-05 09:29:03.144     0     0 I [2 T288   ..] vc: [0]invalid aiface param.
08-05 09:29:03.160     0     0 I [2 T288   ..] vc: [0]invalid aiface param.
08-05 09:29:03.160  5167  5391 W adbd    : timed out while waiting for FUNCTIONFS_BIND, trying again
08-05 09:29:03.161  5167  5391 I adbd    : UsbFfs: connection terminated: monitor thread finished
08-05 09:29:03.161  5167  5167 I adbd    : UsbFfs: already offline
08-05 09:29:03.161  5167  5167 I adbd    : destroying transport UsbFfs
08-05 09:29:03.161  5167  5167 I adbd    : UsbFfsConnection being destroyed
08-05 09:29:03.177     0     0 I [2 T288   ..] vc: [0]invalid aiface param.
08-05 09:29:03.172   572   644 W ProcessStats: Tracking association SourceState{6bdeed5 com.iflytek.xiri/10018 Fgs #1093} whose proc state 3 is better than process ProcessState{6bd282b com.android.webview:webview_service/10036 pkg=com.android.webview} proc state 14 (10 skipped)
08-05 09:29:03.194     0     0 I [2 T288   ..] vc: [0]invalid aiface param.
08-05 09:29:03.210     0     0 I [1 T288   ..] vc: [0]invalid aiface param.
08-05 09:29:03.201  5167  5171 I adbd    : opening control endpoint /dev/usb-ffs/adb/ep0
08-05 09:29:03.203  5167  5171 I adbd    : UsbFfsConnection constructed
08-05 09:29:03.204  5167  5392 I adbd    : UsbFfs-monitor thread spawned
08-05 09:29:03.227     0     0 I [3 T288   ..] vc: [0]invalid aiface param.
08-05 09:29:03.244     0     0 I [3 T288   ..] vc: [0]invalid aiface param.
08-05 09:29:03.260     0     0 I [3 T288   ..] vc: [0]invalid aiface param.
08-05 09:29:03.277     0     0 I [3 T288   ..] vc: [0]invalid aiface param.
08-05 09:29:03.294     0     0 I [3 T288   ..] vc: [0]invalid aiface param.
08-05 09:29:03.310     0     0 I [3 T288   ..] vc: [0]invalid aiface param.
08-05 09:29:03.327     0     0 I [3 T288   ..] vc: [0]invalid aiface param.
08-05 09:29:03.344     0     0 I [3 T288   ..] vc: [0]invalid aiface param.
08-05 09:29:03.360     0     0 I [3 T288   ..] vc: [0]invalid aiface param.
08-05 09:29:03.377     0     0 I [3 T288   ..] vc: [0]invalid aiface param.
08-05 09:29:03.394     0     0 I [3 T288   ..] vc: [0]invalid aiface param.
08-05 09:29:03.410     0     0 I [3 T288   ..] vc: [0]invalid aiface param.
08-05 09:29:03.397   361  1263 I audio_hw_hal_stream: aml_stream_out_info_print: out:0xe47c5d80, stream_type:pcm, sync_mode:non tunnel, input_size:19750912 bytes
08-05 09:29:03.397   361  1263 I audio_hw_hal_stream: aml_stream_out_info_print: last_time:3475176 ms (sec:3475, nsec:176828322), last_position:102749 ms (4931968), cur_time:3475227 ms (sec:3475, nsec:227223322), cur_position:102797 ms (4934272)
08-05 09:29:03.397   361  1263 I audio_hw_hal_stream: aml_stream_out_info_print: time_gap:51 ms (thr:100 ms), position_gap:48 ms, delay:72 ms, jitter: Position gap is behind system time gap by 3 ms (thr:100 ms)
08-05 09:29:03.427     0     0 I [3 T288   ..] vc: [0]invalid aiface param.
08-05 09:29:03.444     0     0 I [3 T288   ..] vc: [0]invalid aiface param.
08-05 09:29:03.460     0     0 I [3 T288   ..] vc: [0]invalid aiface param.
08-05 09:29:03.477     0     0 I [0 T288   ..] vc: [0]invalid aiface param.
08-05 09:29:03.494     0     0 I [2 T288   ..] vc: [0]invalid aiface param.
08-05 09:29:03.510     0     0 I [2 T288   ..] vc: [0]invalid aiface param.
08-05 09:29:03.527     0     0 I [2 T288   ..] vc: [0]invalid aiface param.
08-05 09:29:03.544     0     0 I [2 T288   ..] vc: [0]invalid aiface param.
08-05 09:29:03.560     0     0 I [2 T288   ..] vc: [0]invalid aiface param.
08-05 09:29:03.577     0     0 I [2 T288   ..] vc: [0]invalid aiface param.
08-05 09:29:03.594     0     0 I [0 T288   ..] vc: [0]invalid aiface param.
08-05 09:29:03.610     0     0 I [3 T288   ..] vc: [0]invalid aiface param.
08-05 09:29:03.627     0     0 I [3 T288   ..] vc: [0]invalid aiface param.
08-05 09:29:03.644     0     0 I [3 T288   ..] vc: [0]invalid aiface param.
08-05 09:29:03.660     0     0 I [3 T288   ..] vc: [0]invalid aiface param.
08-05 09:29:03.677     0     0 I [3 T288   ..] vc: [0]invalid aiface param.
08-05 09:29:03.694     0     0 I [3 T288   ..] vc: [0]invalid aiface param.
08-05 09:29:03.710     0     0 I [3 T288   ..] vc: [0]invalid aiface param.
08-05 09:29:03.727     0     0 I [3 T288   ..] vc: [0]invalid aiface param.
08-05 09:29:03.744     0     0 I [3 T288   ..] vc: [0]invalid aiface param.
08-05 09:29:03.760     0     0 I [3 T288   ..] vc: [0]invalid aiface param.
08-05 09:29:03.760   478  5095 D BufferPoolAccessor2.0: bufferpool2 0xe7102308 : 0(0 size) total buffers - 0(0 size) used buffers - 298/306 (recycle/alloc) - 8/606 (fetch/transfer)
08-05 09:29:03.760   478  5095 D BufferPoolAccessor2.0: evictor expired: 1, evicted: 1
08-05 09:29:03.777     0     0 I [3 T288   ..] vc: [0]invalid aiface param.
08-05 09:29:03.762   367   783 D BufferPoolAccessor2.0: bufferpool2 0xea8c04a8 : 0(0 size) total buffers - 0(0 size) used buffers - 298/302 (recycle/alloc) - 5/302 (fetch/transfer)
08-05 09:29:03.762   367   783 D BufferPoolAccessor2.0: evictor expired: 1, evicted: 1
08-05 09:29:03.794     0     0 I [3 T288   ..] vc: [0]invalid aiface param.
08-05 09:29:03.810     0     0 I [3 T288   ..] vc: [0]invalid aiface param.
08-05 09:29:03.802   478  5373 I VDA     : [4##3]ServiceDeviceTask INs=173/180, OUTs=162/166 {IN=7/8, OUT=8/12[kAtAccelerator(0) kAtDevice(4) kAtClient(8)]}
08-05 09:29:03.827     0     0 I [3 T288   ..] vc: [0]invalid aiface param.
08-05 09:29:03.844     0     0 I [3 T288   ..] vc: [0]invalid aiface param.
08-05 09:29:03.837   478  5373 I mediaserver: (null) is not set, used defaultValue = 1000
08-05 09:29:03.860     0     0 I [3 T288   ..] vc: [0]invalid aiface param.
08-05 09:29:03.877     0     0 I [3 T288   ..] vc: [0]invalid aiface param.
08-05 09:29:03.862   478  5363 I NU-AmNuPlayerTunnelDecoder: [#4] INs=198/198, OUTs=166 [PLAYER(0) RENDER(4) V4L(4) VIDEOTUNNEL(4)]
08-05 09:29:03.875   478   913 I NU-AmNuPlayerDriver: [#4] [getCurrentPosition][752] position : 34033 msec
08-05 09:29:03.894     0     0 I [3 T288   ..] vc: [0]invalid aiface param.
08-05 09:29:03.910     0     0 I [3 T288   ..] vc: [0]invalid aiface param.
08-05 09:29:03.927     0     0 I [3 T288   ..] vc: [0]invalid aiface param.
08-05 09:29:03.944     0     0 I [3 T288   ..] vc: [0]invalid aiface param.
08-05 09:29:03.960     0     0 I [3 T288   ..] vc: [0]invalid aiface param.
08-05 09:29:03.952   478  5373 I NU-AmNuPlayerTunnelDecoder: [#4] update mInputDecodeDoneCount, now 172, new 179
08-05 09:29:03.980     0     0 I [3 T288   ..] vc: [0]invalid aiface param.
08-05 09:29:03.970   478  5373 I AmlManagePts: [0]"insert  push:207:0\n"
08-05 09:29:03.994     0     0 I [3 T288   ..] vc: [0]invalid aiface param.
08-05 09:29:03.986   478  5373 I AmlManagePts: [0]"insert  push:209:0\n"
08-05 09:29:03.987   478  5373 I AmlManagePts: [0]"insert  push:210:0\n"
08-05 09:29:04.010     0     0 I [3 T288   ..] vc: [0]invalid aiface param.
08-05 09:29:04.002   478  5373 I AmlManagePts: [0]"insert  push:211:0\n"
08-05 09:29:04.003   478  5373 I AmlManagePts: [0]"insert  push:213:0\n"
08-05 09:29:04.027     0     0 I [3 T288   ..] vc: [0]invalid aiface param.
08-05 09:29:04.044     0     0 I [3 T288   ..] vc: [0]invalid aiface param.
08-05 09:29:04.060     0     0 I [3 T288   ..] vc: [0]invalid aiface param.
08-05 09:29:04.086     0     0 I [3 T288   ..] vc: [0]invalid aiface param.
08-05 09:29:04.094     0     0 I [3 T288   ..] vc: [0]invalid aiface param.
08-05 09:29:04.110     0     0 I [3 T288   ..] vc: [0]invalid aiface param.
08-05 09:29:04.127     0     0 I [2 T288   ..] vc: [0]invalid aiface param.
08-05 09:29:04.144     0     0 I [2 T288   ..] vc: [0]invalid aiface param.
08-05 09:29:04.163     0     0 I [2 T288   ..] vc: [0]invalid aiface param.
08-05 09:29:04.177     0     0 I [2 T288   ..] vc: [0]invalid aiface param.
08-05 09:29:04.194     0     0 I [2 T288   ..] vc: [0]invalid aiface param.
08-05 09:29:04.210     0     0 I [2 T288   ..] vc: [0]invalid aiface param.
08-05 09:29:04.205  5167  5392 W adbd    : timed out while waiting for FUNCTIONFS_BIND, trying again
08-05 09:29:04.205  5167  5392 I adbd    : UsbFfs: connection terminated: monitor thread finished
08-05 09:29:04.205  5167  5167 I adbd    : UsbFfs: already offline
08-05 09:29:04.205  5167  5167 I adbd    : destroying transport UsbFfs
08-05 09:29:04.205  5167  5167 I adbd    : UsbFfsConnection being destroyed
08-05 09:29:04.227     0     0 I [2 T288   ..] vc: [0]invalid aiface param.
08-05 09:29:04.247     0     0 I [2 T288   ..] vc: [0]invalid aiface param.
08-05 09:29:04.260     0     0 I [2 T288   ..] vc: [0]invalid aiface param.
08-05 09:29:04.245  5167  5171 I adbd    : opening control endpoint /dev/usb-ffs/adb/ep0
08-05 09:29:04.246  5167  5171 I adbd    : UsbFfsConnection constructed
08-05 09:29:04.247  5167  5393 I adbd    : UsbFfs-monitor thread spawned
08-05 09:29:04.277     0     0 I [2 T288   ..] vc: [0]invalid aiface param.
08-05 09:29:04.294     0     0 I [2 T288   ..] vc: [0]invalid aiface param.
08-05 09:29:04.310     0     0 I [2 T288   ..] vc: [0]invalid aiface param.
08-05 09:29:04.327     0     0 I [2 T288   ..] vc: [0]invalid aiface param.
08-05 09:29:04.344     0     0 I [1 T288   ..] vc: [0]invalid aiface param.
08-05 09:29:04.360     0     0 I [1 T288   ..] vc: [0]invalid aiface param.
08-05 09:29:04.377     0     0 I [1 T288   ..] vc: [0]invalid aiface param.
08-05 09:29:04.394     0     0 I [1 T288   ..] vc: [0]invalid aiface param.
08-05 09:29:04.410     0     0 I [1 T288   ..] vc: [0]invalid aiface param.
08-05 09:29:04.427     0     0 I [2 T288   ..] vc: [0]invalid aiface param.
08-05 09:29:04.444     0     0 I [2 T288   ..] vc: [0]invalid aiface param.
08-05 09:29:04.460     0     0 I [2 T288   ..] vc: [0]invalid aiface param.
08-05 09:29:04.477     0     0 I [2 T288   ..] vc: [0]invalid aiface param.
08-05 09:29:04.494     0     0 I [2 T288   ..] vc: [0]invalid aiface param.
08-05 09:29:04.511     0     0 I [2 T288   ..] vc: [0]invalid aiface param.
08-05 09:29:04.527     0     0 I [2 T288   ..] vc: [0]invalid aiface param.
08-05 09:29:04.544     0     0 I [0 T288   ..] vc: [0]invalid aiface param.
08-05 09:29:04.560     0     0 I [1 T288   ..] vc: [0]invalid aiface param.
08-05 09:29:04.578     0     0 I [1 T288   ..] vc: [0]invalid aiface param.
08-05 09:29:04.594     0     0 I [1 T288   ..] vc: [0]invalid aiface param.
08-05 09:29:04.610     0     0 I [0 T288   ..] vc: [0]invalid aiface param.
08-05 09:29:04.627     0     0 I [0 T288   ..] vc: [0]invalid aiface param.
08-05 09:29:04.644     0     0 I [0 T288   ..] vc: [0]invalid aiface param.
08-05 09:29:04.660     0     0 I [3 T288   ..] vc: [0]invalid aiface param.
08-05 09:29:04.682     0     0 I [0 T288   ..] vc: [0]invalid aiface param.
08-05 09:29:04.694     0     0 I [2 T288   ..] vc: [0]invalid aiface param.
08-05 09:29:04.710     0     0 I [2 T288   ..] vc: [0]invalid aiface param.
08-05 09:29:04.727     0     0 I [2 T288   ..] vc: [0]invalid aiface param.
08-05 09:29:04.744     0     0 I [1 T288   ..] vc: [0]invalid aiface param.
08-05 09:29:04.760     0     0 I [1 T288   ..] vc: [0]invalid aiface param.
08-05 09:29:04.777     0     0 I [1 T288   ..] vc: [0]invalid aiface param.
08-05 09:29:04.794     0     0 I [1 T288   ..] vc: [0]invalid aiface param.
08-05 09:29:04.810     0     0 I [1 T288   ..] vc: [0]invalid aiface param.
08-05 09:29:04.827     0     0 I [1 T288   ..] vc: [0]invalid aiface param.
08-05 09:29:04.818   478  5373 I VDA     : [4##3]ServiceDeviceTask INs=234/241, OUTs=223/227 {IN=7/8, OUT=8/12[kAtAccelerator(0) kAtDevice(4) kAtClient(8)]}
08-05 09:29:04.844     0     0 I [1 T288   ..] vc: [0]invalid aiface param.
08-05 09:29:04.837   478  5373 I mediaserver: (null) is not set, used defaultValue = 1000
08-05 09:29:04.860     0     0 I [1 T288   ..] vc: [0]invalid aiface param.
08-05 09:29:04.877     0     0 I [1 T288   ..] vc: [0]invalid aiface param.
08-05 09:29:04.862   478  5363 I NU-AmNuPlayerTunnelDecoder: [#4] INs=265/265, OUTs=233 [PLAYER(0) RENDER(4) V4L(4) VIDEOTUNNEL(4)]
08-05 09:29:04.894     0     0 I [1 T288   ..] vc: [0]invalid aiface param.
08-05 09:29:04.886   478   913 I NU-AmNuPlayerDriver: [#4] [getCurrentPosition][752] position : 35043 msec
08-05 09:29:04.910     0     0 I [1 T288   ..] vc: [0]invalid aiface param.
08-05 09:29:04.927     0     0 I [1 T288   ..] vc: [0]invalid aiface param.
08-05 09:29:04.944     0     0 I [1 T288   ..] vc: [0]invalid aiface param.
08-05 09:29:04.960     0     0 I [1 T288   ..] vc: [0]invalid aiface param.
08-05 09:29:04.977     0     0 I [1 T288   ..] vc: [0]invalid aiface param.
08-05 09:29:04.994     0     0 I [1 T288   ..] vc: [0]invalid aiface param.
08-05 09:29:05.010     0     0 I [1 T288   ..] vc: [0]invalid aiface param.
08-05 09:29:05.027     0     0 I [1 T288   ..] vc: [0]invalid aiface param.
08-05 09:29:05.044     0     0 I [1 T288   ..] vc: [0]invalid aiface param.
08-05 09:29:05.060     0     0 I [1 T288   ..] vc: [0]invalid aiface param.
08-05 09:29:05.077     0     0 I [1 T288   ..] vc: [0]invalid aiface param.
08-05 09:29:05.094     0     0 I [1 T288   ..] vc: [0]invalid aiface param.
08-05 09:29:05.111     0     0 I [1 T288   ..] vc: [0]invalid aiface param.
08-05 09:29:05.127     0     0 I [1 T288   ..] vc: [0]invalid aiface param.
08-05 09:29:05.144     0     0 I [1 T288   ..] vc: [0]invalid aiface param.
08-05 09:29:05.160     0     0 I [1 T288   ..] vc: [0]invalid aiface param.
08-05 09:29:05.177     0     0 I [1 T288   ..] vc: [0]invalid aiface param.
08-05 09:29:05.194     0     0 I [1 T288   ..] vc: [0]invalid aiface param.
08-05 09:29:05.210     0     0 I [1 T288   ..] vc: [0]invalid aiface param.
08-05 09:29:05.227     0     0 I [1 T288   ..] vc: [0]invalid aiface param.
08-05 09:29:05.244     0     0 I [1 T288   ..] vc: [0]invalid aiface param.
08-05 09:29:05.263     0     0 I [1 T288   ..] vc: [0]invalid aiface param.
08-05 09:29:05.248  5167  5393 W adbd    : timed out while waiting for FUNCTIONFS_BIND, trying again
08-05 09:29:05.248  5167  5393 I adbd    : UsbFfs: connection terminated: monitor thread finished
08-05 09:29:05.248  5167  5167 I adbd    : UsbFfs: already offline
08-05 09:29:05.249  5167  5167 I adbd    : destroying transport UsbFfs
08-05 09:29:05.249  5167  5167 I adbd    : UsbFfsConnection being destroyed
08-05 09:29:05.277     0     0 I [1 T288   ..] vc: [0]invalid aiface param.
08-05 09:29:05.294     0     0 I [0 T288   ..] vc: [0]invalid aiface param.
08-05 09:29:05.286  5167  5171 I adbd    : opening control endpoint /dev/usb-ffs/adb/ep0
08-05 09:29:05.287  5167  5171 I adbd    : UsbFfsConnection constructed
08-05 09:29:05.288  5167  5394 I adbd    : UsbFfs-monitor thread spawned
08-05 09:29:05.310     0     0 I [2 T288   ..] vc: [0]invalid aiface param.
08-05 09:29:05.327     0     0 I [2 T288   ..] vc: [0]invalid aiface param.
08-05 09:29:05.345     0     0 I [2 T288   ..] vc: [0]invalid aiface param.
08-05 09:29:05.360     0     0 I [2 T288   ..] vc: [0]invalid aiface param.
08-05 09:29:05.377     0     0 I [2 T288   ..] vc: [0]invalid aiface param.
08-05 09:29:05.394     0     0 I [2 T288   ..] vc: [0]invalid aiface param.
08-05 09:29:05.410     0     0 I [2 T288   ..] vc: [0]invalid aiface param.
08-05 09:29:05.433     0     0 I [2 T288   ..] vc: [0]invalid aiface param.
08-05 09:29:05.444     0     0 I [2 T288   ..] vc: [0]invalid aiface param.
08-05 09:29:05.460     0     0 I [2 T288   ..] vc: [0]invalid aiface param.
08-05 09:29:05.477     0     0 I [2 T288   ..] vc: [0]invalid aiface param.
08-05 09:29:05.494     0     0 I [2 T288   ..] vc: [0]invalid aiface param.
08-05 09:29:05.510     0     0 I [2 T288   ..] vc: [0]invalid aiface param.
08-05 09:29:05.527     0     0 I [2 T288   ..] vc: [0]invalid aiface param.
08-05 09:29:05.544     0     0 I [2 T288   ..] vc: [0]invalid aiface param.
08-05 09:29:05.560     0     0 I [2 T288   ..] vc: [0]invalid aiface param.
08-05 09:29:05.577     0     0 I [2 T288   ..] vc: [0]invalid aiface param.
08-05 09:29:05.594     0     0 I [2 T288   ..] vc: [0]invalid aiface param.
08-05 09:29:05.618     0     0 I [2 T288   ..] vc: [0]invalid aiface param.
08-05 09:29:05.627     0     0 I [2 T288   ..] vc: [0]invalid aiface param.
08-05 09:29:05.644     0     0 I [2 T288   ..] vc: [0]invalid aiface param.
08-05 09:29:05.660     0     0 I [2 T288   ..] vc: [0]invalid aiface param.
08-05 09:29:05.677     0     0 I [2 T288   ..] vc: [0]invalid aiface param.
08-05 09:29:05.694     0     0 I [2 T288   ..] vc: [0]invalid aiface param.
08-05 09:29:05.710     0     0 I [2 T288   ..] vc: [0]invalid aiface param.
08-05 09:29:05.727     0     0 I [2 T288   ..] vc: [0]invalid aiface param.
08-05 09:29:05.744     0     0 I [2 T288   ..] vc: [0]invalid aiface param.
08-05 09:29:05.760     0     0 I [2 T288   ..] vc: [0]invalid aiface param.
08-05 09:29:05.778     0     0 I [2 T288   ..] vc: [0]invalid aiface param.
08-05 09:29:05.794     0     0 I [2 T288   ..] vc: [0]invalid aiface param.
08-05 09:29:05.810     0     0 I [2 T288   ..] vc: [0]invalid aiface param.
08-05 09:29:05.827     0     0 I [2 T288   ..] vc: [0]invalid aiface param.
08-05 09:29:05.819   478  5373 I VDA     : [4##3]ServiceDeviceTask INs=294/302, OUTs=284/287 {IN=8/8, OUT=9/12[kAtAccelerator(0) kAtDevice(3) kAtClient(9)]}
08-05 09:29:05.844     0     0 I [2 T288   ..] vc: [0]invalid aiface param.
08-05 09:29:05.837   478  5373 I mediaserver: (null) is not set, used defaultValue = 1000
08-05 09:29:05.860     0     0 I [2 T288   ..] vc: [0]invalid aiface param.
08-05 09:29:05.845  5240  5240 D CertificationTipUtils: closeCertificationDV
08-05 09:29:05.845  5240  5240 D CertificationTipUtils: closeCertificationDV
08-05 09:29:05.877     0     0 I [2 T288   ..] vc: [0]invalid aiface param.
08-05 09:29:05.862   478  5363 I NU-AmNuPlayerTunnelDecoder: [#4] INs=325/325, OUTs=293 [PLAYER(0) RENDER(4) V4L(4) VIDEOTUNNEL(4)]
08-05 09:29:05.894     0     0 I [2 T288   ..] vc: [0]invalid aiface param.
08-05 09:29:05.910     0     0 I [1 T288   ..] vc: [0]invalid aiface param.
08-05 09:29:05.897   478   913 I NU-AmNuPlayerDriver: [#4] [getCurrentPosition][752] position : 36055 msec
08-05 09:29:05.927     0     0 I [1 T288   ..] vc: [0]invalid aiface param.
08-05 09:29:05.944     0     0 I [1 T288   ..] vc: [0]invalid aiface param.
08-05 09:29:05.960     0     0 I [1 T288   ..] vc: [0]invalid aiface param.
08-05 09:29:05.977     0     0 I [1 T288   ..] vc: [0]invalid aiface param.
08-05 09:29:05.994     0     0 I [1 T288   ..] vc: [0]invalid aiface param.
08-05 09:29:06.010     0     0 I [2 T288   ..] vc: [0]invalid aiface param.
08-05 09:29:06.027     0     0 I [0 T288   ..] vc: [0]invalid aiface param.
08-05 09:29:06.018   478  5367 D BufferPoolAccessor2.0: bufferpool2 0xe7102d28 : 8(16777216 size) total buffers - 5(10485760 size) used buffers - 284/292 (recycle/alloc) - 8/580 (fetch/transfer)
08-05 09:29:06.022   367  5374 D BufferPoolAccessor2.0: bufferpool2 0xea8c1c48 : 4(16384 size) total buffers - 1(4096 size) used buffers - 286/290 (recycle/alloc) - 4/289 (fetch/transfer)
08-05 09:29:06.047     0     0 I [0 T288   ..] vc: [0]invalid aiface param.
08-05 09:29:06.060     0     0 I [3 T288   ..] vc: [0]invalid aiface param.
08-05 09:29:06.077     0     0 I [3 T288   ..] vc: [0]invalid aiface param.
08-05 09:29:06.094     0     0 I [3 T288   ..] vc: [0]invalid aiface param.
08-05 09:29:06.110     0     0 I [3 T288   ..] vc: [0]invalid aiface param.
08-05 09:29:06.127     0     0 I [3 T288   ..] vc: [0]invalid aiface param.
08-05 09:29:06.144     0     0 I [3 T288   ..] vc: [0]invalid aiface param.
08-05 09:29:06.160     0     0 I [0 T288   ..] vc: [0]invalid aiface param.
08-05 09:29:06.177     0     0 I [0 T288   ..] vc: [0]invalid aiface param.
08-05 09:29:06.194     0     0 I [0 T288   ..] vc: [0]invalid aiface param.
08-05 09:29:06.210     0     0 I [0 T288   ..] vc: [0]invalid aiface param.
08-05 09:29:06.227     0     0 I [0 T288   ..] vc: [0]invalid aiface param.
08-05 09:29:06.244     0     0 I [0 T288   ..] vc: [0]invalid aiface param.
08-05 09:29:06.260     0     0 I [0 T288   ..] vc: [0]invalid aiface param.
08-05 09:29:06.277     0     0 I [0 T288   ..] vc: [0]invalid aiface param.
08-05 09:29:06.294     0     0 I [0 T288   ..] vc: [0]invalid aiface param.
08-05 09:29:06.289  5167  5394 W adbd    : timed out while waiting for FUNCTIONFS_BIND, trying again
08-05 09:29:06.289  5167  5394 I adbd    : UsbFfs: connection terminated: monitor thread finished
08-05 09:29:06.289  5167  5167 I adbd    : UsbFfs: already offline
08-05 09:29:06.289  5167  5167 I adbd    : destroying transport UsbFfs
08-05 09:29:06.289  5167  5167 I adbd    : UsbFfsConnection being destroyed
08-05 09:29:06.310     0     0 I [0 T288   ..] vc: [0]invalid aiface param.
08-05 09:29:06.327     0     0 I [0 T288   ..] vc: [0]invalid aiface param.
08-05 09:29:06.344     0     0 I [0 T288   ..] vc: [0]invalid aiface param.
08-05 09:29:06.332  5167  5171 I adbd    : opening control endpoint /dev/usb-ffs/adb/ep0
08-05 09:29:06.336  5167  5171 I adbd    : UsbFfsConnection constructed
08-05 09:29:06.337  5167  5396 I adbd    : UsbFfs-monitor thread spawned
08-05 09:29:06.361     0     0 I [1 T288   ..] vc: [0]invalid aiface param.
08-05 09:29:06.377     0     0 I [1 T288   ..] vc: [0]invalid aiface param.
08-05 09:29:06.394     0     0 I [1 T288   ..] vc: [0]invalid aiface param.
08-05 09:29:06.410     0     0 I [0 T288   ..] vc: [0]invalid aiface param.
08-05 09:29:06.427     0     0 I [0 T288   ..] vc: [0]invalid aiface param.
08-05 09:29:06.444     0     0 I [0 T288   ..] vc: [0]invalid aiface param.
08-05 09:29:06.460     0     0 I [0 T288   ..] vc: [0]invalid aiface param.
08-05 09:29:06.477     0     0 I [0 T288   ..] vc: [0]invalid aiface param.
08-05 09:29:06.494     0     0 I [0 T288   ..] vc: [0]invalid aiface param.
08-05 09:29:06.510     0     0 I [0 T288   ..] vc: [0]invalid aiface param.
08-05 09:29:06.527     0     0 I [0 T288   ..] vc: [0]invalid aiface param.
08-05 09:29:06.544     0     0 I [0 T288   ..] vc: [0]invalid aiface param.
08-05 09:29:06.560     0     0 I [1 T288   ..] vc: [0]invalid aiface param.
08-05 09:29:06.577     0     0 I [1 T288   ..] vc: [0]invalid aiface param.
08-05 09:29:06.594     0     0 I [1 T288   ..] vc: [0]invalid aiface param.
08-05 09:29:06.610     0     0 I [1 T288   ..] vc: [0]invalid aiface param.
08-05 09:29:06.627     0     0 I [1 T288   ..] vc: [0]invalid aiface param.
08-05 09:29:06.644     0     0 I [1 T288   ..] vc: [0]invalid aiface param.
08-05 09:29:06.660     0     0 I [1 T288   ..] vc: [0]invalid aiface param.
08-05 09:29:06.677     0     0 I [1 T288   ..] vc: [0]invalid aiface param.
08-05 09:29:06.694     0     0 I [1 T288   ..] vc: [0]invalid aiface param.
08-05 09:29:06.711     0     0 I [1 T288   ..] vc: [0]invalid aiface param.
08-05 09:29:06.727     0     0 I [1 T288   ..] vc: [0]invalid aiface param.
08-05 09:29:06.744     0     0 I [1 T288   ..] vc: [0]invalid aiface param.
08-05 09:29:06.761     0     0 I [0 T288   ..] vc: [0]invalid aiface param.
08-05 09:29:06.760   478  5095 D BufferPoolAccessor2.0: bufferpool2 0xe7101468 : 4(8388608 size) total buffers - 4(8388608 size) used buffers - 12/20 (recycle/alloc) - 8/36 (fetch/transfer)
08-05 09:29:06.760   478  5095 D BufferPoolAccessor2.0: evictor expired: 1, evicted: 1
08-05 09:29:06.778     0     0 I [0 T288   ..] vc: [0]invalid aiface param.
08-05 09:29:06.763   367   783 D BufferPoolAccessor2.0: bufferpool2 0xea8c1468 : 0(0 size) total buffers - 0(0 size) used buffers - 15/18 (recycle/alloc) - 3/18 (fetch/transfer)
08-05 09:29:06.763   367   783 D BufferPoolAccessor2.0: evictor expired: 1, evicted: 1
08-05 09:29:06.794     0     0 I [1 T288   ..] vc: [0]invalid aiface param.
08-05 09:29:06.810     0     0 I [1 T288   ..] vc: [0]invalid aiface param.
08-05 09:29:06.827     0     0 I [1 T288   ..] vc: [0]invalid aiface param.
08-05 09:29:06.819   478  5373 I VDA     : [4##3]ServiceDeviceTask INs=354/361, OUTs=343/347 {IN=7/8, OUT=8/12[kAtAccelerator(0) kAtDevice(4) kAtClient(8)]}
08-05 09:29:06.844     0     0 I [1 T288   ..] vc: [0]invalid aiface param.
08-05 09:29:06.837   478  5373 I mediaserver: (null) is not set, used defaultValue = 1000
08-05 09:29:06.860     0     0 I [1 T288   ..] vc: [0]invalid aiface param.
08-05 09:29:06.877     0     0 I [1 T288   ..] vc: [0]invalid aiface param.
08-05 09:29:06.863   478  5363 I NU-AmNuPlayerTunnelDecoder: [#4] INs=385/385, OUTs=353 [PLAYER(0) RENDER(4) V4L(4) VIDEOTUNNEL(4)]
08-05 09:29:06.894     0     0 I [1 T288   ..] vc: [0]invalid aiface param.
08-05 09:29:06.910     0     0 I [1 T288   ..] vc: [0]invalid aiface param.
08-05 09:29:06.908   478   913 I NU-AmNuPlayerDriver: [#4] [getCurrentPosition][752] position : 37066 msec
08-05 09:29:06.927     0     0 I [1 T288   ..] vc: [0]invalid aiface param.
08-05 09:29:06.944     0     0 I [1 T288   ..] vc: [0]invalid aiface param.
08-05 09:29:06.960     0     0 I [3 T288   ..] vc: [0]invalid aiface param.
08-05 09:29:06.977     0     0 I [3 T288   ..] vc: [0]invalid aiface param.
08-05 09:29:06.994     0     0 I [3 T288   ..] vc: [0]invalid aiface param.
08-05 09:29:07.010     0     0 I [3 T288   ..] vc: [0]invalid aiface param.
08-05 09:29:07.027     0     0 I [3 T288   ..] vc: [0]invalid aiface param.
08-05 09:29:07.044     0     0 I [3 T288   ..] vc: [0]invalid aiface param.
08-05 09:29:07.070     0     0 I [3 T288   ..] vc: [0]invalid aiface param.
08-05 09:29:07.077     0     0 I [3 T288   ..] vc: [0]invalid aiface param.
08-05 09:29:07.094     0     0 I [3 T288   ..] vc: [0]invalid aiface param.
08-05 09:29:07.110     0     0 I [3 T288   ..] vc: [0]invalid aiface param.
08-05 09:29:07.127     0     0 I [3 T288   ..] vc: [0]invalid aiface param.
08-05 09:29:07.146     0     0 I [3 T288   ..] vc: [0]invalid aiface param.
08-05 09:29:07.160     0     0 I [3 T288   ..] vc: [0]invalid aiface param.
08-05 09:29:07.177     0     0 I [3 T288   ..] vc: [0]invalid aiface param.
08-05 09:29:07.194     0     0 I [3 T288   ..] vc: [0]invalid aiface param.
08-05 09:29:07.210     0     0 I [3 T288   ..] vc: [0]invalid aiface param.
08-05 09:29:07.228     0     0 I [3 T288   ..] vc: [0]invalid aiface param.
08-05 09:29:07.244     0     0 I [3 T288   ..] vc: [0]invalid aiface param.
08-05 09:29:07.260     0     0 I [3 T288   ..] vc: [0]invalid aiface param.
08-05 09:29:07.277     0     0 I [3 T288   ..] vc: [0]invalid aiface param.
08-05 09:29:07.294     0     0 I [3 T288   ..] vc: [0]invalid aiface param.
08-05 09:29:07.311     0     0 I [3 T288   ..] vc: [0]invalid aiface param.
08-05 09:29:07.327     0     0 I [3 T288   ..] vc: [0]invalid aiface param.
08-05 09:29:07.344     0     0 I [3 T288   ..] vc: [0]invalid aiface param.
08-05 09:29:07.338  5167  5396 W adbd    : timed out while waiting for FUNCTIONFS_BIND, trying again
08-05 09:29:07.338  5167  5396 I adbd    : UsbFfs: connection terminated: monitor thread finished
08-05 09:29:07.339  5167  5167 I adbd    : UsbFfs: already offline
08-05 09:29:07.339  5167  5167 I adbd    : destroying transport UsbFfs
08-05 09:29:07.339  5167  5167 I adbd    : UsbFfsConnection being destroyed
08-05 09:29:07.361     0     0 I [3 T288   ..] vc: [0]invalid aiface param.
08-05 09:29:07.350   876  1022 I jarvis_Wallpaper: openWallpaper has system wallpaper
08-05 09:29:07.377     0     0 I [1 T288   ..] vc: [0]invalid aiface param.
08-05 09:29:07.373  5167  5171 I adbd    : opening control endpoint /dev/usb-ffs/adb/ep0
08-05 09:29:07.374  5167  5171 I adbd    : UsbFfsConnection constructed
08-05 09:29:07.374  5167  5399 I adbd    : UsbFfs-monitor thread spawned
08-05 09:29:07.394     0     0 I [1 T288   ..] vc: [0]invalid aiface param.
08-05 09:29:07.410     0     0 I [1 T288   ..] vc: [0]invalid aiface param.
08-05 09:29:07.427     0     0 I [1 T288   ..] vc: [0]invalid aiface param.
08-05 09:29:07.444     0     0 I [3 T288   ..] vc: [0]invalid aiface param.
08-05 09:29:07.460     0     0 I [3 T288   ..] vc: [0]invalid aiface param.
08-05 09:29:07.477     0     0 I [3 T288   ..] vc: [0]invalid aiface param.
08-05 09:29:07.494     0     0 I [3 T288   ..] vc: [0]invalid aiface param.
08-05 09:29:07.510     0     0 I [3 T288   ..] vc: [0]invalid aiface param.
08-05 09:29:07.527     0     0 I [3 T288   ..] vc: [0]invalid aiface param.
08-05 09:29:07.544     0     0 I [3 T288   ..] vc: [0]invalid aiface param.
08-05 09:29:07.560     0     0 I [3 T288   ..] vc: [0]invalid aiface param.
08-05 09:29:07.577     0     0 I [3 T288   ..] vc: [0]invalid aiface param.
08-05 09:29:07.594     0     0 I [3 T288   ..] vc: [0]invalid aiface param.
08-05 09:29:07.610     0     0 I [3 T288   ..] vc: [0]invalid aiface param.
08-05 09:29:07.627     0     0 I [3 T288   ..] vc: [0]invalid aiface param.
08-05 09:29:07.643     0     0 I [3 T288   ..] vc: [0]invalid aiface param.
08-05 09:29:07.661     0     0 I [3 T288   ..] vc: [0]invalid aiface param.
08-05 09:29:07.677     0     0 I [3 T288   ..] vc: [0]invalid aiface param.
08-05 09:29:07.693     0     0 I [3 T288   ..] vc: [0]invalid aiface param.
08-05 09:29:07.710     0     0 I [1 T288   ..] vc: [0]invalid aiface param.
08-05 09:29:07.727     0     0 I [1 T288   ..] vc: [0]invalid aiface param.
08-05 09:29:07.744     0     0 I [1 T288   ..] vc: [0]invalid aiface param.
08-05 09:29:07.760     0     0 I [1 T288   ..] vc: [0]invalid aiface param.
08-05 09:29:07.777     0     0 I [1 T288   ..] vc: [0]invalid aiface param.
08-05 09:29:07.794     0     0 I [1 T288   ..] vc: [0]invalid aiface param.
08-05 09:29:07.810     0     0 I [1 T288   ..] vc: [0]invalid aiface param.
08-05 09:29:07.827     0     0 I [1 T288   ..] vc: [0]invalid aiface param.
08-05 09:29:07.844     0     0 I [1 T288   ..] vc: [0]invalid aiface param.
08-05 09:29:07.835   478  5373 I VDA     : [4##3]ServiceDeviceTask INs=415/422, OUTs=404/408 {IN=7/8, OUT=8/12[kAtAccelerator(0) kAtDevice(4) kAtClient(8)]}
08-05 09:29:07.839   478  5373 I mediaserver: (null) is not set, used defaultValue = 1000
08-05 09:29:07.860     0     0 I [1 T288   ..] vc: [0]invalid aiface param.
08-05 09:29:07.877     0     0 I [1 T288   ..] vc: [0]invalid aiface param.
08-05 09:29:07.863   478  5363 I NU-AmNuPlayerTunnelDecoder: [#4] INs=445/445, OUTs=413 [PLAYER(0) RENDER(4) V4L(4) VIDEOTUNNEL(4)]
08-05 09:29:07.894     0     0 I [1 T288   ..] vc: [0]invalid aiface param.
08-05 09:29:07.910     0     0 I [1 T288   ..] vc: [0]invalid aiface param.
08-05 09:29:07.927     0     0 I [1 T288   ..] vc: [0]invalid aiface param.
08-05 09:29:07.920   478   913 I NU-AmNuPlayerDriver: [#4] [getCurrentPosition][752] position : 38078 msec
08-05 09:29:07.944     0     0 I [1 T288   ..] vc: [0]invalid aiface param.
08-05 09:29:07.965     0     0 I [1 T288   ..] vc: [0]invalid aiface param.
08-05 09:29:07.977     0     0 I [1 T288   ..] vc: [0]invalid aiface param.
08-05 09:29:07.994     0     0 I [1 T288   ..] vc: [0]invalid aiface param.
08-05 09:29:08.010     0     0 I [1 T288   ..] vc: [0]invalid aiface param.
08-05 09:29:08.027     0     0 I [3 T288   ..] vc: [0]invalid aiface param.
08-05 09:29:08.044     0     0 I [3 T288   ..] vc: [0]invalid aiface param.
08-05 09:29:08.060     0     0 I [3 T288   ..] vc: [0]invalid aiface param.
08-05 09:29:08.077     0     0 I [3 T288   ..] vc: [0]invalid aiface param.
08-05 09:29:08.094     0     0 I [3 T288   ..] vc: [0]invalid aiface param.
08-05 09:29:08.110     0     0 I [3 T288   ..] vc: [0]invalid aiface param.
08-05 09:29:08.127     0     0 I [3 T288   ..] vc: [0]invalid aiface param.
08-05 09:29:08.144     0     0 I [3 T288   ..] vc: [0]invalid aiface param.
08-05 09:29:08.161     0     0 I [3 T288   ..] vc: [0]invalid aiface param.
08-05 09:29:08.177     0     0 I [3 T288   ..] vc: [0]invalid aiface param.
08-05 09:29:08.194     0     0 I [3 T288   ..] vc: [0]invalid aiface param.
08-05 09:29:08.210     0     0 I [3 T288   ..] vc: [0]invalid aiface param.
08-05 09:29:08.227     0     0 I [3 T288   ..] vc: [0]invalid aiface param.
08-05 09:29:08.243     0     0 I [3 T288   ..] vc: [0]invalid aiface param.
08-05 09:29:08.260     0     0 I [3 T288   ..] vc: [0]invalid aiface param.
08-05 09:29:08.277     0     0 I [3 T288   ..] vc: [0]invalid aiface param.
08-05 09:29:08.294     0     0 I [3 T288   ..] vc: [0]invalid aiface param.
08-05 09:29:08.310     0     0 I [3 T288   ..] vc: [0]invalid aiface param.
08-05 09:29:08.327     0     0 I [3 T288   ..] vc: [0]invalid aiface param.
08-05 09:29:08.344     0     0 I [3 T288   ..] vc: [0]invalid aiface param.
08-05 09:29:08.360     0     0 I [3 T288   ..] vc: [0]invalid aiface param.
08-05 09:29:08.377     0     0 I [3 T288   ..] vc: [0]invalid aiface param.
08-05 09:29:08.376  5167  5399 W adbd    : timed out while waiting for FUNCTIONFS_BIND, trying again
08-05 09:29:08.376  5167  5399 I adbd    : UsbFfs: connection terminated: monitor thread finished
08-05 09:29:08.376  5167  5167 I adbd    : UsbFfs: already offline
08-05 09:29:08.376  5167  5167 I adbd    : destroying transport UsbFfs
08-05 09:29:08.376  5167  5167 I adbd    : UsbFfsConnection being destroyed
08-05 09:29:08.394     0     0 I [3 T288   ..] vc: [0]invalid aiface param.
08-05 09:29:08.410     0     0 I [3 T288   ..] vc: [0]invalid aiface param.
08-05 09:29:08.427     0     0 I [0 T288   ..] vc: [0]invalid aiface param.
08-05 09:29:08.418  5167  5171 I adbd    : opening control endpoint /dev/usb-ffs/adb/ep0
08-05 09:29:08.420  5167  5171 I adbd    : UsbFfsConnection constructed
08-05 09:29:08.420  5167  5400 I adbd    : UsbFfs-monitor thread spawned
08-05 09:29:08.444     0     0 I [0 T288   ..] vc: [0]invalid aiface param.
08-05 09:29:08.429   361  1263 I audio_hw_hal_stream: aml_stream_out_info_print: out:0xe47c5d80, stream_type:pcm, sync_mode:non tunnel, input_size:20717568 bytes
08-05 09:29:08.429   361  1263 I audio_hw_hal_stream: aml_stream_out_info_print: last_time:3480219 ms (sec:3480, nsec:219208158), last_position:107789 ms (5173888), cur_time:3480259 ms (sec:3480, nsec:259182158), cur_position:107829 ms (5175808)
08-05 09:29:08.429   361  1263 I audio_hw_hal_stream: aml_stream_out_info_print: time_gap:40 ms (thr:100 ms), position_gap:40 ms, delay:74 ms, jitter: Position gap is ahead of system time gap by 0 ms (thr:100 ms)
08-05 09:29:08.460     0     0 I [0 T288   ..] vc: [0]invalid aiface param.
08-05 09:29:08.477     0     0 I [0 T288   ..] vc: [0]invalid aiface param.
08-05 09:29:08.494     0     0 I [0 T288   ..] vc: [0]invalid aiface param.
08-05 09:29:08.510     0     0 I [0 T288   ..] vc: [0]invalid aiface param.
08-05 09:29:08.527     0     0 I [0 T288   ..] vc: [0]invalid aiface param.
08-05 09:29:08.544     0     0 I [0 T288   ..] vc: [0]invalid aiface param.
08-05 09:29:08.560     0     0 I [0 T288   ..] vc: [0]invalid aiface param.
08-05 09:29:08.578     0     0 I [0 T288   ..] vc: [0]invalid aiface param.
08-05 09:29:08.594     0     0 I [0 T288   ..] vc: [0]invalid aiface param.
08-05 09:29:08.610     0     0 I [0 T288   ..] vc: [0]invalid aiface param.
08-05 09:29:08.627     0     0 I [0 T288   ..] vc: [0]invalid aiface param.
08-05 09:29:08.644     0     0 I [0 T288   ..] vc: [0]invalid aiface param.
08-05 09:29:08.660     0     0 I [0 T288   ..] vc: [0]invalid aiface param.
08-05 09:29:08.677     0     0 I [0 T288   ..] vc: [0]invalid aiface param.
08-05 09:29:08.694     0     0 I [0 T288   ..] vc: [0]invalid aiface param.
08-05 09:29:08.710     0     0 I [0 T288   ..] vc: [0]invalid aiface param.
08-05 09:29:08.727     0     0 I [0 T288   ..] vc: [0]invalid aiface param.
08-05 09:29:08.744     0     0 I [0 T288   ..] vc: [0]invalid aiface param.
08-05 09:29:08.762     0     0 I [1 T288   ..] vc: [0]invalid aiface param.
08-05 09:29:08.777     0     0 I [1 T288   ..] vc: [0]invalid aiface param.
08-05 09:29:08.794     0     0 I [1 T288   ..] vc: [0]invalid aiface param.
08-05 09:29:08.810     0     0 I [1 T288   ..] vc: [0]invalid aiface param.
08-05 09:29:08.827     0     0 I [2 T288   ..] vc: [0]invalid aiface param.
08-05 09:29:08.844     0     0 I [0 T288   ..] vc: [0]invalid aiface param.
08-05 09:29:08.835   478  5373 I VDA     : [4##3]ServiceDeviceTask INs=475/483, OUTs=464/468 {IN=8/8, OUT=8/12[kAtAccelerator(0) kAtDevice(4) kAtClient(8)]}
08-05 09:29:08.839   478  5373 I mediaserver: (null) is not set, used defaultValue = 1000
08-05 09:29:08.860     0     0 I [3 T288   ..] vc: [0]invalid aiface param.
08-05 09:29:08.877     0     0 I [3 T288   ..] vc: [0]invalid aiface param.
08-05 09:29:08.863   478  5363 I NU-AmNuPlayerTunnelDecoder: [#4] INs=505/505, OUTs=473 [PLAYER(0) RENDER(4) V4L(4) VIDEOTUNNEL(4)]
08-05 09:29:08.894     0     0 I [3 T288   ..] vc: [0]invalid aiface param.
08-05 09:29:08.910     0     0 I [3 T288   ..] vc: [0]invalid aiface param.
08-05 09:29:08.927     0     0 I [3 T288   ..] vc: [0]invalid aiface param.
08-05 09:29:08.944     0     0 I [3 T288   ..] vc: [0]invalid aiface param.
08-05 09:29:08.931   478   913 I NU-AmNuPlayerDriver: [#4] [getCurrentPosition][752] position : 39088 msec
08-05 09:29:08.960     0     0 I [3 T288   ..] vc: [0]invalid aiface param.
08-05 09:29:08.977     0     0 I [3 T288   ..] vc: [0]invalid aiface param.
08-05 09:29:08.994     0     0 I [0 T288   ..] vc: [0]invalid aiface param.
08-05 09:29:09.010     0     0 I [0 T288   ..] vc: [0]invalid aiface param.
08-05 09:29:09.031     0     0 I [1 T288   ..] vc: [0]invalid aiface param.
08-05 09:29:09.044     0     0 I [1 T288   ..] vc: [0]invalid aiface param.
08-05 09:29:09.060     0     0 I [1 T288   ..] vc: [0]invalid aiface param.
08-05 09:29:09.077     0     0 I [1 T288   ..] vc: [0]invalid aiface param.
08-05 09:29:09.094     0     0 I [1 T288   ..] vc: [0]invalid aiface param.
08-05 09:29:09.113     0     0 I [1 T288   ..] vc: [0]invalid aiface param.
08-05 09:29:09.127     0     0 I [1 T288   ..] vc: [0]invalid aiface param.
08-05 09:29:09.144     0     0 I [1 T288   ..] vc: [0]invalid aiface param.
08-05 09:29:09.160     0     0 I [1 T288   ..] vc: [0]invalid aiface param.
08-05 09:29:09.177     0     0 I [1 T288   ..] vc: [0]invalid aiface param.
08-05 09:29:09.200     0     0 I [3 T288   ..] vc: [0]invalid aiface param.
08-05 09:29:09.210     0     0 I [3 T288   ..] vc: [0]invalid aiface param.
08-05 09:29:09.227     0     0 I [3 T288   ..] vc: [0]invalid aiface param.
08-05 09:29:09.244     0     0 I [3 T288   ..] vc: [0]invalid aiface param.
08-05 09:29:09.260     0     0 I [3 T288   ..] vc: [0]invalid aiface param.
08-05 09:29:09.277     0     0 I [3 T288   ..] vc: [0]invalid aiface param.
08-05 09:29:09.294     0     0 I [3 T288   ..] vc: [0]invalid aiface param.
08-05 09:29:09.310     0     0 I [3 T288   ..] vc: [0]invalid aiface param.
08-05 09:29:09.303   476  5383 D MediaBufferGroup: creating MemoryDealer
08-05 09:29:09.327     0     0 I [3 T288   ..] vc: [0]invalid aiface param.
08-05 09:29:09.344     0     0 I [3 T288   ..] vc: [0]invalid aiface param.
08-05 09:29:09.360     0     0 I [3 T288   ..] vc: [0]invalid aiface param.
08-05 09:29:09.377     0     0 I [3 T288   ..] vc: [0]invalid aiface param.
08-05 09:29:09.394     0     0 I [3 T288   ..] vc: [0]invalid aiface param.
08-05 09:29:09.410     0     0 I [3 T288   ..] vc: [0]invalid aiface param.
08-05 09:29:09.427     0     0 I [3 T288   ..] vc: [0]invalid aiface param.
08-05 09:29:09.421  5167  5400 W adbd    : timed out while waiting for FUNCTIONFS_BIND, trying again
08-05 09:29:09.422  5167  5400 I adbd    : UsbFfs: connection terminated: monitor thread finished
08-05 09:29:09.422  5167  5167 I adbd    : UsbFfs: already offline
08-05 09:29:09.422  5167  5167 I adbd    : destroying transport UsbFfs
08-05 09:29:09.422  5167  5167 I adbd    : UsbFfsConnection being destroyed
08-05 09:29:09.444     0     0 I [0 T288   ..] vc: [0]invalid aiface param.
08-05 09:29:09.460     0     0 I [2 T288   ..] vc: [0]invalid aiface param.
08-05 09:29:09.477     0     0 I [2 T288   ..] vc: [0]invalid aiface param.
08-05 09:29:09.465  5167  5171 I adbd    : opening control endpoint /dev/usb-ffs/adb/ep0
08-05 09:29:09.468  5167  5171 I adbd    : UsbFfsConnection constructed
08-05 09:29:09.468  5167  5401 I adbd    : UsbFfs-monitor thread spawned
08-05 09:29:09.494     0     0 I [2 T288   ..] vc: [0]invalid aiface param.
08-05 09:29:09.510     0     0 I [2 T288   ..] vc: [0]invalid aiface param.
08-05 09:29:09.527     0     0 I [2 T288   ..] vc: [0]invalid aiface param.
08-05 09:29:09.544     0     0 I [2 T288   ..] vc: [0]invalid aiface param.
08-05 09:29:09.560     0     0 I [2 T288   ..] vc: [0]invalid aiface param.
08-05 09:29:09.577     0     0 I [2 T288   ..] vc: [0]invalid aiface param.
08-05 09:29:09.594     0     0 I [3 T288   ..] vc: [0]invalid aiface param.
08-05 09:29:09.610     0     0 I [3 T288   ..] vc: [0]invalid aiface param.
08-05 09:29:09.627     0     0 I [1 T288   ..] vc: [0]invalid aiface param.
08-05 09:29:09.644     0     0 I [1 T288   ..] vc: [0]invalid aiface param.
08-05 09:29:09.660     0     0 I [1 T288   ..] vc: [0]invalid aiface param.
08-05 09:29:09.677     0     0 I [1 T288   ..] vc: [0]invalid aiface param.
08-05 09:29:09.693     0     0 I [1 T288   ..] vc: [0]invalid aiface param.
08-05 09:29:09.710     0     0 I [1 T288   ..] vc: [0]invalid aiface param.
08-05 09:29:09.728     0     0 I [1 T288   ..] vc: [0]invalid aiface param.
08-05 09:29:09.744     0     0 I [1 T288   ..] vc: [0]invalid aiface param.
08-05 09:29:09.760     0     0 I [1 T288   ..] vc: [0]invalid aiface param.
08-05 09:29:09.786     0     0 I [1 T288   ..] vc: [0]invalid aiface param.
08-05 09:29:09.794     0     0 I [1 T288   ..] vc: [0]invalid aiface param.
08-05 09:29:09.810     0     0 I [1 T288   ..] vc: [0]invalid aiface param.
08-05 09:29:09.827     0     0 I [0 T288   ..] vc: [0]invalid aiface param.
08-05 09:29:09.844     0     0 I [0 T288   ..] vc: [0]invalid aiface param.
08-05 09:29:09.838   478  5373 I VDA     : [4##3]ServiceDeviceTask INs=535/542, OUTs=524/528 {IN=7/8, OUT=8/12[kAtAccelerator(0) kAtDevice(4) kAtClient(8)]}
08-05 09:29:09.839   478  5373 I mediaserver: (null) is not set, used defaultValue = 1000
08-05 09:29:09.860     0     0 I [2 T288   ..] vc: [0]invalid aiface param.
08-05 09:29:09.877     0     0 I [2 T288   ..] vc: [0]invalid aiface param.
08-05 09:29:09.864   478  5363 I NU-AmNuPlayerTunnelDecoder: [#4] INs=565/565, OUTs=533 [PLAYER(0) RENDER(4) V4L(4) VIDEOTUNNEL(4)]
08-05 09:29:09.894     0     0 I [2 T288   ..] vc: [0]invalid aiface param.
08-05 09:29:09.910     0     0 I [2 T288   ..] vc: [0]invalid aiface param.
08-05 09:29:09.927     0     0 I [2 T288   ..] vc: [0]invalid aiface param.
08-05 09:29:09.944     0     0 I [2 T288   ..] vc: [0]invalid aiface param.
08-05 09:29:09.939   478   913 I NU-AmNuPlayerDriver: [#4] [getCurrentPosition][752] position : 40097 msec
08-05 09:29:09.960     0     0 I [0 T288   ..] vc: [0]invalid aiface param.
08-05 09:29:09.977     0     0 I [0 T288   ..] vc: [0]invalid aiface param.
08-05 09:29:09.994     0     0 I [0 T288   ..] vc: [0]invalid aiface param.
08-05 09:29:10.011     0     0 I [2 T288   ..] vc: [0]invalid aiface param.
08-05 09:29:10.027     0     0 I [2 T288   ..] vc: [0]invalid aiface param.
08-05 09:29:10.044     0     0 I [2 T288   ..] vc: [0]invalid aiface param.
08-05 09:29:10.060     0     0 I [2 T288   ..] vc: [0]invalid aiface param.
08-05 09:29:10.077     0     0 I [2 T288   ..] vc: [0]invalid aiface param.
08-05 09:29:10.094     0     0 I [2 T288   ..] vc: [0]invalid aiface param.
08-05 09:29:10.110     0     0 I [2 T288   ..] vc: [0]invalid aiface param.
08-05 09:29:10.127     0     0 I [2 T288   ..] vc: [0]invalid aiface param.
