--------- beginning of system
08-15 09:55:17.534   632   632 V HotPlugDetectionAction: Poll all devices.
--------- beginning of main
08-15 09:55:17.588   437   468 D hdmicecd: [CEC]:printCecMessage, [4 -> 0] len: 0, body:, result:no ack
08-15 09:55:17.644   437   468 D hdmicecd: [CEC]:printCecMessage, [4 -> 1] len: 0, body:, result:no ack
08-15 09:55:17.700   437   468 D hdmicecd: [CEC]:printCecMessage, [4 -> 3] len: 0, body:, result:no ack
08-15 09:55:17.756   437   468 D hdmicecd: [CEC]:printCecMessage, [4 -> 5] len: 0, body:, result:no ack
08-15 09:55:17.812   437   468 D hdmicecd: [CEC]:printCecMessage, [4 -> 8] len: 0, body:, result:no ack
08-15 09:55:17.868   437   468 D hdmicecd: [CEC]:printCecMessage, [4 -> b] len: 0, body:, result:no ack
08-15 09:55:17.924   437   468 D hdmicecd: [CEC]:printCecMessage, [4 -> e] len: 0, body:, result:no ack
08-15 09:55:17.926   632   632 D HdmiCecController: [P]:AllocatedAddress=[]
08-15 09:55:18.644  1504  1580 D AutoBond: handleMessage() called with: msg.what = [2]
08-15 09:55:18.644  1504  1580 D BluetoothAdapter: isLeEnabled(): ON
08-15 09:55:18.648  1019  1031 D ActivityAttributionService: notifyActivityAttributionInfo UID=1002 packageName=com.android.bluetooth deviceAddress=no_active_device_address
08-15 09:55:18.648  1019  1031 I bt_btif : packages/modules/Bluetooth/system/btif/src/bluetooth.cc:829 get_profile_interface: get_profile_interface: id = activity_attribution
08-15 09:55:18.648  1019  1329 I bt_stack: [INFO:le_scanning_manager.cc(168)] Scan in shim layer stopped
08-15 09:55:18.648  1019  1120 I bluetooth: packages/modules/Bluetooth/system/gd/hci/le_address_manager.cc:193 unregister_client: Client unregistered
08-15 09:55:18.653  1019  1031 I bt_stack: [INFO:le_scanning_manager.cc(162)] Unregister in shim layer, scanner_id:1
08-15 09:55:18.653  1504  1580 I AutoBond: 第 18 次停止蓝牙扫描
08-15 09:55:18.654  1504  1580 D AutoParingService: onStopScan() called with: i = [18]
08-15 09:55:18.657  1504  1580 D AutoBond: checkScanLimit: 扫描已持续时间:538996
08-15 09:55:18.657  1504  1580 D AutoBond: checkScanLimit: 扫描已进行:18次
08-15 09:55:18.657  1504  1580 D AutoBond: checkNextRound() called, ready scan.
08-15 09:55:20.659  1504  1580 D AutoBond: handleMessage() called with: msg.what = [1]
08-15 09:55:20.660  1504  1580 D AutoBond: checkScanLimit: 扫描已持续时间:540999
08-15 09:55:20.660  1504  1580 D AutoBond: checkScanLimit: 扫描已进行:18次
08-15 09:55:20.660  1504  1580 D BluetoothAdapter: isLeEnabled(): ON
08-15 09:55:20.663  1019  1031 I bt_stack: [INFO:le_scanning_manager.cc(155)] RegisterScanner in shim layer
08-15 09:55:20.663  1504  2912 D BluetoothLeScanner: onScannerRegistered() - status=0 scannerId=1 mScannerId=0
08-15 09:55:20.667  1019  1031 D ActivityAttributionService: notifyActivityAttributionInfo UID=1002 packageName=com.android.bluetooth deviceAddress=no_active_device_address
08-15 09:55:20.667  1019  1031 I bt_btif : packages/modules/Bluetooth/system/btif/src/bluetooth.cc:829 get_profile_interface: get_profile_interface: id = activity_attribution
08-15 09:55:20.667  1019  1329 I bt_stack: [INFO:le_scanning_manager.cc(168)] Scan in shim layer started
08-15 09:55:20.667  1019  1120 I bluetooth: packages/modules/Bluetooth/system/gd/hci/le_scanning_manager.cc:588 stop_scan: Scanning already stopped, return!
08-15 09:55:20.668  1019  1120 I bluetooth: packages/modules/Bluetooth/system/gd/hci/le_address_manager.cc:178 register_client: Client registered
08-15 09:55:20.668  1504  1580 I AutoBond: 第19次启动蓝牙扫描,true
08-15 09:55:20.668  1504  1580 D AutoParingService: onStartScan() called with: i = [19]
08-15 09:55:20.668  1019  1329 I bt_stack: [INFO:le_scanning_manager.cc(168)] Scan in shim layer stopped
08-15 09:55:20.668  1019  1120 I bluetooth: packages/modules/Bluetooth/system/gd/hci/le_address_manager.cc:193 unregister_client: Client unregistered
08-15 09:55:20.669  1019  1329 I bt_stack: [INFO:le_scanning_manager.cc(346)] SetScanParameters in shim layer
08-15 09:55:20.669  1019  1329 I bt_stack: [INFO:le_scanning_manager.cc(168)] Scan in shim layer started
08-15 09:55:20.669  1019  1120 I bluetooth: packages/modules/Bluetooth/system/gd/hci/le_scanning_manager.cc:588 stop_scan: Scanning already stopped, return!
08-15 09:55:20.669  1019  1120 I bluetooth: packages/modules/Bluetooth/system/gd/hci/le_address_manager.cc:178 register_client: Client registered
08-15 09:55:22.264   952  1073 I jarvis_Wallpaper: openWallpaper has system wallpaper
--------- beginning of kernel
08-15 09:55:26.750     0     0 W         : [1 T2958  ..] [W2][  MSG_TX] [aml_send_sync_trace 4770]sync token[59676] time[574432159981]
08-15 09:55:26.751     0     0 W         : [1 T832   ..] [W2][     CMD] [cmd_complete 65]cmd tkn[54]  flags:0000  result: -4  cmd: 105-MM_SYNC_TRACE            - reqcfm(   0-none)
08-15 09:55:29.707   632   724 W ActivityManager: mobile project skip check protected broadcast MqttService.pingSender.CMCC-592288-28BEF3247A81
08-15 09:55:29.708   632   661 D OomAdjuster: Not killing cached processes
08-15 09:55:29.708   952   952 D AlarmPingSender: Sending Ping at:1786758929708
08-15 09:55:29.709   632   661 W ProcessStats: Tracking association SourceState{a2f65f3 com.cmcc.lingxiagent/1000 Fgs #521} whose proc state 3 is better than process ProcessState{3f0dcf1 com.cmhi.universalapp.launcher.tvmonitor/10013 pkg=com.cmhi.universalapp.launcher.tvmonitor} proc state 14 (5 skipped)
08-15 09:55:29.710   952   952 D AlarmPingSender: Schedule next alarm at 1786758989710
08-15 09:55:29.710   952   952 D AlarmPingSender: Alarm scheule using setExactAndAllowWhileIdle, next: 60000
08-15 09:55:29.749   952  2467 D AlarmPingSender: Success. Release lock(MqttService.client.CMCC-592288-28BEF3247A81):1786758929749
08-15 09:55:29.858  1595  2064 D libovd  : [2026-08-15 09:55:29.858] [debug] [2064] [DME] DME_internal.c:1104 DME_backoff_algorithm backoff_result resum: 23
08-15 09:55:29.951  1595  2064 D libovd  : [2026-08-15 09:55:29.951] [debug] [2064] [DME] DME_main.c:649 DME_make_capinfo_hash data:{"device_type":0,"auto_reboot":true,"stream_encryption_mode":"NULL","media_protocol":"srt","talk_protocol":"ccrtc","replay_protocol":"srt","cloud_record":true,"netprobe_cap":1,"ivrs":true,"pic_upload_https":true,"log_upload_https":true,"firmware_download_https":true,"support_softprobe":false,"video_encrypt":false,"support_extension":"","camera_lens_type":0,"light_supplement_lamp":false,"support_4G":false,"battery":false,"screen":true,"smoke_sensor":false,"robot_housekeeper":0,"ptz":false,"trace":false,"support_ptz_preset":false,"zoomcontrol":false,"focuscontrol":false,"channel":0,"timed_dormancy":false,"switch":false,"SD":false,"led":false,"AIGC_cloud_record":false,"support_DN_mode":false,"playback_speed":0,"support_get_SDcapacity":false,"multi_stream":false,"support_set_video_formats":false,"support_set_bitrate":false,"support_set_framerate":false,"support_set_gop":false,"osd_text":false,"osd_logo":false,"support_set_AI_rules_mode":false,"video_quality":"sd,hd","video_formats_supportlists":"h264","static_scence_ABR":false,"audio_out":false,"voice_out":true,"voiceout_volume":false,"audiosamplerate":0,"alarms":{"io":false,"cry":false,"voice":false,"alarm_voice_detect_stand":0,"motion":true,"alarm_motion_detect_stand":0,"motion_zone":0,"body":false,"body_zone":0,"cross":false,"pir":false,"pir_staymode":false,"lossLock":false,"alertarea":false,"alertarea_expel":false,"alertarea_zone":0,"alertarea_params":{"support_set_target":0,"support_staymode_time":false,"support_set_alerttime":false,"alertarea_zone":0,"alertarea_num":1},"transgression":false,"transgression_params":{"support_set_target":0,"support_set_alerttime":false,"support_set_statistics_line":false}},"stopalarm":false,"linkage_mode":{"alertarea":"","vehicle_detection":"","nonmotorvehicle_detection":"","mask_detection":"","regional_people_statistics_detection":"","transgression":"","helmet_wearing_detection":""},"dashcam":false,"robot_ctrl":"","AI":{"face":false,"kitchen
08-15 09:55:29.952  1595  2064 D libovd  : [2026-08-15 09:55:29.952] [debug] [2064] [DME] DME_main.c:663 DME_make_capinfo_hash out_result:9267c2c57e4e32f3926f05b27cdd9f42bf10b519a75a360c36a207c39a509a34c969fe1486613a52b8b73c7a7f4af98a8eeb4dafd2171fa38328ab5dad4b4a78
08-15 09:55:29.952  1595  2064 D libovd  : [2026-08-15 09:55:29.952] [debug] [2064] [DME] DME_main.c:716 DME_reconnect_server2 DME use wss ....
08-15 09:55:29.952  1595  2064 D libovd  : [2026-08-15 09:55:29.952] [debug] [2064] [DME] DME_main.c:768 DME_reconnect_server2 url: wss://accessxy-ws.region.video.komect.com:9105/ovc?login_code=28BEF3247A81&login_passwd=25d3f5fa16e9&cmei=111132090000010&hardware_model=TB712&firmware_model=1.44.4&sdk=V1.44.3-rc-0f54fbe23&model_id=YX_lxp_TB712&macaddress=28:BE:F3:24:7A:81&reconnect=0&capinfohash=9267c2c57e4e32f3926f05b27cdd9f42bf10b519a75a360c36a207c39a509a34c969fe1486613a52b8b73c7a7f4af98a8eeb4dafd2171fa38328ab5dad4b4a78&channel_num=1&device_type=0
08-15 09:55:29.952  1595  2064 D libovd  : [2026-08-15 09:55:29.952] [debug] [2064] [DME] DME_main.c:791 DME_reconnect_server2 i.address:'accessxy-ws.region.video.komect.com'
08-15 09:55:29.952  1595  2064 D libovd  : [2026-08-15 09:55:29.952] [debug] [2064] [DME] DME_main.c:817 DME_reconnect_server2 DME ssl ca filepath: NULL 
08-15 09:55:29.953  1595  2064 I libovd  : [2026-08-15 09:55:29.953] [info] [2064] [DME] DME_main.c:836 DME_reconnect_server2  context created.
08-15 09:55:29.953  1595  2064 D libovd  : [2026-08-15 09:55:29.953] [debug] [2064] [DME] DME_internal.c:1028 DME_status_change pthread 0xbbd0f1c0 DME status changed from 4 to 2 
08-15 09:55:29.953  1595  2064 D libovd  : [2026-08-15 09:55:29.953] [debug] [2064] [DME] DME_main.c:859 DME_reconnect_server2 address: accessxy-ws.region.video.komect.com
08-15 09:55:29.953  1595  2064 D libovd  : , host: accessxy-ws.region.video.komect.com
08-15 09:55:29.953  1595  2064 D libovd  :  ,origin: accessxy-ws.region.video.komect.com
08-15 09:55:29.950  1595  1595 I DMEmainthread: type=1400 audit(0.0:1466): avc:  denied  { connectto } for  path="/dev/socket/dnsproxyd" scontext=u:r:zygote:s0 tcontext=u:r:netd:s0 tclass=unix_stream_socket permissive=1
08-15 09:55:29.954   408  2960 I resolv  : GetAddrInfoHandler::run: {100 786532 100 983140 1000 0}
08-15 09:55:29.955   408  2961 I resolv  : res_nmkquery: (QUERY, IN, AAAA)
08-15 09:55:29.955   408  2961 I resolv  : resolv_cache_lookup: FOUND IN CACHE entry=0xe8dc33a0
08-15 09:55:29.955   408  2961 I resolv  : doQuery: rcode=0, ancount=0, return value=120
08-15 09:55:29.955   408  2962 I resolv  : res_nmkquery: (QUERY, IN, A)
08-15 09:55:29.955   408  2962 I resolv  : resolv_cache_lookup: FOUND IN CACHE entry=0xe91015f0
08-15 09:55:29.956   408  2962 I resolv  : doQuery: rcode=0, ancount=2, return value=85
08-15 09:55:29.957  1595  2064 I libovd  : [2026-08-15 09:55:29.957] [info] [2064] [DME] DME_main.c:869 DME_reconnect_server2 connect start
08-15 09:55:29.978   408  2963 I resolv  : GetAddrInfoHandler::run: {100 786532 100 983140 1000 0}
08-15 09:55:29.979   408  2964 I resolv  : res_nmkquery: (QUERY, IN, AAAA)
08-15 09:55:29.979   408  2965 I resolv  : res_nmkquery: (QUERY, IN, A)
08-15 09:55:29.979   408  2965 I resolv  : resolv_cache_lookup: FOUND IN CACHE entry=0xe91015f0
08-15 09:55:29.979   408  2964 I resolv  : resolv_cache_lookup: FOUND IN CACHE entry=0xe8dc33a0
08-15 09:55:29.979   408  2965 I resolv  : doQuery: rcode=0, ancount=2, return value=85
08-15 09:55:29.979   408  2964 I resolv  : doQuery: rcode=0, ancount=0, return value=120
08-15 09:55:30.055  1595  2064 I libovd  : [2026-08-15 09:55:30.055] [info] [2064] [DME] DME_main.c:121 DME_service_callback  [DME] Connect with server success.
08-15 09:55:30.055  1595  2064 D libovd  : [2026-08-15 09:55:30.055] [debug] [2064] [DME] DME_main.c:900 DME_Set_DME_ws_connection_flag ws_connection_flag changed to 1
08-15 09:55:30.055  1595  2064 I libovd  : [2026-08-15 09:55:30.055] [info] [2064] [DME] DME_main.c:143 DME_service_callback g_DMEContext->contextstatus.status changed to DME_STATUS_ESTABLISHED
08-15 09:55:30.055  1595  2064 I libovd  : [2026-08-15 09:55:30.055] [info] [2064] [DME] DME_main.c:546 DMEAPI_Wakeup_heart Wakeup heartbeat, dme status (3)
08-15 09:55:30.055  1595  2064 I libovd  : [2026-08-15 09:55:30.055] [info] [2064] [DME] DME_main.c:159 DME_service_callback DME localip :192.168.1.3
08-15 09:55:30.055  1595  2064 D libovd  : [2026-08-15 09:55:30.055] [debug] [2064] [ovd_utils] soft_wdt.c:283 softwdt_adddog add dme dog:DME===timeout:900 s, feedtime:577756
08-15 09:55:30.055  1595  2064 W libovd  : [2026-08-15 09:55:30.055] [warn] [2064] [ovd_utils] soft_wdt.c:312 softwdt_adddog softwdt watch dog: 0xbbe101c0 
08-15 09:55:30.055  1595  2064 W libovd  : [2026-08-15 09:55:30.055] [warn] [2064] [DME] DME_pb.c:25 dme_pb_package_event_report [DME_client_close] the device not in region
08-15 09:55:30.056  1595  2064 W libovd  : [2026-08-15 09:55:30.056] [warn] [2064] [OVD_OpenApi] OVD_OpenAPI.c:3356 ovd_probe_exception_post soft probe is not supported
08-15 09:55:30.056  1595  2064 W libovd  : [2026-08-15 09:55:30.056] [warn] [2064] [DME] DME_main.c:112 DME_service_callback The peer has sent an unsolicited Close WS packet. errorcode:4003 reason is "the device not in region" 
08-15 09:55:30.056  1595  2064 W libovd  : [2026-08-15 09:55:30.056] [warn] [2064] [ovd_utils] soft_wdt.c:329 softwdt_deldog del dog:DME===
08-15 09:55:30.056  1595  2064 I libovd  : [2026-08-15 09:55:30.056] [info] [2064] [ovd_utils] soft_wdt.c:343 softwdt_deldog dog DME changed to inactive
08-15 09:55:30.056  1595  2064 W libovd  : [2026-08-15 09:55:30.056] [warn] [2064] [DME] DME_main.c:205 DME_service_callback  libwebsocket find closed  reson:(null)....
08-15 09:55:30.056  1595  2064 D libovd  : [2026-08-15 09:55:30.056] [debug] [2064] [DME] DME_main.c:900 DME_Set_DME_ws_connection_flag ws_connection_flag changed to 0
08-15 09:55:30.056  1595  2064 D libovd  : [2026-08-15 09:55:30.056] [debug] [2064] [DME] DME_internal.c:1028 DME_status_change pthread 0xbbd0f1c0 DME status changed from 3 to 8 
08-15 09:55:30.057  1595  2064 W libovd  : [2026-08-15 09:55:30.057] [warn] [2064] [DME] DME_main.c:244 DME_service_callback  LWS_CALLBACK_WSI_DESTROY
08-15 09:55:30.057  1595  2064 D libovd  : [2026-08-15 09:55:30.057] [debug] [2064] [DME] DME_main.c:900 DME_Set_DME_ws_connection_flag ws_connection_flag changed to 0
08-15 09:55:30.057  1595  2064 D libovd  : [2026-08-15 09:55:30.057] [debug] [2064] [DME] DME_internal.c:1028 DME_status_change pthread 0xbbd0f1c0 DME status changed from 8 to 8 
08-15 09:55:30.057  1595  2064 D libovd  : [2026-08-15 09:55:30.057] [debug] [2064] [DME] DME_internal.c:1028 DME_status_change pthread 0xbbd0f1c0 DME status changed from 8 to 4 
08-15 09:55:30.057  1595  2064 D libovd  : [2026-08-15 09:55:30.057] [debug] [2064] [DME] DME_main.c:900 DME_Set_DME_ws_connection_flag ws_connection_flag changed to 0
08-15 09:55:30.057  1595  2064 W libovd  : [2026-08-15 09:55:30.057] [warn] [2064] [DME] DME_rpc.c:928 dme_rpc_reset drop dme msg, type (0)
08-15 09:55:30.057  1595  2064 W libovd  : [2026-08-15 09:55:30.057] [warn] [2064] [DME] DME_rpc.c:938 dme_rpc_reset cancel wait ack, wait obj <0xc318e470>, seq 33
08-15 09:55:30.057  1595  2064 D libovd  : [2026-08-15 09:55:30.057] [debug] [2064] [ovd_utils] ovd_pb.c:306 ovd_pb_bind_cal_time ===status:4===
08-15 09:55:30.057  1595  2072 E libovd  : [2026-08-15 09:55:30.057] [error] [2072] [DME] DME_rpc.c:1019 dme_remote_call ack is null or timeout, seq (33), method (Keepalive), wait_time (2 ms)
08-15 09:55:30.057  1595  2064 D libovd  : [2026-08-15 09:55:30.057] [debug] [2064] [DME] DME_main.c:690 DME_reconnect_server2 reconnect servering...
08-15 09:55:30.057  1595  2072 D libovd  : [2026-08-15 09:55:30.057] [debug] [2072] [DME] DME_internal.c:364 DME_RPC_send_keepalive keep alive succuss, ovc response code [0]
08-15 09:55:30.057  1595  2064 I libovd  : [2026-08-15 09:55:30.057] [info] [2064] [DME] DME_internal.c:1076 DME_backoff_algorithm this is 24 connect, backoff 40053868 us 
08-15 09:55:30.057  1595  2072 W libovd  : [2026-08-15 09:55:30.057] [warn] [2072] [ovd_utils] soft_wdt.c:415 softwdt_feeddog dog DME inactive
08-15 09:55:34.920   408   476 I netd    : setProcSysNet(4, 2, eth0, retrans_time_ms, 750) <0.32ms>
08-15 09:55:34.921   408   476 I netd    : setProcSysNet(4, 2, eth0, ucast_solicit, 10) <0.11ms>
08-15 09:55:34.921   408   476 I netd    : setProcSysNet(6, 2, eth0, retrans_time_ms, 750) <0.11ms>
08-15 09:55:34.921   408   476 I netd    : setProcSysNet(6, 2, eth0, ucast_solicit, 10) <0.05ms>
08-15 09:55:35.438     0     0 I [2 T239   ..] logd: logdr: UID=0 GID=0 PID=2966 b tail=0 logMask=99 pid=0 start=0ns deadline=0ns
08-15 09:55:37.192   568   568 D XIRI_driver: send to xiri: {"cmd":"key","event":1,"keycode":330,"pid":0,"vid":0,"devnum":0}
08-15 09:55:37.192   568   568 D XIRI_driver: send to xiri: {"cmd":"key","event":1,"keycode":325,"pid":0,"vid":0,"devnum":0}
08-15 09:55:37.194   632   653 D WindowManager: MotionEvent: action=ACTION_DOWN x=409.0 y=216.0 eventTime=584892 pointerCount=1
08-15 09:55:37.195   952  1361 I jarvis_ : System call method methodId = touch_down
08-15 09:55:37.195   952  1199 I jarvis_ : System call method methodId = touch_down
08-15 09:55:37.210     0     0 W [0 T102   ..] jadard_ts_work: Entering
08-15 09:55:37.201   632   653 D WindowManager: MotionEvent: action=ACTION_MOVE x=409.0 y=216.0 eventTime=584900 pointerCount=1
08-15 09:55:37.219     0     0 W [0 T102   ..] jadard_ts_work: Entering
08-15 09:55:37.209   632   653 D WindowManager: MotionEvent: action=ACTION_MOVE x=409.0 y=216.0 eventTime=584908 pointerCount=1
08-15 09:55:37.227     0     0 W [0 T102   ..] jadard_ts_work: Entering
08-15 09:55:37.218   632   653 D WindowManager: MotionEvent: action=ACTION_MOVE x=409.0 y=216.0 eventTime=584917 pointerCount=1
08-15 09:55:37.235     0     0 W [0 T102   ..] jadard_ts_work: Entering
08-15 09:55:37.226   632   653 D WindowManager: MotionEvent: action=ACTION_MOVE x=409.0 y=216.0 eventTime=584925 pointerCount=1
08-15 09:55:37.243     0     0 W [0 T102   ..] jadard_ts_work: Entering
08-15 09:55:37.252     0     0 W [0 T102   ..] jadard_ts_work: Entering
08-15 09:55:37.235   632   653 D WindowManager: MotionEvent: action=ACTION_MOVE x=409.0 y=216.0 eventTime=584934 pointerCount=1
08-15 09:55:37.242   568   568 D XIRI_driver: send to xiri: {"cmd":"key","event":0,"keycode":330,"pid":0,"vid":0,"devnum":0}
08-15 09:55:37.242   568   568 D XIRI_driver: send to xiri: {"cmd":"key","event":0,"keycode":325,"pid":0,"vid":0,"devnum":0}
08-15 09:55:37.243  2573  2573 I com.starnet.filemanager.activity.FileActivity: [HANDLE4]:==NOTIFY_DATA_CHANGED==GridViewState{selectedId=-9223372036854775808, savedState=AbsListView.SavedState{e16d9f2 selectedId=-9223372036854775808 firstId=-1 viewTop=0 position=0 height=696 filter=null checkState=null}}
08-15 09:55:37.243   632   653 D WindowManager: MotionEvent: action=ACTION_UP x=409.0 y=216.0 eventTime=584942 pointerCount=1
08-15 09:55:37.260     0     0 W [0 T102   ..] jadard_ts_work: Entering
08-15 09:55:37.244   952  1199 I jarvis_ : System call method methodId = touch_up
08-15 09:55:37.244   952  1361 I jarvis_ : System call method methodId = touch_up
08-15 09:55:37.308  2573  2573 D com.starnet.filemanager.activity.FileActivity: startPlayerAction: audio path = /storage/6A6F-168B/本地音频/mp3/华晨宇 - 地球之盐.mp3
08-15 09:55:37.308  2573  2573 D com.starnet.filemanager.activity.FileActivity: position: 1
08-15 09:55:37.311   475   475 D audioserver: logFgsApiBegin: FGS Logger Transaction failed, -129
08-15 09:55:37.311   952  1361 E jarvis_ActivityController: activityStarting:intent = Intent { act=android.intent.action.VIEW cmp=com.droidlogic.exoplayer2.demo/com.droidlogic.videoplayer.MoviePlayer }, pkg=com.droidlogic.exoplayer2.demo
08-15 09:55:37.311   423   626 I audio_hw_hal_primary: out_update_source_metadata_v7() line 2024 usage:13 content_type:4
08-15 09:55:37.312   952  1361 I jarvis_ : <getAuthPkgName>:
08-15 09:55:37.312   952  1361 I jarvis_ : <getTVPkgName>:com.gitv.tv.gvp
08-15 09:55:37.312   952  1361 I jarvis_ : isRestedLocally=false
08-15 09:55:37.312   952  1361 I jarvis_ : <getAuthPkgName>:
08-15 09:55:37.312   952  1361 I jarvis_ : <getTVPkgName>:com.gitv.tv.gvp
08-15 09:55:37.312   952  1361 I jarvis_ : com.droidlogic.exoplayer2.demo=false
08-15 09:55:37.312   952  1361 I jarvis_ProcessLifeImps: activityStarting:packageName = com.droidlogic.exoplayer2.demo,pageName = com.droidlogic.videoplayer.MoviePlayer 
08-15 09:55:37.312   952  1361 E jarvis_ActivityController: activityStarting: return true
08-15 09:55:37.310   952   952 I pool-16-thread-: type=1400 audit(0.0:1467): avc:  denied  { call } for  scontext=u:r:zygote:s0 tcontext=u:r:priv_app:s0:c512,c768 tclass=binder permissive=1
08-15 09:55:37.313   423  1193 I audio_hw_hal_resourcemgr: [is_output_device_muted:710] device:0x2 port_mute:0, fade_mute:0
08-15 09:55:37.313   423  1193 I audio_hw_hal_submixing: [usecase_change_validate_l_sm:1507] ++++ out:0xe7943990 continuous:0 dev masks:0, out masks:0, out usecase PCM_NORMAL
08-15 09:55:37.313   423  1193 I audio_hw_hal_submixing: [usecase_change_validate_l_sm:1514] io 13: out:0xe7943990 add usecase PCM_NORMAL, cnt 1
08-15 09:55:37.313   423  1193 D audio_hw_hal_submixing: [usecase_change_validate_l_sm:1527] io 13: out:0xe7943990 cur dev masks:0, add out usecase:PCM_NORMAL
08-15 09:55:37.313   423  1193 I audio_hw_hal_submixing: [usecase_change_validate_l_sm:1556] ---- out:0xe7943990 continuous:0 dev masks:0x1, out masks:0x1, out usecase PCM_NORMAL
08-15 09:55:37.313   423  1193 D audio_hw_hal_port: [setPortConfig:302] +++ch mask = 0x3, fmt 0x1, samplerate 48000
08-15 09:55:37.313   423  1193 D audio_hw_hal_port: [new_input_port:462] buf_frames:384,frame_size:4 ==> thunk_size:1536
08-15 09:55:37.313   423  1193 I audio_hw_hal_port: [get_input_port_type:122] samplerate:48000, flags:0x2, channel_cnt:2
08-15 09:55:37.313   423  1193 D audio_hw_hal_port: [new_input_port:499] inport:PCM_SYSTEM, buf:6144, direct:0, format:0x1, rate:48000, ch:2
08-15 09:55:37.313   423  1193 D audio_hw_hal_submixing: [mixer_get_available_inport_index:141] +inportsAvailMasks: 0xfe
08-15 09:55:37.313   423  1193 D audio_hw_hal_submixing: [mixer_get_available_inport_index:144] -inportsAvailMasks:0xfc, index 1
08-15 09:55:37.313   423  1193 I audio_hw_hal_submixing: [init_mixer_input_port:211] input port:PCM_SYSTEM, size 384 frames, frame_write_sum:890880
08-15 09:55:37.313   423  1193 I audio_hw_hal_port: [get_input_port_type:122] samplerate:48000, flags:0x2, channel_cnt:2
08-15 09:55:37.313   423  1193 I audio_hw_hal_submixing: [mixer_aux_buffer_write_sm:1351] io 13: out:0xe7943990 usecase:PCM_NORMAL standby to unstandby, input port:PCM_SYSTEM
08-15 09:55:37.313   423  1193 I audio_hw_hal_submixing: [mixer_aux_buffer_write_sm:1362] padding_bytes 12288
08-15 09:55:37.313   423  1193 I audio_hw_hal_submixing: [mixer_write_inport:340] input port:PCM_SYSTEM is active now
08-15 09:55:37.313   423  1193 I audio_hw_hal_submixing: [mixer_aux_buffer_write_sm:1362] padding_bytes 10752
08-15 09:55:37.313   423  1193 I audio_hw_hal_submixing: [mixer_aux_buffer_write_sm:1362] padding_bytes 9216
08-15 09:55:37.313   423  1193 I audio_hw_hal_submixing: [mixer_aux_buffer_write_sm:1362] padding_bytes 7680
08-15 09:55:37.313   423  1193 I audio_hw_hal_submixing: [mixer_aux_buffer_write_sm:1362] padding_bytes 6144
08-15 09:55:37.314   952  1127 E callSystem: methodId = appActivityStart,result = 0
08-15 09:55:37.315   632   846 D CompatibilityChangeReporter: Compat change id reported: 265464455; UID 10032; state: DISABLED
08-15 09:55:37.315   632   846 D CompatibilityChangeReporter: Compat change id reported: 265452344; UID 10032; state: DISABLED
08-15 09:55:37.315   632   846 D CompatibilityChangeReporter: Compat change id reported: 266124927; UID 10032; state: DISABLED
08-15 09:55:37.315   632   846 D CompatibilityChangeReporter: Compat change id reported: 265451093; UID 10032; state: DISABLED
08-15 09:55:37.316   632   846 D CompatibilityChangeReporter: Compat change id reported: 265456536; UID 10032; state: DISABLED
08-15 09:55:37.316   632   846 D CompatibilityChangeReporter: Compat change id reported: 255940284; UID 10032; state: DISABLED
08-15 09:55:37.316   632   846 D CompatibilityChangeReporter: Compat change id reported: 236283604; UID 10032; state: DISABLED
08-15 09:55:37.316   632   846 D CompatibilityChangeReporter: Compat change id reported: 263959004; UID 10032; state: DISABLED
08-15 09:55:37.316   632   846 D CompatibilityChangeReporter: Compat change id reported: 264304459; UID 10032; state: DISABLED
08-15 09:55:37.316   632   846 D CompatibilityChangeReporter: Compat change id reported: 264301586; UID 10032; state: DISABLED
08-15 09:55:37.317   632   846 D CompatibilityChangeReporter: Compat change id reported: 254631730; UID 10032; state: DISABLED
08-15 09:55:37.317   632   846 D CompatibilityChangeReporter: Compat change id reported: 273509367; UID 10032; state: DISABLED
08-15 09:55:37.317   632   846 D CompatibilityChangeReporter: Compat change id reported: 263259275; UID 10032; state: DISABLED
08-15 09:55:37.317   632   846 D CompatibilityChangeReporter: Compat change id reported: 174042980; UID 10032; state: DISABLED
08-15 09:55:37.317   632   846 D CompatibilityChangeReporter: Compat change id reported: 174042936; UID 10032; state: DISABLED
08-15 09:55:37.318   632   846 D CompatibilityChangeReporter: Compat change id reported: 181136395; UID 10032; state: DISABLED
08-15 09:55:37.318   423   599 I audio_hw_hal_submixing: [mixer_inports_read:1010] input port:PCM_SYSTEM first start, portId:1, avail:6144
08-15 09:55:37.323   423  1193 I audio_hw_hal_submixing: [mixer_aux_buffer_write_sm:1362] padding_bytes 4608
08-15 09:55:37.324   632   846 D CompatibilityChangeReporter: Compat change id reported: 194480991; UID 10032; state: ENABLED
08-15 09:55:37.325   632   846 E CellBroadcastUtils: getDefaultCellBroadcastReceiverPackageName: no package found
08-15 09:55:37.326   423  1193 I audio_hw_hal_submixing: [mixer_aux_buffer_write_sm:1362] padding_bytes 3072
08-15 09:55:37.329   632   846 D CompatibilityChangeReporter: Compat change id reported: 184838306; UID 10032; state: DISABLED
08-15 09:55:37.330   632   846 D CompatibilityChangeReporter: Compat change id reported: 185004937; UID 10032; state: DISABLED
08-15 09:55:37.332   632   846 D CompatibilityChangeReporter: Compat change id reported: 197654537; UID 10032; state: ENABLED
08-15 09:55:37.335   632   846 D CompatibilityChangeReporter: Compat change id reported: 205907456; UID 10032; state: ENABLED
08-15 09:55:37.338   632   846 I ActivityTaskManager: START u0 {act=android.intent.action.VIEW flg=0x10000000 cmp=com.droidlogic.exoplayer2.demo/com.droidlogic.videoplayer.MoviePlayer (has extras)} with LAUNCH_MULTIPLE from uid 1000 (BAL_ALLOW_ALLOWLISTED_UID) result code=0
08-15 09:55:37.340   632   655 D CompatibilityChangeReporter: Compat change id reported: 135634846; UID 10032; state: DISABLED
08-15 09:55:37.340   423  1193 I audio_hw_hal_submixing: [mixer_aux_buffer_write_sm:1362] padding_bytes 1536
08-15 09:55:37.341   632   662 D CompatibilityChangeReporter: Compat change id reported: 143937733; UID 10032; state: ENABLED
08-15 09:55:37.350   632   655 D OomAdjuster: Not killing cached processes
08-15 09:55:37.355   632   704 D CompatibilityChangeReporter: Compat change id reported: 265195908; UID 10032; state: ENABLED
08-15 09:55:37.363   410   410 D Zygote  : Forked child process 2968
08-15 09:55:37.364   632   662 I ActivityManager: Start proc 2968:com.droidlogic.exoplayer2.demo/u0a32 for next-top-activity {com.droidlogic.exoplayer2.demo/com.droidlogic.videoplayer.MoviePlayer}
08-15 09:55:37.370   254   254 I BpBinder: onLastStrongRef automatically unlinking death recipients: 
08-15 09:55:37.372  2968  2968 I Zygote  : seccomp disabled by setenforce 0
08-15 09:55:37.380  2968  2968 I exoplayer2.demo: Using CollectorTypeCC GC.
08-15 09:55:37.386  2968  2968 E exoplayer2.demo: Not starting debugger since process cannot load the jdwp agent.
08-15 09:55:37.396   423  1193 I audio_hw_hal_stream: aml_stream_out_info_print: out:0xe7943990, stream_type:pcm, sync_mode:non tunnel, input_size:3571712 bytes
08-15 09:55:37.396   423  1193 I audio_hw_hal_stream: aml_stream_out_info_print: last_time:559523 ms (sec:559, nsec:523199641), last_position:18509 ms (888448), cur_time:585091 ms (sec:585, nsec:91141903), cur_position:18560 ms (890880)
08-15 09:55:37.396   423  1193 I audio_hw_hal_stream: aml_stream_out_info_print: time_gap:25568 ms (thr:100 ms), position_gap:50 ms, delay:42 ms, jitter: Position gap is behind system time gap by 25518 ms (thr:100 ms)
08-15 09:55:37.399   632  1391 D CompatibilityChangeReporter: Compat change id reported: 168419799; UID 10032; state: DISABLED
08-15 09:55:37.400   632  1391 D CompatibilityChangeReporter: Compat change id reported: 273564678; UID 10032; state: DISABLED
08-15 09:55:37.412  2968  2968 D CompatibilityChangeReporter: Compat change id reported: 171979766; UID 10032; state: ENABLED
08-15 09:55:37.412  2968  2968 D CompatibilityChangeReporter: Compat change id reported: 242716250; UID 10032; state: ENABLED
08-15 09:55:37.415  1175  1562 D LauncherApp: [, , 0]:{Thread:binder:1175_4}onForegroundActivitiesChanged
08-15 09:55:37.415   847   863 D DroidLogicBenchService: onForegroundActivitiesChanged pid:2968,uid:10032,fg:true
08-15 09:55:37.410  1570  1570 I nioEventLoopGro: type=1400 audit(0.0:1468): avc:  denied  { write } for  path="socket:[34034]" dev="sockfs" ino=34034 scontext=u:r:zygote:s0 tcontext=u:r:zygote:s0 tclass=tcp_socket permissive=1
08-15 09:55:37.416   952  1361 E jarvis_AppUtils: getPkgNameByPidFromFile failed, pid===2968, ex=java.io.FileNotFoundException: /proc/2968/cmdline: open failed: ENOENT (No such file or directory)
08-15 09:55:37.416   952  1361 E jarvis_AppUtils: read /proc/pid/cmdline failed, pname===null, fallback to AMS...
08-15 09:55:37.417   952  1361 E jarvis_ProcessObserverBinder: onForeground app com.droidlogic.exoplayer2.demo, pid = 2968, uid = 10032, foreActs = true
08-15 09:55:37.418  1175  1619 D LauncherApp: [, , 0]:{Thread:pool-4-thread-4}Process (pid: 2968, uid: 10032, package: com.droidlogic.exoplayer2.demo) foreground state changed: true
08-15 09:55:37.418  1175  1619 D LauncherApp: [, , 0]:{Thread:pool-4-thread-4}Process (package com.starnet.filemanager) foreground state changed: false
08-15 09:55:37.419   952  1133 I jarvis_LxAgentApiClient: <asyncCallAgent> method=lingxi_report_client
08-15 09:55:37.420   952  1168 I jarvis_LxAgentApiClient: <callAgent> method=lingxi_report_client, params=Bundle[{commandId=7, header=null, body={"eventId":58,"eventMode":0,"params":{"status":"2"}}, msgId=1786758937}]
08-15 09:55:37.424   952  1168 I jarvis_LxAgentApiClient: <callAgent> method=lingxi_report_client, result=null
08-15 09:55:37.418   952   952 I JvsWork#6: type=1400 audit(0.0:1469): avc:  denied  { call } for  scontext=u:r:zygote:s0 tcontext=u:r:zygote:s0 tclass=binder permissive=1
08-15 09:55:37.418   952   952 I JvsWork#6: type=1400 audit(0.0:1470): avc:  denied  { transfer } for  scontext=u:r:zygote:s0 tcontext=u:r:zygote:s0 tclass=binder permissive=1
08-15 09:55:37.462     0     0 W [0 T2988  ..] audit: audit_lost=897 audit_rate_limit=5 audit_backlog_limit=64
08-15 09:55:37.462     0     0 E [0 T2988  ..] audit: rate limit exceeded
08-15 09:55:37.428   632   645 D CompatibilityChangeReporter: Compat change id reported: 170503758; UID 10032; state: ENABLED
08-15 09:55:37.427  1175  1412 D EventUtil: [, , 0]:{Thread:pool-4-thread-1}应用打开 onEventAppOpen eventId:VC_APPOPEN data:{"VC_APP_PACKAGE":"com.droidlogic.exoplayer2.demo","OPTTIME":1786758937427,"VC_APP_STARTTIME":1786758937427,"VC_APP_NAME":"AM Player","VC_APP_VERSION":"2.12.2_20260417","deviceInfo":{"cmei":"111132090000010","lanMac":"28BEF3247A81","localServerType":"Jarvis","firmwareOtaPath":"","launcherVersionCode":4010013,"firmwareOtaMode":"","deviceId":"CMCC-592288-28BEF3247A81","manufacturer":"STAR","localServerVersionName":"0.2.5_202602102031_release","launcherVersion":"0.4.10_4010013_release","wlanMac":"28BEF3247A81","stbId":"0032360080742080260628BEF3247A81","deviceProductId":"592288","deviceMac":"28BEF3247A81","model":"TB712","sn":"1664011529111132090000010","firmwareVersion":"1.0.1","brand":"STAR-NET"}}
08-15 09:55:37.429  1175  1412 D ATraceManager: trace: VC_APPOPEN , params = {"VC_APP_PACKAGE":"com.droidlogic.exoplayer2.demo","OPTTIME":"1786758937427","VC_APP_STARTTIME":"1786758937427","VC_APP_NAME":"AM Player","VC_APP_VERSION":"2.12.2_20260417","deviceInfo":"{\"cmei\":\"111132090000010\",\"lanMac\":\"28BEF3247A81\",\"localServerType\":\"Jarvis\",\"firmwareOtaPath\":\"\",\"launcherVersionCode\":4010013,\"firmwareOtaMode\":\"\",\"deviceId\":\"CMCC-592288-28BEF3247A81\",\"manufacturer\":\"STAR\",\"localServerVersionName\":\"0.2.5_202602102031_release\",\"launcherVersion\":\"0.4.10_4010013_release\",\"wlanMac\":\"28BEF3247A81\",\"stbId\":\"0032360080742080260628BEF3247A81\",\"deviceProductId\":\"592288\",\"deviceMac\":\"28BEF3247A81\",\"model\":\"TB712\",\"sn\":\"1664011529111132090000010\",\"firmwareVersion\":\"1.0.1\",\"brand\":\"STAR-NET\"}"}
08-15 09:55:37.430  1175  1436 W TelUtil : [numToLetter] input:1664011529111132090000010
08-15 09:55:37.426  1175  1175 I pool-7-thread-1: type=1400 audit(0.0:1471): avc:  denied  { write } for  name="shared_prefs" dev="dm-25" ino=1654 scontext=u:r:zygote:s0 tcontext=u:object_r:system_data_file:s0 tclass=dir permissive=1
08-15 09:55:37.430  1175  1436 W TelUtil : [numToLetter] return value:affd`aaebiaaaacb`i`````a`
08-15 09:55:37.431  1175  2988 D com.aijia.http.intercept.HttpInterceptLogger: [, , 0]:{Thread:RxCachedThreadScheduler-12}--> POST https://device.yjdp.komect.com/yjfp/device-user/behavior/app/usage/record/add
08-15 09:55:37.432  1175  2988 D com.aijia.http.intercept.HttpInterceptLogger: [, , 0]:{Thread:RxCachedThreadScheduler-12}Content-Type: application/json; charset=utf-8
08-15 09:55:37.432  1175  2988 D com.aijia.http.intercept.HttpInterceptLogger: [, , 0]:{Thread:RxCachedThreadScheduler-12}Content-Length: 725
08-15 09:55:37.432  1175  2988 D com.aijia.http.intercept.HttpInterceptLogger: [, , 0]:{Thread:RxCachedThreadScheduler-12}authorization: Bearer eyJraWQiOiI3YjllMTJjYi1kZGVkLTRhN2EtYjMzYS01ZTk1NTA0NjZiNzkiLCJhbGciOiJSUzI1NiJ9.eyJzdWIiOiIxNjY0MDExNTI5MTExMTMyMDkwMDAwMDEwIiwicHJvdkNvZGUiOiIxMDAiLCJ1c2VyX25hbWUiOiIxNjY0MDExNTI5MTExMTMyMDkwMDAwMDEwIiwicGFzc0lkIjoiMjg5NTU1NjkyNDI4NzciLCJpc3MiOiJodHRwOi8vZGV2aWNlLW9hdXRoL2RldmljZS1vYXV0aDIiLCJleHRlbmRJbmZvIjp7InVzZXJuYW1lIjoiMTY2NDAxMTUyOTExMTEzMjA5MDAwMDAxMCJ9LCJjbGllbnRfaWQiOiJlNzUxY2U3NmQ2NjMxMWYwYjdiYjAwMTYzZTAyMjhiYSIsImF1ZCI6ImU3NTFjZTc2ZDY2MzExZjBiN2JiMDAxNjNlMDIyOGJhIiwibmJmIjoxNzg2NzU4MzgzLCJzY29wZSI6WyJhbGwiXSwiZXhwIjoxNzg2NzYwMTgzLCJpYXQiOjE3ODY3NTgzODMsImp0aSI6IjNiNGM4YjljLWFjNjctNGM2My04NDkyLThmNDQ3YTcxNWQ0OCJ9.K-W10zMjM87s5u_4jAReLPpGQOX59_o3O88jdSm6Web1FQSFGYHi5DLcs5CF3wZbqPZKe78lv4_nNcKBpb_TYsl95UUfqRsgPGJy744_TGH5dQmSxoX5ocHu2c-3H4JgPAZtnnLDOGjOuuMD44B2Egqsy-AVU3Y4uamOP57cEUUdmUHoagRgIFF_BeyYpvsJp3AgEkk7xOC9xw6J3NSLKW65kERoaysW08L6InoUHzOPwOu79OtoV9xgFmZrrOoc4dF2J2-AFxzlN5S9rcNWyi_oxTzg1sGz015bArEcFG-pk6NrL1RIo_AkOTdNvXSnkxPDZga8U3xz-sQbr6X9ag
08-15 09:55:37.432  1175  2988 D com.aijia.http.intercept.HttpInterceptLogger: [, , 0]:{Thread:RxCachedThreadScheduler-12}appVersion: 0.4.10_4010013_release
08-15 09:55:37.432  1175  2988 D com.aijia.http.intercept.HttpInterceptLogger: [, , 0]:{Thread:RxCachedThreadScheduler-12}bizType: ajyp
08-15 09:55:37.432  1175  2988 D com.aijia.http.intercept.HttpInterceptLogger: [, , 0]:{Thread:RxCachedThreadScheduler-12}
08-15 09:55:37.426  1175  1175 I pool-7-thread-1: type=1400 audit(0.0:1472): avc:  denied  { remove_name } for  name="trace_event_index_affd`aaebiaaaacb`i`````a`.xml" dev="dm-25" ino=7543 scontext=u:r:zygote:s0 tcontext=u:object_r:system_data_file:s0 tclass=dir permissive=1
08-15 09:55:37.432  1175  2988 D com.aijia.http.intercept.HttpInterceptLogger: [, , 0]:{Thread:RxCachedThreadScheduler-12}{"traceId":"14d532f6-36c0-47bb-b1be-36cf909e031a","data":{"cmei":"111132090000010","lanMac":"28BEF3247A81","localServerType":"Jarvis","firmwareOtaPath":"","launcherVersionCode":4010013,"firmwareOtaMode":"","deviceId":"CMCC-592288-28BEF3247A81","manufacturer":"STAR","localServerVersionName":"0.2.5_202602102031_release","launcherVersion":"0.4.10_4010013_release","wlanMac":"28BEF3247A81","stbId":"0032360080742080260628BEF3247A81","deviceProductId":"592288","deviceMac":"28BEF3247A81","model":"TB712","sn":"1664011529111132090000010","packageName":"com.droidlogic.exoplayer2.demo","firmwareVersion":"1.0.1","brand":"STAR-NET"},"signature":"8ZfYWZ5Vwx3NTAlvzq+8f9zYnpkNeFjsL9FPq4COaGw=","powerkey":"1664011529111132090000010"}
08-15 09:55:37.432  1175  2988 D com.aijia.http.intercept.HttpInterceptLogger: [, , 0]:{Thread:RxCachedThreadScheduler-12}--> END POST (725-byte body)
08-15 09:55:37.440   408  2990 I resolv  : GetAddrInfoHandler::run: {100 786532 100 983140 1000 0}
08-15 09:55:37.441   408  2991 I resolv  : res_nmkquery: (QUERY, IN, A)
08-15 09:55:37.441   408  2991 I resolv  : resolv_cache_lookup: FOUND IN CACHE entry=0xe9101b30
08-15 09:55:37.426  1175  1175 I pool-7-thread-1: type=1400 audit(0.0:1473): avc:  denied  { add_name } for  name="trace_event_index_affd`aaebiaaaacb`i`````a`.xml.bak" scontext=u:r:zygote:s0 tcontext=u:object_r:system_data_file:s0 tclass=dir permissive=1
08-15 09:55:37.441   408  2991 I resolv  : doQuery: rcode=0, ancount=3, return value=127
08-15 09:55:37.442  2968  2968 D nativeloader: InitLlndkLibrariesVendor: libEGL.so:libGLESv1_CM.so:libGLESv2.so:libGLESv3.so:libRS.so:libandroid_net.so:libbinder_ndk.so:libc.so:libcgrouprc.so:libclang_rt.asan-arm-android.so:libcom.android.tethering.connectivity_native.so:libdl.so:libft2.so:liblog.so:libm.so:libmediandk.so:libnativewindow.so:libneuralnetworks.so:libselinux.so:libsync.so:libvndksupport.so:libvulkan.so
08-15 09:55:37.442  2968  2968 D nativeloader: Configuring vendor-clns-4 for unbundled vendor apk /vendor/framework/droidlogic.software.core.jar. target_sdk_version=36, uses_libraries=ALL, library_path=/product/app/ExoPlayer/lib/arm:/product/app/ExoPlayer/ExoPlayer.apk!/lib/armeabi-v7a:/vendor/lib, permitted_path=/data:/mnt/expand:/data/user/0/com.droidlogic.exoplayer2.demo:/vendor/lib
08-15 09:55:37.444  2968  2968 D nativeloader: InitVndkspLibrariesVendor: android.hardware.common-V2-ndk.so:android.hardware.common.fmq-V1-ndk.so:android.hardware.graphics.allocator-V2-ndk.so:android.hardware.graphics.common-V4-ndk.so:android.hardware.graphics.common@1.0.so:android.hardware.graphics.common@1.1.so:android.hardware.graphics.common@1.2.so:android.hardware.graphics.composer3-V1-ndk.so:android.hardware.graphics.mapper@2.0.so:android.hardware.graphics.mapper@2.1.so:android.hardware.graphics.mapper@3.0.so:android.hardware.graphics.mapper@4.0.so:android.hardware.renderscript@1.0.so:android.hidl.memory.token@1.0.so:android.hidl.memory@1.0-impl.so:android.hidl.memory@1.0.so:android.hidl.safe_union@1.0.so:libRSCpuRef.so:libRSDriver.so:libRS_internal.so:libbase.so:libbcinfo.so:libblas.so:libc++.so:libcompiler_rt.so:libcutils.so:libdmabufheap.so:libgralloctypes.so:libhardware.so:libhidlbase.so:libhidlmemory.so:libion.so:libjsoncpp.so:liblzma.so:libprocessgroup.so:libunwindstack.so:libutils.so:libutilscallstack.so:libz.so
08-15 09:55:37.444  1175  2988 D TrafficStats: tagSocket(81) with statsTag=0xffffffff, statsUid=-1
08-15 09:55:37.430  1175  1175 I RxCachedThreadS: type=1400 audit(0.0:1474): avc:  denied  { read } for  laddr=::ffff:192.168.1.3 lport=41022 faddr=::ffff:112.17.28.230 fport=443 scontext=u:r:zygote:s0 tcontext=u:r:zygote:s0 tclass=tcp_socket permissive=1
08-15 09:55:37.434  1175  1175 I RxCachedThreadS: type=1400 audit(0.0:1475): avc:  denied  { write } for  name="dnsproxyd" dev="tmpfs" ino=814 scontext=u:r:zygote:s0 tcontext=u:object_r:dnsproxyd_socket:s0 tclass=sock_file permissive=1
08-15 09:55:37.456  1175  1436 W TraceIndexManager: [getNextEventIndex] | event index:|328
08-15 09:55:37.456  1175  1436 W TraceBodyCreator: [addEventToBody]:{"7":"15","6":"unknown","9":"20260815095537430","16":"VC_APPOPEN","50":"{\"VC_APP_PACKAGE\":\"com.droidlogic.exoplayer2.demo\",\"OPTTIME\":\"1786758937427\",\"VC_APP_STARTTIME\":\"1786758937427\",\"VC_APP_NAME\":\"AM Player\",\"VC_APP_VERSION\":\"2.12.2_20260417\",\"deviceInfo\":\"{\\\"cmei\\\":\\\"111132090000010\\\",\\\"lanMac\\\":\\\"28BEF3247A81\\\",\\\"localServerType\\\":\\\"Jarvis\\\",\\\"firmwareOtaPath\\\":\\\"\\\",\\\"launcherVersionCode\\\":4010013,\\\"firmwareOtaMode\\\":\\\"\\\",\\\"deviceId\\\":\\\"CMCC-592288-28BEF3247A81\\\",\\\"manufacturer\\\":\\\"STAR\\\",\\\"localServerVersionName\\\":\\\"0.2.5_202602102031_release\\\",\\\"launcherVersion\\\":\\\"0.4.10_4010013_release\\\",\\\"wlanMac\\\":\\\"28BEF3247A81\\\",\\\"stbId\\\":\\\"0032360080742080260628BEF3247A81\\\",\\\"deviceProductId\\\":\\\"592288\\\",\\\"deviceMac\\\":\\\"28BEF3247A81\\\",\\\"model\\\":\\\"TB712\\\",\\\"sn\\\":\\\"1664011529111132090000010\\\",\\\"firmwareVersion\\\":\\\"1.0.1\\\",\\\"brand\\\":\\\"STAR-NET\\\"}\"}","17":"unknown","18":1,"62":"328"}
08-15 09:55:37.456  1175  1436 W TraceAppStatusCache: [updateSumCount] current sum count:7
08-15 09:55:37.459  1175  1436 W TraceBodyCache: [loadBody] start
08-15 09:55:37.459  1175  1436 W TraceBodyCache: [loadBody] FileNotFoundException
08-15 09:55:37.459  1175  1436 W System.err: java.io.FileNotFoundException: /data/user/0/com.komect.ajlauncher/files/TRACE_FC_com.komect.ajlauncher: open failed: ENOENT (No such file or directory)
08-15 09:55:37.460  1175  1436 W System.err: 	at libcore.io.IoBridge.open(IoBridge.java:574)
08-15 09:55:37.460  1175  1436 W System.err: 	at java.io.FileInputStream.<init>(FileInputStream.java:160)
08-15 09:55:37.460  1175  1436 W System.err: 	at android.app.ContextImpl.openFileInput(ContextImpl.java:745)
08-15 09:55:37.460  1175  1436 W System.err: 	at android.content.ContextWrapper.openFileInput(ContextWrapper.java:249)
08-15 09:55:37.460  1175  1436 W System.err: 	at com.cmcc.tracesdk.cache.TraceBodyCache.loadBody(Unknown Source:15)
08-15 09:55:37.460  1175  1436 W System.err: 	at com.cmcc.tracesdk.cache.TraceBodyCache.appendToBody(Unknown Source:91)
08-15 09:55:37.460  1175  1436 W System.err: 	at com.cmcc.tracesdk.platform.TraceBodyCreator.addEventToBody(Unknown Source:202)
08-15 09:55:37.460  1175  1436 W System.err: 	at com.cmcc.tracesdk.client.TraceEventRunnable.run(Unknown Source:16)
08-15 09:55:37.460  1175  1436 W System.err: 	at java.util.concurrent.ThreadPoolExecutor.runWorker(ThreadPoolExecutor.java:1145)
08-15 09:55:37.460  1175  1436 W System.err: 	at java.util.concurrent.ThreadPoolExecutor$Worker.run(ThreadPoolExecutor.java:644)
08-15 09:55:37.460  1175  1436 W System.err: 	at java.lang.Thread.run(Thread.java:1012)
08-15 09:55:37.460  1175  1436 W System.err: Caused by: android.system.ErrnoException: open failed: ENOENT (No such file or directory)
08-15 09:55:37.460  1175  1436 W System.err: 	at libcore.io.Linux.open(Native Method)
08-15 09:55:37.460  1175  1436 W System.err: 	at libcore.io.ForwardingOs.open(ForwardingOs.java:563)
08-15 09:55:37.460  1175  1436 W System.err: 	at libcore.io.BlockGuardOs.open(BlockGuardOs.java:274)
08-15 09:55:37.460  1175  1436 W System.err: 	at libcore.io.ForwardingOs.open(ForwardingOs.java:563)
08-15 09:55:37.460  1175  1436 W System.err: 	at android.app.ActivityThread$AndroidOs.open(ActivityThread.java:8138)
08-15 09:55:37.460  1175  1436 W System.err: 	at libcore.io.IoBridge.open(IoBridge.java:560)
08-15 09:55:37.460  1175  1436 W System.err: 	... 10 more
08-15 09:55:37.460  1175  1436 W TraceBodyCache: [saveBody] start
08-15 09:55:37.461  1175  1436 W TraceBodyCache: [saveBody] save body success
08-15 09:55:37.476   423  1193 I audio_hw_hal_primary: [audiohal_get_latency:1344] io 13: out:0xe7943990 frames:3072 rate:48000 whole_latency:64 alsa_latency:64
08-15 09:55:37.476  2968  2968 D nativeloader: InitLlndkLibrariesProduct: libEGL.so:libGLESv1_CM.so:libGLESv2.so:libGLESv3.so:libRS.so:libandroid_net.so:libbinder_ndk.so:libc.so:libcgrouprc.so:libclang_rt.asan-arm-android.so:libcom.android.tethering.connectivity_native.so:libdl.so:libft2.so:liblog.so:libm.so:libmediandk.so:libnativewindow.so:libneuralnetworks.so:libselinux.so:libsync.so:libvndksupport.so:libvulkan.so
08-15 09:55:37.476  2968  2968 D nativeloader: Configuring product-clns-5 for unbundled product apk /product/app/ExoPlayer/ExoPlayer.apk. target_sdk_version=36, uses_libraries=, library_path=/product/app/ExoPlayer/lib/arm:/product/app/ExoPlayer/ExoPlayer.apk!/lib/armeabi-v7a:/product/lib:/system/product/lib, permitted_path=/data:/mnt/expand:/data/user/0/com.droidlogic.exoplayer2.demo:/product/lib:/system/product/lib
08-15 09:55:37.477  2968  2968 D nativeloader: InitVndkspLibrariesProduct: android.hardware.common-V2-ndk.so:android.hardware.common.fmq-V1-ndk.so:android.hardware.graphics.allocator-V2-ndk.so:android.hardware.graphics.common-V4-ndk.so:android.hardware.graphics.common@1.0.so:android.hardware.graphics.common@1.1.so:android.hardware.graphics.common@1.2.so:android.hardware.graphics.composer3-V1-ndk.so:android.hardware.graphics.mapper@2.0.so:android.hardware.graphics.mapper@2.1.so:android.hardware.graphics.mapper@3.0.so:android.hardware.graphics.mapper@4.0.so:android.hardware.renderscript@1.0.so:android.hidl.memory.token@1.0.so:android.hidl.memory@1.0-impl.so:android.hidl.memory@1.0.so:android.hidl.safe_union@1.0.so:libRSCpuRef.so:libRSDriver.so:libRS_internal.so:libbase.so:libbcinfo.so:libblas.so:libc++.so:libcompiler_rt.so:libcutils.so:libdmabufheap.so:libgralloctypes.so:libhardware.so:libhidlbase.so:libhidlmemory.so:libion.so:libjsoncpp.so:liblzma.so:libprocessgroup.so:libunwindstack.so:libutils.so:libutilscallstack.so:libz.so
08-15 09:55:37.497   423  1193 I audio_hw_hal_primary: [audiohal_get_latency:1344] io 13: out:0xe7943990 frames:3072 rate:48000 whole_latency:64 alsa_latency:64
08-15 09:55:37.524   423  1193 I audio_hw_hal_primary: [audiohal_get_latency:1344] io 13: out:0xe7943990 frames:3072 rate:48000 whole_latency:64 alsa_latency:64
08-15 09:55:37.525  2968  2968 V GraphicsEnvironment: Currently set values for:
08-15 09:55:37.525  2968  2968 V GraphicsEnvironment:   angle_gl_driver_selection_pkgs=[]
08-15 09:55:37.525  2968  2968 V GraphicsEnvironment:   angle_gl_driver_selection_values=[]
08-15 09:55:37.526  2968  2968 V GraphicsEnvironment: ANGLE GameManagerService for com.droidlogic.exoplayer2.demo: false
08-15 09:55:37.526  2968  2968 V GraphicsEnvironment: com.droidlogic.exoplayer2.demo is not listed in per-application setting
08-15 09:55:37.526  2968  2968 V GraphicsEnvironment: Neither updatable production driver nor prerelease driver is supported.
08-15 09:55:37.532  2968  2968 I MultiDex: VM with version 2.1.0 has multidex support
08-15 09:55:37.532  2968  2968 I MultiDex: Installing application
08-15 09:55:37.532  2968  2968 I MultiDex: VM has multidex support, MultiDex support library is disabled.
08-15 09:55:37.545   423  1193 I audio_hw_hal_primary: [audiohal_get_latency:1344] io 13: out:0xe7943990 frames:3072 rate:48000 whole_latency:64 alsa_latency:64
08-15 09:55:37.559   423  1193 I audio_hw_hal_primary: [audiohal_get_latency:1344] io 13: out:0xe7943990 frames:3072 rate:48000 whole_latency:64 alsa_latency:64
08-15 09:55:37.559   475   605 D audioserver: logFgsApiEnd: FGS Logger Transaction failed, -129
08-15 09:55:37.578  2968  2968 D UEventObserver: Construct UEventObserver
08-15 09:55:37.607  2968  2968 I MoviePlayer: [onCreate]
08-15 09:55:37.657  1175  2988 D com.aijia.http.intercept.HttpInterceptLogger: [, , 0]:{Thread:RxCachedThreadScheduler-12}<-- 200 OK https://device.yjdp.komect.com/yjfp/device-user/behavior/app/usage/record/add (225ms)
08-15 09:55:37.658  1175  2988 D com.aijia.http.intercept.HttpInterceptLogger: [, , 0]:{Thread:RxCachedThreadScheduler-12}Date: Sat, 15 Aug 2026 01:55:37 GMT
08-15 09:55:37.658  1175  2988 D com.aijia.http.intercept.HttpInterceptLogger: [, , 0]:{Thread:RxCachedThreadScheduler-12}Content-Type: application/json
08-15 09:55:37.658  1175  2988 D com.aijia.http.intercept.HttpInterceptLogger: [, , 0]:{Thread:RxCachedThreadScheduler-12}Transfer-Encoding: chunked
08-15 09:55:37.658  1175  2988 D com.aijia.http.intercept.HttpInterceptLogger: [, , 0]:{Thread:RxCachedThreadScheduler-12}Connection: keep-alive
08-15 09:55:37.658  1175  2988 D com.aijia.http.intercept.HttpInterceptLogger: [, , 0]:{Thread:RxCachedThreadScheduler-12}Keep-Alive: timeout=60
08-15 09:55:37.658  1175  2988 D com.aijia.http.intercept.HttpInterceptLogger: [, , 0]:{Thread:RxCachedThreadScheduler-12}Server: *
08-15 09:55:37.658  1175  2988 D com.aijia.http.intercept.HttpInterceptLogger: [, , 0]:{Thread:RxCachedThreadScheduler-12}
08-15 09:55:37.658  1175  2988 D com.aijia.http.intercept.HttpInterceptLogger: [, , 0]:{Thread:RxCachedThreadScheduler-12}{"code":"1000000","recode":"200","msg":"成功","message":"成功","data":null}
08-15 09:55:37.658  1175  2988 D com.aijia.http.intercept.HttpInterceptLogger: [, , 0]:{Thread:RxCachedThreadScheduler-12}<-- END HTTP (79-byte body)
08-15 09:55:37.659  1175  2988 E AppTokenTransformer: [, , 0]:{Thread:RxCachedThreadScheduler-12}apply !! t:com.aijia.http.CommonHttpResult@33f5c3b
08-15 09:55:37.659  1175  1175 D LauncherApp: [, , 0]:{Thread:main}上报应用打开成功 packageName:com.droidlogic.exoplayer2.demo
08-15 09:55:37.672  2968  2968 D CompatibilityChangeReporter: Compat change id reported: 210923482; UID 10032; state: ENABLED
08-15 09:55:37.790  2968  2968 I android_os_HwBinder: HwBinder: Starting thread pool for getting: vendor.amlogic.hardware.systemcontrol@1.1::ISystemControl/default
08-15 09:55:37.793  2968  2968 D MoviePlayer: set no subtile to :false
08-15 09:55:37.796  2968  2968 I MoviePlayer: [checkUri]
08-15 09:55:37.797  2968  2968 I MoviePlayer: [checkUri]mUri:null
08-15 09:55:37.797  2968  2968 I MoviePlayer: [initPlayer]mSurfaceHolder:null
08-15 09:55:37.798  2968  2968 I MyMediaPlayer_MoviePlayer: MyMediaPlayer construct
08-15 09:55:37.808  2968  2968 I MediaPlayerExt: [MediaPlayerExt]mIBinderService:android.os.BinderProxy@21a5276
08-15 09:55:37.809   632   846 W ActivityManager: pid 2968 com.droidlogic.exoplayer2.demo sent binder code 10 with flags 2 to frozen apps and got error -74
08-15 09:55:37.811  2968  2968 D MoviePlayer: mPlayList: /storage/6A6F-168B/本地音频/mp3/华晨宇 - 地球之盐.mp3
08-15 09:55:37.811  2968  2968 I MyMediaPlayer_MoviePlayer: path:/storage/6A6F-168B/本地音频/mp3/华晨宇 - 地球之盐.mp3
08-15 09:55:37.813  2968  2968 I MyMediaPlayer_MoviePlayer: [playFile]resume mode:true,path:/storage/6A6F-168B/本地音频/mp3/华晨宇 - 地球之盐.mp3
08-15 09:55:37.813   952  2213 E jarvis_ : lockScreenState  mode = false , state = 0
08-15 09:55:37.813   952  2213 I jarvis_LxAgentApiClient: <asyncCallAgent> method=lingxi_activity_life
08-15 09:55:37.813  2968  2968 I MyMediaPlayer_MoviePlayer: no need to show confirm dialog
08-15 09:55:37.813  2968  2968 I MyMediaPlayer_MoviePlayer: [setVideoPath, path:]/storage/6A6F-168B/本地音频/mp3/华晨宇 - 地球之盐.mp3
08-15 09:55:37.813   952  1082 I jarvis_LxAgentApiClient: <callAgent> method=lingxi_activity_life, params=Bundle[{pkg=com.droidlogic.exoplayer2.demo, life=activityStarting, class=com.droidlogic.videoplayer.MoviePlayer}]
08-15 09:55:37.813  2968  2968 I MyMediaPlayer_MoviePlayer: [setVideoURIAsync] uri:null, path:/storage/6A6F-168B/本地音频/mp3/华晨宇 - 地球之盐.mp3
08-15 09:55:37.813  2968  2968 I MyMediaPlayer_MoviePlayer: use file
08-15 09:55:37.815   423  1193 I audio_hw_hal_primary: [audiohal_get_latency:1344] io 13: out:0xe7943990 frames:3072 rate:48000 whole_latency:64 alsa_latency:64
08-15 09:55:37.815   952  1082 I jarvis_LxAgentApiClient: <callAgent> method=lingxi_activity_life, result=null
08-15 09:55:37.816   632   645 D CompatibilityChangeReporter: Compat change id reported: 149924527; UID 10032; state: ENABLED
08-15 09:55:37.817   632   645 D CompatibilityChangeReporter: Compat change id reported: 132649864; UID 10032; state: DISABLED
08-15 09:55:37.836   537   978 V AmlogicNuPlayerFactoryInit:  create AmNuPlayer
08-15 09:55:37.836   537   978 I NU-AmNuPlayerDriver:  ReCalculatePositionRatio set 0.500000
08-15 09:55:37.836   537   978 I AmlPlayerTimer: AmlPlayerTimer
08-15 09:55:37.836   537   978 I MessageMonitor: NU-AmNuPlayer MessageMonitor mDebugLevel 0, poll message us 30000000
08-15 09:55:37.836   537   978 I NU-AmNuPlayer: [#0] mPlayerInstanceId = 0
08-15 09:55:37.837   537   978 D AmlPlayerTimer: func:_timer_create  create timer.0 success.
08-15 09:55:37.837   537   978 D NU-AmNuPlayer: Enable QOS : 0
08-15 09:55:37.837   537   978 D NU-AmNuPlayerDriver: [#0] AmNuPlayerDriver(0xea640230) created, clientPid(2968), mPlayerInstanceId(0)
08-15 09:55:37.837   537   978 I NU-AmNuPlayerDriver: [#0] 
08-15 09:55:37.837   537   978 I NU-AmNuPlayerDriver: --------------------------------
08-15 09:55:37.837   537   978 I NU-AmNuPlayerDriver: ARCH = arm
08-15 09:55:37.837   537   978 I NU-AmNuPlayerDriver: branch name:   origin/project/iptv/r-iptv-dev-v3.0]
08-15 09:55:37.837   537   978 I NU-AmNuPlayerDriver: git version:   6813fe2217fe2ed7a1a950f4d2ab93222cb65337 
08-15 09:55:37.837   537   978 I NU-AmNuPlayerDriver: change id:      Change-Id: I992c058f8140cc983aaa0a39666b80b8ca3b1c17 
08-15 09:55:37.837   537   978 I NU-AmNuPlayerDriver: ID       :      PD#IPTV-39521 
08-15 09:55:37.837   537   978 I NU-AmNuPlayerDriver: last changed:  Date: Thu Mar 19 02:26:18 2026 +0000
08-15 09:55:37.837   537   978 I NU-AmNuPlayerDriver: build-time:     Wed Mar 25 02:38:52 UTC 2026
08-15 09:55:37.837   537   978 I NU-AmNuPlayerDriver: build-name:     wang.ren
08-15 09:55:37.837   537   978 I NU-AmNuPlayerDriver: uncommitted-file-num:0
08-15 09:55:37.837   537   978 I NU-AmNuPlayerDriver: BaseCommitMsg: commit 6813fe2217fe2ed7a1a950f4d2ab93222cb65337 PD#IPTV-39521 Change-Id: I992c058f8140cc983aaa0a39666b80b8ca3b1c17
08-15 09:55:37.837   537   978 I NU-AmNuPlayerDriver: PathesOnBase:  
08-15 09:55:37.837   537   978 I NU-AmNuPlayerDriver: 
08-15 09:55:37.837   537   978 I NU-AmNuPlayerDriver: MM-module-name:AmNuPlayer,Version:V5.1.206-g6813fe2
08-15 09:55:37.837   537   978 I NU-AmNuPlayerDriver: 
08-15 09:55:37.837   537   978 I NU-AmNuPlayerDriver: --------------------------------
08-15 09:55:37.837   537   978 I NU-AmNuPlayerDriver: [#0] Supported functions : 
08-15 09:55:37.837   537   978 I NU-AmNuPlayerDriver: {"MM-module-name":"AmNuPlayer"{"Features":["Switchaudio/subtitletracks","HTTPlivestreamingformpegtsandmp3formats","Localplaybackforvariousformats","UDPunicastandmulticastformpegtsformat","RTP/RTSPplaybackformpegtsformat","HLSlive/vodformpegtsformat","Androidaudiooffloadmode","SupportBuilt-insubtitles","AVS3videosupportforprotocolHTTPandLocal","AC4audiosupportforprotocolHTTP,Local,HLSandUDP","DVBTelextsupport","AudioVIVIDsuportforLocal/HTTP/UDP/HLS","AVS3videosupportvforprotocolHLSandUDP","ISOplaybackforlocal""libcurldownloadforprotocolHLS""dnscacheforprotocolHLS""ipv6andipv4firstplaybackforprotocolHLS""IPTVMulticasttoUnicastforprotocolRTPandUDP""IPTVcmccsoftprobeforprotocolUDPRTPHTTPHLS"],"SupportedFormats":[{"Protocol":"UDP","FileFormats":["MPEGTS"],},{"Protocol":"HLS","FileFormats":["MPEGTS","MP4"],},{"Protocol":"HTTPLIVE","FileFormats":["MPEGTS","MP3"],},{"Protocol":"LOCAL/HTTPVOD","FileFormats":["MP4","ASF","AVI","MPEGTS","MPEGPS","FLV","LIVE_FLV","WAV","PMP","H264","IVF","OG
08-15 09:55:37.839   224   224 I hwservicemanager: getTransport: Cannot find entry android.hardware.media.omx@1.0::IOmx/default in either framework or device VINTF manifest.
08-15 09:55:37.839   537   978 D MediaPlayerService: OMX service is not available
08-15 09:55:37.847   537  3003 I NU-AmNuPlayer: [#0] kWhatSetAudioSink
08-15 09:55:37.847   537   978 I NU-AmNuPlayer: [#0] setDataSourceAsync fd 9/0/5110837
08-15 09:55:37.866  1570  1880 D greenDAO: Built SQL for query: SELECT T."_id",T."PACKAGE_NAME",T."APP_ID",T."NAME",T."DEFAULT_ICON_RES",T."ICON_LOCAL_PATH",T."ICON_KEY",T."APP_PIC",T."APP_MODE",T."APP_SHOW",T."APP_STATE",T."USE_FULL",T."LAST_USED",T."USED_LONG",T."VERSION",T."VERSION_CODE",T."TARGET_VERSION_CODE",T."TARGET_VERSION",T."DESPRIPTION",T."POSITION",T."FILE_MD5",T."APK_FILE_URL",T."LOCAL_FILE_PATH",T."PROGRESS",T."FILE_SIZE",T."LAUNCHER_PAGE",T."HOME_PAGE",T."DEVICE_MODE",T."UPGRADE_TYPE",T."IGNORE_TIME",T."USER_FUL",T."UPGRADE_MANUAL",T."UPGRADE_DES",T."BELONG_TYPE",T."DETAIL_PIC_URLS",T."LATEST_VERSION_TIME",T."STATEMENT_LIST",T."STORE_POSITION",T."LABEL",T."PARAMS_INT1",T."PARAMS_INT2",T."PARAMS_INT3",T."PARAMS_INT4",T."PARAMS_STRING1",T."PARAMS_STRING2",T."PARAMS_STRING3",T."PARAMS_STRING4" FROM "APP" T  WHERE T."PACKAGE_NAME"=?
08-15 09:55:37.866  1570  1880 D greenDAO: Values for query: [com.droidlogic.exoplayer2.demo]
08-15 09:55:37.866  1570  3006 D greenDAO: Built SQL for query: SELECT T."_id",T."PACKAGE_NAME",T."APP_ID",T."NAME",T."DEFAULT_ICON_RES",T."ICON_LOCAL_PATH",T."ICON_KEY",T."APP_PIC",T."APP_MODE",T."APP_SHOW",T."APP_STATE",T."USE_FULL",T."LAST_USED",T."USED_LONG",T."VERSION",T."VERSION_CODE",T."TARGET_VERSION_CODE",T."TARGET_VERSION",T."DESPRIPTION",T."POSITION",T."FILE_MD5",T."APK_FILE_URL",T."LOCAL_FILE_PATH",T."PROGRESS",T."FILE_SIZE",T."LAUNCHER_PAGE",T."HOME_PAGE",T."DEVICE_MODE",T."UPGRADE_TYPE",T."IGNORE_TIME",T."USER_FUL",T."UPGRADE_MANUAL",T."UPGRADE_DES",T."BELONG_TYPE",T."DETAIL_PIC_URLS",T."LATEST_VERSION_TIME",T."STATEMENT_LIST",T."STORE_POSITION",T."LABEL",T."PARAMS_INT1",T."PARAMS_INT2",T."PARAMS_INT3",T."PARAMS_INT4",T."PARAMS_STRING1",T."PARAMS_STRING2",T."PARAMS_STRING3",T."PARAMS_STRING4" FROM "APP" T  WHERE T."PACKAGE_NAME"=?
08-15 09:55:37.866  1570  3006 D greenDAO: Values for query: [com.droidlogic.exoplayer2.demo]
08-15 09:55:37.866  1570  1880 E initTime: createController Timer 1786758937866
08-15 09:55:37.867  1570  1880 E initTime: createController return controller Timer cost1
08-15 09:55:37.867  1570  3007 D greenDAO: Built SQL for query: SELECT T."_id",T."PACKAGE_NAME",T."APP_ID",T."NAME",T."DEFAULT_ICON_RES",T."ICON_LOCAL_PATH",T."ICON_KEY",T."APP_PIC",T."APP_MODE",T."APP_SHOW",T."APP_STATE",T."USE_FULL",T."LAST_USED",T."USED_LONG",T."VERSION",T."VERSION_CODE",T."TARGET_VERSION_CODE",T."TARGET_VERSION",T."DESPRIPTION",T."POSITION",T."FILE_MD5",T."APK_FILE_URL",T."LOCAL_FILE_PATH",T."PROGRESS",T."FILE_SIZE",T."LAUNCHER_PAGE",T."HOME_PAGE",T."DEVICE_MODE",T."UPGRADE_TYPE",T."IGNORE_TIME",T."USER_FUL",T."UPGRADE_MANUAL",T."UPGRADE_DES",T."BELONG_TYPE",T."DETAIL_PIC_URLS",T."LATEST_VERSION_TIME",T."STATEMENT_LIST",T."STORE_POSITION",T."LABEL",T."PARAMS_INT1",T."PARAMS_INT2",T."PARAMS_INT3",T."PARAMS_INT4",T."PARAMS_STRING1",T."PARAMS_STRING2",T."PARAMS_STRING3",T."PARAMS_STRING4" FROM "APP" T  WHERE T."PACKAGE_NAME"=?
08-15 09:55:37.867  1570  3007 D greenDAO: Values for query: [com.droidlogic.exoplayer2.demo]
08-15 09:55:37.869  1570  1875 E lxAgent : short class name = com.starnet.filemanager
08-15 09:55:37.869  1570  1880 E lxAgent : short class name = com.starnet.filemanager
08-15 09:55:37.869  1570  1875 E lxAgent : lockScreenState  mode = false , state = 0
08-15 09:55:37.869  1570  2263 D greenDAO: Built SQL for query: SELECT T."_id",T."TASK_ID",T."MSG_ID",T."PRIORITY",T."TRIGGER_RULE",T."PUSH_CONTENT",T."PUSH_TYPE",T."MODEL_TYPE",T."MSG_TYPE",T."MSG_SOURCE",T."CREATE_TIME",T."IS_READ",T."IS_DISPLAYED" FROM "MSG_BOX_BEAN" T  WHERE T."MSG_TYPE"=?
08-15 09:55:37.869  1570  2263 D greenDAO: Values for query: [proactiveTask]
08-15 09:55:37.870  1570  2984 E PageInfoControllerApiImpls: [, , 0]:====上报数据=======>{"controlId":1,"params":[{"content":"{\"packageName\":\"com.droidlogic.exoplayer2.demo\",\"page\":\"no\"}","cid":10}]}
08-15 09:55:37.870  1570  2984 E PageInfoControllerApiImpls: ====上报数据=======>{"controlId":1,"params":[{"content":"{\"packageName\":\"com.droidlogic.exoplayer2.demo\",\"page\":\"no\"}","cid":10}]}
08-15 09:55:37.878   537   978 D NU-AmNuPlayer: part of md5:833daf69ebf6502bca581589e7221596
08-15 09:55:37.879   537   978 I MessageMonitor: NU-GenericSource MessageMonitor mDebugLevel 0, poll message us 30000000
08-15 09:55:37.879   537   978 I NU-GenericSource: mPlayerInstanceId = 0
08-15 09:55:37.879   537   978 I NU-GenericSource: [resetDataSource 691]
08-15 09:55:37.879   537   978 I NU-GenericSource: [resetDataSource 691]
08-15 09:55:37.880  2968  2968 I MoviePlayer: onPlaybackStateChanged:2
08-15 09:55:37.883  2968  2968 I MediaPlayerExt: [getMediaInfobyInvoke]mp:com.droidlogic.app.MediaPlayerExt@bd12002
08-15 09:55:37.884  2968  2968 I SystemSubtitleUtils: set subtitle enable state:false
08-15 09:55:37.884  2968  2968 D PreparedTimeoutTracker: startTrack
08-15 09:55:37.886   537  3009 I NU-GenericSource: patch:
08-15 09:55:37.886   537  3009 D NU-GenericSource: FileSource local use ffmpeg extractor
08-15 09:55:37.886   537  3009 I NU-GenericSource: FFmpegFileSource : fd=10 (/storage/6A6F-168B/本地音频/mp3/华晨宇 - 地球之盐.mp3), offset=0, length=5110837
08-15 09:55:37.886  2968  2968 D SubtitleManager: is 32bit process
08-15 09:55:37.887   537  3009 I NU-GenericSource: >>>[initFromDataSource 1438]
08-15 09:55:37.888   423   626 I audio_hw_hal_primary: [adev_set_parameters:4208] dev:0xe99414a0, kv: is_ms12_continuous=0
08-15 09:55:37.888   423   626 D audio_hw_hal_hfp: [audio_extn_hfp_set_parameters:739] audio_extn_hfp_set_parameters
08-15 09:55:37.889   535   535 I AmFFmpegExtractor: all use ffmpegextractor
08-15 09:55:37.889   535   535 I AmFFmpegExtractor: is in white list : 1
08-15 09:55:37.889   535   535 I AmFFmpegExtractor: SniffAmFFmpeg  ok, confidence = 0.800000
08-15 09:55:37.890   535   535 W AString : ctor got NULL, using empty string instead
08-15 09:55:37.890   535   535 I AmFFmpegExtractor: 
08-15 09:55:37.890   535   535 I AmFFmpegExtractor: -----------AmFFmpegExtractor Info---------
08-15 09:55:37.890   535   535 I AmFFmpegExtractor: 
08-15 09:55:37.890   535   535 I AmFFmpegExtractor: MM-module-name:Extractor,Version:V3.0.47-g62c0e35
08-15 09:55:37.890   535   535 I AmFFmpegExtractor: 
08-15 09:55:37.890   535   535 I AmFFmpegExtractor: ARCH = arm
08-15 09:55:37.890   535   535 I AmFFmpegExtractor: Author: multi-media team
08-15 09:55:37.890   535   535 I AmFFmpegExtractor: Branch name:   * project/iptv/r-iptv-dev-v3.0
08-15 09:55:37.890   535   535 I AmFFmpegExtractor: Last Commit Info:
08-15 09:55:37.890   535   535 I AmFFmpegExtractor:     commit 62c0e35d74eea49a36e12a3606980c10190612ef
08-15 09:55:37.890   535   535 I AmFFmpegExtractor:     Author: wang.ren <wang.ren@amlogic.com>
08-15 09:55:37.890   535   535 I AmFFmpegExtractor:     Date: Wed Mar 18 08:05:29 2026 +0000
08-15 09:55:37.890   535   535 I AmFFmpegExtractor:      AmFFmpegAdapter: CB2 sync patch from branch apex to iptv [1/1]
08-15 09:55:37.890   535   535 I AmFFmpegExtractor:      PD#IPTV-39846
08-15 09:55:37.890   535   535 I AmFFmpegExtractor:      Change-Id: Ic4714a59dcc906ce7551f77f43cacf29a563346b
08-15 09:55:37.890   535   535 I AmFFmpegExtractor: Uncommitted-file-num:0
08-15 09:55:37.890   535   535 I AmFFmpegExtractor: Build-time:     Thu Mar 19 11:41:22 UTC 2026
08-15 09:55:37.890   535   535 I AmFFmpegExtractor: Build-name:     wang.ren
08-15 09:55:37.890   535   535 I AmFFmpegExtractor: -----------------------------------------
08-15 09:55:37.890   535   535 I AmFFmpegExtractor: media.ffmpegextractor.loglevel 16
08-15 09:55:37.890   535   535 I AmFFmpegExtractor: vendor.media.ffmpegextractor.ESLen264Check : 60
08-15 09:55:37.890   535   535 I AmFFmpegExtractor: vendor.media.ffmpegextractor.ESLen265Check : 50
08-15 09:55:37.890   423   626 D AudioHalHardware: +setParameters(): is_ms12_continuous=0
08-15 09:55:37.890   423   626 W AudioHalHardware: setParameters(), still have param.size() = 1, remain param = "is_ms12_continuous=0"
08-15 09:55:37.890   423   626 D AudioHalHardware: -setParameters(): is_ms12_continuous=0 
08-15 09:55:37.890   535   535 I AmFFmpegByteIOAdapter: File size : 5110837
08-15 09:55:37.892   535   535 I AmFFmpegExtractor: AmFFmpegExtractor mInputFormat name {mp3 [(null)]}
08-15 09:55:37.902   535   535 I AmFFmpegExtractor: ///////////////start dump format
08-15 09:55:37.902   535   535 I AmFFmpegExtractor: [init 3304] audio/mpeg
08-15 09:55:37.902   535   535 D AmFFmpegExtractor: fileSize:5110837, ff_ctx_bit_rate:128011, bitrateDiff:11, bitRateSum:128000, duration:(319399184,319427312)
08-15 09:55:37.902   535   535 I AmFFmpegExtractor: isMusic major_brand:null
08-15 09:55:37.902   535   535 I AmFFmpegExtractor: isMusic mp3 is music
08-15 09:55:37.902   535   535 I AmFFmpegExtractor: Stream 1(1) [audio/ffmpeg][codecid:0x15001(0x15001)] found.
08-15 09:55:37.902   535   535 I AmFFmpegExtractor:  [AmFFmpegSource 711]startTimeUs:0, seekable:1
08-15 09:55:37.902   535   535 I AmFFmpegExtractor:  [init 744](0xee0c0d90)
08-15 09:55:37.902   535   535 E AmFFmpegExtractor: mAudioMuxRead 2
08-15 09:55:37.902   535   535 I AmFFmpegExtractor: init kKeyDuration = 319399184
08-15 09:55:37.902   535   535 I AmFFmpegExtractor: audio:demux: fmt = 8
08-15 09:55:37.902   535   535 I AmFFmpegExtractor: audio:demux: channels = 2
08-15 09:55:37.902   535   535 I AmFFmpegExtractor: audio:demux: sample_rate = 44100
08-15 09:55:37.902   535   535 I AmFFmpegExtractor: audio:demux: bit_rate = 128000
08-15 09:55:37.902   535   535 I AmFFmpegExtractor: audio:demux: codec_id = 86017
08-15 09:55:37.902   535   535 I AmFFmpegExtractor: audio:demux: stream startTimeUs = 0
08-15 09:55:37.902   535   535 I AmFFmpegExtractor: audio:demux: block_align = 0
08-15 09:55:37.902   535   535 E AmFFmpegExtractor: kKeyMediaLanguage audio lang null
08-15 09:55:37.903   535   535 I AmFFmpegExtractor: Mime:audio/ffmpeg
08-15 09:55:37.903   535   535 I StreamFormatter: Creating formatter for codec id : 86017 extradata size : 0
08-15 09:55:37.903   535   535 I AmFFmpegExtractor: [init 3526] mIsDolbyVison:0, i:0
08-15 09:55:37.903   535   535 I AmFFmpegExtractor: Not use Thread, by reason of has no activity audio or video.
08-15 09:55:37.903   537  3009 I NU-GenericSource: >>>MediaExtractor::Create [initFromDataSource 1485] and extractor name:AmFFmpegExtractor
08-15 09:55:37.903   537  3009 D NU-GenericSource: [#0] [KPI] startup, find stream info time spent: 16674
08-15 09:55:37.904   537  3009 I NU-GenericSource: initFromDataSource, mExtractor->countTracks() = 1
08-15 09:55:37.904   537  3009 I NU-GenericSource: amlogic private metadata ffmpegHasAudio
08-15 09:55:37.904   537  3009 I NU-GenericSource: amlogic private metadata ffmpegHasVideo
08-15 09:55:37.904   537  3009 I NU-GenericSource: amlogic private metadata mSeekable:1
08-15 09:55:37.904   537  3009 I NU-GenericSource: ffmpegHasAudio : 1, ffmpegHasVideo : 0
08-15 09:55:37.904   537  3009 I NU-GenericSource: enabled audio limiter !
08-15 09:55:37.905   537  3009 I NU-GenericSource: initFromDataSource track[0]: audio/ffmpeg
08-15 09:55:37.905   537  3009 I NU-GenericSource: AudioName:mp3  codec_id:0x15001 skipAudio:truehd
08-15 09:55:37.907   537  3009 I AmAVUtils: AmAVUtils, GITINFO : 8919a1b60ee53452554174c0c20735c740d45c0d(wang.ren  Tue Jan  6 02:25:36 UTC 2026)
08-15 09:55:37.907  2968  2968 D SubtitleManager: Loaded library:/vendor/lib/libsubtitlemanager_jni.so
08-15 09:55:37.908   423  1193 I audio_hw_hal_primary: [audiohal_get_latency:1344] io 13: out:0xe7943990 frames:3072 rate:48000 whole_latency:64 alsa_latency:64
08-15 09:55:37.908  2968  2968 E SubtitleManager: initResolution mScreenWidth:1280;mScreenHeight = 800
08-15 09:55:37.908  2968  2968 D SubtitleManager-jni: nativeInit 297
08-15 09:55:37.912   537  3009 I NU-AmNuPlayerDecoder: sampleRate:44100 
08-15 09:55:37.912   457   487 I SubtitleServer: setCallback cookie:0, client size:1
08-15 09:55:37.912   457   487 I SubtitleServer: openConnection 
08-15 09:55:37.912   457   487 I SubtitleService: SubtitleService
08-15 09:55:37.912   457   487 I SubtitleServer: openConnection: size:1
08-15 09:55:37.912   457   487 I SubtitleServer: client 0-1: 0xf0701220
08-15 09:55:37.919   537  3009 I AmAnotherPacketSource: (audio/ffmpeg)IsUdp:0 mLimitiSize:2097152, mTotalCount:1000 kLocalPlaybackMaxBufferCount 500
08-15 09:55:37.919   537  3009 I AmAnotherPacketSource: ----->(0xef802a10)start mIsVideo:0  mIsAudio:1 
08-15 09:55:37.919   537  3009 I NU-GenericSource: initFromDataSource mVideoTrack.mSource:0x0, unsupportvideo:0, ffmpegHasVideo:0
08-15 09:55:37.919   537  3009 I NU-GenericSource: initFromDataSource mAudioTrack.mSource:0xef98ae20, ffmpegHasAudio:1
08-15 09:55:37.919   535   535 I AmFFmpegExtractor:  [start 1451](0xee0c0d90)
08-15 09:55:37.919   535   535 D MediaBufferGroup: creating MemoryDealer
08-15 09:55:37.920   537  3009 I NU-GenericSource: notifyPrepared 2560
08-15 09:55:37.920   537  3003 I NU-AmNuPlayer: [#0] notifyPrepareCompleted
08-15 09:55:37.920   537  3003 D NU-AmNuPlayerDriver: [#0] notifyListener_l(0xea640230), (1, 0, 0, -1), loop setting(0, 0)
08-15 09:55:37.927   847  2985 D DroidLogicBenchService: not bench app, ignore it
08-15 09:55:37.939   952  1072 E jarvis_ : [, , 0]:AnfangSwitchAppHandler changed to:com.droidlogic.exoplayer2.demo
08-15 09:55:37.940   952  1072 I jarvis_ : turnOffAnfang
08-15 09:55:37.940   952  1072 I jarvis_ : AnfangSwitchAppHandler_turn: Off sent:
08-15 09:55:37.940   952  1072 I jarvis_AnfangAppManager: setThirdAppDisplayState=1
08-15 09:55:37.940   952  1072 I jarvis_ : CPMethodsCaller<callAnfang> method===notifyThirdAppDisplayState, arg=1, extras=Bundle[{}]
08-15 09:55:37.940  1595  2315 D OVDProvider: call method: notifyThirdAppDisplayState, arg: 1
08-15 09:55:37.940  1595  2315 D OVDProvider: handleNotifyThirdAppDisplayState: arg=1
08-15 09:55:37.941  1595  2315 E libovd  : [2026-08-15 09:55:37.941] [error] [2315] [DEV] AnfangManager pause mode:1 start:true
08-15 09:55:37.941  1595  1715 I libovd  : [2026-08-15 09:55:37.941] [info] [1715] [DEV] AnfangManager engineWork:false
08-15 09:55:37.941  1595  1715 I libovd  : [2026-08-15 09:55:37.941] [info] [1715] [DEV] AnfangManager endPush pushing:false
08-15 09:55:37.941  1595  1715 I libovd  : [2026-08-15 09:55:37.941] [info] [1715] [OVD_OpenApi] OVD_OpenAPI.c:255 OVD_updatechannelstate OVD_updatechannelstate channel:0 channelstate:4
08-15 09:55:37.941  1595  1715 I libovd  : [2026-08-15 09:55:37.941] [info] [1715] [DME] DME_main.c:546 DMEAPI_Wakeup_heart Wakeup heartbeat, dme status (4)
08-15 09:55:37.941   952  1072 I jarvis_ : CPMethodsCaller<callAnfang> end, res===Bundle[mParcelledData.dataSize=44]
08-15 09:55:37.941   952  1072 I jarvis_ForegroundUIUpdater: sendBroadcast foreground app change pkg===com.droidlogic.exoplayer2.demo
08-15 09:55:37.941   952  1072 W ContextImpl: Calling a method in the system process without a qualified user: android.app.ContextImpl.sendBroadcast:1220 android.content.ContextWrapper.sendBroadcast:504 com.cmcc.jarvis.common.base.ForegroundUIUpdater.sendBroadcast:5 com.cmcc.jarvis.common.base.ForegroundUIUpdater.notifyForegroundPkgChange:3 com.cmcc.jarvis.common.base.ForegroundUIUpdater.access$400:0 
08-15 09:55:37.942   632  1631 W ActivityManager: mobile project skip check protected broadcast com.cmcc.jarvis.action.FOREGROUND_APP_CHANGE
08-15 09:55:37.942   952  1072 I jarvis_LxAgentApiClient: <asyncCallAgent> method=lingxi_app_change
08-15 09:55:37.943   952  1072 I jarvis_LxAgentApiClient: <asyncCallAgent> method=lingxi_page_change
08-15 09:55:37.943   952  1159 I jarvis_LxAgentApiClient: <callAgent> method=lingxi_app_change, params=Bundle[{pkg=com.droidlogic.exoplayer2.demo}]
08-15 09:55:37.943   952  1072 D CmdVariantsHandler: 前台应用: com.droidlogic.exoplayer2.demo / com.droidlogic.videoplayer.MoviePlayer
08-15 09:55:37.943   952  1096 I jarvis_LxAgentApiClient: <callAgent> method=lingxi_page_change, params=Bundle[{cls=com.droidlogic.videoplayer.MoviePlayer, pkg=com.droidlogic.exoplayer2.demo}]
08-15 09:55:37.943   952  1072 D CmdVariantsHandler: 未获取到前台应用
08-15 09:55:37.945   952  1159 I jarvis_LxAgentApiClient: <callAgent> method=lingxi_app_change, result=null
08-15 09:55:37.946   952  1096 I jarvis_LxAgentApiClient: <callAgent> method=lingxi_page_change, result=null
08-15 09:55:37.972  2968  2968 D SubtitleManager-jni: nativeUnCrypt
08-15 09:55:37.972  2968  2968 D SubtitleManager-jni: nativeUnCrypt: is 32bit system
08-15 09:55:37.995  1570  1876 E ProcessLifeImpl: onForegroundActivitiesChanged com.starnet.filemanager foregroundActivities false
08-15 09:55:37.996  1570  1876 E ProcessLifeImpl: onForegroundActivitiesChanged com.droidlogic.exoplayer2.demo foregroundActivities true
08-15 09:55:37.996  1570  3006 E PageInfoControllerApiImpls: [, , 0]:====上报数据=======>{"controlId":1,"params":[{"content":"{\"packageName\":\"com.droidlogic.exoplayer2.demo\",\"page\":\"no\"}","cid":10}]}
08-15 09:55:37.998  1570  3006 E PageInfoControllerApiImpls: ====上报数据=======>{"controlId":1,"params":[{"content":"{\"packageName\":\"com.droidlogic.exoplayer2.demo\",\"page\":\"no\"}","cid":10}]}
08-15 09:55:37.998  1570  1880 E ConBinderHost: 没有回调接口过来，无法操控App packageName=com.droidlogic.exoplayer2.demo
08-15 09:55:37.999  1570  1880 D greenDAO: Built SQL for query: SELECT T."_id",T."PACKAGE_NAME",T."APP_ID",T."NAME",T."DEFAULT_ICON_RES",T."ICON_LOCAL_PATH",T."ICON_KEY",T."APP_PIC",T."APP_MODE",T."APP_SHOW",T."APP_STATE",T."USE_FULL",T."LAST_USED",T."USED_LONG",T."VERSION",T."VERSION_CODE",T."TARGET_VERSION_CODE",T."TARGET_VERSION",T."DESPRIPTION",T."POSITION",T."FILE_MD5",T."APK_FILE_URL",T."LOCAL_FILE_PATH",T."PROGRESS",T."FILE_SIZE",T."LAUNCHER_PAGE",T."HOME_PAGE",T."DEVICE_MODE",T."UPGRADE_TYPE",T."IGNORE_TIME",T."USER_FUL",T."UPGRADE_MANUAL",T."UPGRADE_DES",T."BELONG_TYPE",T."DETAIL_PIC_URLS",T."LATEST_VERSION_TIME",T."STATEMENT_LIST",T."STORE_POSITION",T."LABEL",T."PARAMS_INT1",T."PARAMS_INT2",T."PARAMS_INT3",T."PARAMS_INT4",T."PARAMS_STRING1",T."PARAMS_STRING2",T."PARAMS_STRING3",T."PARAMS_STRING4" FROM "APP" T  WHERE T."PACKAGE_NAME"=?
08-15 09:55:37.999  1570  1880 D greenDAO: Values for query: [com.droidlogic.exoplayer2.demo]
08-15 09:55:38.001  1570  1880 E lxAgent : short class name = com.starnet.filemanager
08-15 09:55:38.108  2968  2968 D SubtitleViewAdaptor: mSubLayout:android.widget.FrameLayout{3cad1b0 V.E...... ......I. 0,0-0,0}
08-15 09:55:38.111  2968  2968 D CCSubtitleView: [setActive]active:true
08-15 09:55:38.151  2968  2968 E CCSubtitleView: subtitle view init
08-15 09:55:38.152  2968  2968 D SubtitleViewAdaptor: mSubLayout2:android.widget.FrameLayout{3cad1b0 V.E...... ......I. 0,0-0,0}
08-15 09:55:38.152  2968  2968 I MoviePlayer: set layout
08-15 09:55:38.152  2968  2968 I MoviePlayer: [onCreate] initMediaSession() called
08-15 09:55:38.152  2968  2968 I MoviePlayer: [initMediaSession] initializing
08-15 09:55:38.154  2968  2968 W MediaSessionCompat: Couldn't find a unique registered media button receiver in the given context.
08-15 09:55:38.158   632   645 I MediaSessionStack: addSession to bottom of stack | record: com.droidlogic.exoplayer2.demo/MoviePlayer (userId=0)
08-15 09:55:38.159  1019  1019 V MediaPlayerList: onActiveSessionsChanged: number of controllers: 0
08-15 09:55:38.160  1019  1019 V MediaPlayerList: onActiveSessionsChanged: number of controllers: 0
08-15 09:55:38.160  1019  1019 D AvrcpTargetJni: sendPlayerSettingsNative
08-15 09:55:38.160  1019  1019 I bt_stack: [INFO:avrcp_service.cc(551)] virtual void bluetooth::avrcp::AvrcpService::SendPlayerSettingsChanged(std::vector<PlayerAttribute>, std::vector<uint8_t>)
08-15 09:55:38.160  1019  1019 I bt_stack: [INFO:avrcp_service.cc(565)] attribute=PlayerAttribute::REPEAT : value=PlayerRepeatValue::OFF
08-15 09:55:38.160  1019  1019 I bt_stack: attribute=PlayerAttribute::SHUFFLE : value=PlayerShuffleValue::OFF
08-15 09:55:38.160  1019  1019 I bt_stack: 
08-15 09:55:38.166  2968  2968 I MoviePlayer: [initMediaSession] setActive(true)
08-15 09:55:38.166  2968  2968 I MyMediaPlayer_MoviePlayer: getDuration when <prepared,return, state:2
08-15 09:55:38.166  2968  2968 I MoviePlayer: [updateMediaMetadata] title=华晨宇 - 地球之盐.mp3, duration=0
08-15 09:55:38.167  1019  1019 V MediaPlayerList: onActiveSessionsChanged: number of controllers: 1
08-15 09:55:38.168  1019  1019 D MediaPlayerList: onActiveSessionsChanged: controller: com.droidlogic.exoplayer2.demo
08-15 09:55:38.168  2968  2968 E MoviePlayer: updateMediaMetadata error
08-15 09:55:38.168  2968  2968 E MoviePlayer: java.lang.NullPointerException: Attempt to invoke virtual method 'void com.droidlogic.combineplayer.ui.MoviePlayerControlView.setFileName(java.lang.String)' on a null object reference
08-15 09:55:38.168  2968  2968 E MoviePlayer: 	at com.droidlogic.videoplayer.MoviePlayer.updateMediaMetadata(MoviePlayer.java:3388)
08-15 09:55:38.168  2968  2968 E MoviePlayer: 	at com.droidlogic.videoplayer.MoviePlayer.initMediaSession(MoviePlayer.java:3365)
08-15 09:55:38.168  2968  2968 E MoviePlayer: 	at com.droidlogic.videoplayer.MoviePlayer.onCreate(MoviePlayer.java:373)
08-15 09:55:38.168  2968  2968 E MoviePlayer: 	at android.app.Activity.performCreate(Activity.java:8621)
08-15 09:55:38.168  2968  2968 E MoviePlayer: 	at android.app.Activity.performCreate(Activity.java:8599)
08-15 09:55:38.168  2968  2968 E MoviePlayer: 	at android.app.Instrumentation.callActivityOnCreate(Instrumentation.java:1456)
08-15 09:55:38.168  2968  2968 E MoviePlayer: 	at android.app.ActivityThread.performLaunchActivity(ActivityThread.java:3808)
08-15 09:55:38.168  2968  2968 E MoviePlayer: 	at android.app.ActivityThread.handleLaunchActivity(ActivityThread.java:3967)
08-15 09:55:38.168  2968  2968 E MoviePlayer: 	at android.app.servertransaction.LaunchActivityItem.execute(LaunchActivityItem.java:103)
08-15 09:55:38.168  2968  2968 E MoviePlayer: 	at android.app.servertransaction.TransactionExecutor.executeCallbacks(TransactionExecutor.java:139)
08-15 09:55:38.168  2968  2968 E MoviePlayer: 	at android.app.servertransaction.TransactionExecutor.execute(TransactionExecutor.java:96)
08-15 09:55:38.168  2968  2968 E MoviePlayer: 	at android.app.ActivityThread$H.handleMessage(ActivityThread.java:2472)
08-15 09:55:38.168  2968  2968 E MoviePlayer: 	at android.os.Handler.dispatchMessage(Handler.java:106)
08-15 09:55:38.168  2968  2968 E MoviePlayer: 	at android.os.Looper.loopOnce(Looper.java:205)
08-15 09:55:38.168  2968  2968 E MoviePlayer: 	at android.os.Looper.loop(Looper.java:294)
08-15 09:55:38.168  2968  2968 E MoviePlayer: 	at android.app.ActivityThread.main(ActivityThread.java:8255)
08-15 09:55:38.168  2968  2968 E MoviePlayer: 	at java.lang.reflect.Method.invoke(Native Method)
08-15 09:55:38.168  2968  2968 E MoviePlayer: 	at com.android.internal.os.RuntimeInit$MethodAndArgsCaller.run(RuntimeInit.java:552)
08-15 09:55:38.168  2968  2968 E MoviePlayer: 	at com.android.internal.os.ZygoteInit.main(ZygoteInit.java:978)
08-15 09:55:38.171  2968  2968 D UEventObserver: Construct UEventObserver
08-15 09:55:38.172  2968  2968 I MoviePlayer: hdmi llm enable:false
08-15 09:55:38.173   632   668 W BatteryExternalStatsWorker: error reading modem stats:ERROR_PHONE_NOT_AVAILABLE
08-15 09:55:38.174  1019  1019 I MediaPlayerList: Adding wrapped media player: com.droidlogic.exoplayer2.demo at key: 1
08-15 09:55:38.175   632  2658 W BatteryExternalStatsWorker: error reading Bluetooth stats: 11
08-15 09:55:38.175  1019  1019 V MediaPlayerList: onActiveSessionsChanged: number of controllers: 1
08-15 09:55:38.175  2968  2968 D MoviePlayer: onStart
08-15 09:55:38.175  1019  1019 D MediaPlayerList: onActiveSessionsChanged: controller: com.droidlogic.exoplayer2.demo
08-15 09:55:38.176  1019  1019 I MediaPlayerList: Adding wrapped media player: com.droidlogic.exoplayer2.demo at key: 1
08-15 09:55:38.177   632   645 D CompatibilityChangeReporter: Compat change id reported: 161145287; UID 10032; state: ENABLED
08-15 09:55:38.177  2968  2968 D CertificationTipUtils: [registerAudioFormatReceiver]mAudioFormatReceiver:com.droidlogic.combineplayer.CertificationTipUtils$3@fbcb10c
08-15 09:55:38.177  2968  2968 I MoviePlayer: [initVideoView]
08-15 09:55:38.198   632   669 W CpuPowerCalculator: UID 10048 CPU freq # mismatch: Power Profile # 1 actual # 11
08-15 09:55:38.198   632   669 W CpuPowerCalculator: UID 10048 CPU freq # mismatch: Power Profile # 1 actual # 11
08-15 09:55:38.198   632   669 W CpuPowerCalculator: UID 10023 CPU freq # mismatch: Power Profile # 1 actual # 11
08-15 09:55:38.198   632   669 W CpuPowerCalculator: UID 10023 CPU freq # mismatch: Power Profile # 1 actual # 11
08-15 09:55:38.199   632   669 W CpuPowerCalculator: UID 10015 CPU freq # mismatch: Power Profile # 1 actual # 11
08-15 09:55:38.199   632   669 W CpuPowerCalculator: UID 10015 CPU freq # mismatch: Power Profile # 1 actual # 11
08-15 09:55:38.199   632   669 W CpuPowerCalculator: UID 10013 CPU freq # mismatch: Power Profile # 1 actual # 11
08-15 09:55:38.199   632   669 W CpuPowerCalculator: UID 10013 CPU freq # mismatch: Power Profile # 1 actual # 11
08-15 09:55:38.199   632   669 W CpuPowerCalculator: UID 10010 CPU freq # mismatch: Power Profile # 1 actual # 11
08-15 09:55:38.199   632   669 W CpuPowerCalculator: UID 10010 CPU freq # mismatch: Power Profile # 1 actual # 11
08-15 09:55:38.199   632   669 W CpuPowerCalculator: UID 9999 CPU freq # mismatch: Power Profile # 1 actual # 11
08-15 09:55:38.199   632   669 W CpuPowerCalculator: UID 1073 CPU freq # mismatch: Power Profile # 1 actual # 11
08-15 09:55:38.199   632   669 W CpuPowerCalculator: UID 1073 CPU freq # mismatch: Power Profile # 1 actual # 11
08-15 09:55:38.199   632   669 W CpuPowerCalculator: UID 1069 CPU freq # mismatch: Power Profile # 1 actual # 11
08-15 09:55:38.200   632   669 W CpuPowerCalculator: UID 1066 CPU freq # mismatch: Power Profile # 1 actual # 11
08-15 09:55:38.200   632   669 W CpuPowerCalculator: UID 1047 CPU freq # mismatch: Power Profile # 1 actual # 11
08-15 09:55:38.200   632   669 W CpuPowerCalculator: UID 1046 CPU freq # mismatch: Power Profile # 1 actual # 11
08-15 09:55:38.200   632   669 W CpuPowerCalculator: UID 1041 CPU freq # mismatch: Power Profile # 1 actual # 11
08-15 09:55:38.200   632   669 W CpuPowerCalculator: UID 1036 CPU freq # mismatch: Power Profile # 1 actual # 11
08-15 09:55:38.200   632   669 W CpuPowerCalculator: UID 1010 CPU freq # mismatch: Power Profile # 1 actual # 11
08-15 09:55:38.200   632   669 W CpuPowerCalculator: UID 1002 CPU freq # mismatch: Power Profile # 1 actual # 11
08-15 09:55:38.200   632   669 W CpuPowerCalculator: UID 1002 CPU freq # mismatch: Power Profile # 1 actual # 11
08-15 09:55:38.200   632   669 W CpuPowerCalculator: UID 1000 CPU freq # mismatch: Power Profile # 1 actual # 11
08-15 09:55:38.200   632   669 W CpuPowerCalculator: UID 0 CPU freq # mismatch: Power Profile # 1 actual # 11
08-15 09:55:38.223  2968  2968 I MoviePlayer: [registerHdmiReceiver]mHdmiReceiver:com.droidlogic.videoplayer.MoviePlayer$10@bf826d1
08-15 09:55:38.223  2968  2968 I MoviePlayer: [registerMountReceiver]mMountReceiver:com.droidlogic.videoplayer.MoviePlayer$11@b226536
08-15 09:55:38.225  2968  2968 I MoviePlayer: [registerMountReceiver]mMountReceiver:com.droidlogic.videoplayer.MoviePlayer$12@63fbc37
08-15 09:55:38.226  2968  2968 I MoviePlayer: [registerPowerReceiver]mPowerReceiver:com.droidlogic.videoplayer.MoviePlayer$12@63fbc37
08-15 09:55:38.230  2968  2968 I MoviePlayer: [onResume]
08-15 09:55:38.233   632   645 D WindowManager: isOemCompatApp com.droidlogic.exoplayer2.demo
08-15 09:55:38.237  2968  2968 D CompatibilityChangeReporter: Compat change id reported: 237531167; UID 10032; state: DISABLED
08-15 09:55:38.240  2968  2968 W OpenGLRenderer: Unknown dataspace 0
08-15 09:55:38.245   632  1631 W WindowManager: [addWindow] title:com.droidlogic.exoplayer2.demo/com.droidlogic.videoplayer.MoviePlayer
08-15 09:55:38.246   632   645 W WindowManager: Failed looking up window session=Session{90d5307 2968:u0a10032} callers=com.android.server.wm.WindowManagerService.windowForClientLocked:6168 com.android.server.wm.Session.updateRequestedVisibleTypes:705 android.view.IWindowSession$Stub.onTransact:1034 
08-15 09:55:38.253   537  3003 I NU-AmNuPlayer: [#0] updateMediaInfo
08-15 09:55:38.254   537  3003 I NU-AmNuPlayer: [#0] [updateMediaInfo:1371]get i=0 , mime: audio/ffmpeg
08-15 09:55:38.257  2968  2968 I MyMediaPlayer_MoviePlayer: [mPreparedListener]onPrepared mp:com.droidlogic.app.MediaPlayerExt@bd12002
08-15 09:55:38.257  2968  2968 D PreparedTimeoutTracker: stopTrack
08-15 09:55:38.257  2968  2968 I MoviePlayer: onPlaybackStateChanged:3
08-15 09:55:38.257  2968  2968 D MoviePlayer: set background null
08-15 09:55:38.258   537  3003 I NU-AmNuPlayer: [#0] updateMediaInfo
08-15 09:55:38.258   537  3003 I NU-AmNuPlayer: [#0] [updateMediaInfo:1371]get i=0 , mime: audio/ffmpeg
08-15 09:55:38.260  2968  2968 D MediaPlayerNative: getMetadata
08-15 09:55:38.260   537   978 I NU-AmNuPlayerDriver: [#0] getMetadata 1387
08-15 09:55:38.260   537   978 I NU-AmNuPlayerDriver: [#0] getMetadata mVideoWidth 0, mVideoHeight 0
08-15 09:55:38.261   537   978 I NU-AmNuPlayer: [#0] AmNuPlayer::Source::getFormat frame-rate = failed
08-15 09:55:38.261   537   978 I NU-AmNuPlayer: [#0] getFormat audio extend format : audio/ffmpeg
08-15 09:55:38.261   537   978 I NU-AmNuPlayer: [#0] [getStrCurrentCodecMime 5483] 1 mDTSMimeFromCodec:0-->mMediaRenderingStarted:0
08-15 09:55:38.262   537   978 I NU-AmNuPlayer: [#0] AmNuPlayer::Source::getFormat frame-rate = failed
08-15 09:55:38.262   537   978 I NU-AmNuPlayer: [#0] getFormat audio extend format : audio/ffmpeg
08-15 09:55:38.262   537   978 I NU-AmNuPlayer: [#0] [getStrCurrentCodecMime 5483] 1 mDTSMimeFromCodec:0-->mMediaRenderingStarted:0
08-15 09:55:38.262   537   978 I AmMetadata: appendString ffmpeg, 6
08-15 09:55:38.262   537   978 I NU-AmNuPlayer: [#0] AmNuPlayer::Source::getFormat frame-rate = failed
08-15 09:55:38.262   537   978 I NU-AmNuPlayer: [#0] getFormat audio extend format : audio/ffmpeg
08-15 09:55:38.262   537   978 I NU-AmNuPlayer: [#0] [getStrCurrentCodecMime 5483] 1 mDTSMimeFromCodec:0-->mMediaRenderingStarted:0
08-15 09:55:38.262   537   978 I NU-AmNuPlayerDriver: [#0] getMetadata kVideoCodec (null), kAudioCodec ffmpeg
08-15 09:55:38.262   537   978 I NU-AmNuPlayer: [#0] AmNuPlayer::Source::getFormat frame-rate = failed
08-15 09:55:38.262   537   978 I NU-AmNuPlayer: [#0] getFormat audio extend format : audio/ffmpeg
08-15 09:55:38.262   537   978 I AmMetadata: appendString stereo, 6
08-15 09:55:38.263  2968  2968 I MyMediaPlayer_MoviePlayer: [mPreparedListener]mCanSeek:true
08-15 09:55:38.264  2968  2968 I MyMediaPlayer_MoviePlayer: [start]mMediaPlayer:
08-15 09:55:38.264  2968  2968 I MyMediaPlayer_MoviePlayer: start, requestAudioFocus
08-15 09:55:38.264  2968  2968 W AudioManager: Use of stream types is deprecated for operations other than volume control
08-15 09:55:38.264  2968  2968 W AudioManager: See the documentation of requestAudioFocus() for what to use instead with android.media.AudioAttributes to qualify your playback use case
08-15 09:55:38.270   632  1631 I MediaFocusControl: requestAudioFocus() from uid/pid 10032/2968 AA=USAGE_MEDIA/CONTENT_TYPE_MUSIC clientId=android.media.AudioManager@4c3fb2fcom.droidlogic.videoplayer.MyMediaPlayer$1@354753c callingPack=com.droidlogic.exoplayer2.demo req=1 flags=0x0 sdk=36
08-15 09:55:38.271   632  1631 I AudioService.FadeOutManager: unfadeOutUid() uid:10032
08-15 09:55:38.273   537   978 D NU-AmNuPlayerDriver: [#0] start(0xea640230), state is 4, eos is 0
08-15 09:55:38.273  2968  2968 I MoviePlayer: onPlaybackStateChanged:4
08-15 09:55:38.274   537  3003 I NU-AmNuPlayer: [#0] kWhatStart
08-15 09:55:38.274   537  3003 I NU-AmNuPlayer: [#0] onStart: mCrypto: 0x0 (0)
08-15 09:55:38.274   537  3003 I NU-GenericSource: start
08-15 09:55:38.274  2968  2968 I MoviePlayer: [updatePlaybackState] state=3, pos=0
08-15 09:55:38.274   537  3003 I NU-AmNuPlayer: [#0] AmNuPlayer::Source::getFormat frame-rate = failed
08-15 09:55:38.274   537  3003 I NU-AmNuPlayer: [#0] getFormat audio extend format : audio/ffmpeg
08-15 09:55:38.275   632  2658 I MediaSessionStack: onPlaybackStateChanged - Pushing session to top | record: com.droidlogic.exoplayer2.demo/MoviePlayer (userId=0)
08-15 09:55:38.276  2968  2968 I MyMediaPlayer_MoviePlayer: notify play position change
08-15 09:55:38.277  2968  2968 D MyMediaPlayer_MoviePlayer: subtitle setdisplay
08-15 09:55:38.277  2968  2968 I MyMediaPlayer_MoviePlayer: eventlistener notify
08-15 09:55:38.277  2968  2968 I MoviePlayer: [displayModeImpl]onPrepared[Landroid.media.MediaPlayer$TrackInfo;@f1662c5
08-15 09:55:38.277  2968  2968 I MoviePlayer: openSubtitle() start
08-15 09:55:38.277  2968  2968 I SystemSubtitleUtils: set subtitle enable state:false
08-15 09:55:38.277  2968  2968 I MoviePlayer: [initMediaInfo] mMediaPlayer:com.droidlogic.videoplayer.MyMediaPlayer@7fe441a
08-15 09:55:38.277  2968  2968 I MediaPlayerExt: [getMediaInfobyInvoke]mp:com.droidlogic.app.MediaPlayerExt@bd12002
08-15 09:55:38.279   632   632 D MediaSessionService: Media button session is changed to com.droidlogic.exoplayer2.demo/MoviePlayer (userId=0)
08-15 09:55:38.280   952   952 D myNoti  : onPlaybackStateChanged
08-15 09:55:38.281   952   952 I jarvis_ : <onMediaStart>
08-15 09:55:38.281   952   952 I jarvis_ : overlock,start true,0,0,,
08-15 09:55:38.282   952   952 E jarvis_AppUtils: getPkgNameByPidFromFile failed, pid===1570, ex=java.io.FileNotFoundException: /proc/1570/cmdline: open failed: ENOENT (No such file or directory)
08-15 09:55:38.282   952   952 E jarvis_AppUtils: read /proc/pid/cmdline failed, pname===null, fallback to AMS...
08-15 09:55:38.282   537  3003 I NU-AmNuPlayerRenderer: getAudioDevicesForStream   streamType=3,  audioDevices=0x2
08-15 09:55:38.282   537  3003 E NU-AmNuPlayerRenderer: Couldn't map mime "audio/ffmpeg" to a valid audio_format
08-15 09:55:38.282   537  3003 I MessageMonitor: NU-AmNuPlayerRenderer MessageMonitor mDebugLevel 0, poll message us 30000000
08-15 09:55:38.282   537  3003 I NU-AmNuPlayerRenderer: [#0] mPlayerInstanceId = 0
08-15 09:55:38.282   537  3003 I NU-AmNuPlayerRenderer: mFirstSlowSync is set to True. from : 1010
08-15 09:55:38.282   537  3003 I NU-AmNuPlayerRenderer: [#0] media.amnuplayer.avsync.dropmode is set to 0 us .
08-15 09:55:38.282   537  3003 I NU-AmNuPlayerRenderer: for IPTV hls, mShowFrameAfterOpenAudioSink is set to True. from : 1115
08-15 09:55:38.283   423   626 D AudioHalHardware: +getParameters(), key = hdmi_format
08-15 09:55:38.283   423   626 D AudioHalHardware: -getParameters(), return ""
08-15 09:55:38.285   537  3003 I NU-AmNuPlayerDriver: media.player.atrace.enable is 1
08-15 09:55:38.285   537  3003 I NU-AmNuPlayer: [#0] [onStart:4461] new Renderer
08-15 09:55:38.286   537  3003 I NU-AmNuPlayer: [#0] AmNuPlayer::getMediaInfo
08-15 09:55:38.286   537  3003 I NU-AmNuPlayer: [#0] updateMediaInfo
08-15 09:55:38.286  1019  1019 I MediaPlayerList: onMediaKeyEventSessionChanged: token=com.droidlogic.exoplayer2.demo
08-15 09:55:38.287   537  3003 I NU-AmNuPlayer: [#0] [updateMediaInfo:1371]get i=0 , mime: audio/ffmpeg
08-15 09:55:38.287   537  3003 I NU-AmNuPlayer: [#0] --cur video:0 cur audio:0 cur sub:-1 
08-15 09:55:38.287   537  3003 I NU-AmNuPlayer: [#0] --audio index:0 id:86017 totlanum:1 channel:2 samplerate:44100 aformat=0
08-15 09:55:38.287  2968  2968 I MediaPlayerExt: [getMediaInfo]filename:-1,duration:319,file_size:null,bitrate:128000,type:0
08-15 09:55:38.287  2968  2968 I MediaPlayerExt: [getMediaInfo]cur_video_index:0,cur_audio_index:0,cur_sub_index:-1
08-15 09:55:38.287  2968  2968 I MediaPlayerExt: [getMediaInfo]mediaInfo.total_video_num:0
08-15 09:55:38.288  2968  2968 I MediaPlayerExt: [getMediaInfo]mediaInfo.total_audio_num:1
08-15 09:55:38.288  2968  2968 I MediaPlayerExt: [getMediaInfo]audioInfo j:0,index:0,id:86017,aformat:0
08-15 09:55:38.288  2968  2968 I MediaPlayerExt: [getMediaInfo]audioInfo j:0,channel:2,sample_rate:44100
08-15 09:55:38.288  2968  2968 I MediaPlayerExt: [getMediaInfo]mediaInfo.total_sub_num:0
08-15 09:55:38.288  2968  2968 I MediaPlayerExt: [getMediaInfo]mediaInfo.total_ts_num:0
08-15 09:55:38.288  2968  2968 I MediaPlayerExt: [getMediaInfo]mediaInfo.total_sub_num:0
08-15 09:55:38.288  2968  2968 I MediaInfo: [printMediaInfo]mInfo:com.droidlogic.app.MediaPlayerExt$MediaInfo@61f1b4b
08-15 09:55:38.288  2968  2968 I MediaInfo: [printMediaInfo]filename:-1,duration:319,file_size:null,bitrate:128000,type:0
08-15 09:55:38.288  2968  2968 I MediaInfo: [printMediaInfo]cur_video_index:0,cur_audio_index:0,cur_sub_index:-1
08-15 09:55:38.289  2968  2968 I MediaInfo: [printMediaInfo]total_video_num:0
08-15 09:55:38.289  2968  2968 I MediaInfo: [printMediaInfo]total_audio_num:1
08-15 09:55:38.289  2968  2968 I MediaInfo: [printMediaInfo]audioInfo j:0,index:0,id:86017
08-15 09:55:38.289  2968  2968 I MediaInfo: [printMediaInfo]audioInfo j:0,aformat:0
08-15 09:55:38.289  2968  2968 I MediaInfo: [printMediaInfo]audioInfo j:0,channel:2,sample_rate:44100
08-15 09:55:38.289  2968  2968 I MediaInfo: [printMediaInfo]total_sub_num:0
08-15 09:55:38.289  2968  2968 D MediaPlayerNative: getMetadata
08-15 09:55:38.289   537   978 I NU-AmNuPlayerDriver: [#0] getMetadata 1387
08-15 09:55:38.289   537   978 I NU-AmNuPlayerDriver: [#0] getMetadata mVideoWidth 0, mVideoHeight 0
08-15 09:55:38.290   537  3003 I NU-AmNuPlayer: [#0] AmNuPlayer::Source::getFormat frame-rate = failed
08-15 09:55:38.290   537  3003 I NU-AmNuPlayer: [#0] getFormat audio extend format : audio/ffmpeg
08-15 09:55:38.290   537   978 I NU-AmNuPlayer: [#0] AmNuPlayer::Source::getFormat frame-rate = failed
08-15 09:55:38.290   537   978 I NU-AmNuPlayer: [#0] getFormat audio extend format : audio/ffmpeg
08-15 09:55:38.290   537   978 I NU-AmNuPlayer: [#0] [getStrCurrentCodecMime 5483] 1 mDTSMimeFromCodec:0-->mMediaRenderingStarted:0
08-15 09:55:38.291   537   978 I NU-AmNuPlayer: [#0] AmNuPlayer::Source::getFormat frame-rate = failed
08-15 09:55:38.291   537   978 I NU-AmNuPlayer: [#0] getFormat audio extend format : audio/ffmpeg
08-15 09:55:38.291   537   978 I NU-AmNuPlayer: [#0] [getStrCurrentCodecMime 5483] 1 mDTSMimeFromCodec:0-->mMediaRenderingStarted:0
08-15 09:55:38.291   537   978 I AmMetadata: appendString ffmpeg, 6
08-15 09:55:38.291   537   978 I NU-AmNuPlayer: [#0] AmNuPlayer::Source::getFormat frame-rate = failed
08-15 09:55:38.291   537   978 I NU-AmNuPlayer: [#0] getFormat audio extend format : audio/ffmpeg
08-15 09:55:38.291   537   978 I NU-AmNuPlayer: [#0] [getStrCurrentCodecMime 5483] 1 mDTSMimeFromCodec:0-->mMediaRenderingStarted:0
08-15 09:55:38.291   537   978 I NU-AmNuPlayerDriver: [#0] getMetadata kVideoCodec (null), kAudioCodec ffmpeg
08-15 09:55:38.292   537  3003 I NU-AmNuPlayerRenderer: getAudioDevicesForStream   streamType=3,  audioDevices=0x2
08-15 09:55:38.292   537  3003 E NU-AmNuPlayerRenderer: Couldn't map mime "audio/ffmpeg" to a valid audio_format
08-15 09:55:38.292   537   978 I NU-AmNuPlayer: [#0] AmNuPlayer::Source::getFormat frame-rate = failed
08-15 09:55:38.292   537   978 I NU-AmNuPlayer: [#0] getFormat audio extend format : audio/ffmpeg
08-15 09:55:38.292   537   978 I AmMetadata: appendString stereo, 6
08-15 09:55:38.292   537  3003 I NU-AmNuPlayer: [#0] instantiateDecoder   format: AMessage(what = 0x00000000) = {
08-15 09:55:38.292   537  3003 I NU-AmNuPlayer:   string mime = "audio/ffmpeg"
08-15 09:55:38.292   537  3003 I NU-AmNuPlayer:   int64_t durationUs = 319399184
08-15 09:55:38.292   537  3003 I NU-AmNuPlayer:   int32_t track-id = 0
08-15 09:55:38.292   537  3003 I NU-AmNuPlayer:   int32_t bitrate = 128000
08-15 09:55:38.292   537  3003 I NU-AmNuPlayer:   int32_t channel-count = 2
08-15 09:55:38.292   537  3003 I NU-AmNuPlayer:   int32_t sample-rate = 44100
08-15 09:55:38.292   537  3003 I NU-AmNuPlayer:   string codec-format-str = "audio/ffmpeg"
08-15 09:55:38.292   537  3003 I NU-AmNuPlayer:   int32_t codec-id = 86017
08-15 09:55:38.292   537  3003 I NU-AmNuPlayer:   int32_t block-align = 0
08-15 09:55:38.292   537  3003 I NU-AmNuPlayer:   int32_t vendor.adec.codec-id.value = 86017
08-15 09:55:38.292   537  3003 I NU-AmNuPlayer:   Buffer extra-data = {
08-15 09:55:38.292   537  3003 I NU-AmNuPlayer:   }
08-15 09:55:38.292   537  3003 I NU-AmNuPlayer:   int32_t bit-rate = 128000
08-15 09:55:38.292   537  3003 I NU-AmNuPlayer:   int32_t priority = 0
08-15 09:55:38.292   537  3003 I NU-AmNuPlayer: }  
08-15 09:55:38.292   537  3003 W AString : ctor got NULL, using empty string instead
08-15 09:55:38.292   537  3003 I DMABUFHEAPS: Using : Non-legacy ION heaps
08-15 09:55:38.292   537  3003 I NU-AmNuPlayerDecoder: [#0] mPlayerInstanceId = 0  mForceClearUseClearKey is 0
08-15 09:55:38.293   537  3003 I NU-AmNuPlayerDriver: media.player.atrace.enable is 1
08-15 09:55:38.293   537  3003 I MessageMonitor: NU-AmNuPlayerDecoder-audN MessageMonitor mDebugLevel 0, poll message us 30000000
08-15 09:55:38.293   537  3003 I NU-AmNuPlayer: [#0] instantiateDecoder audio Decoder
08-15 09:55:38.296  2968  2968 I MoviePlayer: subtitle setting ok button click or init call
08-15 09:55:38.296  2968  2968 I MoviePlayer: maybe wrong info:win h:-1,w:-1
08-15 09:55:38.296  2968  2968 I SystemSubtitleUtils: [setSubtitleView]
08-15 09:55:38.297  1019  1019 D MediaPlayerList: setActivePlayer(): setting player to com.droidlogic.exoplayer2.demo
08-15 09:55:38.297   537  3013 I NU-AmNuPlayerDecoder: [#0] onConfigure format: AMessage(what = 0x00000000) = {
08-15 09:55:38.297   537  3013 I NU-AmNuPlayerDecoder:   string mime = "audio/ffmpeg"
08-15 09:55:38.297   537  3013 I NU-AmNuPlayerDecoder:   int64_t durationUs = 319399184
08-15 09:55:38.297   537  3013 I NU-AmNuPlayerDecoder:   int32_t track-id = 0
08-15 09:55:38.297   537  3013 I NU-AmNuPlayerDecoder:   int32_t bitrate = 128000
08-15 09:55:38.297   537  3013 I NU-AmNuPlayerDecoder:   int32_t channel-count = 2
08-15 09:55:38.297   537  3013 I NU-AmNuPlayerDecoder:   int32_t sample-rate = 44100
08-15 09:55:38.297   537  3013 I NU-AmNuPlayerDecoder:   string codec-format-str = "audio/ffmpeg"
08-15 09:55:38.297   537  3013 I NU-AmNuPlayerDecoder:   int32_t codec-id = 86017
08-15 09:55:38.297   537  3013 I NU-AmNuPlayerDecoder:   int32_t block-align = 0
08-15 09:55:38.297   537  3013 I NU-AmNuPlayerDecoder:   int32_t vendor.adec.codec-id.value = 86017
08-15 09:55:38.297   537  3013 I NU-AmNuPlayerDecoder:   Buffer extra-data = {
08-15 09:55:38.297   537  3013 I NU-AmNuPlayerDecoder:   }
08-15 09:55:38.297   537  3013 I NU-AmNuPlayerDecoder:   int32_t bit-rate = 128000
08-15 09:55:38.297   537  3013 I NU-AmNuPlayerDecoder:   int32_t priority = 0
08-15 09:55:38.297   537  3013 I NU-AmNuPlayerDecoder:   int32_t early-release = 0
08-15 09:55:38.297   537  3013 I NU-AmNuPlayerDecoder: }
08-15 09:55:38.297   537  3013 I MessageMonitor: ReadDataHandler MessageMonitor mDebugLevel 0, poll message us 30000000
08-15 09:55:38.297  1019  1019 I MediaPlayerList: sendMediaUpdate: Creating a one item queue for a player with no queue
08-15 09:55:38.298  1019  1019 D MediaPlayerList: sendMediaUpdate state=PlaybackState {state=PLAYING(3), position=23, buffered position=0, speed=1.0, updated=585997, actions=823, custom actions=[], active item id=-1, error=null}
08-15 09:55:38.298  2968  2968 I SystemSubtitleUtils: set Subtitle setting to subtitleManager, win h:800,margin y:0
08-15 09:55:38.299  2968  2968 I SystemSubtitleUtils: text subtitle y position:1
08-15 09:55:38.299  2968  2968 D SystemSubtitleUtils: setSubtitleEnc:null
08-15 09:55:38.299   537  3013 D MediaCodecList: codecHandlesFormat: no format, so no extra checks
08-15 09:55:38.299  2968  2968 D SystemSubtitleUtils: selected Pos:0,set translate language to subtitle manager---language:
08-15 09:55:38.300  2968  2968 E SystemSubtitleUtils: no such method errorjava.lang.NoSuchMethodError: No virtual method setSubTranslationLanguage(Ljava/lang/String;Ljava/lang/String;)I in class Lcom/droidlogic/app/SubtitleManager; or its super classes (declaration of 'com.droidlogic.app.SubtitleManager' appears in /vendor/framework/droidlogic.software.core.jar)
08-15 09:55:38.300  2968  2968 I MyMediaPlayer_MoviePlayer: onInfochanged--lister
08-15 09:55:38.300  2968  2968 I MediaInfo: amime:audio/ffmpeg
08-15 09:55:38.300  2968  2968 I MoviePlayer: gotoTeletextSubtitlePage
08-15 09:55:38.300  2968  2968 I MediaInfo: is uni media for iptv:0
08-15 09:55:38.301  2968  2968 I MediaInfo: getTeletextSubtitlePage
08-15 09:55:38.301  2968  2968 D MoviePlayer: setSurfaceFrameRate---
08-15 09:55:38.301  2968  2968 D MediaPlayerNative: getMetadata
08-15 09:55:38.301   537   978 I NU-AmNuPlayerDriver: [#0] getMetadata 1387
08-15 09:55:38.301   537   978 I NU-AmNuPlayerDriver: [#0] getMetadata mVideoWidth 0, mVideoHeight 0
08-15 09:55:38.302   537   978 I NU-AmNuPlayer: [#0] AmNuPlayer::Source::getFormat frame-rate = failed
08-15 09:55:38.302   537   978 I NU-AmNuPlayer: [#0] getFormat audio extend format : audio/ffmpeg
08-15 09:55:38.302   537   978 I NU-AmNuPlayer: [#0] [getStrCurrentCodecMime 5483] 1 mDTSMimeFromCodec:0-->mMediaRenderingStarted:0
08-15 09:55:38.302  1019  1019 D MediaControlGattService: updatePlayerState: playbackState= PLAYING
08-15 09:55:38.302  1019  1019 W MediaControlGattService: Feature PLAYBACK_SPEED(BIT 8) support: true
08-15 09:55:38.302  1019  1019 W MediaControlGattService: Feature PLAYBACK_SPEED(BIT 8) support: true
08-15 09:55:38.302  1019  1019 W MediaControlGattService: Feature PLAYBACK_SPEED(BIT 8) support: true
08-15 09:55:38.302  1019  1019 W MediaControlGattService: Feature TRACK_POSITION(BIT 7) support: true
08-15 09:55:38.302  1019  1019 W MediaControlGattService: Feature TRACK_POSITION_NOTIFY support: true
08-15 09:55:38.302  1019  1019 W MediaControlGattService: Feature MEDIA_STATE(BIT 17) support: true
08-15 09:55:38.302  1019  1019 W MediaControlGattService: Feature MEDIA_STATE(BIT 17) support: true
08-15 09:55:38.303   537   978 I NU-AmNuPlayer: [#0] AmNuPlayer::Source::getFormat frame-rate = failed
08-15 09:55:38.303   537   978 I NU-AmNuPlayer: [#0] getFormat audio extend format : audio/ffmpeg
08-15 09:55:38.303   537   978 I NU-AmNuPlayer: [#0] [getStrCurrentCodecMime 5483] 1 mDTSMimeFromCodec:0-->mMediaRenderingStarted:0
08-15 09:55:38.303   537   978 I AmMetadata: appendString ffmpeg, 6
08-15 09:55:38.303   537   978 I NU-AmNuPlayer: [#0] AmNuPlayer::Source::getFormat frame-rate = failed
08-15 09:55:38.303   537   978 I NU-AmNuPlayer: [#0] getFormat audio extend format : audio/ffmpeg
08-15 09:55:38.303   537   978 I NU-AmNuPlayer: [#0] [getStrCurrentCodecMime 5483] 1 mDTSMimeFromCodec:0-->mMediaRenderingStarted:0
08-15 09:55:38.303   537   978 I NU-AmNuPlayerDriver: [#0] getMetadata kVideoCodec (null), kAudioCodec ffmpeg
08-15 09:55:38.304   537   978 I NU-AmNuPlayer: [#0] AmNuPlayer::Source::getFormat frame-rate = failed
08-15 09:55:38.304   537   978 I NU-AmNuPlayer: [#0] getFormat audio extend format : audio/ffmpeg
08-15 09:55:38.304   537   978 I AmMetadata: appendString stereo, 6
08-15 09:55:38.304  2968  2968 D MoviePlayer: type=0, fps=0, on=true
08-15 09:55:38.305  2968  2968 E MoviePlayer: Surface.setFrameRate method does not exist or surface destroyed)
08-15 09:55:38.305   537  3014 D CCodec  : allocate(c2.amlogic.audio.decoder.ffmpeg)
08-15 09:55:38.305  2968  2968 I MoviePlayer: [updateMediaMetadata] title=华晨宇 - 地球之盐.mp3, duration=319399
08-15 09:55:38.305  1019  1019 W MediaControlGattService: Feature PLAYER_NAME(BIT 1) support: true
08-15 09:55:38.305  1019  1019 W MediaControlGattService: Feature PLAYER_NAME(BIT 1) support: true
08-15 09:55:38.305  1019  1019 W MediaControlGattService: Feature PLAYER_NAME(BIT 1) support: true
08-15 09:55:38.305  1019  1019 W MediaControlGattService: Feature PLAYER_NAME_NOTIFY support: true
08-15 09:55:38.306  2968  2968 E MoviePlayer: updateMediaMetadata error
08-15 09:55:38.306  2968  2968 E MoviePlayer: java.lang.NullPointerException: Attempt to invoke virtual method 'void com.droidlogic.combineplayer.ui.MoviePlayerControlView.setFileName(java.lang.String)' on a null object reference
08-15 09:55:38.306  2968  2968 E MoviePlayer: 	at com.droidlogic.videoplayer.MoviePlayer.updateMediaMetadata(MoviePlayer.java:3388)
08-15 09:55:38.306  2968  2968 E MoviePlayer: 	at com.droidlogic.videoplayer.MoviePlayer.access$4000(MoviePlayer.java:104)
08-15 09:55:38.306  2968  2968 E MoviePlayer: 	at com.droidlogic.videoplayer.MoviePlayer$MvPlayerEventListener.onPrepared(MoviePlayer.java:2167)
08-15 09:55:38.306  2968  2968 E MoviePlayer: 	at com.droidlogic.videoplayer.MyMediaPlayer$2.onPrepared(MyMediaPlayer.java:1250)
08-15 09:55:38.306  2968  2968 E MoviePlayer: 	at android.media.MediaPlayer$EventHandler.handleMessage(MediaPlayer.java:3517)
08-15 09:55:38.306  2968  2968 E MoviePlayer: 	at android.os.Handler.dispatchMessage(Handler.java:106)
08-15 09:55:38.306  2968  2968 E MoviePlayer: 	at android.os.Looper.loopOnce(Looper.java:205)
08-15 09:55:38.306  2968  2968 E MoviePlayer: 	at android.os.Looper.loop(Looper.java:294)
08-15 09:55:38.306  2968  2968 E MoviePlayer: 	at android.app.ActivityThread.main(ActivityThread.java:8255)
08-15 09:55:38.306  2968  2968 E MoviePlayer: 	at java.lang.reflect.Method.invoke(Native Method)
08-15 09:55:38.306  2968  2968 E MoviePlayer: 	at com.android.internal.os.RuntimeInit$MethodAndArgsCaller.run(RuntimeInit.java:552)
08-15 09:55:38.306  2968  2968 E MoviePlayer: 	at com.android.internal.os.ZygoteInit.main(ZygoteInit.java:978)
08-15 09:55:38.307  2968  2968 I MoviePlayer: [sendUpdateDisplayModeMsg]sendMessageDelayed MSG_UPDATE_DISPLAY_MODE
08-15 09:55:38.307   537  3014 I CCodec  : setting up 'default' as default (vendor) store
08-15 09:55:38.308   433   935 I C2VendorComponentStore: C2VendorComponentStore::createComponent name c2.amlogic.audio.decoder.ffmpeg
08-15 09:55:38.309   433   935 I C2VendorComponentStore: findComponent
08-15 09:55:38.309   433   935 I C2VendorComponentStore: C2VendorComponentStore::createComponent fetchModule
08-15 09:55:38.309   433   935 I C2VendorComponentStore: localModule libpath libcodec2_aml_audio_decoder.so 54
08-15 09:55:38.309   433   935 V C2VendorComponentStore: Loading dll
08-15 09:55:38.309   433   935 I C2VendorComponentStore: in init ===> start codec:54 secure:0 isAudio:1
08-15 09:55:38.309   433   935 V C2VendorComponentStore: init  libPath:libcodec2_aml_audio_decoder.so --> isAudio:1, createFactoryName:CreateC2AudioDecoderFFMPEGFactory
08-15 09:55:38.309   433   935 V Amlogic_C2AudioFFMPEGDecoder: create component FFMPEG 
08-15 09:55:38.309   433   935 I C2VendorComponentStore: GetCodec2VendorComponentStore, line:910
08-15 09:55:38.309   433   935 I Amlogic_C2AudioFFMPEGDecoder: in C2AudioFFMPEGDecFactory 
08-15 09:55:38.309   433   935 I Amlogic_C2AudioFFMPEGDecoder: in createComponent 
08-15 09:55:38.309   632  2658 D CoreBackPreview: Window{d3ffd2 u0 com.droidlogic.exoplayer2.demo/com.droidlogic.videoplayer.MoviePlayer}: Setting back callback OnBackInvokedCallbackInfo{mCallback=android.window.IOnBackInvokedCallback$Stub$Proxy@99857a0, mPriority=0, mIsAnimationCallback=false}
08-15 09:55:38.310   433   935 I Amlogic_C2AudioFFMPEGDecoder: in IntfImpl  c2.amlogic.audio.decoder.ffmpeg
08-15 09:55:38.311   433   935 I Amlogic_C2AudioFFMPEGDecoder: C2AudioFFMPEGDecoder() 267  name:c2.amlogic.audio.decoder.ffmpeg
08-15 09:55:38.311   433   935 I Amlogic_C2AudioFFMPEGDecoder: initializeState_l 291
08-15 09:55:38.312  1019  1019 W MediaControlGattService: Feature MEDIA_CONTROL_POINT_OPCODES_SUPPORTED(BIT 19) support: true
08-15 09:55:38.312  1019  1019 W MediaControlGattService: Feature PLAYING_ORDER_SUPPORTED(BIT 16) support: true
08-15 09:55:38.312  1019  1019 W MediaControlGattService: Feature PLAYING_ORDER(BIT 15) support: true
08-15 09:55:38.312  1019  1019 W MediaControlGattService: Feature PLAYER_ICON_OBJ_ID(BIT 2) support: false
08-15 09:55:38.312  1019  1019 W MediaControlGattService: Feature PLAYER_ICON_URL(BIT 3) support: false
08-15 09:55:38.312  1019  1019 W MediaControlGattService: Feature MEDIA_CONTROL_POINT_OPCODES_SUPPORTED(BIT 19) support: true
08-15 09:55:38.312  1019  1019 W MediaControlGattService: Feature MEDIA_CONTROL_POINT_OPCODES_SUPPORTED_NOTIFY support: true
08-15 09:55:38.315  1019  1019 W MediaControlGattService: Feature TRACK_TITLE(BIT 5) support: true
08-15 09:55:38.315  1019  1019 W MediaControlGattService: Feature TRACK_TITLE(BIT 5) support: true
08-15 09:55:38.315  1019  1019 W MediaControlGattService: Feature TRACK_TITLE_NOTIFY support: true
08-15 09:55:38.317   254   449 W ServiceManagerCppClient: Permission failure: android.permission.ROTATE_SURFACE_FLINGER from uid=10032 pid=0
08-15 09:55:38.317   254   449 D PermissionCache: checking android.permission.ROTATE_SURFACE_FLINGER for uid=10032 => denied (395 us)
08-15 09:55:38.317   254   449 W ServiceManagerCppClient: Permission failure: android.permission.INTERNAL_SYSTEM_WINDOW from uid=10032 pid=0
08-15 09:55:38.317   254   449 D PermissionCache: checking android.permission.INTERNAL_SYSTEM_WINDOW for uid=10032 => denied (175 us)
08-15 09:55:38.318   254   265 W ServiceManagerCppClient: Permission failure: android.permission.ACCESS_SURFACE_FLINGER from uid=10032 pid=2968
08-15 09:55:38.318   254   265 D PermissionCache: checking android.permission.ACCESS_SURFACE_FLINGER for uid=10032 => denied (230 us)
08-15 09:55:38.319  2968  2994 I mali    : Successfully parsed 1 environment variable(s) from /vendor/etc/mali_platform.config.
08-15 09:55:38.320  2968  2994 I mali    : Successfully parsed 1 environment variable(s) from /vendor/etc/mali_platform.config.
08-15 09:55:38.320   254   449 W ServiceManagerCppClient: Permission failure: android.permission.ACCESS_SURFACE_FLINGER from uid=10032 pid=0
08-15 09:55:38.320   254   449 D PermissionCache: checking android.permission.ACCESS_SURFACE_FLINGER for uid=10032 => denied (3148 us)
08-15 09:55:38.320  1019  1019 W MediaControlGattService: Feature TRACK_DURATION(BIT 6) support: true
08-15 09:55:38.320  1019  1019 W MediaControlGattService: Feature TRACK_DURATION(BIT 6) support: true
08-15 09:55:38.320  1019  1019 W MediaControlGattService: Feature TRACK_DURATION_NOTIFY support: true
08-15 09:55:38.322  2968  2968 I MoviePlayer: [surfaceCreated]
08-15 09:55:38.322  2968  2968 D MoviePlayer: surface view setBackground black
08-15 09:55:38.323   537   978 D SurfaceUtils: connecting to surface 0xe84c4ba8, reason setVideoSurfaceTexture
08-15 09:55:38.324   537  3003 D NU-AmNuPlayer: [#0] onSetVideoSurface(0xe84c3270, no video decoder)
08-15 09:55:38.324   537  3003 I NU-AmNuPlayer: [#0] not set video screenmode to 1
08-15 09:55:38.324  2968  2968 I MoviePlayer: initView
08-15 09:55:38.324  1019  1019 W MediaControlGattService: Feature MEDIA_STATE(BIT 17) support: true
08-15 09:55:38.324  1019  1019 D MediaControlGattService: updateMediaStateChar
08-15 09:55:38.325  1019  1019 W MediaControlGattService: Feature MEDIA_STATE(BIT 17) support: true
08-15 09:55:38.325  1019  1019 D MediaControlGattService: updateMediaStateChar setting to state= 1
08-15 09:55:38.328  2968  2968 E MoviePlayer: no such method errorjava.lang.NoSuchMethodError: No virtual method setAIAdaptiveArea(Z)V in class Lcom/droidlogic/app/SubtitleManager; or its super classes (declaration of 'com.droidlogic.app.SubtitleManager' appears in /vendor/framework/droidlogic.software.core.jar)
08-15 09:55:38.328  2968  2968 I MoviePlayer: [surfaceChanged]format:4,w:1280,h:800
08-15 09:55:38.329  1019  1019 W MediaControlGattService: Feature MEDIA_STATE(BIT 17) support: true
08-15 09:55:38.330  1019  1019 W MediaControlGattService: Feature SEEKING_SPEED(BIT 9) support: true
08-15 09:55:38.330  1019  1019 W MediaControlGattService: Feature SEEKING_SPEED(BIT 9) support: true
08-15 09:55:38.330  1019  1019 W MediaControlGattService: Feature SEEKING_SPEED(BIT 9) support: true
08-15 09:55:38.330  1019  1019 W MediaControlGattService: Feature TRACK_CHANGED(BIT 4) support: true
08-15 09:55:38.330   224   224 I hwservicemanager: getTransport: Cannot find entry android.hardware.configstore@1.0::ISurfaceFlingerConfigs/default in either framework or device VINTF manifest.
08-15 09:55:38.332   433   935 V C2VendorComponentStore: In ~ComponentModule
08-15 09:55:38.332   433   935 V C2VendorComponentStore: Unloading dll
08-15 09:55:38.334  1019  1019 W MediaControlGattService: Feature PLAYING_ORDER_SUPPORTED(BIT 16) support: true
08-15 09:55:38.334  1019  1019 W MediaControlGattService: Feature PLAYING_ORDER(BIT 15) support: true
08-15 09:55:38.334  1019  1019 W MediaControlGattService: Feature PLAYING_ORDER_NOTIFY support: true
08-15 09:55:38.336  1019  1019 W MediaControlGattService: Feature MEDIA_STATE(BIT 17) support: true
08-15 09:55:38.338   537  3014 I CCodec  : Created component [c2.amlogic.audio.decoder.ffmpeg]
08-15 09:55:38.340   537  3014 D CCodecConfig: read media type: audio/ffmpeg
08-15 09:55:38.340  1019  1019 I MediaPlayerList: onMediaKeyEventSessionChanged: token=com.droidlogic.exoplayer2.demo
08-15 09:55:38.342   537  3014 D ReflectedParamUpdater: extent() != 1 for single value type: output.subscribed-indices.values
08-15 09:55:38.342   537  3014 D ReflectedParamUpdater: extent() != 1 for single value type: input.buffers.allocator-ids.values
08-15 09:55:38.342   537  3014 D ReflectedParamUpdater: extent() != 1 for single value type: output.buffers.allocator-ids.values
08-15 09:55:38.342   537  3014 D ReflectedParamUpdater: extent() != 1 for single value type: output.buffers.pool-ids.values
08-15 09:55:38.343  1019  1019 D MediaPlayerList: setActivePlayer(): setting player to com.droidlogic.exoplayer2.demo
08-15 09:55:38.344   632  1391 I MediaSessionService: tempAllowlistTargetPkgIfPossible callingPackage:com.android.bluetooth targetPackage:com.droidlogic.exoplayer2.demo reason:MediaSessionRecord:android.support.v4.media.session.command.GET_EXTRA_BINDER [WIU] [FGS]
08-15 09:55:38.345   537  3014 I CCodecConfig: query failed after returning 8 values (BAD_INDEX)
08-15 09:55:38.345   537  3014 D CCodecConfig: c2 config diff is Dict {
08-15 09:55:38.345   537  3014 D CCodecConfig:   c2::u32 coded.bitrate.value = 64000
08-15 09:55:38.345   537  3014 D CCodecConfig:   c2::u32 input.buffers.max-size.value = 2097152
08-15 09:55:38.345   537  3014 D CCodecConfig:   string input.media-type.value = "audio/ffmpeg"
08-15 09:55:38.345   537  3014 D CCodecConfig:   string output.media-type.value = "audio/raw"
08-15 09:55:38.345   537  3014 D CCodecConfig:   c2::u32 raw.channel-count.value = 1
08-15 09:55:38.345   537  3014 D CCodecConfig:   c2::u32 raw.channel-mask.value = 0
08-15 09:55:38.345   537  3014 D CCodecConfig:   c2::u32 raw.max-channel-count.value = 8
08-15 09:55:38.345   537  3014 D CCodecConfig:   c2::u32 raw.sample-rate.value = 44100
08-15 09:55:38.345   537  3014 D CCodecConfig: }
08-15 09:55:38.349   537  3013 I NU-AmNuPlayerDecoder: [#0] mComponentName c2.amlogic.audio.decoder.ffmpeg
08-15 09:55:38.349   537  3013 I NU-AmNuPlayerRenderer: [#0] audio source format 0x1
08-15 09:55:38.349   537  3013 I NU-AmNuPlayerDecoder: sampleRate:44100 
08-15 09:55:38.349   537  3013 I NU-AmNuPlayerDecoder: [#0] is_passthrough_enable:0 
08-15 09:55:38.349   537  3013 I NU-AmNuPlayerDecoder: channel-count=2
08-15 09:55:38.349   537  3013 I NU-AmNuPlayerDecoder: sample-rate=44100
08-15 09:55:38.349   537  3013 I NU-AmNuPlayerDecoder: bit-rate=128000
08-15 09:55:38.349   537  3013 I NU-AmNuPlayerDecoder: block-align=0
08-15 09:55:38.349   537  3013 I NU-AmNuPlayerDecoder: codec-id=86017
08-15 09:55:38.349   537  3013 I NU-AmNuPlayerDecoder: is_passthrough_enable=0
08-15 09:55:38.349   537  3013 I NU-AmNuPlayerDecoder: extradata-size=0
08-15 09:55:38.349   537  3014 I MediaCodec: MediaCodec will operate in async mode
08-15 09:55:38.351   537  3014 D MediaCodec: flushMediametrics
08-15 09:55:38.351   537  3014 D CCodec  : [c2.amlogic.audio.decoder.ffmpeg] buffers are bound to CCodec for this session
08-15 09:55:38.351   537  3014 D CCodecConfig: no c2 equivalents for durationUs
08-15 09:55:38.351   537  3014 D CCodecConfig: no c2 equivalents for track-id
08-15 09:55:38.351   537  3014 D CCodecConfig: no c2 equivalents for codec-format-str
08-15 09:55:38.351   537  3014 D CCodecConfig: no c2 equivalents for codec-id
08-15 09:55:38.351   537  3014 D CCodecConfig: no c2 equivalents for block-align
08-15 09:55:38.351   537  3014 D CCodecConfig: no c2 equivalents for extra-data
08-15 09:55:38.351   537  3014 D CCodecConfig: no c2 equivalents for bit-rate
08-15 09:55:38.351   537  3014 D CCodecConfig: no c2 equivalents for early-release
08-15 09:55:38.351   537  3014 D CCodecConfig: no c2 equivalents for is_passthrough_enable
08-15 09:55:38.351   537  3014 D CCodecConfig: no c2 equivalents for flags
08-15 09:55:38.353   537  3014 D CCodecConfig: c2 config diff is   c2::u32 coded.bitrate.value = 128000
08-15 09:55:38.353   537  3014 D CCodecConfig:   c2::u32 raw.channel-count.value = 2
08-15 09:55:38.353   537  3014 D CCodecConfig:   c2::i32 vendor.adec.block-align.value = 0
08-15 09:55:38.353   537  3014 D CCodecConfig:   c2::i32 vendor.adec.codec-id.value = 86017
08-15 09:55:38.353   537  3014 D CCodecConfig:   c2::i32 vendor.adec.extra-data-size.value = 0
08-15 09:55:38.354   537  3014 W Codec2Client: query -- param skipped: index = 1107298332.
08-15 09:55:38.354   537  3014 D CCodec  : encoding statistics level = 0
08-15 09:55:38.354   537  3014 D CCodec  : setup formats input: AMessage(what = 0x00000000) = {
08-15 09:55:38.354   537  3014 D CCodec  :   int32_t aac-max-output-channel_count = 8
08-15 09:55:38.354   537  3014 D CCodec  :   int32_t bitrate = 128000
08-15 09:55:38.354   537  3014 D CCodec  :   int32_t channel-count = 2
08-15 09:55:38.354   537  3014 D CCodec  :   int32_t channel-mask = 0
08-15 09:55:38.354   537  3014 D CCodec  :   int32_t max-input-size = 2097152
08-15 09:55:38.354   537  3014 D CCodec  :   int32_t max-output-channel-count = 8
08-15 09:55:38.354   537  3014 D CCodec  :   string mime = "audio/ffmpeg"
08-15 09:55:38.354   537  3014 D CCodec  :   int32_t sample-rate = 44100
08-15 09:55:38.354   537  3014 D CCodec  :   int32_t vendor.adec.block-align.value = 0
08-15 09:55:38.354   537  3014 D CCodec  :   int32_t vendor.adec.codec-id.value = 86017
08-15 09:55:38.354   537  3014 D CCodec  :   int32_t vendor.adec.extra-data-size.value = 0
08-15 09:55:38.354   537  3014 D CCodec  : }
08-15 09:55:38.354   537  3014 D CCodec  : setup formats output: AMessage(what = 0x00000000) = {
08-15 09:55:38.354   537  3014 D CCodec  :   int32_t aac-max-output-channel_count = 8
08-15 09:55:38.354   537  3014 D CCodec  :   int32_t channel-count = 2
08-15 09:55:38.354   537  3014 D CCodec  :   int32_t channel-mask = 0
08-15 09:55:38.354   537  3014 D CCodec  :   int32_t max-output-channel-count = 8
08-15 09:55:38.354   537  3014 D CCodec  :   string mime = "audio/raw"
08-15 09:55:38.354   537  3014 D CCodec  :   int32_t sample-rate = 44100
08-15 09:55:38.354   537  3014 D CCodec  :   int32_t android._config-pcm-encoding = 2
08-15 09:55:38.354   537  3014 D CCodec  : }
08-15 09:55:38.354   537  3014 I CCodecConfig: query failed after returning 11 values (BAD_INDEX)
08-15 09:55:38.354   537  3013 D MediaCodec: keep callback message for reclaim
08-15 09:55:38.355   433  3019 I Amlogic_C2AudioFFMPEGDecoder: onInit() 453
08-15 09:55:38.355   433  3019 I Amlogic_C2AudioFFMPEGDecoder: initDecoder 511
08-15 09:55:38.355   433  3019 I Amlogic_C2AudioFFMPEGDecoder: setUp 421
08-15 09:55:38.355   433  3019 I Amlogic_C2AudioFFMPEGDecoder: vendor.media.c2.loglevels is not set used def = 1
08-15 09:55:38.355   433  3019 I Amlogic_C2AudioFFMPEGDecoder: setUpAudioDecoder_l  debug_print:0, debug_dump:0,  gloglevel:1
08-15 09:55:38.355   433  3019 I Amlogic_C2AudioFFMPEGDecoder: mAInfo codec_id:(0x15001 86017) blockalign:0 bitspersample:1 channelCount:2 SampleRate:44100 BitRate:128000
08-15 09:55:38.355   433  3019 I AmAudioCodec: AmAudioCodec 54 
08-15 09:55:38.357   433  3019 I AmFFmpegDecoder: AmFFmpegCodec::CreateCodec audio_decode_init  audio/ffmpeg
08-15 09:55:38.359  1019  1019 I MediaPlayerList: sendMediaUpdate: Creating a one item queue for a player with no queue
08-15 09:55:38.359  1019  1019 D MediaPlayerList: sendMediaUpdate state=PlaybackState {state=PLAYING(3), position=84, buffered position=0, speed=1.0, updated=586058, actions=823, custom actions=[], active item id=-1, error=null}
08-15 09:55:38.359  1019  1019 D AvrcpTargetJni: sendMediaUpdateNative
08-15 09:55:38.360  1019  1019 I bt_stack: [INFO:avrcp_service.cc(515)] virtual void bluetooth::avrcp::AvrcpService::SendMediaUpdate(bool, bool, bool) track_changed=1 :  play_state=1 :  queue=1
08-15 09:55:38.361  1019  1019 V MediaPlayerList: onActiveSessionsChanged: number of controllers: 1
08-15 09:55:38.362  2968  2994 E OpenGLRenderer: Unable to match the desired swap behavior.
08-15 09:55:38.364  1019  1019 D MediaPlayerList: onActiveSessionsChanged: controller: com.droidlogic.exoplayer2.demo
08-15 09:55:38.383     0     0 I [0 T223   ..] servicemanager: Found android.hardware.graphics.allocator.IAllocator/default in device VINTF manifest.
08-15 09:55:38.384     0     0 I [3 T223   ..] servicemanager: Found android.hardware.graphics.allocator.IAllocator/default in device VINTF manifest.
08-15 09:55:38.370  1019  1019 I MediaPlayerList: sendMediaUpdate: Creating a one item queue for a player with no queue
08-15 09:55:38.370  1019  1019 D MediaPlayerList: sendMediaUpdate state=PlaybackState {state=PLAYING(3), position=96, buffered position=0, speed=1.0, updated=586070, actions=823, custom actions=[], active item id=-1, error=null}
08-15 09:55:38.370  1019  1019 W MediaControlGattService: Feature PLAYER_NAME(BIT 1) support: true
08-15 09:55:38.370  1019  1019 W MediaControlGattService: Feature PLAYER_NAME(BIT 1) support: true
08-15 09:55:38.370  1019  1019 W MediaControlGattService: Feature MEDIA_STATE(BIT 17) support: true
08-15 09:55:38.371  1019  1019 V MediaPlayerList: onActiveSessionsChanged: number of controllers: 1
08-15 09:55:38.371  1019  1019 D MediaPlayerList: onActiveSessionsChanged: controller: com.droidlogic.exoplayer2.demo
08-15 09:55:38.374  1019  1019 I MediaPlayerList: sendMediaUpdate: Creating a one item queue for a player with no queue
08-15 09:55:38.374  1019  1019 D MediaPlayerList: sendMediaUpdate state=PlaybackState {state=PLAYING(3), position=100, buffered position=0, speed=1.0, updated=586074, actions=823, custom actions=[], active item id=-1, error=null}
08-15 09:55:38.374  1019  1019 D AvrcpTargetJni: sendMediaUpdateNative
08-15 09:55:38.374  1019  1019 I bt_stack: [INFO:avrcp_service.cc(515)] virtual void bluetooth::avrcp::AvrcpService::SendMediaUpdate(bool, bool, bool) track_changed=0 :  play_state=0 :  queue=0
08-15 09:55:38.377  2968  2968 D MoviePlayer: sendDolbyVersionLogoMsg
08-15 09:55:38.377   632  1391 W ServiceManagerCppClient: Permission failure: android.permission.ROTATE_SURFACE_FLINGER from uid=10032 pid=0
08-15 09:55:38.377   632  1391 D PermissionCache: checking android.permission.ROTATE_SURFACE_FLINGER for uid=10032 => denied (204 us)
08-15 09:55:38.377   632  1391 W ServiceManagerCppClient: Permission failure: android.permission.INTERNAL_SYSTEM_WINDOW from uid=10032 pid=0
08-15 09:55:38.377   632  1391 D PermissionCache: checking android.permission.INTERNAL_SYSTEM_WINDOW for uid=10032 => denied (56 us)
08-15 09:55:38.377   632  1391 W ServiceManagerCppClient: Permission failure: android.permission.ACCESS_SURFACE_FLINGER from uid=10032 pid=0
08-15 09:55:38.378   632  1391 D PermissionCache: checking android.permission.ACCESS_SURFACE_FLINGER for uid=10032 => denied (49 us)
08-15 09:55:38.379   433  3019 I AmAudioCodec: ffmpeg decoder NeedCheckFrame 0  id =0x15001
08-15 09:55:38.379   433  3019 I AmFFmpegDecoder: AmFFmpegCodec::CreateCodec audio_decode_init  audio/ffmpeg ret:0
08-15 09:55:38.379   433  3019 I Amlogic_C2AudioFFMPEGDecoder: ffmpeg audio_decode_init return 0
08-15 09:55:38.379   433  3019 I Amlogic_C2AudioFFMPEGDecoder: C2AudioFFMPEGDecoder setUp done
08-15 09:55:38.379   433  3019 I Amlogic_C2AudioFFMPEGDecoder: onInit() 459 exit
08-15 09:55:38.380   537  3014 D C2Store : debug.c2.use_dmabufheaps set, forcing DMABUF Heaps
08-15 09:55:38.380   537  3014 D C2Store : Using DMABUF Heaps
08-15 09:55:38.383   537  3014 D CCodecBufferChannel: [c2.amlogic.audio.decoder.ffmpeg#916] Created input block pool with allocatorID 16 => poolID 17 - OK (0)
08-15 09:55:38.384   433   898 D C2Store : debug.c2.use_dmabufheaps set, forcing DMABUF Heaps
08-15 09:55:38.384   433   898 D C2Store : Using DMABUF Heaps
08-15 09:55:38.384   433   898 I DMABUFHEAPS: Using : Non-legacy ION heaps
08-15 09:55:38.385   537  3014 I CCodecBufferChannel: [c2.amlogic.audio.decoder.ffmpeg#916] Created output block pool with allocatorID 16 => poolID 17 - OK
08-15 09:55:38.386   537  3014 D CCodecBufferChannel: [c2.amlogic.audio.decoder.ffmpeg#916] Configured output block pool ids 17 => OK
08-15 09:55:38.386  1019  1019 D AvrcpTargetJni: sendPlayerSettingsNative
08-15 09:55:38.386  1019  1019 I bt_stack: [INFO:avrcp_service.cc(551)] virtual void bluetooth::avrcp::AvrcpService::SendPlayerSettingsChanged(std::vector<PlayerAttribute>, std::vector<uint8_t>)
08-15 09:55:38.387  1019  1019 I bt_stack: [INFO:avrcp_service.cc(565)] attribute=PlayerAttribute::REPEAT : value=PlayerRepeatValue::OFF
08-15 09:55:38.387  1019  1019 I bt_stack: attribute=PlayerAttribute::SHUFFLE : value=PlayerShuffleValue::OFF
08-15 09:55:38.387  1019  1019 I bt_stack: 
08-15 09:55:38.387   433   935 I C2VendorComponentStore: setDmaBufUsage 5
08-15 09:55:38.391   537  3014 I DMABUFHEAPS: Using DMA-BUF heap named: system
08-15 09:55:38.393   433  3019 D Amlogic_C2AudioDecComponent: Using output block pool with poolID 17 => got 17 - 0
08-15 09:55:38.393   537  3013 D NuPlayerDecoderBase: [#0] [KPI] startup, mediacodec config time spent: 99779
08-15 09:55:38.393   537  3013 I NU-AmNuPlayerDecoder: [#0] [c2.amlogic.audio.decoder.ffmpeg] First CB_INPUT_AVAILABLE received.
08-15 09:55:38.395   537  3015 I NU-AmNuPlayerDecoder: [#0] [c2.amlogic.audio.decoder.ffmpeg] First Input Buffer Queued to Codec
08-15 09:55:38.395   433  3019 I Amlogic_C2AudioFFMPEGDecoder: process Invalid data frame
08-15 09:55:38.401   632   645 W ActivityTaskManager: Request to remove task ignored for non-existent task 15
08-15 09:55:38.409   632   645 D CompatibilityChangeReporter: Compat change id reported: 214016041; UID 10032; state: ENABLED
08-15 09:55:38.409   632   645 I ImeTracker: com.droidlogic.exoplayer2.demo:56096b7c: onRequestHide at ORIGIN_SERVER_HIDE_INPUT reason HIDE_UNSPECIFIED_WINDOW
08-15 09:55:38.409   632   645 I ImeTracker: com.droidlogic.exoplayer2.demo:56096b7c: onCancelled at PHASE_SERVER_SHOULD_HIDE
08-15 09:55:38.410   632   652 I ActivityTaskManager: Displayed com.droidlogic.exoplayer2.demo/com.droidlogic.videoplayer.MoviePlayer for user 0: +1s76ms
08-15 09:55:38.413   433  3019 I Amlogic_C2AudioFFMPEGDecoder: Reconfiguring decoder: 0->44100 Hz, 0->2 channels
08-15 09:55:38.414   433  3019 I C2VendorComponentStore: setDmaBufUsage 5
08-15 09:55:38.414   433  3019 I DMABUFHEAPS: Using DMA-BUF heap named: system
08-15 09:55:38.418   537  3014 D CCodecConfig: c2 config diff is   c2::u32 raw.channel-mask.value = 12
08-15 09:55:38.419   537  3014 D CCodecBuffers: [c2.amlogic.audio.decoder.ffmpeg#916:Output[N]] popFromStashAndRegister: at 0us, output format changed to AMessage(what = 0x00000000) = {
08-15 09:55:38.419   537  3014 D CCodecBuffers:   int32_t aac-max-output-channel_count = 8
08-15 09:55:38.419   537  3014 D CCodecBuffers:   int32_t channel-count = 2
08-15 09:55:38.419   537  3014 D CCodecBuffers:   int32_t channel-mask = 12
08-15 09:55:38.419   537  3014 D CCodecBuffers:   int32_t max-output-channel-count = 8
08-15 09:55:38.419   537  3014 D CCodecBuffers:   string mime = "audio/raw"
08-15 09:55:38.419   537  3014 D CCodecBuffers:   int32_t sample-rate = 44100
08-15 09:55:38.419   537  3014 D CCodecBuffers:   int32_t android._config-pcm-encoding = 2
08-15 09:55:38.419   537  3014 D CCodecBuffers: }
08-15 09:55:38.420   433   935 I C2VendorComponentStore: setDmaBufUsage 5
08-15 09:55:38.421   537  3013 I NU-AmNuPlayerDecoder: [#0] handleOutputFormatChange   format: AMessage(what = 0x00000000) = {
08-15 09:55:38.421   537  3013 I NU-AmNuPlayerDecoder:   int32_t aac-max-output-channel_count = 8
08-15 09:55:38.421   537  3013 I NU-AmNuPlayerDecoder:   int32_t channel-count = 2
08-15 09:55:38.421   537  3013 I NU-AmNuPlayerDecoder:   int32_t channel-mask = 12
08-15 09:55:38.421   537  3013 I NU-AmNuPlayerDecoder:   int32_t max-output-channel-count = 8
08-15 09:55:38.421   537  3013 I NU-AmNuPlayerDecoder:   string mime = "audio/raw"
08-15 09:55:38.421   537  3013 I NU-AmNuPlayerDecoder:   int32_t sample-rate = 44100
08-15 09:55:38.421   537  3013 I NU-AmNuPlayerDecoder:   int32_t android._config-pcm-encoding = 2
08-15 09:55:38.421   537  3013 I NU-AmNuPlayerDecoder: }
08-15 09:55:38.421   537  3013 I NU-AmNuPlayerDecoder: [#0] [c2.amlogic.audio.decoder.ffmpeg] First CB_OUTPUT_AVAILABLE received. input buffer queued: 4
08-15 09:55:38.421   537  3013 I NU-AmNuPlayerDecoder: [#0] [c2.amlogic.audio.decoder.ffmpeg] First Out Buffer Queued to Render. timeUs:0
08-15 09:55:38.422   537  3012 V NU-AmNuPlayerRenderer: [#0] openAudioSink: offloadOnly(0) offloadingAudio(0)
08-15 09:55:38.422   537  3012 V NU-AmNuPlayerRenderer: [#0] openAudioSink channelMask:0x3
08-15 09:55:38.422   537  3012 V NU-AmNuPlayerRenderer: [#0] openAudioSink: open AudioSink in NON-offload mode
08-15 09:55:38.423   423  1169 D AudioHalHardware: +getParameters(), key = hdmi_format
08-15 09:55:38.423   423  1169 D AudioHalHardware: -getParameters(), return ""
08-15 09:55:38.424   537  3012 I NU-AmNuPlayerRenderer: is_force_direct 0
08-15 09:55:38.424   537  3012 D NU-AmNuPlayerRenderer: [#0] audio sink close from [onOpenAudioSink,5663]
08-15 09:55:38.429   475   475 W AudioFlinger: createTrack_l(): mismatch between requested flags (00000008) and output flags (00000002)
08-15 09:55:38.430   423  1169 I audio_hw_hal_primary: [audiohal_get_latency:1344] io 13: out:0xe7943990 frames:3072 rate:48000 whole_latency:64 alsa_latency:64
08-15 09:55:38.430   475   475 D AudioFlinger: Client defaulted notificationFrames to 9405 for frameCount 18810
08-15 09:55:38.433   423  1169 I audio_hw_hal_primary: [audiohal_get_latency:1344] io 13: out:0xe7943990 frames:3072 rate:48000 whole_latency:64 alsa_latency:64
08-15 09:55:38.436   537  3012 D NU-AmNuPlayerRenderer: [#0] audio sink open from [onOpenAudioSink,5730]
08-15 09:55:38.436   423  1193 I audio_hw_hal_primary: [audiohal_get_latency:1344] io 13: out:0xe7943990 frames:3072 rate:48000 whole_latency:64 alsa_latency:64
08-15 09:55:38.436   537  3012 I NU-AmNuPlayerRenderer: [#0] reopen audio sink success cnt=0
08-15 09:55:38.443   475   475 D audioserver: logFgsApiBegin: FGS Logger Transaction failed, -129
08-15 09:55:38.444   537  3012 I NU-AmNuPlayerRenderer: [#0] openAudioSink:  mAudioSink->open  finished!!!
08-15 09:55:38.444   537  3012 I NU-AmNuPlayerRenderer: [#0] mQueueInitial end, mHasAudio =1, mHasVideo = 0
08-15 09:55:38.444   537  3012 I NU-AmNuPlayerRenderer: PTS: AV sync info:AV SYNCED 
08-15 09:55:38.444   537  3012 I NU-AmNuPlayerRenderer: PTS:   SystemTimeStamp:-1
08-15 09:55:38.444   537  3012 I NU-AmNuPlayerRenderer: PTS:   Last AudioTimeStamp:-1
08-15 09:55:38.444   537  3012 I NU-AmNuPlayerRenderer: PTS:   Last VideoTimeStamp:-1
08-15 09:55:38.444   537  3012 I NU-AmNuPlayerRenderer: PTS:   AV diff:0 ,Ajump:0,Vjump:0
08-15 09:55:38.444   537  3012 I NU-AmNuPlayerRenderer: PTS:   mAjumpedNum:0, mAudioJumped till now=586144518
08-15 09:55:38.444   537  3012 I NU-AmNuPlayerRenderer: PTS:   mVjumpedNum:0, mVideoJumped till now=586144518
08-15 09:55:38.444   537  3012 I NU-AmNuPlayerRenderer: PTS:   mTotalAudioJumpedTimeUs:0, mTotalAudioJumpedTimeUs:0
08-15 09:55:38.444   537  3012 I NU-AmNuPlayerRenderer: PTS:   mLastVideoUs:-1
08-15 09:55:38.444   537  3012 I NU-AmNuPlayerRenderer: PTS:   mLastAudioUs:-1
08-15 09:55:38.444   537  3012 I NU-AmNuPlayerRenderer: PTS:   mAudioDelay 0 mFormat 0x1 mMs12Enabled 0
08-15 09:55:38.444   537  3012 I NU-AmNuPlayerRenderer: [#0] media.amnuplayer.dd.discontinuetimeout 500000
08-15 09:55:38.444   537  3012 I NU-AmNuPlayerRenderer: [#0] First audio pcm date write to audiosink.
08-15 09:55:38.444   537  3012 I NU-AmNuPlayerRenderer: [#0] setStartingTimeMedia 26122, mAudioPlayedOutDur 0
08-15 09:55:38.444   537  3003 I NU-AmNuPlayer: [#0] media rendering started
08-15 09:55:38.444   537  3003 I NU-AmNuPlayer: [#0] finishResume  mResumePending:0  
08-15 09:55:38.444   537  3003 D NU-AmNuPlayerDriver: [#0] notifyListener_l(0xea640230), (6, 0, 0, -1), loop setting(0, 0)
08-15 09:55:38.444   537   978 I NU-AmNuPlayer: [#0] [getStrCurrentAudioCodec]
08-15 09:55:38.445   537   978 I NU-AmNuPlayer: [#0] AmNuPlayer::Source::getFormat frame-rate = failed
08-15 09:55:38.445   537   978 I NU-AmNuPlayer: [#0] getFormat audio extend format : audio/ffmpeg
08-15 09:55:38.446   952   952 E jarvis_AppUtils: getPkgNameByPidFromFile failed, pid===1570, ex=java.io.FileNotFoundException: /proc/1570/cmdline: open failed: ENOENT (No such file or directory)
08-15 09:55:38.446   952   952 E jarvis_AppUtils: read /proc/pid/cmdline failed, pname===null, fallback to AMS...
08-15 09:55:38.446  1570  1570 I nioEventLoopGro: type=1400 audit(0.0:1504): avc:  denied  { write } for  path="socket:[34034]" dev="sockfs" ino=34034 scontext=u:r:zygote:s0 tcontext=u:r:zygote:s0 tclass=tcp_socket permissive=1
08-15 09:55:38.460   423  1169 I audio_hw_hal_primary: out_update_source_metadata_v7() line 2024 usage:1 content_type:0
08-15 09:55:38.461   537  3012 D AudioTrack: getTimestamp_l(25): device stall time corrected using current time 586161756112
08-15 09:55:38.476   952   952 E jarvis_AppUtils: getPkgNameByPidFromFile failed, pid===1570, ex=java.io.FileNotFoundException: /proc/1570/cmdline: open failed: ENOENT (No such file or directory)
08-15 09:55:38.476   952   952 E jarvis_AppUtils: read /proc/pid/cmdline failed, pname===null, fallback to AMS...
08-15 09:55:38.482   537  3012 I NU-AmNuPlayerRenderer: [#0] Audio PCM buffer First Full. time pay:37748, frameCount:18810, mAudioSink->frameSize():4
08-15 09:55:38.482   537  3012 W NU-AmNuPlayerRenderer: [#0] postDrainAudioQueue long delay: 26658 (18810*0.022676), numFramesPendingPlayout:(18810-0)
08-15 09:55:38.486  1416  1582 D GetTopActivity: query uri=content://com.iflytek.xiri.DemonProvider?action=com.iflytek.plugin.CALL
08-15 09:55:38.495  1416  1582 D c       : isLegal pkgName = com.iflytek.xiri
08-15 09:55:38.495  1416  1582 D c       : action=provessname
08-15 09:55:38.495  1416  1582 D c       : pid =1416
08-15 09:55:38.497  1416  1582 D c       : getProcessName =com.iflytek.xiri2.system
08-15 09:55:38.498  1416  1582 D GetTopActivity: sendProvider 失败
08-15 09:55:38.499  1416  1582 W ContextImpl: Calling a method in the system process without a qualified user: android.app.ContextImpl.startForegroundService:1905 android.content.ContextWrapper.startForegroundService:830 com.iflytek.xirihelpersupervisor.i.f.b:38 com.iflytek.xiri.system.b.h:116 com.iflytek.xiri.system.b.g:50 
08-15 09:55:38.500   632   645 W ActivityManager: requires permissions for package com.iflytek.xiri
08-15 09:55:38.503   423  1169 I audio_hw_hal_primary: out_update_source_metadata_v7() line 2024 usage:1 content_type:0
08-15 09:55:38.503  1416  1582 D GetTopActivity: [GetTopActivity] {com.droidlogic.exoplayer2.demo/com.droidlogic.videoplayer.MoviePlayer}
08-15 09:55:38.509   537  3012 W NU-AmNuPlayerRenderer: [#0] postDrainAudioQueue long delay: 26658 (18810*0.022676), numFramesPendingPlayout:(20691-1881)
08-15 09:55:38.536   537  3012 W NU-AmNuPlayerRenderer: [#0] postDrainAudioQueue long delay: 26658 (18810*0.022676), numFramesPendingPlayout:(22573-3763)
08-15 09:55:38.563   537  3012 W NU-AmNuPlayerRenderer: [#0] postDrainAudioQueue long delay: 26658 (18810*0.022676), numFramesPendingPlayout:(22573-3763)
08-15 09:55:38.590   537  3012 D NU-AmNuPlayerRenderer: [#0] Switch audio track end . onNewAudioMediaTime, audio sink position was ready.
08-15 09:55:38.590   537  3012 I NU-AmNuPlayerRenderer: [#0] First valid audio position found, time pay:145970,  audioPlayedOutDur:37007, writtenDur:522448
08-15 09:55:38.590   537  3012 I NU-AmNuPlayerRenderer: [#0] getPlayedOutDurationUs is unstable. audioPlayedOutDur:37007 (diff:37007) - realDIFF: 586290736 = -586253729, writtenAudioDurationUs:522448, lastTimeUs:511858 (frameSize: 4)
08-15 09:55:38.590   537  3012 W NU-AmNuPlayerRenderer: [#0] onNewAudioMediaTime:3115, updateAnchor abnormal, DIFF: -586253728
08-15 09:55:38.591   537  3003 D NU-AmNuPlayerDriver: [#0] notifyListener_l(0xea640230), (211, 0, 0, 20), loop setting(0, 0)
08-15 09:55:38.818  1175  1175 I RxCachedThreadS: type=1400 audit(0.0:1505): avc:  denied  { search } for  name="amhdmitx0" dev="sysfs" ino=33591 scontext=u:r:zygote:s0 tcontext=u:object_r:sysfs_amhdmitx:s0 tclass=dir permissive=1
08-15 09:55:38.877  2968  2968 I MoviePlayerControView_MoviePlayer: MoviePlayerControlView--construct,context:com.droidlogic.videoplayer.MoviePlayer@84223bc
08-15 09:55:38.931   847   863 D DroidLogicBenchService: onForegroundActivitiesChanged pid:2573,uid:1000,fg:false
08-15 09:55:38.932  1175  1562 D LauncherApp: [, , 0]:{Thread:binder:1175_4}onForegroundActivitiesChanged
08-15 09:55:38.933   952   966 E jarvis_ProcessObserverBinder: onForeground app com.starnet.filemanager, pid = 2573, uid = 1000, foreActs = false
08-15 09:55:38.941  2968  2968 D CompatibilityChangeReporter: Compat change id reported: 171228096; UID 10032; state: ENABLED
08-15 09:55:38.945  2968  2968 I MoviePlayerControView_MoviePlayer: fastForwardMs:15000,rewindMs:5000
08-15 09:55:38.946  2968  2968 I MoviePlayerControView_MoviePlayer: timeBarPlaceholder not null, create defultTimeBar
08-15 09:55:38.977  2968  2968 I MoviePlayerControView_MoviePlayer: updateTrackLists, mediainfo or subtitleManager or mvoption null, do nothing
08-15 09:55:38.977  2968  2968 I MoviePlayerControView_MoviePlayer: stop return
08-15 09:55:38.978  2968  2968 I MoviePlayerControView_MoviePlayer: reset listener
08-15 09:55:38.984  2968  2968 I MoviePlayerControView_MoviePlayer: updateTrackLists, mediainfo or subtitleManager or mvoption null, do nothing
08-15 09:55:38.985  2968  2968 I MediaInfo: amime:audio/ffmpeg
08-15 09:55:38.986  2968  2968 D MoviePlayer: audio mime:audio/ffmpeg
08-15 09:55:39.436   847  3029 D DroidLogicBenchService: not bench app, ignore it
08-15 09:55:39.554   537   978 I NU-AmNuPlayerDriver: [#0] [getCurrentPosition][752] position : 1001 msec
08-15 09:55:40.308  2968  2968 I MoviePlayer: [displayModeImpl]handleMessage
08-15 09:55:40.310  2968  2968 D MoviePlayer: isInSplitScreen:false
08-15 09:55:40.310  2968  2968 I MoviePlayer: [displayModeImpl]dispWidth:1280,dispHeight:800,mode:800x1280p60hz
08-15 09:55:40.310  2968  2968 I MoviePlayer: [displayModeImpl]videoNum <=0, return
08-15 09:55:40.365   632  1393 E TaskPersister: File error accessing recents directory (directory doesn't exist?).
08-15 09:55:40.555   537   978 I NU-AmNuPlayerDriver: [#0] [getCurrentPosition][752] position : 2002 msec
08-15 09:55:41.277  2968  2968 D UEventObserver: startObserving...
08-15 09:55:41.278  2968  2968 D UEventObserver: startObserving...
08-15 09:55:41.555   537   978 I NU-AmNuPlayerDriver: [#0] [getCurrentPosition][752] position : 3002 msec
08-15 09:55:42.412   423  1193 I audio_hw_hal_stream: aml_stream_out_info_print: out:0xe7943990, stream_type:pcm, sync_mode:non tunnel, input_size:4530176 bytes
08-15 09:55:42.412   423  1193 I audio_hw_hal_stream: aml_stream_out_info_print: last_time:590059 ms (sec:590, nsec:59143864), last_position:23477 ms (1126912), cur_time:590107 ms (sec:590, nsec:107139364), cur_position:23525 ms (1129216)
08-15 09:55:42.412   423  1193 I audio_hw_hal_stream: aml_stream_out_info_print: time_gap:48 ms (thr:100 ms), position_gap:48 ms, delay:69 ms, jitter: Position gap is ahead of system time gap by 0 ms (thr:100 ms)
08-15 09:55:42.816   537   978 I NU-AmNuPlayerDriver: [#0] [getCurrentPosition][752] position : 4263 msec
08-15 09:55:43.631   537  3014 D BufferPoolAccessor2.0: bufferpool2 0xe8602788 : 8(16777216 size) total buffers - 5(10485760 size) used buffers - 210/218 (recycle/alloc) - 8/432 (fetch/transfer)
08-15 09:55:43.634   433  3019 D BufferPoolAccessor2.0: bufferpool2 0xed943988 : 4(18432 size) total buffers - 1(4608 size) used buffers - 213/217 (recycle/alloc) - 5/216 (fetch/transfer)
08-15 09:55:43.817   537   978 I NU-AmNuPlayerDriver: [#0] [getCurrentPosition][752] position : 5264 msec
08-15 09:55:45.077   537   978 I NU-AmNuPlayerDriver: [#0] [getCurrentPosition][752] position : 6524 msec
08-15 09:55:46.079   537   978 I NU-AmNuPlayerDriver: [#0] [getCurrentPosition][752] position : 7526 msec
08-15 09:55:47.339   537   978 I NU-AmNuPlayerDriver: [#0] [getCurrentPosition][752] position : 8786 msec
08-15 09:55:47.444   423  1193 I audio_hw_hal_stream: aml_stream_out_info_print: out:0xe7943990, stream_type:pcm, sync_mode:non tunnel, input_size:5496832 bytes
08-15 09:55:47.444   423  1193 I audio_hw_hal_stream: aml_stream_out_info_print: last_time:595099 ms (sec:595, nsec:99140783), last_position:28517 ms (1368832), cur_time:595139 ms (sec:595, nsec:139160283), cur_position:28557 ms (1370752)
08-15 09:55:47.444   423  1193 I audio_hw_hal_stream: aml_stream_out_info_print: time_gap:40 ms (thr:100 ms), position_gap:40 ms, delay:72 ms, jitter: Position gap is ahead of system time gap by 0 ms (thr:100 ms)
08-15 09:55:47.485   632  2007 D CompatibilityChangeReporter: Compat change id reported: 197654537; UID 10032; state: ENABLED
08-15 09:55:47.749     0     0 I         : [0 T2865  ..] input input1: key 115 down
08-15 09:55:47.731   632   734 D InputReader: getDisplayIdi -1
08-15 09:55:47.731   568   568 D XIRI_driver: send to xiri: {"cmd":"key","event":1,"keycode":115,"pid":1,"vid":1,"devnum":0}
08-15 09:55:47.730   568   568 I xiriservice_All: type=1400 audit(0.0:1506): avc:  denied  { ioctl } for  path="/dev/input/event1" dev="tmpfs" ino=426 ioctlcmd=0x4502 scontext=u:r:xiriservice_All:s0 tcontext=u:object_r:input_device:s0 tclass=chr_file permissive=1
08-15 09:55:47.738   632   653 D CompatibilityChangeReporter: Compat change id reported: 173031413; UID 1000; state: DISABLED
08-15 09:55:47.738   632   653 D CompatibilityChangeReporter: Compat change id reported: 173031413; UID 1000; state: ENABLED
08-15 09:55:47.738  1033  1033 I ndroid.systemui: type=1400 audit(0.0:1507): avc:  denied  { call } for  scontext=u:r:priv_app:s0:c512,c768 tcontext=u:r:zygote:s0 tclass=binder permissive=1 app=com.android.systemui
08-15 09:55:47.741   952   966 I jarvis_ : System call method methodId = increase_volume
08-15 09:55:47.741   952   966 I jarvis_binded: mmkv binded
08-15 09:55:47.769   952   966 E jarvis_ : [, , 0]:TipsRingDialogUtil hash82184497
08-15 09:55:47.771   632   645 D AudioService: adjustStreamVolume() stream=3, dir=0, flags=1, caller=com.android.systemui
08-15 09:55:47.773   632   645 D AudioService: forceUse=0 full:false
08-15 09:55:47.773   632   645 D AudioService: adjustSreamVolume playbackDeviceConditions=false tvConditions=false
08-15 09:55:47.774   423  1169 D AudioHalHardware: +getParameters(), key = hal_param_hal_control_vol_en
08-15 09:55:47.774   423  1169 D AudioHalHardware: -getParameters(), return ""
08-15 09:55:47.781   632   645 W WindowManager: com.android.systemui skip checkAddPermission for Window 2020
08-15 09:55:47.781   632   645 W WindowManager: [addWindow] title:
08-15 09:55:47.784   632   645 D CompatibilityChangeReporter: Compat change id reported: 168419799; UID 10010; state: DISABLED
08-15 09:55:47.784   632   645 D CompatibilityChangeReporter: Compat change id reported: 273564678; UID 10010; state: DISABLED
08-15 09:55:47.789   632  2007 D AudioService: Volume controller visible: true
08-15 09:55:47.798   632  2007 D CoreBackPreview: Window{f7e9b71 u0 com.android.systemui}: Setting back callback OnBackInvokedCallbackInfo{mCallback=android.window.IOnBackInvokedCallback$Stub$Proxy@7cdd1d7, mPriority=0, mIsAnimationCallback=false}
08-15 09:55:47.801  1033  1224 E OpenGLRenderer: Unable to match the desired swap behavior.
08-15 09:55:47.868   568   568 D XIRI_driver: send to xiri: {"cmd":"key","event":0,"keycode":115,"pid":1,"vid":1,"devnum":0}
08-15 09:55:47.868   632   734 D InputReader: getDisplayIdi -1
08-15 09:55:47.870   632   733 D WindowManager: handleVolumeKeyInArc KeyEvent { action=ACTION_DOWN, keyCode=KEYCODE_VOLUME_UP, scanCode=115, metaState=0, flags=0x8, repeatCount=0, eventTime=595431875000, downTime=595431875000, deviceId=2, source=0x101, displayId=-1 }
08-15 09:55:47.872   632   733 D WindowManager: handleVolumeKeyInArc KeyEvent { action=ACTION_UP, keyCode=KEYCODE_VOLUME_UP, scanCode=115, metaState=0, flags=0x8, repeatCount=0, eventTime=595568710000, downTime=595431875000, deviceId=2, source=0x101, displayId=-1 }
08-15 09:55:47.886     0     0 I         : [0 T2865  ..] input input1: key 115 up
08-15 09:55:47.873  1258  1258 D RemoteIME: keycode: 24, realAction: false
08-15 09:55:47.882   632  2007 D MediaSessionService: dispatchVolumeKeyEvent, pkg=com.droidlogic.exoplayer2.demo, opPkg=com.droidlogic.exoplayer2.demo, pid=2968, uid=10032, asSystem=true, event=KeyEvent { action=ACTION_DOWN, keyCode=KEYCODE_VOLUME_UP, scanCode=115, metaState=0, flags=0x8, repeatCount=0, eventTime=595431875000, downTime=595431875000, deviceId=2, source=0x101, displayId=-1 }, stream=-2147483648, musicOnly=false
08-15 09:55:47.883   632  2007 D MediaSessionService: Adjusting com.droidlogic.exoplayer2.demo/MoviePlayer (userId=0) by 1. flags=4113, suggestedStream=-2147483648, preferSuggestedStream=false
08-15 09:55:47.886  1258  1258 D RemoteIME: keycode: 24, realAction: true
08-15 09:55:47.887  2968  2968 D MoviePlayer: keycode:24 down is 0, action:1
08-15 09:55:47.893   632   811 D AudioService: adjustSuggestedStreamVolume() stream=3, flags=4113, caller=android, volControlStream=-1, userSelect=false
08-15 09:55:47.893   632   645 D MediaSessionService: dispatchVolumeKeyEvent, pkg=com.droidlogic.exoplayer2.demo, opPkg=com.droidlogic.exoplayer2.demo, pid=2968, uid=10032, asSystem=true, event=KeyEvent { action=ACTION_UP, keyCode=KEYCODE_VOLUME_UP, scanCode=115, metaState=0, flags=0x8, repeatCount=0, eventTime=595568710000, downTime=595431875000, deviceId=2, source=0x101, displayId=-1 }, stream=-2147483648, musicOnly=false
08-15 09:55:47.894   632   645 D MediaSessionService: Adjusting com.droidlogic.exoplayer2.demo/MoviePlayer (userId=0) by 0. flags=4116, suggestedStream=-2147483648, preferSuggestedStream=false
08-15 09:55:47.912   632   811 V AudioService: getActiveStreamType: Returning suggested type 3
08-15 09:55:47.912   632   811 D AudioService: adjustStreamVolume() stream=3, dir=1, flags=4113, caller=android
08-15 09:55:47.914   632   811 D AudioService: updateVolumeGroupIndex for stream 11, muted=false, device=2, index=510, group system Muted=false, Index=51, forceMuteState=false
08-15 09:55:47.914   632   811 W BroadcastLoopers: Found previously unknown looper Thread[SessionRecordThread,5,main]
08-15 09:55:47.917  1019  1019 D HeadsetClientService: Volume changed for stream: 11
08-15 09:55:47.919  1033  1033 E QuickSettings: action:android.media.VOLUME_CHANGED_ACTION
08-15 09:55:47.922   952   952 E jarvis_action===: android.media.VOLUME_CHANGED_ACTION
08-15 09:55:47.922   952   952 E jarvis_ : jarvis_:onVolumeChange== 11 
08-15 09:55:47.922  1570  1570 E action===: [, , 0]:android.media.VOLUME_CHANGED_ACTION
08-15 09:55:47.922  1570  1570 E action===: android.media.VOLUME_CHANGED_ACTION
08-15 09:55:47.923  1570  1570 E lxAgent : lxAgent:onVolumeChange== 11 
08-15 09:55:47.924   632   811 D AudioService: updateVolumeGroupIndex for stream 10, muted=false, device=2, index=510, group accessibility Muted=false, Index=51, forceMuteState=false
08-15 09:55:47.925  2968  2978 W System  : A resource failed to call close. 
08-15 09:55:47.926   632   811 D AudioService: updateVolumeGroupIndex for stream 9, muted=false, device=2, index=510, group tts Muted=false, Index=51, forceMuteState=false
08-15 09:55:47.927  1570  1570 E action===: [, , 0]:android.media.VOLUME_CHANGED_ACTION
08-15 09:55:47.927   952   952 E jarvis_action===: android.media.VOLUME_CHANGED_ACTION
08-15 09:55:47.927  1570  1570 E action===: android.media.VOLUME_CHANGED_ACTION
08-15 09:55:47.927   952   952 E jarvis_ : jarvis_:onVolumeChange== 10 
08-15 09:55:47.927  1570  1570 E lxAgent : lxAgent:onVolumeChange== 10 
08-15 09:55:47.927  1019  1019 D HeadsetClientService: Volume changed for stream: 10
08-15 09:55:47.928  1019  1019 D HeadsetClientService: Volume changed for stream: 9
08-15 09:55:47.928   632   811 D AudioService: updateVolumeGroupIndex for stream 8, muted=false, device=2, index=510, group dtmf Muted=false, Index=51, forceMuteState=false
08-15 09:55:47.929   952   952 E jarvis_action===: android.media.VOLUME_CHANGED_ACTION
08-15 09:55:47.929  1570  1570 E action===: [, , 0]:android.media.VOLUME_CHANGED_ACTION
08-15 09:55:47.929   952   952 E jarvis_ : jarvis_:onVolumeChange== 9 
08-15 09:55:47.929  1570  1570 E action===: android.media.VOLUME_CHANGED_ACTION
08-15 09:55:47.929  1570  1570 E lxAgent : lxAgent:onVolumeChange== 9 
08-15 09:55:47.931   632   811 D AudioService: updateVolumeGroupIndex for stream 3, muted=false, device=2, index=510, group music Muted=false, Index=51, forceMuteState=false
08-15 09:55:47.931  1019  1019 D HeadsetClientService: Volume changed for stream: 8
08-15 09:55:47.932  1033  1033 E QuickSettings: action:android.media.VOLUME_CHANGED_ACTION
08-15 09:55:47.932   632   811 D AudioService: forceUse=0 full:false
08-15 09:55:47.932   632   811 D AudioService: adjustSreamVolume playbackDeviceConditions=false tvConditions=false
08-15 09:55:47.933   423  1169 D AudioHalHardware: +getParameters(), key = hal_param_hal_control_vol_en
08-15 09:55:47.933   423  1169 D AudioHalHardware: -getParameters(), return ""
08-15 09:55:47.936   952   952 E jarvis_action===: android.media.VOLUME_CHANGED_ACTION
08-15 09:55:47.936  1570  1570 E action===: [, , 0]:android.media.VOLUME_CHANGED_ACTION
08-15 09:55:47.936  1570  1570 E action===: android.media.VOLUME_CHANGED_ACTION
08-15 09:55:47.937  1570  1570 E lxAgent : lxAgent:onVolumeChange== 8 
08-15 09:55:47.937   952   952 E jarvis_ : jarvis_:onVolumeChange== 8 
08-15 09:55:47.937   952   952 E jarvis_action===: android.media.VOLUME_CHANGED_ACTION
08-15 09:55:47.938   952   952 E jarvis_ : jarvis_:onVolumeChange== 3 
08-15 09:55:47.938  1019  1019 D HeadsetClientService: Volume changed for stream: 3
08-15 09:55:47.939  1570  1570 E action===: android.media.VOLUME_CHANGED_ACTION
08-15 09:55:47.939  1570  1570 E lxAgent : lxAgent:onVolumeChange== 3 
08-15 09:55:47.940   632   811 D AudioService: adjustSuggestedStreamVolume() stream=3, flags=4112, caller=android, volControlStream=-1, userSelect=false
08-15 09:55:47.940   632  2007 D AudioService: Volume controller visible: true
08-15 09:55:47.948   952   952 I jarvis_ : eventbus post:VolumeEvent
08-15 09:55:47.949   952   952 I jarvis_ : local volume=51,remoteVolume=51
08-15 09:55:47.950   632   811 V AudioService: getActiveStreamType: Returning suggested type 3
08-15 09:55:47.950   632   811 D AudioService: adjustStreamVolume() stream=3, dir=0, flags=4112, caller=android
08-15 09:55:47.953  1033  1033 E QuickSettings: action:android.media.VOLUME_CHANGED_ACTION
08-15 09:55:47.954   632   811 D AudioService: forceUse=0 full:false
08-15 09:55:47.954   632   811 D AudioService: adjustSreamVolume playbackDeviceConditions=false tvConditions=false
08-15 09:55:47.954   423   626 D AudioHalHardware: +getParameters(), key = hal_param_hal_control_vol_en
08-15 09:55:47.954   423   626 D AudioHalHardware: -getParameters(), return ""
08-15 09:55:47.955  1033  1033 E QuickSettings: action:android.media.VOLUME_CHANGED_ACTION
08-15 09:55:47.956   423   626 I audio_hw_hal_primary: out_update_source_metadata_v7() line 2024 usage:1 content_type:0
08-15 09:55:47.957  1033  1033 E QuickSettings: action:android.media.VOLUME_CHANGED_ACTION
08-15 09:55:47.960  1033  1230 W MediaPlayer: Use of stream types is deprecated for operations other than volume control
08-15 09:55:47.960  1033  1230 W MediaPlayer: See the documentation of setAudioStreamType() for what to use instead with android.media.AudioAttributes to qualify your playback use case
08-15 09:55:47.962  1033  1230 V MediaPlayer: resetDrmState:  mDrmInfo=null mDrmProvisioningThread=null mPrepareDrmInProgress=false mActiveDrmScheme=false
08-15 09:55:47.962  1033  1230 V MediaPlayer: cleanDrmObj: mDrmObj=null mDrmSessionId=null
08-15 09:55:47.964   952   952 E jarvis_AppUtils: getPkgNameByPidFromFile failed, pid===1570, ex=java.io.FileNotFoundException: /proc/1570/cmdline: open failed: ENOENT (No such file or directory)
08-15 09:55:47.964   952   952 E jarvis_AppUtils: read /proc/pid/cmdline failed, pname===null, fallback to AMS...
08-15 09:55:47.974   537   978 V AmlogicNuPlayerFactoryInit:  create AmNuPlayer
08-15 09:55:47.974   537   978 I NU-AmNuPlayerDriver:  ReCalculatePositionRatio set 0.500000
08-15 09:55:47.975   537   978 I AmlPlayerTimer: AmlPlayerTimer
08-15 09:55:47.975   537   978 I MessageMonitor: NU-AmNuPlayer MessageMonitor mDebugLevel 0, poll message us 30000000
08-15 09:55:47.975   537   978 I NU-AmNuPlayer: [#1] mPlayerInstanceId = 1
08-15 09:55:47.975   537   978 D AmlPlayerTimer: func:_timer_create  create timer.1 success.
08-15 09:55:47.975   537   978 D NU-AmNuPlayer: Enable QOS : 0
08-15 09:55:47.975   537   978 D NU-AmNuPlayerDriver: [#1] AmNuPlayerDriver(0xea644300) created, clientPid(1033), mPlayerInstanceId(1)
08-15 09:55:47.975   537   978 I NU-AmNuPlayerDriver: [#1] 
08-15 09:55:47.975   537   978 I NU-AmNuPlayerDriver: --------------------------------
08-15 09:55:47.975   537   978 I NU-AmNuPlayerDriver: ARCH = arm
08-15 09:55:47.975   537   978 I NU-AmNuPlayerDriver: branch name:   origin/project/iptv/r-iptv-dev-v3.0]
08-15 09:55:47.975   537   978 I NU-AmNuPlayerDriver: git version:   6813fe2217fe2ed7a1a950f4d2ab93222cb65337 
08-15 09:55:47.975   537   978 I NU-AmNuPlayerDriver: change id:      Change-Id: I992c058f8140cc983aaa0a39666b80b8ca3b1c17 
08-15 09:55:47.975   537   978 I NU-AmNuPlayerDriver: ID       :      PD#IPTV-39521 
08-15 09:55:47.975   537   978 I NU-AmNuPlayerDriver: last changed:  Date: Thu Mar 19 02:26:18 2026 +0000
08-15 09:55:47.975   537   978 I NU-AmNuPlayerDriver: build-time:     Wed Mar 25 02:38:52 UTC 2026
08-15 09:55:47.975   537   978 I NU-AmNuPlayerDriver: build-name:     wang.ren
08-15 09:55:47.975   537   978 I NU-AmNuPlayerDriver: uncommitted-file-num:0
08-15 09:55:47.975   537   978 I NU-AmNuPlayerDriver: BaseCommitMsg: commit 6813fe2217fe2ed7a1a950f4d2ab93222cb65337 PD#IPTV-39521 Change-Id: I992c058f8140cc983aaa0a39666b80b8ca3b1c17
08-15 09:55:47.975   537   978 I NU-AmNuPlayerDriver: PathesOnBase:  
08-15 09:55:47.975   537   978 I NU-AmNuPlayerDriver: 
08-15 09:55:47.975   537   978 I NU-AmNuPlayerDriver: MM-module-name:AmNuPlayer,Version:V5.1.206-g6813fe2
08-15 09:55:47.975   537   978 I NU-AmNuPlayerDriver: 
08-15 09:55:47.975   537   978 I NU-AmNuPlayerDriver: --------------------------------
08-15 09:55:47.975   537   978 I NU-AmNuPlayerDriver: [#1] Supported functions : 
08-15 09:55:47.975   537   978 I NU-AmNuPlayerDriver: {"MM-module-name":"AmNuPlayer"{"Features":["Switchaudio/subtitletracks","HTTPlivestreamingformpegtsandmp3formats","Localplaybackforvariousformats","UDPunicastandmulticastformpegtsformat","RTP/RTSPplaybackformpegtsformat","HLSlive/vodformpegtsformat","Androidaudiooffloadmode","SupportBuilt-insubtitles","AVS3videosupportforprotocolHTTPandLocal","AC4audiosupportforprotocolHTTP,Local,HLSandUDP","DVBTelextsupport","AudioVIVIDsuportforLocal/HTTP/UDP/HLS","AVS3videosupportvforprotocolHLSandUDP","ISOplaybackforlocal""libcurldownloadforprotocolHLS""dnscacheforprotocolHLS""ipv6andipv4firstplaybackforprotocolHLS""IPTVMulticasttoUnicastforprotocolRTPandUDP""IPTVcmccsoftprobeforprotocolUDPRTPHTTPHLS"],"SupportedFormats":[{"Protocol":"UDP","FileFormats":["MPEGTS"],},{"Protocol":"HLS","FileFormats":["MPEGTS","MP4"],},{"Protocol":"HTTPLIVE","FileFormats":["MPEGTS","MP3"],},{"Protocol":"LOCAL/HTTPVOD","FileFormats":["MP4","ASF","AVI","MPEGTS","MPEGPS","FLV","LIVE_FLV","WAV","PMP","H264","IVF","OG
08-15 09:55:47.976   224   224 I hwservicemanager: getTransport: Cannot find entry android.hardware.media.omx@1.0::IOmx/default in either framework or device VINTF manifest.
08-15 09:55:47.977   537   978 D MediaPlayerService: OMX service is not available
08-15 09:55:47.979   537   978 I NU-AmNuPlayer: [#1] setDataSourceAsync fd 19/3999504/13518
08-15 09:55:47.979   537  3045 I NU-AmNuPlayer: [#1] kWhatSetAudioSink
08-15 09:55:47.996   423  1193 I audio_hw_hal_primary: [audiohal_get_latency:1344] io 13: out:0xe7943990 frames:3072 rate:48000 whole_latency:64 alsa_latency:64
08-15 09:55:48.006   537   978 D NU-AmNuPlayer: part of md5:240a77755895f0bbdb127ec41ced09fc
08-15 09:55:48.006   537   978 I NU-AmNuPlayer: [#1] file size too small, check M3U8
08-15 09:55:48.007   537   978 I MessageMonitor: NU-GenericSource MessageMonitor mDebugLevel 0, poll message us 30000000
08-15 09:55:48.007   537   978 I NU-GenericSource: mPlayerInstanceId = 1
08-15 09:55:48.007   537   978 I NU-GenericSource: [resetDataSource 691]
08-15 09:55:48.007   537   978 I NU-GenericSource: [resetDataSource 691]
08-15 09:55:48.009   537  3046 I NU-GenericSource: patch:
08-15 09:55:48.009   423   626 I audio_hw_hal_primary: [adev_set_parameters:4208] dev:0xe99414a0, kv: is_ms12_continuous=0
08-15 09:55:48.009   423   626 D audio_hw_hal_hfp: [audio_extn_hfp_set_parameters:739] audio_extn_hfp_set_parameters
08-15 09:55:48.009   423   626 D AudioHalHardware: +setParameters(): is_ms12_continuous=0
08-15 09:55:48.009   423   626 W AudioHalHardware: setParameters(), still have param.size() = 1, remain param = "is_ms12_continuous=0"
08-15 09:55:48.009   423   626 D AudioHalHardware: -setParameters(): is_ms12_continuous=0 
08-15 09:55:48.013   537  3046 D NU-GenericSource: FileSource remote
08-15 09:55:48.014   537  3046 I NU-GenericSource: >>>[initFromDataSource 1438]
08-15 09:55:48.019   535   535 I AmFFmpegExtractor: all use ffmpegextractor
08-15 09:55:48.019   535   535 I AmFFmpegExtractor: is in white list : 1
08-15 09:55:48.019   535   535 I AmFFmpegExtractor: SniffAmFFmpeg  ok, confidence = 0.800000
08-15 09:55:48.019   535   535 W AString : ctor got NULL, using empty string instead
08-15 09:55:48.020   535   535 I AmFFmpegExtractor: 
08-15 09:55:48.020   535   535 I AmFFmpegExtractor: -----------AmFFmpegExtractor Info---------
08-15 09:55:48.020   535   535 I AmFFmpegExtractor: 
08-15 09:55:48.020   535   535 I AmFFmpegExtractor: MM-module-name:Extractor,Version:V3.0.47-g62c0e35
08-15 09:55:48.020   535   535 I AmFFmpegExtractor: 
08-15 09:55:48.020   535   535 I AmFFmpegExtractor: ARCH = arm
08-15 09:55:48.020   535   535 I AmFFmpegExtractor: Author: multi-media team
08-15 09:55:48.020   535   535 I AmFFmpegExtractor: Branch name:   * project/iptv/r-iptv-dev-v3.0
08-15 09:55:48.020   535   535 I AmFFmpegExtractor: Last Commit Info:
08-15 09:55:48.020   535   535 I AmFFmpegExtractor:     commit 62c0e35d74eea49a36e12a3606980c10190612ef
08-15 09:55:48.020   535   535 I AmFFmpegExtractor:     Author: wang.ren <wang.ren@amlogic.com>
08-15 09:55:48.020   535   535 I AmFFmpegExtractor:     Date: Wed Mar 18 08:05:29 2026 +0000
08-15 09:55:48.020   535   535 I AmFFmpegExtractor:      AmFFmpegAdapter: CB2 sync patch from branch apex to iptv [1/1]
08-15 09:55:48.020   535   535 I AmFFmpegExtractor:      PD#IPTV-39846
08-15 09:55:48.020   535   535 I AmFFmpegExtractor:      Change-Id: Ic4714a59dcc906ce7551f77f43cacf29a563346b
08-15 09:55:48.020   535   535 I AmFFmpegExtractor: Uncommitted-file-num:0
08-15 09:55:48.020   535   535 I AmFFmpegExtractor: Build-time:     Thu Mar 19 11:41:22 UTC 2026
08-15 09:55:48.020   535   535 I AmFFmpegExtractor: Build-name:     wang.ren
08-15 09:55:48.020   535   535 I AmFFmpegExtractor: -----------------------------------------
08-15 09:55:48.020   535   535 I AmFFmpegExtractor: media.ffmpegextractor.loglevel 16
08-15 09:55:48.020   535   535 I AmFFmpegExtractor: vendor.media.ffmpegextractor.ESLen264Check : 60
08-15 09:55:48.020   535   535 I AmFFmpegExtractor: vendor.media.ffmpegextractor.ESLen265Check : 50
08-15 09:55:48.020   535   535 I AmFFmpegByteIOAdapter: File size : 13518
08-15 09:55:48.023   535   535 I AmFFmpegExtractor: AmFFmpegExtractor mInputFormat name {mp3 [(null)]}
08-15 09:55:48.024   535   535 E exFFmpeg: [mp3 @ 0xf0f06d30] EOF Found
08-15 09:55:48.024   535   535 I AmFFmpegExtractor: ///////////////start dump format
08-15 09:55:48.025   535   535 I AmFFmpegExtractor: [init 3304] audio/mpeg
08-15 09:55:48.025   535   535 D AmFFmpegExtractor: fileSize:13518, ff_ctx_bit_rate:226657, bitrateDiff:98657, bitRateSum:128000, duration:(477125,844875)
08-15 09:55:48.025   535   535 I AmFFmpegExtractor: isMusic major_brand:null
08-15 09:55:48.025   535   535 I AmFFmpegExtractor: isMusic mp3 is music
08-15 09:55:48.025   535   535 I AmFFmpegExtractor: Stream 1(1) [audio/ffmpeg][codecid:0x15001(0x15001)] found.
08-15 09:55:48.025   535   535 I AmFFmpegExtractor:  [AmFFmpegSource 711]startTimeUs:0, seekable:1
08-15 09:55:48.025   535   535 I AmFFmpegExtractor:  [init 744](0xee0c3a90)
08-15 09:55:48.025   535   535 E AmFFmpegExtractor: mAudioMuxRead 2
08-15 09:55:48.025   535   535 I AmFFmpegExtractor: init kKeyDuration = 477125
08-15 09:55:48.025   535   535 I AmFFmpegExtractor: audio:demux: fmt = 8
08-15 09:55:48.025   535   535 I AmFFmpegExtractor: audio:demux: channels = 2
08-15 09:55:48.025   535   535 I AmFFmpegExtractor: audio:demux: sample_rate = 44100
08-15 09:55:48.025   535   535 I AmFFmpegExtractor: audio:demux: bit_rate = 128000
08-15 09:55:48.025   535   535 I AmFFmpegExtractor: audio:demux: codec_id = 86017
08-15 09:55:48.025   535   535 I AmFFmpegExtractor: audio:demux: stream startTimeUs = 0
08-15 09:55:48.025   535   535 I AmFFmpegExtractor: audio:demux: block_align = 0
08-15 09:55:48.025   535   535 E AmFFmpegExtractor: kKeyMediaLanguage audio lang null
08-15 09:55:48.025   535   535 I AmFFmpegExtractor: Mime:audio/ffmpeg
08-15 09:55:48.025   535   535 I StreamFormatter: Creating formatter for codec id : 86017 extradata size : 0
08-15 09:55:48.025   535   535 I AmFFmpegExtractor: [init 3526] mIsDolbyVison:0, i:0
08-15 09:55:48.025   535   535 I AmFFmpegExtractor: Not use Thread, by reason of has no activity audio or video.
08-15 09:55:48.026   537  3046 I NU-GenericSource: >>>MediaExtractor::Create [initFromDataSource 1485] and extractor name:AmFFmpegExtractor
08-15 09:55:48.026   537  3046 D NU-GenericSource: [#1] [KPI] startup, find stream info time spent: 11557
08-15 09:55:48.026   537  3046 I NU-GenericSource: initFromDataSource, mExtractor->countTracks() = 1
08-15 09:55:48.027   537  3046 I NU-GenericSource: amlogic private metadata ffmpegHasAudio
08-15 09:55:48.027   537  3046 I NU-GenericSource: amlogic private metadata ffmpegHasVideo
08-15 09:55:48.027   537  3046 I NU-GenericSource: amlogic private metadata mSeekable:1
08-15 09:55:48.027   537  3046 I NU-GenericSource: ffmpegHasAudio : 1, ffmpegHasVideo : 0
08-15 09:55:48.027   537  3046 I NU-GenericSource: enabled audio limiter !
08-15 09:55:48.027   537  3046 I NU-GenericSource: initFromDataSource track[0]: audio/ffmpeg
08-15 09:55:48.028   537  3046 I NU-GenericSource: AudioName:mp3  codec_id:0x15001 skipAudio:truehd
08-15 09:55:48.028   537  3046 I NU-AmNuPlayerDecoder: sampleRate:44100 
08-15 09:55:48.028   537  3046 I AmAnotherPacketSource: (audio/ffmpeg)IsUdp:0 mLimitiSize:2097152, mTotalCount:1000 kLocalPlaybackMaxBufferCount 500
08-15 09:55:48.028   537  3046 I AmAnotherPacketSource: ----->(0xef8007f0)start mIsVideo:0  mIsAudio:1 
08-15 09:55:48.028   537  3046 I NU-GenericSource: initFromDataSource mVideoTrack.mSource:0x0, unsupportvideo:0, ffmpegHasVideo:0
08-15 09:55:48.028   537  3046 I NU-GenericSource: initFromDataSource mAudioTrack.mSource:0xef98e2a0, ffmpegHasAudio:1
08-15 09:55:48.028   535   588 I AmFFmpegExtractor:  [start 1451](0xee0c3a90)
08-15 09:55:48.028   535   588 D MediaBufferGroup: creating MemoryDealer
08-15 09:55:48.030   537  3046 I NU-GenericSource: notifyPrepared 2560
08-15 09:55:48.030   537  3045 I NU-AmNuPlayer: [#1] notifyPrepareCompleted
08-15 09:55:48.030   537  3045 D NU-AmNuPlayerDriver: [#1] notifyListener_l(0xea644300), (1, 0, 0, -1), loop setting(0, 0)
08-15 09:55:48.031   537   978 I NU-AmNuPlayerDriver: [#1] [getCurrentPosition][752] position : 0 msec
08-15 09:55:48.032   537  3045 I NU-AmNuPlayer: [#1] updateMediaInfo
08-15 09:55:48.033   537  3045 I NU-AmNuPlayer: [#1] [updateMediaInfo:1371]get i=0 , mime: audio/ffmpeg
08-15 09:55:48.037   537   596 D NU-AmNuPlayerDriver: [#1] start(0xea644300), state is 4, eos is 0
08-15 09:55:48.038   537  3045 I NU-AmNuPlayer: [#1] kWhatStart
08-15 09:55:48.038   537  3045 I NU-AmNuPlayer: [#1] onStart: mCrypto: 0x0 (0)
08-15 09:55:48.038   537  3045 I NU-GenericSource: start
08-15 09:55:48.038   537  3045 I NU-AmNuPlayer: [#1] AmNuPlayer::Source::getFormat frame-rate = failed
08-15 09:55:48.038   537  3045 I NU-AmNuPlayer: [#1] getFormat audio extend format : audio/ffmpeg
08-15 09:55:48.038   952   952 E jarvis_AppUtils: getPkgNameByPidFromFile failed, pid===1033, ex=java.io.FileNotFoundException: /proc/1033/cmdline: open failed: ENOENT (No such file or directory)
08-15 09:55:48.039   952   952 E jarvis_AppUtils: read /proc/pid/cmdline failed, pname===null, fallback to AMS...
08-15 09:55:48.040   537  3045 I NU-AmNuPlayerRenderer: getAudioDevicesForStream   streamType=3,  audioDevices=0x2
08-15 09:55:48.040   537  3045 E NU-AmNuPlayerRenderer: Couldn't map mime "audio/ffmpeg" to a valid audio_format
08-15 09:55:48.040   537  3045 I MessageMonitor: NU-AmNuPlayerRenderer MessageMonitor mDebugLevel 0, poll message us 30000000
08-15 09:55:48.040   537  3045 I NU-AmNuPlayerRenderer: [#1] mPlayerInstanceId = 1
08-15 09:55:48.041   537  3045 I NU-AmNuPlayerRenderer: mFirstSlowSync is set to True. from : 1010
08-15 09:55:48.041   537  3045 I NU-AmNuPlayerRenderer: [#1] media.amnuplayer.avsync.dropmode is set to 0 us .
08-15 09:55:48.041   537  3045 I NU-AmNuPlayerRenderer: for IPTV hls, mShowFrameAfterOpenAudioSink is set to True. from : 1115
08-15 09:55:48.041   423   626 D AudioHalHardware: +getParameters(), key = hdmi_format
08-15 09:55:48.041   423   626 D AudioHalHardware: -getParameters(), return ""
08-15 09:55:48.042   537  3045 I NU-AmNuPlayerDriver: media.player.atrace.enable is 1
08-15 09:55:48.042   537  3045 I NU-AmNuPlayer: [#1] [onStart:4461] new Renderer
08-15 09:55:48.043   537  3045 I NU-AmNuPlayer: [#1] AmNuPlayer::Source::getFormat frame-rate = failed
08-15 09:55:48.043   537  3045 I NU-AmNuPlayer: [#1] getFormat audio extend format : audio/ffmpeg
08-15 09:55:48.044   537  3045 I NU-AmNuPlayerRenderer: getAudioDevicesForStream   streamType=3,  audioDevices=0x2
08-15 09:55:48.044   537  3045 E NU-AmNuPlayerRenderer: Couldn't map mime "audio/ffmpeg" to a valid audio_format
08-15 09:55:48.044   537  3045 I NU-AmNuPlayer: [#1] instantiateDecoder   format: AMessage(what = 0x00000000) = {
08-15 09:55:48.044   537  3045 I NU-AmNuPlayer:   string mime = "audio/ffmpeg"
08-15 09:55:48.044   537  3045 I NU-AmNuPlayer:   int64_t durationUs = 477125
08-15 09:55:48.044   537  3045 I NU-AmNuPlayer:   int32_t track-id = 0
08-15 09:55:48.044   537  3045 I NU-AmNuPlayer:   int32_t bitrate = 128000
08-15 09:55:48.044   537  3045 I NU-AmNuPlayer:   int32_t channel-count = 2
08-15 09:55:48.044   537  3045 I NU-AmNuPlayer:   int32_t sample-rate = 44100
08-15 09:55:48.044   537  3045 I NU-AmNuPlayer:   string codec-format-str = "audio/ffmpeg"
08-15 09:55:48.044   537  3045 I NU-AmNuPlayer:   int32_t codec-id = 86017
08-15 09:55:48.044   537  3045 I NU-AmNuPlayer:   int32_t block-align = 0
08-15 09:55:48.044   537  3045 I NU-AmNuPlayer:   int32_t vendor.adec.codec-id.value = 86017
08-15 09:55:48.044   537  3045 I NU-AmNuPlayer:   Buffer extra-data = {
08-15 09:55:48.044   537  3045 I NU-AmNuPlayer:   }
08-15 09:55:48.044   537  3045 I NU-AmNuPlayer:   int32_t bit-rate = 128000
08-15 09:55:48.044   537  3045 I NU-AmNuPlayer:   int32_t priority = 0
08-15 09:55:48.044   537  3045 I NU-AmNuPlayer: }  
08-15 09:55:48.045   537  3045 W AString : ctor got NULL, using empty string instead
08-15 09:55:48.045   537  3045 I NU-AmNuPlayerDecoder: [#1] mPlayerInstanceId = 1  mForceClearUseClearKey is 0
08-15 09:55:48.045   537  3045 I NU-AmNuPlayerDriver: media.player.atrace.enable is 1
08-15 09:55:48.045   537  3045 I MessageMonitor: NU-AmNuPlayerDecoder-audN MessageMonitor mDebugLevel 0, poll message us 30000000
08-15 09:55:48.045   537  3045 I NU-AmNuPlayer: [#1] instantiateDecoder audio Decoder
08-15 09:55:48.045   537  3050 I NU-AmNuPlayerDecoder: [#1] onConfigure format: AMessage(what = 0x00000000) = {
08-15 09:55:48.045   537  3050 I NU-AmNuPlayerDecoder:   string mime = "audio/ffmpeg"
08-15 09:55:48.045   537  3050 I NU-AmNuPlayerDecoder:   int64_t durationUs = 477125
08-15 09:55:48.045   537  3050 I NU-AmNuPlayerDecoder:   int32_t track-id = 0
08-15 09:55:48.045   537  3050 I NU-AmNuPlayerDecoder:   int32_t bitrate = 128000
08-15 09:55:48.045   537  3050 I NU-AmNuPlayerDecoder:   int32_t channel-count = 2
08-15 09:55:48.045   537  3050 I NU-AmNuPlayerDecoder:   int32_t sample-rate = 44100
08-15 09:55:48.045   537  3050 I NU-AmNuPlayerDecoder:   string codec-format-str = "audio/ffmpeg"
08-15 09:55:48.045   537  3050 I NU-AmNuPlayerDecoder:   int32_t codec-id = 86017
08-15 09:55:48.045   537  3050 I NU-AmNuPlayerDecoder:   int32_t block-align = 0
08-15 09:55:48.045   537  3050 I NU-AmNuPlayerDecoder:   int32_t vendor.adec.codec-id.value = 86017
08-15 09:55:48.045   537  3050 I NU-AmNuPlayerDecoder:   Buffer extra-data = {
08-15 09:55:48.045   537  3050 I NU-AmNuPlayerDecoder:   }
08-15 09:55:48.045   537  3050 I NU-AmNuPlayerDecoder:   int32_t bit-rate = 128000
08-15 09:55:48.045   537  3050 I NU-AmNuPlayerDecoder:   int32_t priority = 0
08-15 09:55:48.045   537  3050 I NU-AmNuPlayerDecoder:   int32_t early-release = 0
08-15 09:55:48.045   537  3050 I NU-AmNuPlayerDecoder: }
08-15 09:55:48.045   537  3050 I MessageMonitor: ReadDataHandler MessageMonitor mDebugLevel 0, poll message us 30000000
08-15 09:55:48.046   537  3050 D MediaCodecList: codecHandlesFormat: no format, so no extra checks
08-15 09:55:48.047   537  3045 I NU-AmNuPlayer: [#1] updateMediaInfo
08-15 09:55:48.047   537  3051 D CCodec  : allocate(c2.amlogic.audio.decoder.ffmpeg)
08-15 09:55:48.048   537  3045 I NU-AmNuPlayer: [#1] [updateMediaInfo:1371]get i=0 , mime: audio/ffmpeg
08-15 09:55:48.049   537  3051 I CCodec  : setting up 'default' as default (vendor) store
08-15 09:55:48.050   433   935 I C2VendorComponentStore: C2VendorComponentStore::createComponent name c2.amlogic.audio.decoder.ffmpeg
08-15 09:55:48.050   433   935 I C2VendorComponentStore: findComponent
08-15 09:55:48.050   433   935 I C2VendorComponentStore: C2VendorComponentStore::createComponent fetchModule
08-15 09:55:48.050   433   935 I C2VendorComponentStore: localModule libpath libcodec2_aml_audio_decoder.so 54
08-15 09:55:48.050   433   935 V C2VendorComponentStore: Loading dll
08-15 09:55:48.051   433   935 I C2VendorComponentStore: in init ===> start codec:54 secure:0 isAudio:1
08-15 09:55:48.051   433   935 V C2VendorComponentStore: init  libPath:libcodec2_aml_audio_decoder.so --> isAudio:1, createFactoryName:CreateC2AudioDecoderFFMPEGFactory
08-15 09:55:48.051   433   935 V Amlogic_C2AudioFFMPEGDecoder: create component FFMPEG 
08-15 09:55:48.051   433   935 I C2VendorComponentStore: GetCodec2VendorComponentStore, line:910
08-15 09:55:48.051   433   935 I Amlogic_C2AudioFFMPEGDecoder: in C2AudioFFMPEGDecFactory 
08-15 09:55:48.051   433   935 I Amlogic_C2AudioFFMPEGDecoder: in createComponent 
08-15 09:55:48.052   433   935 I Amlogic_C2AudioFFMPEGDecoder: in IntfImpl  c2.amlogic.audio.decoder.ffmpeg
08-15 09:55:48.054   433   935 I Amlogic_C2AudioFFMPEGDecoder: C2AudioFFMPEGDecoder() 267  name:c2.amlogic.audio.decoder.ffmpeg
08-15 09:55:48.055   433   935 I Amlogic_C2AudioFFMPEGDecoder: initializeState_l 291
08-15 09:55:48.055   433   935 V C2VendorComponentStore: In ~ComponentModule
08-15 09:55:48.055   433   935 V C2VendorComponentStore: Unloading dll
08-15 09:55:48.056   537  3051 I CCodec  : Created component [c2.amlogic.audio.decoder.ffmpeg]
08-15 09:55:48.056   537  3051 D CCodecConfig: read media type: audio/ffmpeg
08-15 09:55:48.058   537  3051 D ReflectedParamUpdater: extent() != 1 for single value type: output.subscribed-indices.values
08-15 09:55:48.058   537  3051 D ReflectedParamUpdater: extent() != 1 for single value type: input.buffers.allocator-ids.values
08-15 09:55:48.058   537  3051 D ReflectedParamUpdater: extent() != 1 for single value type: output.buffers.allocator-ids.values
08-15 09:55:48.058   537  3051 D ReflectedParamUpdater: extent() != 1 for single value type: output.buffers.pool-ids.values
08-15 09:55:48.061   537  3051 I CCodecConfig: query failed after returning 8 values (BAD_INDEX)
08-15 09:55:48.061   537  3051 D CCodecConfig: c2 config diff is Dict {
08-15 09:55:48.061   537  3051 D CCodecConfig:   c2::u32 coded.bitrate.value = 64000
08-15 09:55:48.061   537  3051 D CCodecConfig:   c2::u32 input.buffers.max-size.value = 2097152
08-15 09:55:48.061   537  3051 D CCodecConfig:   string input.media-type.value = "audio/ffmpeg"
08-15 09:55:48.061   537  3051 D CCodecConfig:   string output.media-type.value = "audio/raw"
08-15 09:55:48.061   537  3051 D CCodecConfig:   c2::u32 raw.channel-count.value = 1
08-15 09:55:48.061   537  3051 D CCodecConfig:   c2::u32 raw.channel-mask.value = 0
08-15 09:55:48.061   537  3051 D CCodecConfig:   c2::u32 raw.max-channel-count.value = 8
08-15 09:55:48.061   537  3051 D CCodecConfig:   c2::u32 raw.sample-rate.value = 44100
08-15 09:55:48.061   537  3051 D CCodecConfig: }
08-15 09:55:48.062   537  3050 I NU-AmNuPlayerDecoder: [#1] mComponentName c2.amlogic.audio.decoder.ffmpeg
08-15 09:55:48.063   537  3050 I NU-AmNuPlayerRenderer: [#1] audio source format 0x1
08-15 09:55:48.063   537  3050 I NU-AmNuPlayerDecoder: sampleRate:44100 
08-15 09:55:48.063   537  3050 I NU-AmNuPlayerDecoder: [#1] is_passthrough_enable:0 
08-15 09:55:48.063   537  3050 I NU-AmNuPlayerDecoder: channel-count=2
08-15 09:55:48.063   537  3050 I NU-AmNuPlayerDecoder: sample-rate=44100
08-15 09:55:48.063   537  3050 I NU-AmNuPlayerDecoder: bit-rate=128000
08-15 09:55:48.063   537  3050 I NU-AmNuPlayerDecoder: block-align=0
08-15 09:55:48.063   537  3050 I NU-AmNuPlayerDecoder: codec-id=86017
08-15 09:55:48.063   537  3050 I NU-AmNuPlayerDecoder: is_passthrough_enable=0
08-15 09:55:48.063   537  3050 I NU-AmNuPlayerDecoder: extradata-size=0
08-15 09:55:48.063   537  3051 I MediaCodec: MediaCodec will operate in async mode
08-15 09:55:48.063   537  3051 D MediaCodec: flushMediametrics
08-15 09:55:48.063   537  3051 D CCodec  : [c2.amlogic.audio.decoder.ffmpeg] buffers are bound to CCodec for this session
08-15 09:55:48.063   537  3051 D CCodecConfig: no c2 equivalents for durationUs
08-15 09:55:48.063   537  3051 D CCodecConfig: no c2 equivalents for track-id
08-15 09:55:48.063   537  3051 D CCodecConfig: no c2 equivalents for codec-format-str
08-15 09:55:48.063   537  3051 D CCodecConfig: no c2 equivalents for codec-id
08-15 09:55:48.063   537  3051 D CCodecConfig: no c2 equivalents for block-align
08-15 09:55:48.063   537  3051 D CCodecConfig: no c2 equivalents for extra-data
08-15 09:55:48.063   537  3051 D CCodecConfig: no c2 equivalents for bit-rate
08-15 09:55:48.063   537  3051 D CCodecConfig: no c2 equivalents for early-release
08-15 09:55:48.063   537  3051 D CCodecConfig: no c2 equivalents for is_passthrough_enable
08-15 09:55:48.064   537  3051 D CCodecConfig: no c2 equivalents for flags
08-15 09:55:48.065   537  3051 D CCodecConfig: c2 config diff is   c2::u32 coded.bitrate.value = 128000
08-15 09:55:48.065   537  3051 D CCodecConfig:   c2::u32 raw.channel-count.value = 2
08-15 09:55:48.065   537  3051 D CCodecConfig:   c2::i32 vendor.adec.block-align.value = 0
08-15 09:55:48.065   537  3051 D CCodecConfig:   c2::i32 vendor.adec.codec-id.value = 86017
08-15 09:55:48.065   537  3051 D CCodecConfig:   c2::i32 vendor.adec.extra-data-size.value = 0
08-15 09:55:48.066   537  3051 W Codec2Client: query -- param skipped: index = 1107298332.
08-15 09:55:48.066   537  3051 D CCodec  : encoding statistics level = 0
08-15 09:55:48.066   537  3051 D CCodec  : setup formats input: AMessage(what = 0x00000000) = {
08-15 09:55:48.066   537  3051 D CCodec  :   int32_t aac-max-output-channel_count = 8
08-15 09:55:48.066   537  3051 D CCodec  :   int32_t bitrate = 128000
08-15 09:55:48.066   537  3051 D CCodec  :   int32_t channel-count = 2
08-15 09:55:48.066   537  3051 D CCodec  :   int32_t channel-mask = 0
08-15 09:55:48.066   537  3051 D CCodec  :   int32_t max-input-size = 2097152
08-15 09:55:48.066   537  3051 D CCodec  :   int32_t max-output-channel-count = 8
08-15 09:55:48.066   537  3051 D CCodec  :   string mime = "audio/ffmpeg"
08-15 09:55:48.066   537  3051 D CCodec  :   int32_t sample-rate = 44100
08-15 09:55:48.066   537  3051 D CCodec  :   int32_t vendor.adec.block-align.value = 0
08-15 09:55:48.066   537  3051 D CCodec  :   int32_t vendor.adec.codec-id.value = 86017
08-15 09:55:48.066   537  3051 D CCodec  :   int32_t vendor.adec.extra-data-size.value = 0
08-15 09:55:48.066   537  3051 D CCodec  : }
08-15 09:55:48.066   537  3051 D CCodec  : setup formats output: AMessage(what = 0x00000000) = {
08-15 09:55:48.066   537  3051 D CCodec  :   int32_t aac-max-output-channel_count = 8
08-15 09:55:48.066   537  3051 D CCodec  :   int32_t channel-count = 2
08-15 09:55:48.066   537  3051 D CCodec  :   int32_t channel-mask = 0
08-15 09:55:48.066   537  3051 D CCodec  :   int32_t max-output-channel-count = 8
08-15 09:55:48.066   537  3051 D CCodec  :   string mime = "audio/raw"
08-15 09:55:48.066   537  3051 D CCodec  :   int32_t sample-rate = 44100
08-15 09:55:48.066   537  3051 D CCodec  :   int32_t android._config-pcm-encoding = 2
08-15 09:55:48.066   537  3051 D CCodec  : }
08-15 09:55:48.066   537  3051 I CCodecConfig: query failed after returning 11 values (BAD_INDEX)
08-15 09:55:48.066   537  3050 D MediaCodec: keep callback message for reclaim
08-15 09:55:48.067   433  3053 I Amlogic_C2AudioFFMPEGDecoder: onInit() 453
08-15 09:55:48.067   433  3053 I Amlogic_C2AudioFFMPEGDecoder: initDecoder 511
08-15 09:55:48.067   433  3053 I Amlogic_C2AudioFFMPEGDecoder: setUp 421
08-15 09:55:48.067   433  3053 I Amlogic_C2AudioFFMPEGDecoder: vendor.media.c2.loglevels is not set used def = 1
08-15 09:55:48.067   433  3053 I Amlogic_C2AudioFFMPEGDecoder: setUpAudioDecoder_l  debug_print:0, debug_dump:0,  gloglevel:1
08-15 09:55:48.067   433  3053 I Amlogic_C2AudioFFMPEGDecoder: mAInfo codec_id:(0x15001 86017) blockalign:0 bitspersample:1 channelCount:2 SampleRate:44100 BitRate:128000
08-15 09:55:48.067   433  3053 I AmAudioCodec: AmAudioCodec 54 
08-15 09:55:48.067   433  3053 I AmFFmpegDecoder: AmFFmpegCodec::CreateCodec audio_decode_init  audio/ffmpeg
08-15 09:55:48.067   433  3053 I AmAudioCodec: ffmpeg decoder NeedCheckFrame 0  id =0x15001
08-15 09:55:48.067   433  3053 I AmFFmpegDecoder: AmFFmpegCodec::CreateCodec audio_decode_init  audio/ffmpeg ret:0
08-15 09:55:48.067   433  3053 I Amlogic_C2AudioFFMPEGDecoder: ffmpeg audio_decode_init return 0
08-15 09:55:48.067   433  3053 I Amlogic_C2AudioFFMPEGDecoder: C2AudioFFMPEGDecoder setUp done
08-15 09:55:48.067   433  3053 I Amlogic_C2AudioFFMPEGDecoder: onInit() 459 exit
08-15 09:55:48.069   537  3051 D CCodecBufferChannel: [c2.amlogic.audio.decoder.ffmpeg#405] Created input block pool with allocatorID 16 => poolID 18 - OK (0)
08-15 09:55:48.071   537  3051 I CCodecBufferChannel: [c2.amlogic.audio.decoder.ffmpeg#405] Created output block pool with allocatorID 16 => poolID 18 - OK
08-15 09:55:48.071   537  3051 D CCodecBufferChannel: [c2.amlogic.audio.decoder.ffmpeg#405] Configured output block pool ids 18 => OK
08-15 09:55:48.072   433   897 I C2VendorComponentStore: setDmaBufUsage 5
08-15 09:55:48.073   433  3053 D Amlogic_C2AudioDecComponent: Using output block pool with poolID 18 => got 18 - 0
08-15 09:55:48.074   537  3050 D NuPlayerDecoderBase: [#1] [KPI] startup, mediacodec config time spent: 28635
08-15 09:55:48.074   537  3050 I NU-AmNuPlayerDecoder: [#1] [c2.amlogic.audio.decoder.ffmpeg] First CB_INPUT_AVAILABLE received.
08-15 09:55:48.074   433  3053 I Amlogic_C2AudioFFMPEGDecoder: process Invalid data frame
08-15 09:55:48.074   537  3052 I NU-AmNuPlayerDecoder: [#1] [c2.amlogic.audio.decoder.ffmpeg] First Input Buffer Queued to Codec
08-15 09:55:48.077   433  3053 I Amlogic_C2AudioFFMPEGDecoder: Reconfiguring decoder: 0->44100 Hz, 0->2 channels
08-15 09:55:48.077   433  3053 I C2VendorComponentStore: setDmaBufUsage 5
08-15 09:55:48.080   537  3051 D CCodecConfig: c2 config diff is   c2::u32 raw.channel-mask.value = 12
08-15 09:55:48.081   537  3051 D CCodecBuffers: [c2.amlogic.audio.decoder.ffmpeg#405:Output[N]] popFromStashAndRegister: at 0us, output format changed to AMessage(what = 0x00000000) = {
08-15 09:55:48.081   537  3051 D CCodecBuffers:   int32_t aac-max-output-channel_count = 8
08-15 09:55:48.081   537  3051 D CCodecBuffers:   int32_t channel-count = 2
08-15 09:55:48.081   537  3051 D CCodecBuffers:   int32_t channel-mask = 12
08-15 09:55:48.081   537  3051 D CCodecBuffers:   int32_t max-output-channel-count = 8
08-15 09:55:48.081   537  3051 D CCodecBuffers:   string mime = "audio/raw"
08-15 09:55:48.081   537  3051 D CCodecBuffers:   int32_t sample-rate = 44100
08-15 09:55:48.081   537  3051 D CCodecBuffers:   int32_t android._config-pcm-encoding = 2
08-15 09:55:48.081   537  3051 D CCodecBuffers: }
08-15 09:55:48.081   537  3049 V NU-AmNuPlayerRenderer: [#1] openAudioSink: offloadOnly(0) offloadingAudio(0)
08-15 09:55:48.081   537  3050 I NU-AmNuPlayerDecoder: [#1] handleOutputFormatChange   format: AMessage(what = 0x00000000) = {
08-15 09:55:48.081   537  3050 I NU-AmNuPlayerDecoder:   int32_t aac-max-output-channel_count = 8
08-15 09:55:48.081   537  3050 I NU-AmNuPlayerDecoder:   int32_t channel-count = 2
08-15 09:55:48.081   537  3050 I NU-AmNuPlayerDecoder:   int32_t channel-mask = 12
08-15 09:55:48.081   537  3050 I NU-AmNuPlayerDecoder:   int32_t max-output-channel-count = 8
08-15 09:55:48.081   537  3050 I NU-AmNuPlayerDecoder:   string mime = "audio/raw"
08-15 09:55:48.081   537  3050 I NU-AmNuPlayerDecoder:   int32_t sample-rate = 44100
08-15 09:55:48.081   537  3050 I NU-AmNuPlayerDecoder:   int32_t android._config-pcm-encoding = 2
08-15 09:55:48.081   537  3050 I NU-AmNuPlayerDecoder: }
08-15 09:55:48.081   537  3049 V NU-AmNuPlayerRenderer: [#1] openAudioSink channelMask:0x3
08-15 09:55:48.081   537  3050 I NU-AmNuPlayerDecoder: [#1] [c2.amlogic.audio.decoder.ffmpeg] First CB_OUTPUT_AVAILABLE received. input buffer queued: 4
08-15 09:55:48.081   537  3049 V NU-AmNuPlayerRenderer: [#1] openAudioSink: open AudioSink in NON-offload mode
08-15 09:55:48.081   537  3050 I NU-AmNuPlayerDecoder: [#1] [c2.amlogic.audio.decoder.ffmpeg] First Out Buffer Queued to Render. timeUs:0
08-15 09:55:48.083   423   626 D AudioHalHardware: +getParameters(), key = hdmi_format
08-15 09:55:48.083   423   626 D AudioHalHardware: -getParameters(), return ""
08-15 09:55:48.083   537  3049 I NU-AmNuPlayerRenderer: is_force_direct 0
08-15 09:55:48.083   537  3049 D NU-AmNuPlayerRenderer: [#1] audio sink close from [onOpenAudioSink,5663]
08-15 09:55:48.091   423   626 I audio_hw_hal_primary: [audiohal_get_latency:1344] io 13: out:0xe7943990 frames:3072 rate:48000 whole_latency:64 alsa_latency:64
08-15 09:55:48.091   475   475 D AudioFlinger: Client defaulted notificationFrames to 9405 for frameCount 18810
08-15 09:55:48.095   423   626 I audio_hw_hal_primary: [audiohal_get_latency:1344] io 13: out:0xe7943990 frames:3072 rate:48000 whole_latency:64 alsa_latency:64
08-15 09:55:48.097   537  3049 D NU-AmNuPlayerRenderer: [#1] audio sink open from [onOpenAudioSink,5730]
08-15 09:55:48.097   537  3049 I NU-AmNuPlayerRenderer: [#1] reopen audio sink success cnt=0
08-15 09:55:48.098   475   475 D audioserver: logFgsApiBegin: FGS Logger Transaction failed, -129
08-15 09:55:48.099   537  3049 I NU-AmNuPlayerRenderer: [#1] openAudioSink:  mAudioSink->open  finished!!!
08-15 09:55:48.099   537  3049 I NU-AmNuPlayerRenderer: [#1] mQueueInitial end, mHasAudio =1, mHasVideo = 0
08-15 09:55:48.099   537  3049 I NU-AmNuPlayerRenderer: PTS: AV sync info:AV SYNCED 
08-15 09:55:48.099   537  3049 I NU-AmNuPlayerRenderer: PTS:   SystemTimeStamp:-1
08-15 09:55:48.099   537  3049 I NU-AmNuPlayerRenderer: PTS:   Last AudioTimeStamp:-1
08-15 09:55:48.099   537  3049 I NU-AmNuPlayerRenderer: PTS:   Last VideoTimeStamp:-1
08-15 09:55:48.099   537  3049 I NU-AmNuPlayerRenderer: PTS:   AV diff:0 ,Ajump:0,Vjump:0
08-15 09:55:48.099   537  3049 I NU-AmNuPlayerRenderer: PTS:   mAjumpedNum:0, mAudioJumped till now=595799951
08-15 09:55:48.099   537  3049 I NU-AmNuPlayerRenderer: PTS:   mVjumpedNum:0, mVideoJumped till now=595799951
08-15 09:55:48.099   537  3049 I NU-AmNuPlayerRenderer: PTS:   mTotalAudioJumpedTimeUs:0, mTotalAudioJumpedTimeUs:0
08-15 09:55:48.099   537  3049 I NU-AmNuPlayerRenderer: PTS:   mLastVideoUs:-1
08-15 09:55:48.099   537  3049 I NU-AmNuPlayerRenderer: PTS:   mLastAudioUs:-1
08-15 09:55:48.099   537  3049 I NU-AmNuPlayerRenderer: PTS:   mAudioDelay 0 mFormat 0x1 mMs12Enabled 0
08-15 09:55:48.099   537  3049 I NU-AmNuPlayerRenderer: [#1] First audio pcm date write to audiosink.
08-15 09:55:48.100   537  3049 I NU-AmNuPlayerRenderer: [#1] setStartingTimeMedia 26122, mAudioPlayedOutDur 0
08-15 09:55:48.100   537  3045 I NU-AmNuPlayer: [#1] media rendering started
08-15 09:55:48.100   537  3045 I NU-AmNuPlayer: [#1] finishResume  mResumePending:0  
08-15 09:55:48.100   537  3045 D NU-AmNuPlayerDriver: [#1] notifyListener_l(0xea644300), (6, 0, 0, -1), loop setting(0, 0)
08-15 09:55:48.100   537   596 I NU-AmNuPlayer: [#1] [getStrCurrentAudioCodec]
08-15 09:55:48.101   537   596 I NU-AmNuPlayer: [#1] AmNuPlayer::Source::getFormat frame-rate = failed
08-15 09:55:48.101   537   596 I NU-AmNuPlayer: [#1] getFormat audio extend format : audio/ffmpeg
08-15 09:55:48.104   952   952 E jarvis_AppUtils: getPkgNameByPidFromFile failed, pid===1033, ex=java.io.FileNotFoundException: /proc/1033/cmdline: open failed: ENOENT (No such file or directory)
08-15 09:55:48.104   952   952 E jarvis_AppUtils: read /proc/pid/cmdline failed, pname===null, fallback to AMS...
08-15 09:55:48.107   535   535 E exFFmpeg: [mp3 @ 0xf0f06d30] EOF Found
08-15 09:55:48.107   535   535 I AmFFmpegExtractor: No more packets from ffmpeg. because of AVERROR_EOF
08-15 09:55:48.107   535   535 I AmFFmpegExtractor: Read return error, and update status:-1011
08-15 09:55:48.107   535   535 I AmFFmpegExtractor: audio/ffmpeg_reading, feedMore err: -1011
08-15 09:55:48.121   537  3052 E NU-GenericSource: hasBufferAvailable return -1011
08-15 09:55:48.121   537  3052 I NU-AmNuPlayerDecoder: [#1] queue EOS buffer to MediaCodec. Audio
08-15 09:55:48.123   537  3049 I NU-AmNuPlayerRenderer: [#1] Audio PCM buffer First Full. time pay:23995, frameCount:18810, mAudioSink->frameSize():4
08-15 09:55:48.124   537  3049 W NU-AmNuPlayerRenderer: [#1] postDrainAudioQueue long delay: 26658 (18810*0.022676), numFramesPendingPlayout:(18810-0)
08-15 09:55:48.124   423  1193 I audio_hw_hal_primary: [audiohal_get_latency:1344] io 13: out:0xe7943990 frames:3072 rate:48000 whole_latency:64 alsa_latency:64
08-15 09:55:48.125   423   626 I audio_hw_hal_primary: out_update_source_metadata_v7() line 2024 usage:1 content_type:0
08-15 09:55:48.126   433  3053 I Amlogic_C2AudioFFMPEGDecoder: process Invalid data frame
08-15 09:55:48.126   433  3053 I Amlogic_C2AudioFFMPEGDecoder: drainEos 736
08-15 09:55:48.126   537  3050 I NU-AmNuPlayerDecoder: [#1] [audio] saw output EOS
08-15 09:55:48.127   537  3049 I NU-AmNuPlayerRenderer: [#1] audio have queued eos, no need to check buffer discontinue
08-15 09:55:48.127   537  3049 I NU-AmNuPlayerRenderer: [#1] onQueueEOS audio 
08-15 09:55:48.143   952   952 E jarvis_AppUtils: getPkgNameByPidFromFile failed, pid===1033, ex=java.io.FileNotFoundException: /proc/1033/cmdline: open failed: ENOENT (No such file or directory)
08-15 09:55:48.143   952   952 E jarvis_AppUtils: read /proc/pid/cmdline failed, pname===null, fallback to AMS...
08-15 09:55:48.150   537  3049 D AudioTrack: getTimestamp_l(26): device stall time corrected using current time 595851170283
08-15 09:55:48.151   537  3049 W NU-AmNuPlayerRenderer: [#1] postDrainAudioQueue long delay: 26658 (18810*0.022676), numFramesPendingPlayout:(20691-1881)
08-15 09:55:48.178   537  3049 D AudioTrack: stop(26): called with 20736 frames delivered
08-15 09:55:48.178   537  3050 I NU-AmNuPlayerRenderer: [#1] setDiscontinuityFromM3u8 audio 0
08-15 09:55:48.182   537  3049 D NU-AmNuPlayerRenderer: [#1] audio sink stop from [onDrainAudioQueue,2537]
08-15 09:55:48.359   632   704 D OomAdjuster: Not killing cached processes
08-15 09:55:48.360   632   704 W ProcessStats: Tracking association SourceState{a2f65f3 com.cmcc.lingxiagent/1000 Fgs #539} whose proc state 3 is better than process ProcessState{3f0dcf1 com.cmhi.universalapp.launcher.tvmonitor/10013 pkg=com.cmhi.universalapp.launcher.tvmonitor} proc state 14 (32 skipped)
08-15 09:55:48.450   952  1174 I jarvis_LxAgentApiClient: <asyncCallAgent> method=lingxi_report_client
08-15 09:55:48.450   952  1168 I jarvis_LxAgentApiClient: <callAgent> method=lingxi_report_client, params=Bundle[{commandId=7, header=null, body={"eventId":11,"eventMode":0,"params":{"volume":"51","result":"0"}}, msgId=1786758948}]
08-15 09:55:48.453   537  3012 I NU-AmNuPlayerRenderer: PTS: AV sync info:Audio on Header 
08-15 09:55:48.453   537  3012 I NU-AmNuPlayerRenderer: PTS:   SystemTimeStamp:9899651
08-15 09:55:48.453   537  3012 I NU-AmNuPlayerRenderer: PTS:   Last AudioTimeStamp:10396734
08-15 09:55:48.453   537  3012 I NU-AmNuPlayerRenderer: PTS:   Last VideoTimeStamp:-1
08-15 09:55:48.453   537  3012 I NU-AmNuPlayerRenderer: PTS:   AV diff:9899652 ,Ajump:0,Vjump:0
08-15 09:55:48.453   537  3012 I NU-AmNuPlayerRenderer: PTS:   mAjumpedNum:0, mAudioJumped till now=596153379
08-15 09:55:48.453   537  3012 I NU-AmNuPlayerRenderer: PTS:   mVjumpedNum:0, mVideoJumped till now=596153379
08-15 09:55:48.453   537  3012 I NU-AmNuPlayerRenderer: PTS:   mTotalAudioJumpedTimeUs:0, mTotalAudioJumpedTimeUs:0
08-15 09:55:48.453   537  3012 I NU-AmNuPlayerRenderer: PTS:   mLastVideoUs:-1
08-15 09:55:48.453   537  3012 I NU-AmNuPlayerRenderer: PTS:   mLastAudioUs:10422857
08-15 09:55:48.453   537  3012 I NU-AmNuPlayerRenderer: PTS:   mAudioDelay 0 mFormat 0x1 mMs12Enabled 0
08-15 09:55:48.456   952  1168 I jarvis_LxAgentApiClient: <callAgent> method=lingxi_report_client, result=null
08-15 09:55:48.555   537   596 I NU-AmNuPlayerDriver: [#0] [getCurrentPosition][752] position : 10002 msec
08-15 09:55:48.636   423  1193 I audio_hw_hal_primary: [audiohal_get_latency:1344] io 13: out:0xe7943990 frames:3072 rate:48000 whole_latency:64 alsa_latency:64
08-15 09:55:48.637   537  3045 D NU-AmNuPlayerDriver: [#1] notifyListener_l(0xea644300), (2, 0, 0, -1), loop setting(0, 0)
08-15 09:55:48.637   537  3049 I NU-AmNuPlayerRenderer: [#1] render_onPause
08-15 09:55:48.637   537  3049 D NU-AmNuPlayerRenderer: [#1] audio sink pause from [onPause,5151]
08-15 09:55:48.637   537  3049 I NU-AmNuPlayerRenderer: [#1] now paused audio queue has 0 entries, video has 0 entries
08-15 09:55:48.640   952   952 E jarvis_AppUtils: getPkgNameByPidFromFile failed, pid===1570, ex=java.io.FileNotFoundException: /proc/1570/cmdline: open failed: ENOENT (No such file or directory)
08-15 09:55:48.640   952   952 E jarvis_AppUtils: read /proc/pid/cmdline failed, pname===null, fallback to AMS...
08-15 09:55:48.684   423  1193 I audio_hw_hal_primary: [audiohal_get_latency:1344] io 13: out:0xe7943990 frames:3072 rate:48000 whole_latency:64 alsa_latency:64
08-15 09:55:48.692  1504  1580 D AutoBond: handleMessage() called with: msg.what = [2]
08-15 09:55:48.692  1504  1580 D BluetoothAdapter: isLeEnabled(): ON
08-15 09:55:48.696  1019  1032 D ActivityAttributionService: notifyActivityAttributionInfo UID=1002 packageName=com.android.bluetooth deviceAddress=no_active_device_address
08-15 09:55:48.696  1019  1032 I bt_btif : packages/modules/Bluetooth/system/btif/src/bluetooth.cc:829 get_profile_interface: get_profile_interface: id = activity_attribution
08-15 09:55:48.696  1019  1329 I bt_stack: [INFO:le_scanning_manager.cc(168)] Scan in shim layer stopped
08-15 09:55:48.696  1019  1120 I bluetooth: packages/modules/Bluetooth/system/gd/hci/le_address_manager.cc:193 unregister_client: Client unregistered
08-15 09:55:48.699  1019  1032 I bt_stack: [INFO:le_scanning_manager.cc(162)] Unregister in shim layer, scanner_id:1
08-15 09:55:48.700  1504  1580 I AutoBond: 第 19 次停止蓝牙扫描
08-15 09:55:48.700  1504  1580 D AutoParingService: onStopScan() called with: i = [19]
08-15 09:55:48.703  1504  1580 D AutoBond: checkScanLimit: 扫描已持续时间:569042
08-15 09:55:48.703  1504  1580 D AutoBond: checkScanLimit: 扫描已进行:19次
08-15 09:55:48.703  1504  1580 D AutoBond: checkNextRound() called, ready scan.
08-15 09:55:48.724   423  1193 I audio_hw_hal_primary: [audiohal_get_latency:1344] io 13: out:0xe7943990 frames:3072 rate:48000 whole_latency:64 alsa_latency:64
08-15 09:55:48.725   475   605 D audioserver: logFgsApiEnd: FGS Logger Transaction failed, -129
08-15 09:55:48.726   423   626 I audio_hw_hal_primary: out_update_source_metadata_v7() line 2024 usage:1 content_type:0
08-15 09:55:49.206   537  3014 D BufferPoolAccessor2.0: bufferpool2 0xe8602788 : 8(16777216 size) total buffers - 5(10485760 size) used buffers - 420/432 (recycle/alloc) - 16/860 (fetch/transfer)
08-15 09:55:49.210   433  3019 D BufferPoolAccessor2.0: bufferpool2 0xed943988 : 4(18432 size) total buffers - 1(4608 size) used buffers - 425/431 (recycle/alloc) - 9/430 (fetch/transfer)
08-15 09:55:49.817   537   978 I NU-AmNuPlayerDriver: [#0] [getCurrentPosition][752] position : 11264 msec
08-15 09:55:49.944   632   645 D AudioService: Volume controller visible: false
08-15 09:55:49.945  1033  1230 W WindowOnBackDispatcher: sendCancelIfRunning: isInProgress=falsecallback=android.view.ViewRootImpl$$ExternalSyntheticLambda17@6c47b93
08-15 09:55:49.945   632   645 D CoreBackPreview: Window{f7e9b71 u0 com.android.systemui}: Setting back callback null
08-15 09:55:49.947   632   645 W InputManager-JNI: Input channel object 'f7e9b71 com.android.systemui (client)' was disposed without first being removed with the input manager!
08-15 09:55:50.276  2968  3036 E demo-jni: next event: change@/devices/platform/soc/fe000000.apb4/fe067400.i2c/i2c-5/5-0024/power_supply/Battery
08-15 09:55:50.274   555   555 I xiriservice_All: type=1400 audit(0.0:1508): avc:  denied  { read } for  scontext=u:r:xiriservice_All:s0 tcontext=u:r:xiriservice_All:s0 tclass=netlink_kobject_uevent_socket permissive=1
08-15 09:55:50.296     0     0 W [3 T432   ..] healthd: battery l=100 v=4206 t=0.0 h=2 st=5 chg=a
08-15 09:55:50.285  1570  1570 E action===: [, , 0]:android.intent.action.BATTERY_CHANGED
08-15 09:55:50.286  1175  1175 D AJLEpgShortcutFragment: [, , 0]:{Thread:main}battery changed: 100%, isCharing:true, hasBattery:true
08-15 09:55:50.286  1570  1570 E action===: android.intent.action.BATTERY_CHANGED
08-15 09:55:50.282  1175  1175 I mect.ajlauncher: type=1400 audit(0.0:1509): avc:  denied  { read } for  scontext=u:r:zygote:s0 tcontext=u:r:surfaceflinger:s0 tclass=unix_stream_socket permissive=1
08-15 09:55:50.286   952   952 E jarvis_action===: android.intent.action.BATTERY_CHANGED
08-15 09:55:50.282  1175  1175 I mect.ajlauncher: type=1400 audit(0.0:1510): avc:  denied  { call } for  scontext=u:r:zygote:s0 tcontext=u:r:surfaceflinger:s0 tclass=binder permissive=1
08-15 09:55:50.703  1504  1580 D AutoBond: handleMessage() called with: msg.what = [1]
08-15 09:55:50.704  1504  1580 D AutoBond: checkScanLimit: 扫描已持续时间:571043
08-15 09:55:50.704  1504  1580 D AutoBond: checkScanLimit: 扫描已进行:19次
08-15 09:55:50.704  1504  1580 D BluetoothAdapter: isLeEnabled(): ON
08-15 09:55:50.708  1019  1031 I bt_stack: [INFO:le_scanning_manager.cc(155)] RegisterScanner in shim layer
08-15 09:55:50.709  1504  2912 D BluetoothLeScanner: onScannerRegistered() - status=0 scannerId=1 mScannerId=0
08-15 09:55:50.716  1019  1031 D ActivityAttributionService: notifyActivityAttributionInfo UID=1002 packageName=com.android.bluetooth deviceAddress=no_active_device_address
08-15 09:55:50.716  1019  1031 I bt_btif : packages/modules/Bluetooth/system/btif/src/bluetooth.cc:829 get_profile_interface: get_profile_interface: id = activity_attribution
08-15 09:55:50.716  1019  1329 I bt_stack: [INFO:le_scanning_manager.cc(168)] Scan in shim layer started
08-15 09:55:50.716  1019  1120 I bluetooth: packages/modules/Bluetooth/system/gd/hci/le_scanning_manager.cc:588 stop_scan: Scanning already stopped, return!
08-15 09:55:50.717  1019  1329 I bt_stack: [INFO:le_scanning_manager.cc(168)] Scan in shim layer stopped
08-15 09:55:50.717  1504  1580 I AutoBond: 第20次启动蓝牙扫描,true
08-15 09:55:50.717  1019  1329 I bt_stack: [INFO:le_scanning_manager.cc(346)] SetScanParameters in shim layer
08-15 09:55:50.717  1504  1580 D AutoParingService: onStartScan() called with: i = [20]
08-15 09:55:50.717  1019  1329 I bt_stack: [INFO:le_scanning_manager.cc(168)] Scan in shim layer started
08-15 09:55:50.717  1019  1120 I bluetooth: packages/modules/Bluetooth/system/gd/hci/le_address_manager.cc:178 register_client: Client registered
08-15 09:55:50.717  1019  1120 I bluetooth: packages/modules/Bluetooth/system/gd/hci/le_address_manager.cc:193 unregister_client: Client unregistered
08-15 09:55:50.717  1019  1120 I bluetooth: packages/modules/Bluetooth/system/gd/hci/le_scanning_manager.cc:588 stop_scan: Scanning already stopped, return!
08-15 09:55:50.717  1019  1120 I bluetooth: packages/modules/Bluetooth/system/gd/hci/le_address_manager.cc:178 register_client: Client registered
08-15 09:55:51.077   537   978 I NU-AmNuPlayerDriver: [#0] [getCurrentPosition][752] position : 12524 msec
08-15 09:55:52.078   537   978 I NU-AmNuPlayerDriver: [#0] [getCurrentPosition][752] position : 13525 msec
08-15 09:55:52.276   952  1073 I jarvis_Wallpaper: openWallpaper has system wallpaper
08-15 09:55:52.476   423  1193 I audio_hw_hal_stream: aml_stream_out_info_print: out:0xe7943990, stream_type:pcm, sync_mode:non tunnel, input_size:6463488 bytes
08-15 09:55:52.476   423  1193 I audio_hw_hal_stream: aml_stream_out_info_print: last_time:600131 ms (sec:600, nsec:131149618), last_position:33549 ms (1610368), cur_time:600171 ms (sec:600, nsec:171152827), cur_position:33589 ms (1612288)
08-15 09:55:52.476   423  1193 I audio_hw_hal_stream: aml_stream_out_info_print: time_gap:40 ms (thr:100 ms), position_gap:40 ms, delay:74 ms, jitter: Position gap is ahead of system time gap by 0 ms (thr:100 ms)
08-15 09:55:53.338   537   978 I NU-AmNuPlayerDriver: [#0] [getCurrentPosition][752] position : 14785 msec
08-15 09:55:53.385   537  3018 D BufferPoolAccessor2.0: bufferpool2 0xe8603988 : 8(16777216 size) total buffers - 4(8388608 size) used buffers - 12/20 (recycle/alloc) - 8/36 (fetch/transfer)
08-15 09:55:53.385   537  3018 D BufferPoolAccessor2.0: evictor expired: 1, evicted: 1
08-15 09:55:53.386   433   839 D BufferPoolAccessor2.0: bufferpool2 0xed941348 : 3(13824 size) total buffers - 0(0 size) used buffers - 15/18 (recycle/alloc) - 3/18 (fetch/transfer)
08-15 09:55:53.386   433   839 D BufferPoolAccessor2.0: evictor expired: 1, evicted: 1
08-15 09:55:54.340   537   978 I NU-AmNuPlayerDriver: [#0] [getCurrentPosition][752] position : 15787 msec
08-15 09:55:54.402   537  3014 D BufferPoolAccessor2.0: bufferpool2 0xe8602788 : 8(16777216 size) total buffers - 5(10485760 size) used buffers - 620/632 (recycle/alloc) - 16/1260 (fetch/transfer)
08-15 09:55:54.405   433  3019 D BufferPoolAccessor2.0: bufferpool2 0xed943988 : 4(18432 size) total buffers - 1(4608 size) used buffers - 625/631 (recycle/alloc) - 10/630 (fetch/transfer)
08-15 09:55:55.340   537   978 I NU-AmNuPlayerDriver: [#0] [getCurrentPosition][752] position : 16787 msec
08-15 09:55:56.341   537   978 I NU-AmNuPlayerDriver: [#0] [getCurrentPosition][752] position : 17788 msec
08-15 09:55:57.516   423  1193 I audio_hw_hal_stream: aml_stream_out_info_print: out:0xe7943990, stream_type:pcm, sync_mode:non tunnel, input_size:7430144 bytes
08-15 09:55:57.516   423  1193 I audio_hw_hal_stream: aml_stream_out_info_print: last_time:605163 ms (sec:605, nsec:163149162), last_position:38581 ms (1851904), cur_time:605211 ms (sec:605, nsec:211153662), cur_position:38629 ms (1854208)
08-15 09:55:57.516   423  1193 I audio_hw_hal_stream: aml_stream_out_info_print: time_gap:48 ms (thr:100 ms), position_gap:48 ms, delay:69 ms, jitter: Position gap is ahead of system time gap by 0 ms (thr:100 ms)
08-15 09:55:57.555   537   978 I NU-AmNuPlayerDriver: [#0] [getCurrentPosition][752] position : 19002 msec
08-15 09:55:58.469   537  3012 I NU-AmNuPlayerRenderer: PTS: AV sync info:Audio on Header 
08-15 09:55:58.469   537  3012 I NU-AmNuPlayerRenderer: PTS:   SystemTimeStamp:19916292
08-15 09:55:58.469   537  3012 I NU-AmNuPlayerRenderer: PTS:   Last AudioTimeStamp:20427755
08-15 09:55:58.469   537  3012 I NU-AmNuPlayerRenderer: PTS:   Last VideoTimeStamp:-1
08-15 09:55:58.469   537  3012 I NU-AmNuPlayerRenderer: PTS:   AV diff:19916293 ,Ajump:0,Vjump:0
08-15 09:55:58.469   537  3012 I NU-AmNuPlayerRenderer: PTS:   mAjumpedNum:0, mAudioJumped till now=606170020
08-15 09:55:58.469   537  3012 I NU-AmNuPlayerRenderer: PTS:   mVjumpedNum:0, mVideoJumped till now=606170020
08-15 09:55:58.470   537  3012 I NU-AmNuPlayerRenderer: PTS:   mTotalAudioJumpedTimeUs:0, mTotalAudioJumpedTimeUs:0
08-15 09:55:58.470   537  3012 I NU-AmNuPlayerRenderer: PTS:   mLastVideoUs:-1
08-15 09:55:58.470   537  3012 I NU-AmNuPlayerRenderer: PTS:   mLastAudioUs:20453877
08-15 09:55:58.470   537  3012 I NU-AmNuPlayerRenderer: PTS:   mAudioDelay 0 mFormat 0x1 mMs12Enabled 0
08-15 09:55:58.817   537   978 I NU-AmNuPlayerDriver: [#0] [getCurrentPosition][752] position : 20264 msec
08-15 09:55:59.003   568   568 D XIRI_driver: send to xiri: {"cmd":"key","event":1,"keycode":114,"pid":1,"vid":1,"devnum":0}
08-15 09:55:59.004   632   734 D InputReader: getDisplayIdi -1
08-15 09:55:59.022     0     0 I         : [0 T2865  ..] input input1: key 114 down
08-15 09:55:59.007   952   966 I jarvis_ : System call method methodId = reduce_volume
08-15 09:55:59.007   952   966 I jarvis_binded: mmkv binded
08-15 09:55:59.009   632   645 D AudioService: adjustStreamVolume() stream=3, dir=0, flags=1, caller=com.android.systemui
08-15 09:55:59.010   632   645 D AudioService: forceUse=0 full:false
08-15 09:55:59.010   632   645 D AudioService: adjustSreamVolume playbackDeviceConditions=false tvConditions=false
08-15 09:55:59.011   423   626 D AudioHalHardware: +getParameters(), key = hal_param_hal_control_vol_en
08-15 09:55:59.011   423   626 D AudioHalHardware: -getParameters(), return ""
08-15 09:55:59.018   632   645 W WindowManager: com.android.systemui skip checkAddPermission for Window 2020
08-15 09:55:59.018   632   645 W WindowManager: [addWindow] title:
08-15 09:55:59.024   632  1631 D AudioService: Volume controller visible: true
08-15 09:55:59.027   632  1631 D CoreBackPreview: Window{9cc0042 u0 com.android.systemui}: Setting back callback OnBackInvokedCallbackInfo{mCallback=android.window.IOnBackInvokedCallback$Stub$Proxy@e73e590, mPriority=0, mIsAnimationCallback=false}
08-15 09:55:59.035  1033  1224 E OpenGLRenderer: Unable to match the desired swap behavior.
08-15 09:55:59.133     0     0 I         : [0 T2865  ..] input input1: key 114 up
08-15 09:55:59.115   568   568 D XIRI_driver: send to xiri: {"cmd":"key","event":0,"keycode":114,"pid":1,"vid":1,"devnum":0}
08-15 09:55:59.115   632   734 D InputReader: getDisplayIdi -1
08-15 09:55:59.116   632   733 D WindowManager: handleVolumeKeyInArc KeyEvent { action=ACTION_DOWN, keyCode=KEYCODE_VOLUME_DOWN, scanCode=114, metaState=0, flags=0x8, repeatCount=0, eventTime=606704082000, downTime=606704082000, deviceId=2, source=0x101, displayId=-1 }
08-15 09:55:59.117  1258  1258 D RemoteIME: keycode: 25, realAction: false
08-15 09:55:59.117   632   733 D WindowManager: handleVolumeKeyInArc KeyEvent { action=ACTION_UP, keyCode=KEYCODE_VOLUME_DOWN, scanCode=114, metaState=0, flags=0x8, repeatCount=0, eventTime=606815808000, downTime=606704082000, deviceId=2, source=0x101, displayId=-1 }
08-15 09:55:59.119   632  2007 D MediaSessionService: dispatchVolumeKeyEvent, pkg=com.droidlogic.exoplayer2.demo, opPkg=com.droidlogic.exoplayer2.demo, pid=2968, uid=10032, asSystem=true, event=KeyEvent { action=ACTION_DOWN, keyCode=KEYCODE_VOLUME_DOWN, scanCode=114, metaState=0, flags=0x8, repeatCount=0, eventTime=606704082000, downTime=606704082000, deviceId=2, source=0x101, displayId=-1 }, stream=-2147483648, musicOnly=false
08-15 09:55:59.119   632  2007 D MediaSessionService: Adjusting com.droidlogic.exoplayer2.demo/MoviePlayer (userId=0) by -1. flags=4113, suggestedStream=-2147483648, preferSuggestedStream=false
08-15 09:55:59.119   632   811 D AudioService: adjustSuggestedStreamVolume() stream=3, flags=4113, caller=android, volControlStream=-1, userSelect=false
08-15 09:55:59.120  1258  1258 D RemoteIME: keycode: 25, realAction: true
08-15 09:55:59.120  2968  2968 D MoviePlayer: keycode:25 down is 0, action:1
08-15 09:55:59.121   632   811 V AudioService: getActiveStreamType: Returning suggested type 3
08-15 09:55:59.121   632  2007 D MediaSessionService: dispatchVolumeKeyEvent, pkg=com.droidlogic.exoplayer2.demo, opPkg=com.droidlogic.exoplayer2.demo, pid=2968, uid=10032, asSystem=true, event=KeyEvent { action=ACTION_UP, keyCode=KEYCODE_VOLUME_DOWN, scanCode=114, metaState=0, flags=0x8, repeatCount=0, eventTime=606815808000, downTime=606704082000, deviceId=2, source=0x101, displayId=-1 }, stream=-2147483648, musicOnly=false
08-15 09:55:59.121   632  2007 D MediaSessionService: Adjusting com.droidlogic.exoplayer2.demo/MoviePlayer (userId=0) by 0. flags=4116, suggestedStream=-2147483648, preferSuggestedStream=false
08-15 09:55:59.121   632   811 D AudioService: adjustStreamVolume() stream=3, dir=-1, flags=4113, caller=android
08-15 09:55:59.123   632   811 D AudioService: updateVolumeGroupIndex for stream 11, muted=false, device=2, index=500, group system Muted=false, Index=50, forceMuteState=false
08-15 09:55:59.125   632   811 D AudioService: updateVolumeGroupIndex for stream 10, muted=false, device=2, index=500, group accessibility Muted=false, Index=50, forceMuteState=false
08-15 09:55:59.125  1019  1019 D HeadsetClientService: Volume changed for stream: 11
08-15 09:55:59.127  1033  1033 E QuickSettings: action:android.media.VOLUME_CHANGED_ACTION
08-15 09:55:59.127   952   952 E jarvis_action===: android.media.VOLUME_CHANGED_ACTION
08-15 09:55:59.127   952   952 E jarvis_ : jarvis_:onVolumeChange== 11 
08-15 09:55:59.128  1570  1570 E action===: [, , 0]:android.media.VOLUME_CHANGED_ACTION
08-15 09:55:59.128  1570  1570 E action===: android.media.VOLUME_CHANGED_ACTION
08-15 09:55:59.128  1570  1570 E lxAgent : lxAgent:onVolumeChange== 11 
08-15 09:55:59.129   632   811 D AudioService: updateVolumeGroupIndex for stream 9, muted=false, device=2, index=500, group tts Muted=false, Index=50, forceMuteState=false
08-15 09:55:59.129  1019  1019 D HeadsetClientService: Volume changed for stream: 10
08-15 09:55:59.131   632   811 D AudioService: updateVolumeGroupIndex for stream 8, muted=false, device=2, index=500, group dtmf Muted=false, Index=50, forceMuteState=false
08-15 09:55:59.132   952   952 E jarvis_action===: android.media.VOLUME_CHANGED_ACTION
08-15 09:55:59.132  1570  1570 E action===: [, , 0]:android.media.VOLUME_CHANGED_ACTION
08-15 09:55:59.132   952   952 E jarvis_ : jarvis_:onVolumeChange== 10 
08-15 09:55:59.132  1570  1570 E action===: android.media.VOLUME_CHANGED_ACTION
08-15 09:55:59.133  1570  1570 E lxAgent : lxAgent:onVolumeChange== 10 
08-15 09:55:59.136  1019  1019 D HeadsetClientService: Volume changed for stream: 9
08-15 09:55:59.136   632   811 D AudioService: updateVolumeGroupIndex for stream 3, muted=false, device=2, index=500, group music Muted=false, Index=50, forceMuteState=false
08-15 09:55:59.137  1570  1570 E action===: [, , 0]:android.media.VOLUME_CHANGED_ACTION
08-15 09:55:59.137  1570  1570 E action===: android.media.VOLUME_CHANGED_ACTION
08-15 09:55:59.137  1570  1570 E lxAgent : lxAgent:onVolumeChange== 9 
08-15 09:55:59.137  1033  1033 E QuickSettings: action:android.media.VOLUME_CHANGED_ACTION
08-15 09:55:59.138  1033  1033 E QuickSettings: action:android.media.VOLUME_CHANGED_ACTION
08-15 09:55:59.140  1570  1570 E action===: [, , 0]:android.media.VOLUME_CHANGED_ACTION
08-15 09:55:59.140   952   952 E jarvis_action===: android.media.VOLUME_CHANGED_ACTION
08-15 09:55:59.140   952   952 E jarvis_ : jarvis_:onVolumeChange== 9 
08-15 09:55:59.140  1570  1570 E action===: android.media.VOLUME_CHANGED_ACTION
08-15 09:55:59.140   952   952 E jarvis_action===: android.media.VOLUME_CHANGED_ACTION
08-15 09:55:59.141   952   952 E jarvis_ : jarvis_:onVolumeChange== 8 
08-15 09:55:59.141  1570  1570 E lxAgent : lxAgent:onVolumeChange== 8 
08-15 09:55:59.141  1033  1033 E QuickSettings: action:android.media.VOLUME_CHANGED_ACTION
08-15 09:55:59.142  1019  1019 D HeadsetClientService: Volume changed for stream: 8
08-15 09:55:59.142  1019  1019 D HeadsetClientService: Volume changed for stream: 3
08-15 09:55:59.142   952   952 E jarvis_action===: android.media.VOLUME_CHANGED_ACTION
08-15 09:55:59.143   952   952 E jarvis_ : jarvis_:onVolumeChange== 3 
08-15 09:55:59.144  1570  1570 E action===: [, , 0]:android.media.VOLUME_CHANGED_ACTION
08-15 09:55:59.144  1570  1570 E action===: android.media.VOLUME_CHANGED_ACTION
08-15 09:55:59.144  1570  1570 E lxAgent : lxAgent:onVolumeChange== 3 
08-15 09:55:59.144  1033  1033 E QuickSettings: action:android.media.VOLUME_CHANGED_ACTION
08-15 09:55:59.147   952   952 I jarvis_ : eventbus post:VolumeEvent
08-15 09:55:59.147   952   952 I jarvis_ : local volume=50,remoteVolume=50
08-15 09:55:59.151   632   811 D AudioService: forceUse=0 full:false
08-15 09:55:59.151   632   811 D AudioService: adjustSreamVolume playbackDeviceConditions=false tvConditions=false
08-15 09:55:59.152   423   626 D AudioHalHardware: +getParameters(), key = hal_param_hal_control_vol_en
08-15 09:55:59.152   423   626 D AudioHalHardware: -getParameters(), return ""
08-15 09:55:59.153   632  1631 D AudioService: Volume controller visible: true
08-15 09:55:59.153   632   811 D AudioService: adjustSuggestedStreamVolume() stream=3, flags=4112, caller=android, volControlStream=-1, userSelect=false
08-15 09:55:59.155   632   811 V AudioService: getActiveStreamType: Returning suggested type 3
08-15 09:55:59.155   537   978 D NU-AmNuPlayerDriver: [#1] reset(0xea644300) at state 6
08-15 09:55:59.155   632   811 D AudioService: adjustStreamVolume() stream=3, dir=0, flags=4112, caller=android
08-15 09:55:59.155   537   978 D NU-AmNuPlayerDriver: [#1] notifyListener_l(0xea644300), (8, 0, 0, -1), loop setting(0, 0)
08-15 09:55:59.155   537   978 I NU-GenericSource: --->disconnect<---
08-15 09:55:59.156   632   811 D AudioService: forceUse=0 full:false
08-15 09:55:59.156   632   811 D AudioService: adjustSreamVolume playbackDeviceConditions=false tvConditions=false
08-15 09:55:59.156   537   978 I NU-GenericSource: --->disconnect OK 
08-15 09:55:59.156   537  3050 I NU-AmNuPlayerDecoder: [#1] [doFlush:1547] audio flushing 
08-15 09:55:59.156   537  3050 I NU-AmNuPlayerDecoder: [#1] [doFlush:1554] audio flushing 
08-15 09:55:59.156   537  3049 I NU-AmNuPlayerRenderer: [#1] clearAnchorTime
08-15 09:55:59.156   537  3049 I NU-AmNuPlayerRenderer: [#1] flushing audio
08-15 09:55:59.156   423   626 D AudioHalHardware: +getParameters(), key = hal_param_hal_control_vol_en
08-15 09:55:59.156   423   626 D AudioHalHardware: -getParameters(), return ""
08-15 09:55:59.156   537  3049 D NU-AmNuPlayerRenderer: [#1] audio sink pause-flush-stop from [onFlush,4923]
08-15 09:55:59.157   537  3050 I NU-AmNuPlayerDecoder: [#1] [doFlush:1560] audio flushing 
08-15 09:55:59.157   537  3045 I NU-AmNuPlayer: [#1] decoder audio flush completed
08-15 09:55:59.157   433  3053 I Amlogic_C2AudioFFMPEGDecoder: onRelease 492
08-15 09:55:59.157   433  3053 I Amlogic_C2AudioFFMPEGDecoder: onStop() 464
08-15 09:55:59.157   433  3053 I Amlogic_C2AudioFFMPEGDecoder: tearDown 439
08-15 09:55:59.157   433  3053 I Amlogic_C2AudioFFMPEGDecoder: tearDownAudioDecoder_l 308
08-15 09:55:59.158   433  3053 I Amlogic_C2AudioFFMPEGDecoder: unload_ffmpeg_decoder_lib 325
08-15 09:55:59.158   433  3053 I AmFFmpegDecoder: ffmpeg_decoder_close 160 
08-15 09:55:59.158   433  3053 I AmAudioCodec: decode_close 283 
08-15 09:55:59.158   433  3053 I AmAudioCodec: ~AmAudioCodec 66 
08-15 09:55:59.158   433  3053 I AmAudioCodec: decode_close 283 
08-15 09:55:59.158   433  3053 W RefBase : RefBase: Explicit destruction, weak count = 0 (in 0xf1853590). Use sp<> to manage this object.
08-15 09:55:59.158   433  3053 W RefBase : CallStack::getCurrentInternal not linked, returning null
08-15 09:55:59.158   433  3053 W RefBase : CallStack::logStackInternal not linked
08-15 09:55:59.158   537  3051 I hw-BpHwBinder: onLastStrongRef automatically unlinking death recipients
08-15 09:55:59.159   537  3051 D BufferPoolAccessor2.0: bufferpool2 0xe8603988 : 0(0 size) total buffers - 0(0 size) used buffers - 12/20 (recycle/alloc) - 8/36 (fetch/transfer)
08-15 09:55:59.159   433   433 I hw-BpHwBinder: onLastStrongRef automatically unlinking death recipients
08-15 09:55:59.159   433   433 I Amlogic_C2AudioFFMPEGDecoder: ~C2AudioFFMPEGDecoder() 280
08-15 09:55:59.159   433   433 I Amlogic_C2AudioFFMPEGDecoder: onRelease 492
08-15 09:55:59.159   433   433 I Amlogic_C2AudioFFMPEGDecoder: onStop() 464
08-15 09:55:59.159   433   433 I Amlogic_C2AudioFFMPEGDecoder: tearDown 439
08-15 09:55:59.159   433   433 I Amlogic_C2AudioFFMPEGDecoder: ~C2AudioFFMPEGDecoder() 287  exit
08-15 09:55:59.160   537  3050 D MediaCodec: flushMediametrics
08-15 09:55:59.160   433   898 D BufferPoolAccessor2.0: bufferpool2 0xed941348 : 0(0 size) total buffers - 0(0 size) used buffers - 15/18 (recycle/alloc) - 3/18 (fetch/transfer)
08-15 09:55:59.160   537  3045 I NU-AmNuPlayer: [#1] audio shutdown completed
08-15 09:55:59.160   537  3045 I NU-AmNuPlayer: [#1] audio setHasNoMedia
08-15 09:55:59.160   537  3050 I NuPlayerDecoderBase: ReadDataHandler release.
08-15 09:55:59.160   537  3050 I MessageMonitor: ReadDataHandler MessageMonitor exit
08-15 09:55:59.160   537  3050 I MessageMonitor: NU-AmNuPlayerDecoder-audN MessageMonitor exit
08-15 09:55:59.161   537  3045 D NU-AmNuPlayerDriver: [#1] notifyResetComplete(0xea644300)
08-15 09:55:59.162   537  3045 I NU-AmNuPlayer: mSeekByUserCompleted_5904: 1
08-15 09:55:59.162   537   978 D NU-AmNuPlayerDriver: [#1] reset(0xea644300) at state 0
08-15 09:55:59.162   537   978 I NU-AmNuPlayerDriver: ~AmNuPlayerDriver(0xea644300)
08-15 09:55:59.158     1     1 I /system/bin/init: type=1107 audit(0.0:1511): uid=0 auid=4294967295 ses=4294967295 subj=u:r:init:s0 msg='avc:  denied  { set } for property=sys.media.scanner.sleep pid=537 uid=1013 gid=1005 scontext=u:r:mediaserver:s0 tcontext=u:object_r:system_prop:s0 tclass=property_service permissive=1'
08-15 09:55:59.163   537  3050 I NU-GenericSource: >>>[~GenericSource 2159]
08-15 09:55:59.163   537   978 D AmlPlayerTimer: func:_timer_delete  delete timer.1 success.
08-15 09:55:59.163   537   978 I MessageMonitor: NU-AmNuPlayer MessageMonitor exit
08-15 09:55:59.163   537  3050 I NU-GenericSource: [resetDataSource 691]
08-15 09:55:59.163   537  3050 I MessageMonitor: NU-GenericSource MessageMonitor exit
08-15 09:55:59.164   537  3050 W RefBase : RefBase: Explicit destruction, weak count = 0 (in 0xef8c41b0). Use sp<> to manage this object.
08-15 09:55:59.164   537  3050 W RefBase : CallStack::getCurrentInternal not linked, returning null
08-15 09:55:59.164   537  3050 W RefBase : CallStack::logStackInternal not linked
08-15 09:55:59.164   537  3050 I MessageMonitor: NU-AmNuPlayerRenderer MessageMonitor exit
08-15 09:55:59.164   537  3050 I NU-AmNuPlayerRenderer: [#1] ~Renderer
08-15 09:55:59.164   423   626 I audio_hw_hal_primary: [adev_set_parameters:4208] dev:0xe99414a0, kv: sound_track=0
08-15 09:55:59.164   423   626 D audio_hw_hal_hfp: [audio_extn_hfp_set_parameters:739] audio_extn_hfp_set_parameters
08-15 09:55:59.164   423   626 I audio_hw_hal_primary: video player sound_track mode 0 
08-15 09:55:59.164   535   868 I AmFFmpegExtractor:  [stop 1480](0xee0c3a90)
08-15 09:55:59.164   535   868 I AmFFmpegExtractor:  [~AmFFmpegSource 724]
08-15 09:55:59.164   423  1169 D AudioHalHardware: +setParameters(): sound_track=0
08-15 09:55:59.164   423  1169 W AudioHalHardware: setParameters(), still have param.size() = 1, remain param = "sound_track=0"
08-15 09:55:59.164   423  1169 D AudioHalHardware: -setParameters(): sound_track=0 
08-15 09:55:59.164   535   868 I AmFFmpegExtractor:  [~AmFFmpegExtractor 2504]
08-15 09:55:59.164   535   868 I AmFFmpegExtractor:  [~AmFFmpegExtractor 2511]
08-15 09:55:59.164   535   868 W RefBase : RefBase: Explicit destruction, weak count = 0 (in 0xf0e41aa4). Use sp<> to manage this object.
08-15 09:55:59.164   535   868 W RefBase : CallStack::getCurrentInternal not linked, returning null
08-15 09:55:59.164   535   868 W RefBase : CallStack::logStackInternal not linked
08-15 09:55:59.165   423  1169 I audio_hw_hal_primary: [adev_set_parameters:4208] dev:0xe99414a0, kv: is_ms12_continuous=1
08-15 09:55:59.165   423  1169 D audio_hw_hal_hfp: [audio_extn_hfp_set_parameters:739] audio_extn_hfp_set_parameters
08-15 09:55:59.165   423  1169 D AudioHalHardware: +setParameters(): is_ms12_continuous=1
08-15 09:55:59.165   423  1169 W AudioHalHardware: setParameters(), still have param.size() = 1, remain param = "is_ms12_continuous=1"
08-15 09:55:59.165   423  1169 D AudioHalHardware: -setParameters(): is_ms12_continuous=1 
08-15 09:55:59.166   537   978 I AmlPlayerTimer: ~AmlPlayerTimer
08-15 09:55:59.167   537   978 W AMessage: failed to post message as target looper for handler 0 is gone.
08-15 09:55:59.167  1033  1230 V MediaPlayer: resetDrmState:  mDrmInfo=null mDrmProvisioningThread=null mPrepareDrmInProgress=false mActiveDrmScheme=false
08-15 09:55:59.167  1033  1230 V MediaPlayer: cleanDrmObj: mDrmObj=null mDrmSessionId=null
08-15 09:55:59.169   475  2024 D audioserver: logFgsApiEnd: FGS Logger Transaction failed, -129
08-15 09:55:59.173   537   978 V AmlogicNuPlayerFactoryInit:  create AmNuPlayer
08-15 09:55:59.173   537   978 I NU-AmNuPlayerDriver:  ReCalculatePositionRatio set 0.500000
08-15 09:55:59.173   537   978 I AmlPlayerTimer: AmlPlayerTimer
08-15 09:55:59.174   537   978 I MessageMonitor: NU-AmNuPlayer MessageMonitor mDebugLevel 0, poll message us 30000000
08-15 09:55:59.174   537   978 I NU-AmNuPlayer: [#2] mPlayerInstanceId = 2
08-15 09:55:59.174   537   978 D AmlPlayerTimer: func:_timer_create  create timer.1 success.
08-15 09:55:59.174   537   978 D NU-AmNuPlayer: Enable QOS : 0
08-15 09:55:59.174   537   978 D NU-AmNuPlayerDriver: [#2] AmNuPlayerDriver(0xea644300) created, clientPid(1033), mPlayerInstanceId(2)
08-15 09:55:59.174   537   978 I NU-AmNuPlayerDriver: [#2] 
08-15 09:55:59.174   537   978 I NU-AmNuPlayerDriver: --------------------------------
08-15 09:55:59.174   537   978 I NU-AmNuPlayerDriver: ARCH = arm
08-15 09:55:59.174   537   978 I NU-AmNuPlayerDriver: branch name:   origin/project/iptv/r-iptv-dev-v3.0]
08-15 09:55:59.174   537   978 I NU-AmNuPlayerDriver: git version:   6813fe2217fe2ed7a1a950f4d2ab93222cb65337 
08-15 09:55:59.174   537   978 I NU-AmNuPlayerDriver: change id:      Change-Id: I992c058f8140cc983aaa0a39666b80b8ca3b1c17 
08-15 09:55:59.174   537   978 I NU-AmNuPlayerDriver: ID       :      PD#IPTV-39521 
08-15 09:55:59.174   537   978 I NU-AmNuPlayerDriver: last changed:  Date: Thu Mar 19 02:26:18 2026 +0000
08-15 09:55:59.174   537   978 I NU-AmNuPlayerDriver: build-time:     Wed Mar 25 02:38:52 UTC 2026
08-15 09:55:59.174   537   978 I NU-AmNuPlayerDriver: build-name:     wang.ren
08-15 09:55:59.174   537   978 I NU-AmNuPlayerDriver: uncommitted-file-num:0
08-15 09:55:59.174   537   978 I NU-AmNuPlayerDriver: BaseCommitMsg: commit 6813fe2217fe2ed7a1a950f4d2ab93222cb65337 PD#IPTV-39521 Change-Id: I992c058f8140cc983aaa0a39666b80b8ca3b1c17
08-15 09:55:59.174   537   978 I NU-AmNuPlayerDriver: PathesOnBase:  
08-15 09:55:59.174   537   978 I NU-AmNuPlayerDriver: 
08-15 09:55:59.174   537   978 I NU-AmNuPlayerDriver: MM-module-name:AmNuPlayer,Version:V5.1.206-g6813fe2
08-15 09:55:59.174   537   978 I NU-AmNuPlayerDriver: 
08-15 09:55:59.174   537   978 I NU-AmNuPlayerDriver: --------------------------------
08-15 09:55:59.174   537   978 I NU-AmNuPlayerDriver: [#2] Supported functions : 
08-15 09:55:59.174   537   978 I NU-AmNuPlayerDriver: {"MM-module-name":"AmNuPlayer"{"Features":["Switchaudio/subtitletracks","HTTPlivestreamingformpegtsandmp3formats","Localplaybackforvariousformats","UDPunicastandmulticastformpegtsformat","RTP/RTSPplaybackformpegtsformat","HLSlive/vodformpegtsformat","Androidaudiooffloadmode","SupportBuilt-insubtitles","AVS3videosupportforprotocolHTTPandLocal","AC4audiosupportforprotocolHTTP,Local,HLSandUDP","DVBTelextsupport","AudioVIVIDsuportforLocal/HTTP/UDP/HLS","AVS3videosupportvforprotocolHLSandUDP","ISOplaybackforlocal""libcurldownloadforprotocolHLS""dnscacheforprotocolHLS""ipv6andipv4firstplaybackforprotocolHLS""IPTVMulticasttoUnicastforprotocolRTPandUDP""IPTVcmccsoftprobeforprotocolUDPRTPHTTPHLS"],"SupportedFormats":[{"Protocol":"UDP","FileFormats":["MPEGTS"],},{"Protocol":"HLS","FileFormats":["MPEGTS","MP4"],},{"Protocol":"HTTPLIVE","FileFormats":["MPEGTS","MP3"],},{"Protocol":"LOCAL/HTTPVOD","FileFormats":["MP4","ASF","AVI","MPEGTS","MPEGPS","FLV","LIVE_FLV","WAV","PMP","H264","IVF","OG
08-15 09:55:59.175   224   224 I hwservicemanager: getTransport: Cannot find entry android.hardware.media.omx@1.0::IOmx/default in either framework or device VINTF manifest.
08-15 09:55:59.176   537   978 D MediaPlayerService: OMX service is not available
08-15 09:55:59.178   537   978 I NU-AmNuPlayer: [#2] setDataSourceAsync fd 21/3999504/13518
08-15 09:55:59.178   537  3068 I NU-AmNuPlayer: [#2] kWhatSetAudioSink
08-15 09:55:59.180   423   626 I audio_hw_hal_primary: out_update_source_metadata_v7() line 2024 usage:1 content_type:0
08-15 09:55:59.194   537   978 D NU-AmNuPlayer: part of md5:240a77755895f0bbdb127ec41ced09fc
08-15 09:55:59.194   537   978 I NU-AmNuPlayer: [#2] file size too small, check M3U8
08-15 09:55:59.194   537   978 I MessageMonitor: NU-GenericSource MessageMonitor mDebugLevel 0, poll message us 30000000
08-15 09:55:59.194   537   978 I NU-GenericSource: mPlayerInstanceId = 2
08-15 09:55:59.194   537   978 I NU-GenericSource: [resetDataSource 691]
08-15 09:55:59.194   537   978 I NU-GenericSource: [resetDataSource 691]
08-15 09:55:59.196   537  3069 I NU-GenericSource: patch:
08-15 09:55:59.196   423   626 I audio_hw_hal_primary: [adev_set_parameters:4208] dev:0xe99414a0, kv: is_ms12_continuous=0
08-15 09:55:59.196   423   626 D audio_hw_hal_hfp: [audio_extn_hfp_set_parameters:739] audio_extn_hfp_set_parameters
08-15 09:55:59.196   423   626 D AudioHalHardware: +setParameters(): is_ms12_continuous=0
08-15 09:55:59.196   423   626 W AudioHalHardware: setParameters(), still have param.size() = 1, remain param = "is_ms12_continuous=0"
08-15 09:55:59.196   423   626 D AudioHalHardware: -setParameters(): is_ms12_continuous=0 
08-15 09:55:59.197   537  3069 D NU-GenericSource: FileSource remote
08-15 09:55:59.198   537  3069 I NU-GenericSource: >>>[initFromDataSource 1438]
08-15 09:55:59.202   535   868 I AmFFmpegExtractor: all use ffmpegextractor
08-15 09:55:59.202   535   868 I AmFFmpegExtractor: is in white list : 1
08-15 09:55:59.202   535   868 I AmFFmpegExtractor: SniffAmFFmpeg  ok, confidence = 0.800000
08-15 09:55:59.202   535   868 W AString : ctor got NULL, using empty string instead
08-15 09:55:59.202   535   868 I AmFFmpegExtractor: 
08-15 09:55:59.202   535   868 I AmFFmpegExtractor: -----------AmFFmpegExtractor Info---------
08-15 09:55:59.202   535   868 I AmFFmpegExtractor: 
08-15 09:55:59.202   535   868 I AmFFmpegExtractor: MM-module-name:Extractor,Version:V3.0.47-g62c0e35
08-15 09:55:59.202   535   868 I AmFFmpegExtractor: 
08-15 09:55:59.202   535   868 I AmFFmpegExtractor: ARCH = arm
08-15 09:55:59.202   535   868 I AmFFmpegExtractor: Author: multi-media team
08-15 09:55:59.202   535   868 I AmFFmpegExtractor: Branch name:   * project/iptv/r-iptv-dev-v3.0
08-15 09:55:59.202   535   868 I AmFFmpegExtractor: Last Commit Info:
08-15 09:55:59.202   535   868 I AmFFmpegExtractor:     commit 62c0e35d74eea49a36e12a3606980c10190612ef
08-15 09:55:59.202   535   868 I AmFFmpegExtractor:     Author: wang.ren <wang.ren@amlogic.com>
08-15 09:55:59.202   535   868 I AmFFmpegExtractor:     Date: Wed Mar 18 08:05:29 2026 +0000
08-15 09:55:59.202   535   868 I AmFFmpegExtractor:      AmFFmpegAdapter: CB2 sync patch from branch apex to iptv [1/1]
08-15 09:55:59.202   535   868 I AmFFmpegExtractor:      PD#IPTV-39846
08-15 09:55:59.202   535   868 I AmFFmpegExtractor:      Change-Id: Ic4714a59dcc906ce7551f77f43cacf29a563346b
08-15 09:55:59.202   535   868 I AmFFmpegExtractor: Uncommitted-file-num:0
08-15 09:55:59.202   535   868 I AmFFmpegExtractor: Build-time:     Thu Mar 19 11:41:22 UTC 2026
08-15 09:55:59.202   535   868 I AmFFmpegExtractor: Build-name:     wang.ren
08-15 09:55:59.202   535   868 I AmFFmpegExtractor: -----------------------------------------
08-15 09:55:59.202   535   868 I AmFFmpegExtractor: media.ffmpegextractor.loglevel 16
08-15 09:55:59.202   535   868 I AmFFmpegExtractor: vendor.media.ffmpegextractor.ESLen264Check : 60
08-15 09:55:59.202   535   868 I AmFFmpegExtractor: vendor.media.ffmpegextractor.ESLen265Check : 50
08-15 09:55:59.203   535   868 I AmFFmpegByteIOAdapter: File size : 13518
08-15 09:55:59.206   535   868 I AmFFmpegExtractor: AmFFmpegExtractor mInputFormat name {mp3 [(null)]}
08-15 09:55:59.208   535   868 E exFFmpeg: [mp3 @ 0xf0f06d30] EOF Found
08-15 09:55:59.208   535   868 I AmFFmpegExtractor: ///////////////start dump format
08-15 09:55:59.208   535   868 I AmFFmpegExtractor: [init 3304] audio/mpeg
08-15 09:55:59.208   535   868 D AmFFmpegExtractor: fileSize:13518, ff_ctx_bit_rate:226657, bitrateDiff:98657, bitRateSum:128000, duration:(477125,844875)
08-15 09:55:59.208   535   868 I AmFFmpegExtractor: isMusic major_brand:null
08-15 09:55:59.208   535   868 I AmFFmpegExtractor: isMusic mp3 is music
08-15 09:55:59.209   535   868 I AmFFmpegExtractor: Stream 1(1) [audio/ffmpeg][codecid:0x15001(0x15001)] found.
08-15 09:55:59.209   535   868 I AmFFmpegExtractor:  [AmFFmpegSource 711]startTimeUs:0, seekable:1
08-15 09:55:59.209   535   868 I AmFFmpegExtractor:  [init 744](0xee0c3a90)
08-15 09:55:59.209   535   868 E AmFFmpegExtractor: mAudioMuxRead 2
08-15 09:55:59.209   535   868 I AmFFmpegExtractor: init kKeyDuration = 477125
08-15 09:55:59.209   535   868 I AmFFmpegExtractor: audio:demux: fmt = 8
08-15 09:55:59.209   535   868 I AmFFmpegExtractor: audio:demux: channels = 2
08-15 09:55:59.209   535   868 I AmFFmpegExtractor: audio:demux: sample_rate = 44100
08-15 09:55:59.209   535   868 I AmFFmpegExtractor: audio:demux: bit_rate = 128000
08-15 09:55:59.209   535   868 I AmFFmpegExtractor: audio:demux: codec_id = 86017
08-15 09:55:59.209   535   868 I AmFFmpegExtractor: audio:demux: stream startTimeUs = 0
08-15 09:55:59.209   535   868 I AmFFmpegExtractor: audio:demux: block_align = 0
08-15 09:55:59.209   535   868 E AmFFmpegExtractor: kKeyMediaLanguage audio lang null
08-15 09:55:59.209   535   868 I AmFFmpegExtractor: Mime:audio/ffmpeg
08-15 09:55:59.209   535   868 I StreamFormatter: Creating formatter for codec id : 86017 extradata size : 0
08-15 09:55:59.209   535   868 I AmFFmpegExtractor: [init 3526] mIsDolbyVison:0, i:0
08-15 09:55:59.209   535   868 I AmFFmpegExtractor: Not use Thread, by reason of has no activity audio or video.
08-15 09:55:59.210   537  3069 I NU-GenericSource: >>>MediaExtractor::Create [initFromDataSource 1485] and extractor name:AmFFmpegExtractor
08-15 09:55:59.210   537  3069 D NU-GenericSource: [#2] [KPI] startup, find stream info time spent: 11601
08-15 09:55:59.210   537  3069 I NU-GenericSource: initFromDataSource, mExtractor->countTracks() = 1
08-15 09:55:59.210   537  3069 I NU-GenericSource: amlogic private metadata ffmpegHasAudio
08-15 09:55:59.210   537  3069 I NU-GenericSource: amlogic private metadata ffmpegHasVideo
08-15 09:55:59.210   537  3069 I NU-GenericSource: amlogic private metadata mSeekable:1
08-15 09:55:59.210   537  3069 I NU-GenericSource: ffmpegHasAudio : 1, ffmpegHasVideo : 0
08-15 09:55:59.210   537  3069 I NU-GenericSource: enabled audio limiter !
08-15 09:55:59.211   537  3069 I NU-GenericSource: initFromDataSource track[0]: audio/ffmpeg
08-15 09:55:59.211   537  3069 I NU-GenericSource: AudioName:mp3  codec_id:0x15001 skipAudio:truehd
08-15 09:55:59.211   537  3069 I NU-AmNuPlayerDecoder: sampleRate:44100 
08-15 09:55:59.212   537  3069 I AmAnotherPacketSource: (audio/ffmpeg)IsUdp:0 mLimitiSize:2097152, mTotalCount:1000 kLocalPlaybackMaxBufferCount 500
08-15 09:55:59.212   537  3069 I AmAnotherPacketSource: ----->(0xef8000f0)start mIsVideo:0  mIsAudio:1 
08-15 09:55:59.212   537  3069 I NU-GenericSource: initFromDataSource mVideoTrack.mSource:0x0, unsupportvideo:0, ffmpegHasVideo:0
08-15 09:55:59.212   537  3069 I NU-GenericSource: initFromDataSource mAudioTrack.mSource:0xef98cb80, ffmpegHasAudio:1
08-15 09:55:59.212   535   535 I AmFFmpegExtractor:  [start 1451](0xee0c3a90)
08-15 09:55:59.212   535   535 D MediaBufferGroup: creating MemoryDealer
08-15 09:55:59.212   537  3069 I NU-GenericSource: notifyPrepared 2560
08-15 09:55:59.213   537  3068 I NU-AmNuPlayer: [#2] notifyPrepareCompleted
08-15 09:55:59.213   537  3068 D NU-AmNuPlayerDriver: [#2] notifyListener_l(0xea644300), (1, 0, 0, -1), loop setting(0, 0)
08-15 09:55:59.215   537  3068 I NU-AmNuPlayer: [#2] updateMediaInfo
08-15 09:55:59.216   537  3068 I NU-AmNuPlayer: [#2] [updateMediaInfo:1371]get i=0 , mime: audio/ffmpeg
08-15 09:55:59.217   537   978 D NU-AmNuPlayerDriver: [#2] start(0xea644300), state is 4, eos is 0
08-15 09:55:59.217   537  3068 I NU-AmNuPlayer: [#2] kWhatStart
08-15 09:55:59.217   537  3068 I NU-AmNuPlayer: [#2] onStart: mCrypto: 0x0 (0)
08-15 09:55:59.217   537  3068 I NU-GenericSource: start
08-15 09:55:59.218   537  3068 I NU-AmNuPlayer: [#2] AmNuPlayer::Source::getFormat frame-rate = failed
08-15 09:55:59.218   537  3068 I NU-AmNuPlayer: [#2] getFormat audio extend format : audio/ffmpeg
08-15 09:55:59.219   537  3068 I NU-AmNuPlayerRenderer: getAudioDevicesForStream   streamType=3,  audioDevices=0x2
08-15 09:55:59.219   537  3068 E NU-AmNuPlayerRenderer: Couldn't map mime "audio/ffmpeg" to a valid audio_format
08-15 09:55:59.219   952   952 E jarvis_AppUtils: getPkgNameByPidFromFile failed, pid===1033, ex=java.io.FileNotFoundException: /proc/1033/cmdline: open failed: ENOENT (No such file or directory)
08-15 09:55:59.220   537  3068 I MessageMonitor: NU-AmNuPlayerRenderer MessageMonitor mDebugLevel 0, poll message us 30000000
08-15 09:55:59.220   537  3068 I NU-AmNuPlayerRenderer: [#2] mPlayerInstanceId = 2
08-15 09:55:59.220   537  3068 I NU-AmNuPlayerRenderer: mFirstSlowSync is set to True. from : 1010
08-15 09:55:59.220   952   952 E jarvis_AppUtils: read /proc/pid/cmdline failed, pname===null, fallback to AMS...
08-15 09:55:59.220   537  3068 I NU-AmNuPlayerRenderer: [#2] media.amnuplayer.avsync.dropmode is set to 0 us .
08-15 09:55:59.220   537  3068 I NU-AmNuPlayerRenderer: for IPTV hls, mShowFrameAfterOpenAudioSink is set to True. from : 1115
08-15 09:55:59.223   423   626 D AudioHalHardware: +getParameters(), key = hdmi_format
08-15 09:55:59.223   423   626 D AudioHalHardware: -getParameters(), return ""
08-15 09:55:59.224   537  3068 I NU-AmNuPlayerDriver: media.player.atrace.enable is 1
08-15 09:55:59.224   537  3068 I NU-AmNuPlayer: [#2] [onStart:4461] new Renderer
08-15 09:55:59.225   537  3068 I NU-AmNuPlayer: [#2] updateMediaInfo
08-15 09:55:59.227   537  3068 I NU-AmNuPlayer: [#2] [updateMediaInfo:1371]get i=0 , mime: audio/ffmpeg
08-15 09:55:59.228   537  3068 I NU-AmNuPlayer: [#2] AmNuPlayer::Source::getFormat frame-rate = failed
08-15 09:55:59.228   537  3068 I NU-AmNuPlayer: [#2] getFormat audio extend format : audio/ffmpeg
08-15 09:55:59.229   537  3068 I NU-AmNuPlayerRenderer: getAudioDevicesForStream   streamType=3,  audioDevices=0x2
08-15 09:55:59.229   537  3068 E NU-AmNuPlayerRenderer: Couldn't map mime "audio/ffmpeg" to a valid audio_format
08-15 09:55:59.229   537  3068 I NU-AmNuPlayer: [#2] instantiateDecoder   format: AMessage(what = 0x00000000) = {
08-15 09:55:59.229   537  3068 I NU-AmNuPlayer:   string mime = "audio/ffmpeg"
08-15 09:55:59.229   537  3068 I NU-AmNuPlayer:   int64_t durationUs = 477125
08-15 09:55:59.229   537  3068 I NU-AmNuPlayer:   int32_t track-id = 0
08-15 09:55:59.229   537  3068 I NU-AmNuPlayer:   int32_t bitrate = 128000
08-15 09:55:59.229   537  3068 I NU-AmNuPlayer:   int32_t channel-count = 2
08-15 09:55:59.229   537  3068 I NU-AmNuPlayer:   int32_t sample-rate = 44100
08-15 09:55:59.229   537  3068 I NU-AmNuPlayer:   string codec-format-str = "audio/ffmpeg"
08-15 09:55:59.229   537  3068 I NU-AmNuPlayer:   int32_t codec-id = 86017
08-15 09:55:59.229   537  3068 I NU-AmNuPlayer:   int32_t block-align = 0
08-15 09:55:59.229   537  3068 I NU-AmNuPlayer:   int32_t vendor.adec.codec-id.value = 86017
08-15 09:55:59.229   537  3068 I NU-AmNuPlayer:   Buffer extra-data = {
08-15 09:55:59.229   537  3068 I NU-AmNuPlayer:   }
08-15 09:55:59.229   537  3068 I NU-AmNuPlayer:   int32_t bit-rate = 128000
08-15 09:55:59.229   537  3068 I NU-AmNuPlayer:   int32_t priority = 0
08-15 09:55:59.229   537  3068 I NU-AmNuPlayer: }  
08-15 09:55:59.230   537  3068 W AString : ctor got NULL, using empty string instead
08-15 09:55:59.230   537  3068 I NU-AmNuPlayerDecoder: [#2] mPlayerInstanceId = 2  mForceClearUseClearKey is 0
08-15 09:55:59.231   537  3068 I NU-AmNuPlayerDriver: media.player.atrace.enable is 1
08-15 09:55:59.231   537  3068 I MessageMonitor: NU-AmNuPlayerDecoder-audN MessageMonitor mDebugLevel 0, poll message us 30000000
08-15 09:55:59.232   537  3068 I NU-AmNuPlayer: [#2] instantiateDecoder audio Decoder
08-15 09:55:59.232   537  3072 I NU-AmNuPlayerDecoder: [#2] onConfigure format: AMessage(what = 0x00000000) = {
08-15 09:55:59.232   537  3072 I NU-AmNuPlayerDecoder:   string mime = "audio/ffmpeg"
08-15 09:55:59.232   537  3072 I NU-AmNuPlayerDecoder:   int64_t durationUs = 477125
08-15 09:55:59.232   537  3072 I NU-AmNuPlayerDecoder:   int32_t track-id = 0
08-15 09:55:59.232   537  3072 I NU-AmNuPlayerDecoder:   int32_t bitrate = 128000
08-15 09:55:59.232   537  3072 I NU-AmNuPlayerDecoder:   int32_t channel-count = 2
08-15 09:55:59.232   537  3072 I NU-AmNuPlayerDecoder:   int32_t sample-rate = 44100
08-15 09:55:59.232   537  3072 I NU-AmNuPlayerDecoder:   string codec-format-str = "audio/ffmpeg"
08-15 09:55:59.232   537  3072 I NU-AmNuPlayerDecoder:   int32_t codec-id = 86017
08-15 09:55:59.232   537  3072 I NU-AmNuPlayerDecoder:   int32_t block-align = 0
08-15 09:55:59.232   537  3072 I NU-AmNuPlayerDecoder:   int32_t vendor.adec.codec-id.value = 86017
08-15 09:55:59.232   537  3072 I NU-AmNuPlayerDecoder:   Buffer extra-data = {
08-15 09:55:59.232   537  3072 I NU-AmNuPlayerDecoder:   }
08-15 09:55:59.232   537  3072 I NU-AmNuPlayerDecoder:   int32_t bit-rate = 128000
08-15 09:55:59.232   537  3072 I NU-AmNuPlayerDecoder:   int32_t priority = 0
08-15 09:55:59.232   537  3072 I NU-AmNuPlayerDecoder:   int32_t early-release = 0
08-15 09:55:59.232   537  3072 I NU-AmNuPlayerDecoder: }
08-15 09:55:59.232   537  3072 I MessageMonitor: ReadDataHandler MessageMonitor mDebugLevel 0, poll message us 30000000
08-15 09:55:59.232   537  3072 D MediaCodecList: codecHandlesFormat: no format, so no extra checks
08-15 09:55:59.234   537  3073 D CCodec  : allocate(c2.amlogic.audio.decoder.ffmpeg)
08-15 09:55:59.235   537  3073 I CCodec  : setting up 'default' as default (vendor) store
08-15 09:55:59.235   433   935 I C2VendorComponentStore: C2VendorComponentStore::createComponent name c2.amlogic.audio.decoder.ffmpeg
08-15 09:55:59.235   433   935 I C2VendorComponentStore: findComponent
08-15 09:55:59.235   433   935 I C2VendorComponentStore: C2VendorComponentStore::createComponent fetchModule
08-15 09:55:59.235   433   935 I C2VendorComponentStore: localModule libpath libcodec2_aml_audio_decoder.so 54
08-15 09:55:59.235   433   935 V C2VendorComponentStore: Loading dll
08-15 09:55:59.237   433   935 I C2VendorComponentStore: in init ===> start codec:54 secure:0 isAudio:1
08-15 09:55:59.237   433   935 V C2VendorComponentStore: init  libPath:libcodec2_aml_audio_decoder.so --> isAudio:1, createFactoryName:CreateC2AudioDecoderFFMPEGFactory
08-15 09:55:59.237   433   935 V Amlogic_C2AudioFFMPEGDecoder: create component FFMPEG 
08-15 09:55:59.237   433   935 I C2VendorComponentStore: GetCodec2VendorComponentStore, line:910
08-15 09:55:59.237   433   935 I Amlogic_C2AudioFFMPEGDecoder: in C2AudioFFMPEGDecFactory 
08-15 09:55:59.237   433   935 I Amlogic_C2AudioFFMPEGDecoder: in createComponent 
08-15 09:55:59.237   433   935 I Amlogic_C2AudioFFMPEGDecoder: in IntfImpl  c2.amlogic.audio.decoder.ffmpeg
08-15 09:55:59.238   433   935 I Amlogic_C2AudioFFMPEGDecoder: C2AudioFFMPEGDecoder() 267  name:c2.amlogic.audio.decoder.ffmpeg
08-15 09:55:59.238   433   935 I Amlogic_C2AudioFFMPEGDecoder: initializeState_l 291
08-15 09:55:59.238   433   935 V C2VendorComponentStore: In ~ComponentModule
08-15 09:55:59.238   433   935 V C2VendorComponentStore: Unloading dll
08-15 09:55:59.240   537  3073 I CCodec  : Created component [c2.amlogic.audio.decoder.ffmpeg]
08-15 09:55:59.240   537  3073 D CCodecConfig: read media type: audio/ffmpeg
08-15 09:55:59.242   537  3073 D ReflectedParamUpdater: extent() != 1 for single value type: output.subscribed-indices.values
08-15 09:55:59.242   537  3073 D ReflectedParamUpdater: extent() != 1 for single value type: input.buffers.allocator-ids.values
08-15 09:55:59.242   537  3073 D ReflectedParamUpdater: extent() != 1 for single value type: output.buffers.allocator-ids.values
08-15 09:55:59.242   537  3073 D ReflectedParamUpdater: extent() != 1 for single value type: output.buffers.pool-ids.values
08-15 09:55:59.244   537  3073 I CCodecConfig: query failed after returning 8 values (BAD_INDEX)
08-15 09:55:59.244   537  3073 D CCodecConfig: c2 config diff is Dict {
08-15 09:55:59.244   537  3073 D CCodecConfig:   c2::u32 coded.bitrate.value = 64000
08-15 09:55:59.244   537  3073 D CCodecConfig:   c2::u32 input.buffers.max-size.value = 2097152
08-15 09:55:59.244   537  3073 D CCodecConfig:   string input.media-type.value = "audio/ffmpeg"
08-15 09:55:59.244   537  3073 D CCodecConfig:   string output.media-type.value = "audio/raw"
08-15 09:55:59.244   537  3073 D CCodecConfig:   c2::u32 raw.channel-count.value = 1
08-15 09:55:59.244   537  3073 D CCodecConfig:   c2::u32 raw.channel-mask.value = 0
08-15 09:55:59.244   537  3073 D CCodecConfig:   c2::u32 raw.max-channel-count.value = 8
08-15 09:55:59.244   537  3073 D CCodecConfig:   c2::u32 raw.sample-rate.value = 44100
08-15 09:55:59.244   537  3073 D CCodecConfig: }
08-15 09:55:59.246   537  3072 I NU-AmNuPlayerDecoder: [#2] mComponentName c2.amlogic.audio.decoder.ffmpeg
08-15 09:55:59.246   537  3072 I NU-AmNuPlayerRenderer: [#2] audio source format 0x1
08-15 09:55:59.246   537  3072 I NU-AmNuPlayerDecoder: sampleRate:44100 
08-15 09:55:59.247   537  3072 I NU-AmNuPlayerDecoder: [#2] is_passthrough_enable:0 
08-15 09:55:59.247   537  3072 I NU-AmNuPlayerDecoder: channel-count=2
08-15 09:55:59.247   537  3072 I NU-AmNuPlayerDecoder: sample-rate=44100
08-15 09:55:59.247   537  3072 I NU-AmNuPlayerDecoder: bit-rate=128000
08-15 09:55:59.247   537  3072 I NU-AmNuPlayerDecoder: block-align=0
08-15 09:55:59.247   537  3072 I NU-AmNuPlayerDecoder: codec-id=86017
08-15 09:55:59.247   537  3072 I NU-AmNuPlayerDecoder: is_passthrough_enable=0
08-15 09:55:59.247   537  3072 I NU-AmNuPlayerDecoder: extradata-size=0
08-15 09:55:59.247   537  3073 I MediaCodec: MediaCodec will operate in async mode
08-15 09:55:59.247   537  3073 D MediaCodec: flushMediametrics
08-15 09:55:59.247   537  3073 D CCodec  : [c2.amlogic.audio.decoder.ffmpeg] buffers are bound to CCodec for this session
08-15 09:55:59.247   537  3073 D CCodecConfig: no c2 equivalents for durationUs
08-15 09:55:59.247   537  3073 D CCodecConfig: no c2 equivalents for track-id
08-15 09:55:59.247   537  3073 D CCodecConfig: no c2 equivalents for codec-format-str
08-15 09:55:59.247   537  3073 D CCodecConfig: no c2 equivalents for codec-id
08-15 09:55:59.247   537  3073 D CCodecConfig: no c2 equivalents for block-align
08-15 09:55:59.247   537  3073 D CCodecConfig: no c2 equivalents for extra-data
08-15 09:55:59.247   537  3073 D CCodecConfig: no c2 equivalents for bit-rate
08-15 09:55:59.247   537  3073 D CCodecConfig: no c2 equivalents for early-release
08-15 09:55:59.247   537  3073 D CCodecConfig: no c2 equivalents for is_passthrough_enable
08-15 09:55:59.247   537  3073 D CCodecConfig: no c2 equivalents for flags
08-15 09:55:59.248   537  3073 D CCodecConfig: c2 config diff is   c2::u32 coded.bitrate.value = 128000
08-15 09:55:59.248   537  3073 D CCodecConfig:   c2::u32 raw.channel-count.value = 2
08-15 09:55:59.248   537  3073 D CCodecConfig:   c2::i32 vendor.adec.block-align.value = 0
08-15 09:55:59.248   537  3073 D CCodecConfig:   c2::i32 vendor.adec.codec-id.value = 86017
08-15 09:55:59.248   537  3073 D CCodecConfig:   c2::i32 vendor.adec.extra-data-size.value = 0
08-15 09:55:59.250   537  3073 W Codec2Client: query -- param skipped: index = 1107298332.
08-15 09:55:59.250   537  3073 D CCodec  : encoding statistics level = 0
08-15 09:55:59.250   537  3073 D CCodec  : setup formats input: AMessage(what = 0x00000000) = {
08-15 09:55:59.250   537  3073 D CCodec  :   int32_t aac-max-output-channel_count = 8
08-15 09:55:59.250   537  3073 D CCodec  :   int32_t bitrate = 128000
08-15 09:55:59.250   537  3073 D CCodec  :   int32_t channel-count = 2
08-15 09:55:59.250   537  3073 D CCodec  :   int32_t channel-mask = 0
08-15 09:55:59.250   537  3073 D CCodec  :   int32_t max-input-size = 2097152
08-15 09:55:59.250   537  3073 D CCodec  :   int32_t max-output-channel-count = 8
08-15 09:55:59.250   537  3073 D CCodec  :   string mime = "audio/ffmpeg"
08-15 09:55:59.250   537  3073 D CCodec  :   int32_t sample-rate = 44100
08-15 09:55:59.250   537  3073 D CCodec  :   int32_t vendor.adec.block-align.value = 0
08-15 09:55:59.250   537  3073 D CCodec  :   int32_t vendor.adec.codec-id.value = 86017
08-15 09:55:59.250   537  3073 D CCodec  :   int32_t vendor.adec.extra-data-size.value = 0
08-15 09:55:59.250   537  3073 D CCodec  : }
08-15 09:55:59.250   537  3073 D CCodec  : setup formats output: AMessage(what = 0x00000000) = {
08-15 09:55:59.250   537  3073 D CCodec  :   int32_t aac-max-output-channel_count = 8
08-15 09:55:59.250   537  3073 D CCodec  :   int32_t channel-count = 2
08-15 09:55:59.250   537  3073 D CCodec  :   int32_t channel-mask = 0
08-15 09:55:59.250   537  3073 D CCodec  :   int32_t max-output-channel-count = 8
08-15 09:55:59.250   537  3073 D CCodec  :   string mime = "audio/raw"
08-15 09:55:59.250   537  3073 D CCodec  :   int32_t sample-rate = 44100
08-15 09:55:59.250   537  3073 D CCodec  :   int32_t android._config-pcm-encoding = 2
08-15 09:55:59.250   537  3073 D CCodec  : }
08-15 09:55:59.250   537  3073 I CCodecConfig: query failed after returning 11 values (BAD_INDEX)
08-15 09:55:59.251   537  3072 D MediaCodec: keep callback message for reclaim
08-15 09:55:59.251   433  3075 I Amlogic_C2AudioFFMPEGDecoder: onInit() 453
08-15 09:55:59.251   433  3075 I Amlogic_C2AudioFFMPEGDecoder: initDecoder 511
08-15 09:55:59.251   433  3075 I Amlogic_C2AudioFFMPEGDecoder: setUp 421
08-15 09:55:59.251   433  3075 I Amlogic_C2AudioFFMPEGDecoder: vendor.media.c2.loglevels is not set used def = 1
08-15 09:55:59.251   433  3075 I Amlogic_C2AudioFFMPEGDecoder: setUpAudioDecoder_l  debug_print:0, debug_dump:0,  gloglevel:1
08-15 09:55:59.251   433  3075 I Amlogic_C2AudioFFMPEGDecoder: mAInfo codec_id:(0x15001 86017) blockalign:0 bitspersample:1 channelCount:2 SampleRate:44100 BitRate:128000
08-15 09:55:59.251   433  3075 I AmAudioCodec: AmAudioCodec 54 
08-15 09:55:59.251   433  3075 I AmFFmpegDecoder: AmFFmpegCodec::CreateCodec audio_decode_init  audio/ffmpeg
08-15 09:55:59.251   433  3075 I AmAudioCodec: ffmpeg decoder NeedCheckFrame 0  id =0x15001
08-15 09:55:59.252   433  3075 I AmFFmpegDecoder: AmFFmpegCodec::CreateCodec audio_decode_init  audio/ffmpeg ret:0
08-15 09:55:59.252   433  3075 I Amlogic_C2AudioFFMPEGDecoder: ffmpeg audio_decode_init return 0
08-15 09:55:59.252   433  3075 I Amlogic_C2AudioFFMPEGDecoder: C2AudioFFMPEGDecoder setUp done
08-15 09:55:59.252   433  3075 I Amlogic_C2AudioFFMPEGDecoder: onInit() 459 exit
08-15 09:55:59.253   537  3073 D CCodecBufferChannel: [c2.amlogic.audio.decoder.ffmpeg#67] Created input block pool with allocatorID 16 => poolID 19 - OK (0)
08-15 09:55:59.256   537  3073 I CCodecBufferChannel: [c2.amlogic.audio.decoder.ffmpeg#67] Created output block pool with allocatorID 16 => poolID 19 - OK
08-15 09:55:59.256   537  3073 D CCodecBufferChannel: [c2.amlogic.audio.decoder.ffmpeg#67] Configured output block pool ids 19 => OK
08-15 09:55:59.256   433   581 I C2VendorComponentStore: setDmaBufUsage 5
08-15 09:55:59.258   433  3075 D Amlogic_C2AudioDecComponent: Using output block pool with poolID 19 => got 19 - 0
08-15 09:55:59.258   537  3072 D NuPlayerDecoderBase: [#2] [KPI] startup, mediacodec config time spent: 26711
08-15 09:55:59.258   537  3072 I NU-AmNuPlayerDecoder: [#2] [c2.amlogic.audio.decoder.ffmpeg] First CB_INPUT_AVAILABLE received.
08-15 09:55:59.259   537  3074 I NU-AmNuPlayerDecoder: [#2] [c2.amlogic.audio.decoder.ffmpeg] First Input Buffer Queued to Codec
08-15 09:55:59.259   433  3075 I Amlogic_C2AudioFFMPEGDecoder: process Invalid data frame
08-15 09:55:59.261   433  3075 I Amlogic_C2AudioFFMPEGDecoder: Reconfiguring decoder: 0->44100 Hz, 0->2 channels
08-15 09:55:59.262   433  3075 I C2VendorComponentStore: setDmaBufUsage 5
08-15 09:55:59.265   537  3073 D CCodecConfig: c2 config diff is   c2::u32 raw.channel-mask.value = 12
08-15 09:55:59.266   537  3073 D CCodecBuffers: [c2.amlogic.audio.decoder.ffmpeg#67:Output[N]] popFromStashAndRegister: at 0us, output format changed to AMessage(what = 0x00000000) = {
08-15 09:55:59.266   537  3073 D CCodecBuffers:   int32_t aac-max-output-channel_count = 8
08-15 09:55:59.266   537  3073 D CCodecBuffers:   int32_t channel-count = 2
08-15 09:55:59.266   537  3073 D CCodecBuffers:   int32_t channel-mask = 12
08-15 09:55:59.266   537  3073 D CCodecBuffers:   int32_t max-output-channel-count = 8
08-15 09:55:59.266   537  3073 D CCodecBuffers:   string mime = "audio/raw"
08-15 09:55:59.266   537  3073 D CCodecBuffers:   int32_t sample-rate = 44100
08-15 09:55:59.266   537  3073 D CCodecBuffers:   int32_t android._config-pcm-encoding = 2
08-15 09:55:59.266   537  3073 D CCodecBuffers: }
08-15 09:55:59.267   537  3072 I NU-AmNuPlayerDecoder: [#2] handleOutputFormatChange   format: AMessage(what = 0x00000000) = {
08-15 09:55:59.267   537  3072 I NU-AmNuPlayerDecoder:   int32_t aac-max-output-channel_count = 8
08-15 09:55:59.267   537  3072 I NU-AmNuPlayerDecoder:   int32_t channel-count = 2
08-15 09:55:59.267   537  3072 I NU-AmNuPlayerDecoder:   int32_t channel-mask = 12
08-15 09:55:59.267   537  3072 I NU-AmNuPlayerDecoder:   int32_t max-output-channel-count = 8
08-15 09:55:59.267   537  3072 I NU-AmNuPlayerDecoder:   string mime = "audio/raw"
08-15 09:55:59.267   537  3072 I NU-AmNuPlayerDecoder:   int32_t sample-rate = 44100
08-15 09:55:59.267   537  3072 I NU-AmNuPlayerDecoder:   int32_t android._config-pcm-encoding = 2
08-15 09:55:59.267   537  3072 I NU-AmNuPlayerDecoder: }
08-15 09:55:59.267   537  3072 I NU-AmNuPlayerDecoder: [#2] [c2.amlogic.audio.decoder.ffmpeg] First CB_OUTPUT_AVAILABLE received. input buffer queued: 4
08-15 09:55:59.267   537  3072 I NU-AmNuPlayerDecoder: [#2] [c2.amlogic.audio.decoder.ffmpeg] First Out Buffer Queued to Render. timeUs:0
08-15 09:55:59.267   537  3071 V NU-AmNuPlayerRenderer: [#2] openAudioSink: offloadOnly(0) offloadingAudio(0)
08-15 09:55:59.267   537  3071 V NU-AmNuPlayerRenderer: [#2] openAudioSink channelMask:0x3
08-15 09:55:59.267   537  3071 V NU-AmNuPlayerRenderer: [#2] openAudioSink: open AudioSink in NON-offload mode
08-15 09:55:59.268   423   626 D AudioHalHardware: +getParameters(), key = hdmi_format
08-15 09:55:59.268   423   626 D AudioHalHardware: -getParameters(), return ""
08-15 09:55:59.268   537  3071 I NU-AmNuPlayerRenderer: is_force_direct 0
08-15 09:55:59.269   537  3071 D NU-AmNuPlayerRenderer: [#2] audio sink close from [onOpenAudioSink,5663]
08-15 09:55:59.273   423  1169 I audio_hw_hal_primary: [audiohal_get_latency:1344] io 13: out:0xe7943990 frames:3072 rate:48000 whole_latency:64 alsa_latency:64
08-15 09:55:59.273   475  2166 D AudioFlinger: Client defaulted notificationFrames to 9405 for frameCount 18810
08-15 09:55:59.276   423  1169 I audio_hw_hal_primary: [audiohal_get_latency:1344] io 13: out:0xe7943990 frames:3072 rate:48000 whole_latency:64 alsa_latency:64
08-15 09:55:59.278   537  3071 D NU-AmNuPlayerRenderer: [#2] audio sink open from [onOpenAudioSink,5730]
08-15 09:55:59.278   537  3071 I NU-AmNuPlayerRenderer: [#2] reopen audio sink success cnt=0
08-15 09:55:59.280   475  2166 D audioserver: logFgsApiBegin: FGS Logger Transaction failed, -129
08-15 09:55:59.281   537  3071 I NU-AmNuPlayerRenderer: [#2] openAudioSink:  mAudioSink->open  finished!!!
08-15 09:55:59.281   537  3071 I NU-AmNuPlayerRenderer: [#2] mQueueInitial end, mHasAudio =1, mHasVideo = 0
08-15 09:55:59.281   537  3071 I NU-AmNuPlayerRenderer: PTS: AV sync info:AV SYNCED 
08-15 09:55:59.281   537  3071 I NU-AmNuPlayerRenderer: PTS:   SystemTimeStamp:-1
08-15 09:55:59.281   537  3071 I NU-AmNuPlayerRenderer: PTS:   Last AudioTimeStamp:-1
08-15 09:55:59.281   537  3071 I NU-AmNuPlayerRenderer: PTS:   Last VideoTimeStamp:-1
08-15 09:55:59.281   537  3071 I NU-AmNuPlayerRenderer: PTS:   AV diff:0 ,Ajump:0,Vjump:0
08-15 09:55:59.281   537  3071 I NU-AmNuPlayerRenderer: PTS:   mAjumpedNum:0, mAudioJumped till now=606982021
08-15 09:55:59.281   537  3071 I NU-AmNuPlayerRenderer: PTS:   mVjumpedNum:0, mVideoJumped till now=606982021
08-15 09:55:59.281   537  3071 I NU-AmNuPlayerRenderer: PTS:   mTotalAudioJumpedTimeUs:0, mTotalAudioJumpedTimeUs:0
08-15 09:55:59.281   537  3071 I NU-AmNuPlayerRenderer: PTS:   mLastVideoUs:-1
08-15 09:55:59.281   537  3071 I NU-AmNuPlayerRenderer: PTS:   mLastAudioUs:-1
08-15 09:55:59.281   537  3071 I NU-AmNuPlayerRenderer: PTS:   mAudioDelay 0 mFormat 0x1 mMs12Enabled 0
08-15 09:55:59.281   537  3071 I NU-AmNuPlayerRenderer: [#2] First audio pcm date write to audiosink.
08-15 09:55:59.282   537  3071 I NU-AmNuPlayerRenderer: [#2] setStartingTimeMedia 26122, mAudioPlayedOutDur 0
08-15 09:55:59.282   537  3068 I NU-AmNuPlayer: [#2] media rendering started
08-15 09:55:59.282   537  3068 I NU-AmNuPlayer: [#2] finishResume  mResumePending:0  
08-15 09:55:59.282   537  3068 D NU-AmNuPlayerDriver: [#2] notifyListener_l(0xea644300), (6, 0, 0, -1), loop setting(0, 0)
08-15 09:55:59.285   535   535 E exFFmpeg: [mp3 @ 0xf0f06d30] EOF Found
08-15 09:55:59.285   535   535 I AmFFmpegExtractor: No more packets from ffmpeg. because of AVERROR_EOF
08-15 09:55:59.285   535   535 I AmFFmpegExtractor: Read return error, and update status:-1011
08-15 09:55:59.285   535   535 I AmFFmpegExtractor: audio/ffmpeg_reading, feedMore err: -1011
08-15 09:55:59.300   537  3074 E NU-GenericSource: hasBufferAvailable return -1011
08-15 09:55:59.300   537  3074 I NU-AmNuPlayerDecoder: [#2] queue EOS buffer to MediaCodec. Audio
08-15 09:55:59.303   537  3071 I NU-AmNuPlayerRenderer: [#2] Audio PCM buffer First Full. time pay:21902, frameCount:18810, mAudioSink->frameSize():4
08-15 09:55:59.304   537  3071 W NU-AmNuPlayerRenderer: [#2] postDrainAudioQueue long delay: 26658 (18810*0.022676), numFramesPendingPlayout:(18810-0)
08-15 09:55:59.305   433  3075 I Amlogic_C2AudioFFMPEGDecoder: process Invalid data frame
08-15 09:55:59.305   433  3075 I Amlogic_C2AudioFFMPEGDecoder: drainEos 736
08-15 09:55:59.306   537  3072 I NU-AmNuPlayerDecoder: [#2] [audio] saw output EOS
08-15 09:55:59.306   537  3071 I NU-AmNuPlayerRenderer: [#2] audio have queued eos, no need to check buffer discontinue
08-15 09:55:59.306   537  3071 I NU-AmNuPlayerRenderer: [#2] onQueueEOS audio 
08-15 09:55:59.308   423  1193 I audio_hw_hal_primary: [audiohal_get_latency:1344] io 13: out:0xe7943990 frames:3072 rate:48000 whole_latency:64 alsa_latency:64
08-15 09:55:59.309   423  1169 I audio_hw_hal_primary: out_update_source_metadata_v7() line 2024 usage:1 content_type:0
08-15 09:55:59.323   952   952 E jarvis_AppUtils: getPkgNameByPidFromFile failed, pid===1033, ex=java.io.FileNotFoundException: /proc/1033/cmdline: open failed: ENOENT (No such file or directory)
08-15 09:55:59.323   952   952 E jarvis_AppUtils: read /proc/pid/cmdline failed, pname===null, fallback to AMS...
08-15 09:55:59.330   537  3071 D AudioTrack: getTimestamp_l(27): device stall time corrected using current time 607031144538
08-15 09:55:59.331   537  3071 W NU-AmNuPlayerRenderer: [#2] postDrainAudioQueue long delay: 26658 (18810*0.022676), numFramesPendingPlayout:(20691-1881)
08-15 09:55:59.358   537  3071 D AudioTrack: stop(27): called with 20736 frames delivered
08-15 09:55:59.358   537  3072 I NU-AmNuPlayerRenderer: [#2] setDiscontinuityFromM3u8 audio 0
08-15 09:55:59.358   537  3071 D NU-AmNuPlayerRenderer: [#2] audio sink stop from [onDrainAudioQueue,2537]
08-15 09:55:59.648   952  1191 I jarvis_LxAgentApiClient: <asyncCallAgent> method=lingxi_report_client
08-15 09:55:59.648   952  1134 I jarvis_LxAgentApiClient: <callAgent> method=lingxi_report_client, params=Bundle[{commandId=7, header=null, body={"eventId":11,"eventMode":0,"params":{"volume":"50","result":"0"}}, msgId=1786758959}]
08-15 09:55:59.653   952  1134 I jarvis_LxAgentApiClient: <callAgent> method=lingxi_report_client, result=null
08-15 09:55:59.791   537  3014 D BufferPoolAccessor2.0: bufferpool2 0xe8602788 : 8(16777216 size) total buffers - 5(10485760 size) used buffers - 821/837 (recycle/alloc) - 24/1670 (fetch/transfer)
08-15 09:55:59.795   433  3019 D BufferPoolAccessor2.0: bufferpool2 0xed943988 : 4(18432 size) total buffers - 1(4608 size) used buffers - 828/836 (recycle/alloc) - 14/835 (fetch/transfer)
08-15 09:55:59.813   537  3068 D NU-AmNuPlayerDriver: [#2] notifyListener_l(0xea644300), (2, 0, 0, -1), loop setting(0, 0)
08-15 09:55:59.813   537  3071 I NU-AmNuPlayerRenderer: [#2] render_onPause
08-15 09:55:59.813   537  3071 D NU-AmNuPlayerRenderer: [#2] audio sink pause from [onPause,5151]
08-15 09:55:59.813   537  3071 I NU-AmNuPlayerRenderer: [#2] now paused audio queue has 0 entries, video has 0 entries
08-15 09:55:59.818   952   952 E jarvis_AppUtils: getPkgNameByPidFromFile failed, pid===1570, ex=java.io.FileNotFoundException: /proc/1570/cmdline: open failed: ENOENT (No such file or directory)
08-15 09:55:59.819   952   952 E jarvis_AppUtils: read /proc/pid/cmdline failed, pname===null, fallback to AMS...
08-15 09:55:59.820   423  1193 I audio_hw_hal_primary: [audiohal_get_latency:1344] io 13: out:0xe7943990 frames:3072 rate:48000 whole_latency:64 alsa_latency:64
08-15 09:55:59.860   423  1193 I audio_hw_hal_primary: [audiohal_get_latency:1344] io 13: out:0xe7943990 frames:3072 rate:48000 whole_latency:64 alsa_latency:64
08-15 09:55:59.900   423  1193 I audio_hw_hal_primary: [audiohal_get_latency:1344] io 13: out:0xe7943990 frames:3072 rate:48000 whole_latency:64 alsa_latency:64
08-15 09:55:59.901   475   605 D audioserver: logFgsApiEnd: FGS Logger Transaction failed, -129
08-15 09:55:59.902   423  1169 I audio_hw_hal_primary: out_update_source_metadata_v7() line 2024 usage:1 content_type:0
08-15 09:56:00.078   537   596 I NU-AmNuPlayerDriver: [#0] [getCurrentPosition][752] position : 21525 msec
08-15 09:56:00.520   632   641 I system_server: Background young concurrent copying GC freed 445214(15MB) AllocSpace objects, 4(96KB) LOS objects, 40% free, 23MB/39MB, paused 290us,204us total 115.776ms
08-15 09:56:00.529   632   643 W System  : A resource failed to call close. 
08-15 09:56:01.078   537   596 I NU-AmNuPlayerDriver: [#0] [getCurrentPosition][752] position : 22525 msec
08-15 09:56:01.158   632  1631 D AudioService: Volume controller visible: false
08-15 09:56:01.159  1033  1230 W WindowOnBackDispatcher: sendCancelIfRunning: isInProgress=falsecallback=android.view.ViewRootImpl$$ExternalSyntheticLambda17@f536f83
08-15 09:56:01.159   632  1631 D CoreBackPreview: Window{9cc0042 u0 com.android.systemui}: Setting back callback null
08-15 09:56:01.161   632  1631 W InputManager-JNI: Input channel object '9cc0042 com.android.systemui (client)' was disposed without first being removed with the input manager!
08-15 09:56:01.989  2968  3036 E demo-jni: next event: change@/devices/platform/soc/fe000000.apb4/fe067400.i2c/i2c-5/5-0024/power_supply/Battery
08-15 09:56:02.008     0     0 W [3 T432   ..] healthd: battery l=100 v=4205 t=0.0 h=2 st=5 chg=a
08-15 09:56:01.996   952   952 E jarvis_action===: android.intent.action.BATTERY_CHANGED
08-15 09:56:01.997  1175  1175 D AJLEpgShortcutFragment: [, , 0]:{Thread:main}battery changed: 100%, isCharing:true, hasBattery:true
08-15 09:56:01.997  1570  1570 E action===: [, , 0]:android.intent.action.BATTERY_CHANGED
08-15 09:56:01.998  1570  1570 E action===: android.intent.action.BATTERY_CHANGED
08-15 09:56:02.078   537   596 I NU-AmNuPlayerDriver: [#0] [getCurrentPosition][752] position : 23525 msec
08-15 09:56:02.548   423  1193 I audio_hw_hal_stream: aml_stream_out_info_print: out:0xe7943990, stream_type:pcm, sync_mode:non tunnel, input_size:8396800 bytes
08-15 09:56:02.548   423  1193 I audio_hw_hal_stream: aml_stream_out_info_print: last_time:610203 ms (sec:610, nsec:203136707), last_position:43621 ms (2093824), cur_time:610243 ms (sec:610, nsec:243187498), cur_position:43661 ms (2095744)
08-15 09:56:02.548   423  1193 I audio_hw_hal_stream: aml_stream_out_info_print: time_gap:40 ms (thr:100 ms), position_gap:40 ms, delay:72 ms, jitter: Position gap is ahead of system time gap by 0 ms (thr:100 ms)
08-15 09:56:03.338   537   596 I NU-AmNuPlayerDriver: [#0] [getCurrentPosition][752] position : 24785 msec
08-15 09:56:04.341   537   596 I NU-AmNuPlayerDriver: [#0] [getCurrentPosition][752] position : 25788 msec
08-15 09:56:04.386   537  3018 D BufferPoolAccessor2.0: bufferpool2 0xe8603988 : 0(0 size) total buffers - 0(0 size) used buffers - 12/20 (recycle/alloc) - 8/36 (fetch/transfer)
08-15 09:56:04.387   537  3018 D BufferPoolAccessor2.0: bufferpool2 0xe86006e8 : 8(16777216 size) total buffers - 4(8388608 size) used buffers - 12/20 (recycle/alloc) - 8/36 (fetch/transfer)
08-15 09:56:04.387   537  3018 D BufferPoolAccessor2.0: evictor expired: 2, evicted: 2
08-15 09:56:04.388   433   839 D BufferPoolAccessor2.0: bufferpool2 0xed941348 : 0(0 size) total buffers - 0(0 size) used buffers - 15/18 (recycle/alloc) - 3/18 (fetch/transfer)
08-15 09:56:04.388   433   839 D BufferPoolAccessor2.0: bufferpool2 0xed9416a8 : 3(13824 size) total buffers - 0(0 size) used buffers - 15/18 (recycle/alloc) - 3/18 (fetch/transfer)
08-15 09:56:04.388   433   839 D BufferPoolAccessor2.0: evictor expired: 2, evicted: 2
08-15 09:56:04.631     0     0 W [3 T432   ..] healthd: battery l=100 v=4205 t=0.0 h=2 st=5 chg=a
08-15 09:56:04.986   537  3014 D BufferPoolAccessor2.0: bufferpool2 0xe8602788 : 8(16777216 size) total buffers - 5(10485760 size) used buffers - 1021/1037 (recycle/alloc) - 24/2070 (fetch/transfer)
08-15 09:56:04.991   433  3019 D BufferPoolAccessor2.0: bufferpool2 0xed943988 : 4(18432 size) total buffers - 1(4608 size) used buffers - 1028/1036 (recycle/alloc) - 15/1035 (fetch/transfer)
08-15 09:56:05.555   537   596 I NU-AmNuPlayerDriver: [#0] [getCurrentPosition][752] position : 27002 msec
08-15 09:56:06.816   537   596 I NU-AmNuPlayerDriver: [#0] [getCurrentPosition][752] position : 28263 msec
08-15 09:56:07.580   423  1193 I audio_hw_hal_stream: aml_stream_out_info_print: out:0xe7943990, stream_type:pcm, sync_mode:non tunnel, input_size:9363456 bytes
08-15 09:56:07.580   423  1193 I audio_hw_hal_stream: aml_stream_out_info_print: last_time:615235 ms (sec:615, nsec:235177126), last_position:48653 ms (2335360), cur_time:615275 ms (sec:615, nsec:275143792), cur_position:48693 ms (2337280)
08-15 09:56:07.580   423  1193 I audio_hw_hal_stream: aml_stream_out_info_print: time_gap:40 ms (thr:100 ms), position_gap:40 ms, delay:74 ms, jitter: Position gap is ahead of system time gap by 0 ms (thr:100 ms)
08-15 09:56:07.817   537   596 I NU-AmNuPlayerDriver: [#0] [getCurrentPosition][752] position : 29264 msec
08-15 09:56:08.486   537  3012 I NU-AmNuPlayerRenderer: PTS: AV sync info:Audio on Header 
08-15 09:56:08.486   537  3012 I NU-AmNuPlayerRenderer: PTS:   SystemTimeStamp:29932733
08-15 09:56:08.486   537  3012 I NU-AmNuPlayerRenderer: PTS:   Last AudioTimeStamp:30458775
08-15 09:56:08.486   537  3012 I NU-AmNuPlayerRenderer: PTS:   Last VideoTimeStamp:-1
08-15 09:56:08.486   537  3012 I NU-AmNuPlayerRenderer: PTS:   AV diff:29932734 ,Ajump:0,Vjump:0
08-15 09:56:08.486   537  3012 I NU-AmNuPlayerRenderer: PTS:   mAjumpedNum:0, mAudioJumped till now=616186461
08-15 09:56:08.486   537  3012 I NU-AmNuPlayerRenderer: PTS:   mVjumpedNum:0, mVideoJumped till now=616186461
08-15 09:56:08.486   537  3012 I NU-AmNuPlayerRenderer: PTS:   mTotalAudioJumpedTimeUs:0, mTotalAudioJumpedTimeUs:0
08-15 09:56:08.486   537  3012 I NU-AmNuPlayerRenderer: PTS:   mLastVideoUs:-1
08-15 09:56:08.486   537  3012 I NU-AmNuPlayerRenderer: PTS:   mLastAudioUs:30484897
08-15 09:56:08.486   537  3012 I NU-AmNuPlayerRenderer: PTS:   mAudioDelay 0 mFormat 0x1 mMs12Enabled 0
08-15 09:56:09.077   537   596 I NU-AmNuPlayerDriver: [#0] [getCurrentPosition][752] position : 30524 msec
08-15 09:56:10.066  1595  2064 D libovd  : [2026-08-15 09:56:10.066] [debug] [2064] [DME] DME_internal.c:1104 DME_backoff_algorithm backoff_result resum: 24
08-15 09:56:10.077   537   596 I NU-AmNuPlayerDriver: [#0] [getCurrentPosition][752] position : 31524 msec
08-15 09:56:10.120  1595  2064 D libovd  : [2026-08-15 09:56:10.120] [debug] [2064] [DME] DME_main.c:649 DME_make_capinfo_hash data:{"device_type":0,"auto_reboot":true,"stream_encryption_mode":"NULL","media_protocol":"srt","talk_protocol":"ccrtc","replay_protocol":"srt","cloud_record":true,"netprobe_cap":1,"ivrs":true,"pic_upload_https":true,"log_upload_https":true,"firmware_download_https":true,"support_softprobe":false,"video_encrypt":false,"support_extension":"","camera_lens_type":0,"light_supplement_lamp":false,"support_4G":false,"battery":false,"screen":true,"smoke_sensor":false,"robot_housekeeper":0,"ptz":false,"trace":false,"support_ptz_preset":false,"zoomcontrol":false,"focuscontrol":false,"channel":0,"timed_dormancy":false,"switch":false,"SD":false,"led":false,"AIGC_cloud_record":false,"support_DN_mode":false,"playback_speed":0,"support_get_SDcapacity":false,"multi_stream":false,"support_set_video_formats":false,"support_set_bitrate":false,"support_set_framerate":false,"support_set_gop":false,"osd_text":false,"osd_logo":false,"support_set_AI_rules_mode":false,"video_quality":"sd,hd","video_formats_supportlists":"h264","static_scence_ABR":false,"audio_out":false,"voice_out":true,"voiceout_volume":false,"audiosamplerate":0,"alarms":{"io":false,"cry":false,"voice":false,"alarm_voice_detect_stand":0,"motion":true,"alarm_motion_detect_stand":0,"motion_zone":0,"body":false,"body_zone":0,"cross":false,"pir":false,"pir_staymode":false,"lossLock":false,"alertarea":false,"alertarea_expel":false,"alertarea_zone":0,"alertarea_params":{"support_set_target":0,"support_staymode_time":false,"support_set_alerttime":false,"alertarea_zone":0,"alertarea_num":1},"transgression":false,"transgression_params":{"support_set_target":0,"support_set_alerttime":false,"support_set_statistics_line":false}},"stopalarm":false,"linkage_mode":{"alertarea":"","vehicle_detection":"","nonmotorvehicle_detection":"","mask_detection":"","regional_people_statistics_detection":"","transgression":"","helmet_wearing_detection":""},"dashcam":false,"robot_ctrl":"","AI":{"face":false,"kitchen
08-15 09:56:10.121  1595  2064 D libovd  : [2026-08-15 09:56:10.121] [debug] [2064] [DME] DME_main.c:663 DME_make_capinfo_hash out_result:9267c2c57e4e32f3926f05b27cdd9f42bf10b519a75a360c36a207c39a509a34c969fe1486613a52b8b73c7a7f4af98a8eeb4dafd2171fa38328ab5dad4b4a78
08-15 09:56:10.121  1595  2064 D libovd  : [2026-08-15 09:56:10.121] [debug] [2064] [DME] DME_main.c:716 DME_reconnect_server2 DME use wss ....
08-15 09:56:10.121  1595  2064 D libovd  : [2026-08-15 09:56:10.121] [debug] [2064] [DME] DME_main.c:768 DME_reconnect_server2 url: wss://accessxy-ws.region.video.komect.com:9105/ovc?login_code=28BEF3247A81&login_passwd=25d3f5fa16e9&cmei=111132090000010&hardware_model=TB712&firmware_model=1.44.4&sdk=V1.44.3-rc-0f54fbe23&model_id=YX_lxp_TB712&macaddress=28:BE:F3:24:7A:81&reconnect=0&capinfohash=9267c2c57e4e32f3926f05b27cdd9f42bf10b519a75a360c36a207c39a509a34c969fe1486613a52b8b73c7a7f4af98a8eeb4dafd2171fa38328ab5dad4b4a78&channel_num=1&device_type=0
08-15 09:56:10.121  1595  2064 D libovd  : [2026-08-15 09:56:10.121] [debug] [2064] [DME] DME_main.c:791 DME_reconnect_server2 i.address:'accessxy-ws.region.video.komect.com'
08-15 09:56:10.121  1595  2064 D libovd  : [2026-08-15 09:56:10.121] [debug] [2064] [DME] DME_main.c:817 DME_reconnect_server2 DME ssl ca filepath: NULL 
08-15 09:56:10.121  1595  2064 I libovd  : [2026-08-15 09:56:10.121] [info] [2064] [DME] DME_main.c:836 DME_reconnect_server2  context created.
08-15 09:56:10.121  1595  2064 D libovd  : [2026-08-15 09:56:10.121] [debug] [2064] [DME] DME_internal.c:1028 DME_status_change pthread 0xbbd0f1c0 DME status changed from 4 to 2 
08-15 09:56:10.121  1595  2064 D libovd  : [2026-08-15 09:56:10.121] [debug] [2064] [DME] DME_main.c:859 DME_reconnect_server2 address: accessxy-ws.region.video.komect.com
08-15 09:56:10.121  1595  2064 D libovd  : , host: accessxy-ws.region.video.komect.com
08-15 09:56:10.121  1595  2064 D libovd  :  ,origin: accessxy-ws.region.video.komect.com
08-15 09:56:10.118  1595  1595 I DMEmainthread: type=1400 audit(0.0:1512): avc:  denied  { write } for  name="dnsproxyd" dev="tmpfs" ino=814 scontext=u:r:zygote:s0 tcontext=u:object_r:dnsproxyd_socket:s0 tclass=sock_file permissive=1
08-15 09:56:10.118  1595  1595 I DMEmainthread: type=1400 audit(0.0:1513): avc:  denied  { connectto } for  path="/dev/socket/dnsproxyd" scontext=u:r:zygote:s0 tcontext=u:r:netd:s0 tclass=unix_stream_socket permissive=1
08-15 09:56:10.123   408  3079 I resolv  : GetAddrInfoHandler::run: {100 786532 100 983140 1000 0}
08-15 09:56:10.124   408  3080 I resolv  : res_nmkquery: (QUERY, IN, AAAA)
08-15 09:56:10.124   408  3081 I resolv  : res_nmkquery: (QUERY, IN, A)
08-15 09:56:10.124   408  3080 I resolv  : resolv_cache_lookup: FOUND IN CACHE entry=0xe8dc33a0
08-15 09:56:10.124   408  3081 I resolv  : resolv_cache_lookup: FOUND IN CACHE entry=0xe91015f0
08-15 09:56:10.124   408  3080 I resolv  : doQuery: rcode=0, ancount=0, return value=120
08-15 09:56:10.124   408  3081 I resolv  : doQuery: rcode=0, ancount=2, return value=85
08-15 09:56:10.122  1595  1595 I DMEmainthread: type=1400 audit(0.0:1514): avc:  denied  { create } for  scontext=u:r:zygote:s0 tcontext=u:r:zygote:s0 tclass=tcp_socket permissive=1
08-15 09:56:10.122  1595  1595 I DMEmainthread: type=1400 audit(0.0:1515): avc:  denied  { setopt } for  scontext=u:r:zygote:s0 tcontext=u:r:zygote:s0 tclass=tcp_socket permissive=1
08-15 09:56:10.122  1595  1595 I DMEmainthread: type=1400 audit(0.0:1516): avc:  denied  { getopt } for  scontext=u:r:zygote:s0 tcontext=u:r:zygote:s0 tclass=tcp_socket permissive=1
08-15 09:56:10.122  1595  1595 I DMEmainthread: type=1400 audit(0.0:1517): avc:  denied  { write } for  name="fwmarkd" dev="tmpfs" ino=816 scontext=u:r:zygote:s0 tcontext=u:object_r:fwmarkd_socket:s0 tclass=sock_file permissive=1
08-15 09:56:10.122   408   408 I binder:408_2: type=1400 audit(0.0:1518): avc:  denied  { use } for  path="socket:[43126]" dev="sockfs" ino=43126 scontext=u:r:netd:s0 tcontext=u:r:zygote:s0 tclass=fd permissive=1
08-15 09:56:10.126  1595  2064 I libovd  : [2026-08-15 09:56:10.126] [info] [2064] [DME] DME_main.c:869 DME_reconnect_server2 connect start
08-15 09:56:10.127   537  3014 D BufferPoolAccessor2.0: bufferpool2 0xe8602788 : 8(16777216 size) total buffers - 5(10485760 size) used buffers - 1217/1233 (recycle/alloc) - 24/2462 (fetch/transfer)
08-15 09:56:10.144     0     0 W [3 T472   ..] audit: audit_lost=925 audit_rate_limit=5 audit_backlog_limit=64
08-15 09:56:10.144     0     0 E [3 T472   ..] audit: rate limit exceeded
08-15 09:56:10.145   408  3082 I resolv  : GetAddrInfoHandler::run: {100 786532 100 983140 1000 0}
08-15 09:56:10.146   408  3083 I resolv  : res_nmkquery: (QUERY, IN, AAAA)
08-15 09:56:10.146   408  3084 I resolv  : res_nmkquery: (QUERY, IN, A)
08-15 09:56:10.146   408  3084 I resolv  : resolv_cache_lookup: FOUND IN CACHE entry=0xe91015f0
08-15 09:56:10.146   408  3084 I resolv  : doQuery: rcode=0, ancount=2, return value=85
08-15 09:56:10.146   408  3083 I resolv  : resolv_cache_lookup: FOUND IN CACHE entry=0xe8dc33a0
08-15 09:56:10.146   408  3083 I resolv  : doQuery: rcode=0, ancount=0, return value=120
08-15 09:56:10.228  1595  2064 I libovd  : [2026-08-15 09:56:10.228] [info] [2064] [DME] DME_main.c:121 DME_service_callback  [DME] Connect with server success.
08-15 09:56:10.228  1595  2064 D libovd  : [2026-08-15 09:56:10.228] [debug] [2064] [DME] DME_main.c:900 DME_Set_DME_ws_connection_flag ws_connection_flag changed to 1
08-15 09:56:10.228  1595  2064 I libovd  : [2026-08-15 09:56:10.228] [info] [2064] [DME] DME_main.c:143 DME_service_callback g_DMEContext->contextstatus.status changed to DME_STATUS_ESTABLISHED
08-15 09:56:10.229  1595  2064 I libovd  : [2026-08-15 09:56:10.229] [info] [2064] [DME] DME_main.c:546 DMEAPI_Wakeup_heart Wakeup heartbeat, dme status (3)
08-15 09:56:10.229  1595  2064 I libovd  : [2026-08-15 09:56:10.229] [info] [2064] [DME] DME_main.c:159 DME_service_callback DME localip :192.168.1.3
08-15 09:56:10.229  1595  2064 D libovd  : [2026-08-15 09:56:10.229] [debug] [2064] [ovd_utils] soft_wdt.c:283 softwdt_adddog add dme dog:DME===timeout:900 s, feedtime:617929
08-15 09:56:10.229  1595  2064 W libovd  : [2026-08-15 09:56:10.229] [warn] [2064] [ovd_utils] soft_wdt.c:312 softwdt_adddog softwdt watch dog: 0xbbe101c0 
08-15 09:56:10.229  1595  2064 W libovd  : [2026-08-15 09:56:10.229] [warn] [2064] [DME] DME_pb.c:25 dme_pb_package_event_report [DME_client_close] the device not in region
08-15 09:56:10.229  1595  2064 W libovd  : [2026-08-15 09:56:10.229] [warn] [2064] [OVD_OpenApi] OVD_OpenAPI.c:3356 ovd_probe_exception_post soft probe is not supported
08-15 09:56:10.229  1595  2064 W libovd  : [2026-08-15 09:56:10.229] [warn] [2064] [DME] DME_main.c:112 DME_service_callback The peer has sent an unsolicited Close WS packet. errorcode:4003 reason is "the device not in region" 
08-15 09:56:10.229  1595  2064 W libovd  : [2026-08-15 09:56:10.229] [warn] [2064] [ovd_utils] soft_wdt.c:329 softwdt_deldog del dog:DME===
08-15 09:56:10.230  1595  2064 I libovd  : [2026-08-15 09:56:10.230] [info] [2064] [ovd_utils] soft_wdt.c:343 softwdt_deldog dog DME changed to inactive
08-15 09:56:10.230  1595  2064 W libovd  : [2026-08-15 09:56:10.230] [warn] [2064] [DME] DME_main.c:205 DME_service_callback  libwebsocket find closed  reson:(null)....
08-15 09:56:10.230  1595  2064 D libovd  : [2026-08-15 09:56:10.230] [debug] [2064] [DME] DME_main.c:900 DME_Set_DME_ws_connection_flag ws_connection_flag changed to 0
08-15 09:56:10.230  1595  2064 D libovd  : [2026-08-15 09:56:10.230] [debug] [2064] [DME] DME_internal.c:1028 DME_status_change pthread 0xbbd0f1c0 DME status changed from 3 to 8 
08-15 09:56:10.230  1595  2064 W libovd  : [2026-08-15 09:56:10.230] [warn] [2064] [DME] DME_main.c:244 DME_service_callback  LWS_CALLBACK_WSI_DESTROY
08-15 09:56:10.230  1595  2064 D libovd  : [2026-08-15 09:56:10.230] [debug] [2064] [DME] DME_main.c:900 DME_Set_DME_ws_connection_flag ws_connection_flag changed to 0
08-15 09:56:10.230  1595  2064 D libovd  : [2026-08-15 09:56:10.230] [debug] [2064] [DME] DME_internal.c:1028 DME_status_change pthread 0xbbd0f1c0 DME status changed from 8 to 8 
08-15 09:56:10.230  1595  2064 D libovd  : [2026-08-15 09:56:10.230] [debug] [2064] [DME] DME_internal.c:1028 DME_status_change pthread 0xbbd0f1c0 DME status changed from 8 to 4 
08-15 09:56:10.230  1595  2064 D libovd  : [2026-08-15 09:56:10.230] [debug] [2064] [DME] DME_main.c:900 DME_Set_DME_ws_connection_flag ws_connection_flag changed to 0
08-15 09:56:10.230  1595  2064 W libovd  : [2026-08-15 09:56:10.230] [warn] [2064] [DME] DME_rpc.c:928 dme_rpc_reset drop dme msg, type (0)
08-15 09:56:10.230  1595  2064 W libovd  : [2026-08-15 09:56:10.230] [warn] [2064] [DME] DME_rpc.c:938 dme_rpc_reset cancel wait ack, wait obj <0xc3190450>, seq 34
08-15 09:56:10.231  1595  2064 D libovd  : [2026-08-15 09:56:10.230] [debug] [2064] [ovd_utils] ovd_pb.c:306 ovd_pb_bind_cal_time ===status:4===
08-15 09:56:10.231  1595  2072 E libovd  : [2026-08-15 09:56:10.231] [error] [2072] [DME] DME_rpc.c:1019 dme_remote_call ack is null or timeout, seq (34), method (Keepalive), wait_time (2 ms)
08-15 09:56:10.231  1595  2064 D libovd  : [2026-08-15 09:56:10.231] [debug] [2064] [DME] DME_main.c:690 DME_reconnect_server2 reconnect servering...
08-15 09:56:10.231  1595  2072 D libovd  : [2026-08-15 09:56:10.231] [debug] [2072] [DME] DME_internal.c:364 DME_RPC_send_keepalive keep alive succuss, ovc response code [0]
08-15 09:56:10.231  1595  2064 I libovd  : [2026-08-15 09:56:10.231] [info] [2064] [DME] DME_internal.c:1076 DME_backoff_algorithm this is 25 connect, backoff 53237049 us 
08-15 09:56:10.231  1595  2072 W libovd  : [2026-08-15 09:56:10.231] [warn] [2072] [ovd_utils] soft_wdt.c:415 softwdt_feeddog dog DME inactive
08-15 09:56:10.238   433  3019 D BufferPoolAccessor2.0: bufferpool2 0xed943988 : 4(18432 size) total buffers - 1(4608 size) used buffers - 1228/1236 (recycle/alloc) - 17/1235 (fetch/transfer)
08-15 09:56:11.078   537   596 I NU-AmNuPlayerDriver: [#0] [getCurrentPosition][752] position : 32525 msec
08-15 09:56:12.339   537   596 I NU-AmNuPlayerDriver: [#0] [getCurrentPosition][752] position : 33786 msec
08-15 09:56:12.620   423  1193 I audio_hw_hal_stream: aml_stream_out_info_print: out:0xe7943990, stream_type:pcm, sync_mode:non tunnel, input_size:10330112 bytes
08-15 09:56:12.620   423  1193 I audio_hw_hal_stream: aml_stream_out_info_print: last_time:620267 ms (sec:620, nsec:267162295), last_position:53685 ms (2576896), cur_time:620315 ms (sec:620, nsec:315144628), cur_position:53733 ms (2579200)
08-15 09:56:12.620   423  1193 I audio_hw_hal_stream: aml_stream_out_info_print: time_gap:48 ms (thr:100 ms), position_gap:48 ms, delay:69 ms, jitter: Position gap is ahead of system time gap by 0 ms (thr:100 ms)
08-15 09:56:13.340   537   596 I NU-AmNuPlayerDriver: [#0] [getCurrentPosition][752] position : 34787 msec
08-15 09:56:14.340   537   596 I NU-AmNuPlayerDriver: [#0] [getCurrentPosition][752] position : 35787 msec
08-15 09:56:15.374   537  3014 D BufferPoolAccessor2.0: bufferpool2 0xe8602788 : 8(16777216 size) total buffers - 5(10485760 size) used buffers - 1417/1433 (recycle/alloc) - 24/2862 (fetch/transfer)
08-15 09:56:15.489   433  3019 D BufferPoolAccessor2.0: bufferpool2 0xed943988 : 4(18432 size) total buffers - 1(4608 size) used buffers - 1429/1437 (recycle/alloc) - 18/1436 (fetch/transfer)
08-15 09:56:15.555   537   596 I NU-AmNuPlayerDriver: [#0] [getCurrentPosition][752] position : 37002 msec
08-15 09:56:16.486   952  1082 E jarvis_ : retorfit2 host:app.aiskill.komect.com port: 443 url:https://app.aiskill.komect.com/
08-15 09:56:16.487   952  1082 E jarvis_ : [, , 0]:返回值是：type = com.cmcc.jarvis.common.retrofit.BaseAckMsg<com.cmcc.jarvis.common.retrofit.BaseAckMsg>
08-15 09:56:16.487   952  1082 I jarvis_ : 返回值是：type = com.cmcc.jarvis.common.retrofit.BaseAckMsg<com.cmcc.jarvis.common.retrofit.BaseAckMsg>
08-15 09:56:16.492   408  3085 I resolv  : GetAddrInfoHandler::run: {100 786532 100 983140 1000 0}
08-15 09:56:16.493   408  3086 I resolv  : res_nmkquery: (QUERY, IN, A)
08-15 09:56:16.493   408  3086 I resolv  : resolv_cache_lookup: FOUND IN CACHE entry=0xe90418d0
08-15 09:56:16.494   408  3086 I resolv  : doQuery: rcode=0, ancount=2, return value=72
08-15 09:56:16.495   952  3040 D TrafficStats: tagSocket(136) with statsTag=0xffffffff, statsUid=-1
08-15 09:56:16.606   952  3040 E jarvis_ : default checkServerTrusted ECDHE_RSA
08-15 09:56:16.657   952  3040 E HostnameVerifier: pass result = true
08-15 09:56:16.815   537   596 I NU-AmNuPlayerDriver: [#0] [getCurrentPosition][752] position : 38262 msec
08-15 09:56:17.535   632   632 V HotPlugDetectionAction: Poll all devices.
08-15 09:56:17.596   437   468 D hdmicecd: [CEC]:printCecMessage, [4 -> 0] len: 0, body:, result:no ack
08-15 09:56:17.652   423  1193 I audio_hw_hal_stream: aml_stream_out_info_print: out:0xe7943990, stream_type:pcm, sync_mode:non tunnel, input_size:11296768 bytes
08-15 09:56:17.652   423  1193 I audio_hw_hal_stream: aml_stream_out_info_print: last_time:625307 ms (sec:625, nsec:307145255), last_position:58725 ms (2818816), cur_time:625347 ms (sec:625, nsec:347152339), cur_position:58765 ms (2820736)
08-15 09:56:17.652   423  1193 I audio_hw_hal_stream: aml_stream_out_info_print: time_gap:40 ms (thr:100 ms), position_gap:40 ms, delay:72 ms, jitter: Position gap is ahead of system time gap by 0 ms (thr:100 ms)
08-15 09:56:17.656   437   468 D hdmicecd: [CEC]:printCecMessage, [4 -> 1] len: 0, body:, result:no ack
08-15 09:56:17.712   437   468 D hdmicecd: [CEC]:printCecMessage, [4 -> 3] len: 0, body:, result:no ack
08-15 09:56:17.769   437   468 D hdmicecd: [CEC]:printCecMessage, [4 -> 5] len: 0, body:, result:no ack
08-15 09:56:17.817   537   596 I NU-AmNuPlayerDriver: [#0] [getCurrentPosition][752] position : 39264 msec
08-15 09:56:17.828   437   468 D hdmicecd: [CEC]:printCecMessage, [4 -> 8] len: 0, body:, result:no ack
08-15 09:56:17.884   437   468 D hdmicecd: [CEC]:printCecMessage, [4 -> b] len: 0, body:, result:no ack
08-15 09:56:17.940   437   468 D hdmicecd: [CEC]:printCecMessage, [4 -> e] len: 0, body:, result:no ack
08-15 09:56:17.941   632   632 D HdmiCecController: [P]:AllocatedAddress=[]
08-15 09:56:18.528   537  3012 I NU-AmNuPlayerRenderer: PTS: AV sync info:Audio on Header 
08-15 09:56:18.529   537  3012 I NU-AmNuPlayerRenderer: PTS:   SystemTimeStamp:39975482
08-15 09:56:18.529   537  3012 I NU-AmNuPlayerRenderer: PTS:   Last AudioTimeStamp:40489795
08-15 09:56:18.529   537  3012 I NU-AmNuPlayerRenderer: PTS:   Last VideoTimeStamp:-1
08-15 09:56:18.529   537  3012 I NU-AmNuPlayerRenderer: PTS:   AV diff:39975483 ,Ajump:0,Vjump:0
08-15 09:56:18.529   537  3012 I NU-AmNuPlayerRenderer: PTS:   mAjumpedNum:0, mAudioJumped till now=626229210
08-15 09:56:18.529   537  3012 I NU-AmNuPlayerRenderer: PTS:   mVjumpedNum:0, mVideoJumped till now=626229210
08-15 09:56:18.529   537  3012 I NU-AmNuPlayerRenderer: PTS:   mTotalAudioJumpedTimeUs:0, mTotalAudioJumpedTimeUs:0
08-15 09:56:18.529   537  3012 I NU-AmNuPlayerRenderer: PTS:   mLastVideoUs:-1
08-15 09:56:18.529   537  3012 I NU-AmNuPlayerRenderer: PTS:   mLastAudioUs:40515918
08-15 09:56:18.529   537  3012 I NU-AmNuPlayerRenderer: PTS:   mAudioDelay 0 mFormat 0x1 mMs12Enabled 0
08-15 09:56:18.745  1504  1580 D AutoBond: handleMessage() called with: msg.what = [2]
08-15 09:56:18.745  1504  1580 D BluetoothAdapter: isLeEnabled(): ON
08-15 09:56:18.748  1019  1415 D ActivityAttributionService: notifyActivityAttributionInfo UID=1002 packageName=com.android.bluetooth deviceAddress=no_active_device_address
08-15 09:56:18.748  1019  1415 I bt_btif : packages/modules/Bluetooth/system/btif/src/bluetooth.cc:829 get_profile_interface: get_profile_interface: id = activity_attribution
08-15 09:56:18.749  1019  1329 I bt_stack: [INFO:le_scanning_manager.cc(168)] Scan in shim layer stopped
08-15 09:56:18.749  1019  1120 I bluetooth: packages/modules/Bluetooth/system/gd/hci/le_address_manager.cc:193 unregister_client: Client unregistered
08-15 09:56:18.752  1019  1415 I bt_stack: [INFO:le_scanning_manager.cc(162)] Unregister in shim layer, scanner_id:1
08-15 09:56:18.752  1504  1580 I AutoBond: 第 20 次停止蓝牙扫描
08-15 09:56:18.752  1504  1580 D AutoParingService: onStopScan() called with: i = [20]
08-15 09:56:18.755  1504  1580 D AutoBond: checkScanLimit: 扫描已持续时间:599094
08-15 09:56:18.755  1504  1580 D AutoBond: checkScanLimit: 扫描已进行:20次
08-15 09:56:18.755  1504  1580 D AutoBond: checkNextRound() called, ready scan.
08-15 09:56:18.819   537   596 I NU-AmNuPlayerDriver: [#0] [getCurrentPosition][752] position : 40266 msec
08-15 09:56:18.892   568   568 D XIRI_driver: send to xiri: {"cmd":"key","event":1,"keycode":330,"pid":0,"vid":0,"devnum":0}
08-15 09:56:18.892   568   568 D XIRI_driver: send to xiri: {"cmd":"key","event":1,"keycode":325,"pid":0,"vid":0,"devnum":0}
08-15 09:56:18.910     0     0 W [0 T102   ..] jadard_ts_work: Entering
08-15 09:56:18.896   632   653 D WindowManager: MotionEvent: action=ACTION_DOWN x=177.0 y=718.0 eventTime=626592 pointerCount=1
08-15 09:56:18.894  1033  1033 I ndroid.systemui: type=1400 audit(0.0:1526): avc:  denied  { call } for  scontext=u:r:priv_app:s0:c512,c768 tcontext=u:r:zygote:s0 tclass=binder permissive=1 app=com.android.systemui
08-15 09:56:18.894  1033  1033 I binder:1033_6: type=1400 audit(0.0:1527): avc:  denied  { call } for  scontext=u:r:priv_app:s0:c512,c768 tcontext=u:r:zygote:s0 tclass=binder permissive=1 app=com.android.systemui
08-15 09:56:18.897   952  1361 I jarvis_ : System call method methodId = touch_down
08-15 09:56:18.898   952   966 I jarvis_ : System call method methodId = touch_down
08-15 09:56:18.902   632   653 D WindowManager: MotionEvent: action=ACTION_MOVE x=177.0 y=718.0 eventTime=626601 pointerCount=1
08-15 09:56:18.919     0     0 W [0 T102   ..] jadard_ts_work: Entering
08-15 09:56:18.910   632   653 D WindowManager: MotionEvent: action=ACTION_MOVE x=177.0 y=718.0 eventTime=626609 pointerCount=1
08-15 09:56:18.927     0     0 W [0 T102   ..] jadard_ts_work: Entering
08-15 09:56:18.918   632   653 D WindowManager: MotionEvent: action=ACTION_MOVE x=177.0 y=718.0 eventTime=626618 pointerCount=1
08-15 09:56:18.936     0     0 W [0 T102   ..] jadard_ts_work: Entering
08-15 09:56:18.926   632   653 D WindowManager: MotionEvent: action=ACTION_MOVE x=177.0 y=718.0 eventTime=626626 pointerCount=1
08-15 09:56:18.944     0     0 W [0 T102   ..] jadard_ts_work: Entering
08-15 09:56:18.952     0     0 W [0 T102   ..] jadard_ts_work: Entering
08-15 09:56:18.936   632   653 D WindowManager: MotionEvent: action=ACTION_MOVE x=177.0 y=718.0 eventTime=626634 pointerCount=1
08-15 09:56:18.960     0     0 W [0 T102   ..] jadard_ts_work: Entering
08-15 09:56:18.951   632   653 D WindowManager: MotionEvent: action=ACTION_MOVE x=177.0 y=718.0 eventTime=626651 pointerCount=1
08-15 09:56:18.969     0     0 W [0 T102   ..] jadard_ts_work: Entering
08-15 09:56:18.977     0     0 W [0 T102   ..] jadard_ts_work: Entering
08-15 09:56:18.960   632   653 D WindowManager: MotionEvent: action=ACTION_MOVE x=177.0 y=718.0 eventTime=626659 pointerCount=1
08-15 09:56:18.968   632   653 D WindowManager: MotionEvent: action=ACTION_MOVE x=177.0 y=718.0 eventTime=626668 pointerCount=1
08-15 09:56:18.986     0     0 W [0 T102   ..] jadard_ts_work: Entering
08-15 09:56:18.975   568   568 D XIRI_driver: send to xiri: {"cmd":"key","event":0,"keycode":330,"pid":0,"vid":0,"devnum":0}
08-15 09:56:18.975   568   568 D XIRI_driver: send to xiri: {"cmd":"key","event":0,"keycode":325,"pid":0,"vid":0,"devnum":0}
08-15 09:56:18.994     0     0 W [0 T102   ..] jadard_ts_work: Entering
08-15 09:56:18.977  2968  2968 I MoviePlayerControView_MoviePlayer: seekToTimeBarPosition
08-15 09:56:18.977  2968  2968 D MyMediaPlayer_MoviePlayer: [seekTo]msec:42704,mState:4
08-15 09:56:18.977  2968  2968 I MyMediaPlayer_MoviePlayer: [seekTo]:42704
08-15 09:56:18.977  2968  2968 I MoviePlayer: onPlaybackStateChanged:7
08-15 09:56:18.978  2968  2968 I MoviePlayer: [updatePlaybackState] state=6, pos=40424
08-15 09:56:18.977   632   653 D WindowManager: MotionEvent: action=ACTION_UP x=177.0 y=718.0 eventTime=626675 pointerCount=1
08-15 09:56:18.978   952   966 I jarvis_ : System call method methodId = touch_up
08-15 09:56:18.979   952  1361 I jarvis_ : System call method methodId = touch_up
08-15 09:56:18.980  2968  2968 I MyMediaPlayer_MoviePlayer: getDuration when seeking or error, return restore value, state:7
08-15 09:56:18.982  2968  2968 D SubtitleViewAdaptor: stopTtxLoading
08-15 09:56:18.982  2968  2968 D CCSubtitleView: clear queue item
08-15 09:56:18.982  2968  2968 E CCSubtitleView: update
08-15 09:56:18.982   952   952 D myNoti  : onPlaybackStateChanged
08-15 09:56:18.983  1019  1019 V AudioMediaPlayerWrapper: onPlaybackStateChanged(): com.droidlogic.exoplayer2.demo : PlaybackState {state=BUFFERING(6), position=40424, buffered position=0, speed=1.0, updated=626678, actions=823, custom actions=[], active item id=-1, error=null}
08-15 09:56:18.984   952   952 I jarvis_ : <onMediaPause>
08-15 09:56:18.986  1019  1019 V AudioMediaPlayerWrapper: trySendMediaUpdate(): Metadata has been updated for com.droidlogic.exoplayer2.demo
08-15 09:56:18.986  1019  1019 I MediaPlayerList: sendMediaUpdate: Creating a one item queue for a player with no queue
08-15 09:56:18.986  1019  1019 D MediaPlayerList: sendMediaUpdate state=PlaybackState {state=BUFFERING(6), position=40424, buffered position=0, speed=1.0, updated=626678, actions=823, custom actions=[], active item id=-1, error=null}
08-15 09:56:18.989   537   596 D NU-AmNuPlayerDriver: [#0] seekTo(0xea640230) (42704 ms, 3) at state 5
08-15 09:56:18.989   537   596 D NU-AmNuPlayerDriver: [#0] notifyListener_l(0xea640230), (7, 0, 0, -1), loop setting(0, 0)
08-15 09:56:18.989   537   596 I NU-AmNuPlayer: [#0] seekToAsync  NowTimeMs:  626689  mLastSeekTimeMs:  585537, Seek diffTime:41152, quickExit:0
08-15 09:56:18.989   537   596 D NU-AmNuPlayerDriver: [#0] seekTo_END(0xea640230) (42704 ms, 3) at state 5
08-15 09:56:18.989   537  3003 I NU-AmNuPlayer: [#0] kWhatSeek
08-15 09:56:18.989   537  3003 I NU-AmNuPlayer: [#0] kWhatSeek seekTimeUs=42704000 us, mode=3, needNotify=1
08-15 09:56:18.989  2968  2968 I MyMediaPlayer_MoviePlayer: getDuration when seeking or error, return restore value, state:7
08-15 09:56:18.990  1019  1019 D MediaControlGattService: updatePlayerState: playbackState= PAUSED
08-15 09:56:18.990  1019  1019 W MediaControlGattService: Feature PLAYBACK_SPEED(BIT 8) support: true
08-15 09:56:18.990  1019  1019 W MediaControlGattService: Feature PLAYBACK_SPEED(BIT 8) support: true
08-15 09:56:18.990  1019  1019 W MediaControlGattService: Feature PLAYBACK_SPEED(BIT 8) support: true
08-15 09:56:18.990  1019  1019 W MediaControlGattService: Feature TRACK_POSITION(BIT 7) support: true
08-15 09:56:18.990  1019  1019 W MediaControlGattService: Feature TRACK_POSITION_NOTIFY support: true
08-15 09:56:18.990  1019  1019 W MediaControlGattService: Feature MEDIA_STATE(BIT 17) support: true
08-15 09:56:18.990  1019  1019 W MediaControlGattService: Feature MEDIA_STATE(BIT 17) support: true
08-15 09:56:18.993  2968  2968 I MoviePlayerControlViewLayoutManager: resetHideCallbacks showTimeoutMs: 5000, uxState: 2
08-15 09:56:18.996   537  3013 I NU-AmNuPlayerDecoder: [#0] [doFlush:1547] audio flushing 
08-15 09:56:18.996   537  3013 I NU-AmNuPlayerDecoder: [#0] [doFlush:1554] audio flushing 
08-15 09:56:18.996   537  3003 D NU-AmNuPlayerDriver: [#0] notifyListener_l(0xea640230), (211, 0, 0, 20), loop setting(0, 0)
08-15 09:56:18.997   537  3012 I NU-AmNuPlayerRenderer: [#0] clearAnchorTime
08-15 09:56:18.997   537  3012 I NU-AmNuPlayerRenderer: [#0] flushing audio
08-15 09:56:18.998   537  3014 D CCodecBuffers: [c2.amlogic.audio.decoder.ffmpeg#916:1D-Output.Impl[N]] Client returned a buffer it does not own according to our record: 0
08-15 09:56:18.998   537  3014 D CCodecBuffers: [c2.amlogic.audio.decoder.ffmpeg#916:1D-Output.Impl[N]] Client returned a buffer it does not own according to our record: 1
08-15 09:56:18.998   537  3013 I NU-AmNuPlayerDecoder: [#0] [doFlush:1560] audio flushing 
08-15 09:56:18.998   537  3003 I NU-AmNuPlayer: [#0] decoder audio flush completed
08-15 09:56:18.999  1019  1019 W MediaControlGattService: Feature PLAYER_NAME(BIT 1) support: true
08-15 09:56:18.999  1019  1019 W MediaControlGattService: Feature PLAYER_NAME(BIT 1) support: true
08-15 09:56:19.000  1019  1019 W MediaControlGattService: Feature MEDIA_CONTROL_POINT_OPCODES_SUPPORTED(BIT 19) support: true
08-15 09:56:19.000  1019  1019 W MediaControlGattService: Feature MEDIA_STATE(BIT 17) support: true
08-15 09:56:19.000  1019  1019 D MediaControlGattService: updateMediaStateChar
08-15 09:56:19.000  1019  1019 W MediaControlGattService: Feature MEDIA_STATE(BIT 17) support: true
08-15 09:56:19.000  1019  1019 D MediaControlGattService: updateMediaStateChar setting to state= 2
08-15 09:56:19.001  1019  1019 W MediaControlGattService: Feature MEDIA_STATE(BIT 17) support: true
08-15 09:56:19.001  1019  1019 W MediaControlGattService: Feature SEEKING_SPEED(BIT 9) support: true
08-15 09:56:19.001  1019  1019 W MediaControlGattService: Feature SEEKING_SPEED(BIT 9) support: true
08-15 09:56:19.001  1019  1019 W MediaControlGattService: Feature SEEKING_SPEED(BIT 9) support: true
08-15 09:56:19.002  1019  1019 V AudioMediaPlayerWrapper: onPlaybackStateChanged(): com.droidlogic.exoplayer2.demo : PlaybackState {state=BUFFERING(6), position=40424, buffered position=0, speed=1.0, updated=626678, actions=823, custom actions=[], active item id=-1, error=null}
08-15 09:56:19.004  1019  1019 V AudioMediaPlayerWrapper: trySendMediaUpdate(): Metadata has been updated for com.droidlogic.exoplayer2.demo
08-15 09:56:19.004  1019  1019 I MediaPlayerList: sendMediaUpdate: Creating a one item queue for a player with no queue
08-15 09:56:19.004  1019  1019 D MediaPlayerList: sendMediaUpdate state=PlaybackState {state=BUFFERING(6), position=40424, buffered position=0, speed=1.0, updated=626678, actions=823, custom actions=[], active item id=-1, error=null}
08-15 09:56:19.004  1019  1019 D AvrcpTargetJni: sendMediaUpdateNative
08-15 09:56:19.004  1019  1019 I bt_stack: [INFO:avrcp_service.cc(515)] virtual void bluetooth::avrcp::AvrcpService::SendMediaUpdate(bool, bool, bool) track_changed=0 :  play_state=1 :  queue=0
08-15 09:56:19.020   423  1169 I audio_hw_hal_primary: out_update_source_metadata_v7() line 2024 usage:1 content_type:0
08-15 09:56:19.028   537  3012 D NU-AmNuPlayerRenderer: [#0] audio sink pause-flush-stop from [onFlush,4923]
08-15 09:56:19.029   537  3012 D NU-AmNuPlayerRenderer: [#0] audio sink start from [onFlush,4933]
08-15 09:56:19.029   537  3003 I NU-AmNuPlayerRenderer: [#0] setDiscontinuityFromM3u8 audio 0
08-15 09:56:19.030   535   588 I AmFFmpegExtractor: Seek stream_index:0, To seekTimeUs:42704000, seekPosition:602638848, seekFlag:8
08-15 09:56:19.030   535   588 I AmFFmpegExtractor: Seeking to 602638848 end. seekflag 8 
08-15 09:56:19.031   537  3009 I NU-GenericSource: queueDiscontinuityIfNeeded, queueDiscontinuity for trackType:2, seeking:1, formatChange:0 From[readBuffer:4873]
08-15 09:56:19.032   537  3009 I NU-GenericSource: [doSeek:3934] mAudioLastDequeueTimeUs:42704000
08-15 09:56:19.032   537  3003 I NU-AmNuPlayer: [#0] performResumeDecoders  needNotify:1
08-15 09:56:19.032   537  3003 I NU-AmNuPlayer: [#0] finishResume  mResumePending:1  
08-15 09:56:19.032   537  3003 D NU-AmNuPlayerDriver: [#0] notifyListener_l(0xea640230), (4, 0, 0, -1), loop setting(0, 0)
08-15 09:56:19.032   537  3013 D MediaCodec: keep callback message for reclaim
08-15 09:56:19.032  2968  2968 I MyMediaPlayer_MoviePlayer: [onSeekComplete] progressBarSeekFlag:,mStateBac:4
08-15 09:56:19.033   537  3014 I CCodecConfig: query failed after returning 11 values (BAD_INDEX)
08-15 09:56:19.034  2968  2968 D SubtitleManager-jni: nativeResetForSeek 485
08-15 09:56:19.034  2968  2968 I MyMediaPlayer_MoviePlayer: [start]mMediaPlayer:
08-15 09:56:19.034  2968  2968 I MoviePlayer: onPlaybackStateChanged:4
08-15 09:56:19.035  2968  2968 I MoviePlayer: [updatePlaybackState] state=3, pos=42704
08-15 09:56:19.035   433  3019 I Amlogic_C2AudioFFMPEGDecoder: onFlush_sm 768
08-15 09:56:19.035   433   935 I C2VendorComponentStore: setDmaBufUsage 5
08-15 09:56:19.036   433  3019 I Amlogic_C2AudioFFMPEGDecoder: process Invalid data frame
08-15 09:56:19.037  1570  1570 E myNoti  : [, , 0]:onPlaybackStateChanged
08-15 09:56:19.037   952   952 D myNoti  : onPlaybackStateChanged
08-15 09:56:19.037   537  3013 I NU-AmNuPlayerDecoder: [#0] [c2.amlogic.audio.decoder.ffmpeg] First CB_INPUT_AVAILABLE received.
08-15 09:56:19.037   952   952 I jarvis_ : <onMediaStart>
08-15 09:56:19.037   952   952 I jarvis_ : overlock,start true,0,0,,
08-15 09:56:19.037   537  3015 I NU-AmNuPlayerDecoder: [#0] [c2.amlogic.audio.decoder.ffmpeg] First Input Buffer Queued to Codec
08-15 09:56:19.040   952   952 E jarvis_AppUtils: getPkgNameByPidFromFile failed, pid===1570, ex=java.io.FileNotFoundException: /proc/1570/cmdline: open failed: ENOENT (No such file or directory)
08-15 09:56:19.041   952   952 E jarvis_AppUtils: read /proc/pid/cmdline failed, pname===null, fallback to AMS...
08-15 09:56:19.041   433  3019 I exFFmpeg: [mp3float @ 0xee640410] overread, skip -6 enddists: -2 -2
08-15 09:56:19.043  1019  1019 V AudioMediaPlayerWrapper: onPlaybackStateChanged(): com.droidlogic.exoplayer2.demo : PlaybackState {state=PLAYING(3), position=42704, buffered position=0, speed=1.0, updated=626735, actions=823, custom actions=[], active item id=-1, error=null}
08-15 09:56:19.044   537  3013 I NU-AmNuPlayerDecoder: [#0] [c2.amlogic.audio.decoder.ffmpeg] First CB_OUTPUT_AVAILABLE received. input buffer queued: 7
08-15 09:56:19.044   537  3013 I NU-AmNuPlayerDecoder: [#0] [c2.amlogic.audio.decoder.ffmpeg] First Out Buffer Queued to Render. timeUs:42710204
08-15 09:56:19.045   537  3012 I NU-AmNuPlayerRenderer: [#0] First audio pcm date write to audiosink.
08-15 09:56:19.045   537  3012 I NU-AmNuPlayerRenderer: [#0] setStartingTimeMedia 42736326, mAudioPlayedOutDur 0
08-15 09:56:19.045   537  3012 W NU-AmNuPlayerRenderer: [#0] postDrainAudioQueue long delay: 2665 (1881*0.022676), numFramesPendingPlayout:(1881-0)
08-15 09:56:19.045   537  3003 I NU-AmNuPlayer: [#0] media rendering started
08-15 09:56:19.045   537  3003 I NU-AmNuPlayer: [#0] finishResume  mResumePending:0  
08-15 09:56:19.045   537  3003 D NU-AmNuPlayerDriver: [#0] notifyListener_l(0xea640230), (6, 0, 0, -1), loop setting(0, 0)
08-15 09:56:19.045  2968  2968 I MyMediaPlayer_MoviePlayer: notify play position change
08-15 09:56:19.045  2968  2968 I MyMediaPlayer_MoviePlayer: notify play position change
08-15 09:56:19.045  2968  2968 I MoviePlayerControView_MoviePlayer: onPlayPositionChanged
08-15 09:56:19.047  1019  1019 V AudioMediaPlayerWrapper: trySendMediaUpdate(): Metadata has been updated for com.droidlogic.exoplayer2.demo
08-15 09:56:19.047  1019  1019 I MediaPlayerList: sendMediaUpdate: Creating a one item queue for a player with no queue
08-15 09:56:19.047  1019  1019 D MediaPlayerList: sendMediaUpdate state=PlaybackState {state=PLAYING(3), position=42713, buffered position=0, speed=1.0, updated=626744, actions=823, custom actions=[], active item id=-1, error=null}
08-15 09:56:19.048  1019  1019 D MediaControlGattService: updatePlayerState: playbackState= PLAYING
08-15 09:56:19.048  1019  1019 W MediaControlGattService: Feature PLAYBACK_SPEED(BIT 8) support: true
08-15 09:56:19.048  1019  1019 W MediaControlGattService: Feature PLAYBACK_SPEED(BIT 8) support: true
08-15 09:56:19.048  1019  1019 W MediaControlGattService: Feature PLAYBACK_SPEED(BIT 8) support: true
08-15 09:56:19.048  1019  1019 W MediaControlGattService: Feature TRACK_POSITION(BIT 7) support: true
08-15 09:56:19.048  1019  1019 W MediaControlGattService: Feature TRACK_POSITION_NOTIFY support: true
08-15 09:56:19.048  1019  1019 W MediaControlGattService: Feature MEDIA_STATE(BIT 17) support: true
08-15 09:56:19.048   537  3012 W NU-AmNuPlayerRenderer: [#0] postDrainAudioQueue long delay: 2665 (1881*0.022676), numFramesPendingPlayout:(1881-0)
08-15 09:56:19.049  1019  1019 W MediaControlGattService: Feature PLAYER_NAME(BIT 1) support: true
08-15 09:56:19.050  1019  1019 W MediaControlGattService: Feature PLAYER_NAME(BIT 1) support: true
08-15 09:56:19.050  1019  1019 W MediaControlGattService: Feature MEDIA_CONTROL_POINT_OPCODES_SUPPORTED(BIT 19) support: true
08-15 09:56:19.051  1019  1019 W MediaControlGattService: Feature MEDIA_STATE(BIT 17) support: true
08-15 09:56:19.051  1019  1019 D MediaControlGattService: updateMediaStateChar
08-15 09:56:19.051  1019  1019 W MediaControlGattService: Feature MEDIA_STATE(BIT 17) support: true
08-15 09:56:19.051  1019  1019 D MediaControlGattService: updateMediaStateChar setting to state= 1
08-15 09:56:19.052   537  3012 W NU-AmNuPlayerRenderer: [#0] postDrainAudioQueue long delay: 2665 (1881*0.022676), numFramesPendingPlayout:(1881-0)
08-15 09:56:19.054   537  3012 W NU-AmNuPlayerRenderer: [#0] postDrainAudioQueue long delay: 2665 (1881*0.022676), numFramesPendingPlayout:(1881-0)
08-15 09:56:19.057   537  3012 W NU-AmNuPlayerRenderer: [#0] postDrainAudioQueue long delay: 2665 (1881*0.022676), numFramesPendingPlayout:(1881-0)
08-15 09:56:19.060  1019  1019 W MediaControlGattService: Feature MEDIA_STATE(BIT 17) support: true
08-15 09:56:19.060   537  3012 D AudioTrack: getTimestamp_l(25): device stall time corrected using current time 626761035048
08-15 09:56:19.060  1019  1019 W MediaControlGattService: Feature SEEKING_SPEED(BIT 9) support: true
08-15 09:56:19.060  1019  1019 W MediaControlGattService: Feature SEEKING_SPEED(BIT 9) support: true
08-15 09:56:19.060  1019  1019 W MediaControlGattService: Feature SEEKING_SPEED(BIT 9) support: true
08-15 09:56:19.061  1019  1019 V AudioMediaPlayerWrapper: onPlaybackStateChanged(): com.droidlogic.exoplayer2.demo : PlaybackState {state=PLAYING(3), position=42704, buffered position=0, speed=1.0, updated=626735, actions=823, custom actions=[], active item id=-1, error=null}
08-15 09:56:19.063  1019  1019 V AudioMediaPlayerWrapper: trySendMediaUpdate(): Metadata has been updated for com.droidlogic.exoplayer2.demo
08-15 09:56:19.063  1019  1019 I MediaPlayerList: sendMediaUpdate: Creating a one item queue for a player with no queue
08-15 09:56:19.063  1019  1019 D MediaPlayerList: sendMediaUpdate state=PlaybackState {state=PLAYING(3), position=42732, buffered position=0, speed=1.0, updated=626763, actions=823, custom actions=[], active item id=-1, error=null}
08-15 09:56:19.066  1019  1019 D AvrcpTargetJni: sendMediaUpdateNative
08-15 09:56:19.066  1019  1019 I bt_stack: [INFO:avrcp_service.cc(515)] virtual void bluetooth::avrcp::AvrcpService::SendMediaUpdate(bool, bool, bool) track_changed=0 :  play_state=1 :  queue=0
08-15 09:56:19.082   537  3012 I NU-AmNuPlayerRenderer: [#0] Audio PCM buffer First Full. time pay:37124, frameCount:18810, mAudioSink->frameSize():4
08-15 09:56:19.082   537  3012 W NU-AmNuPlayerRenderer: [#0] postDrainAudioQueue long delay: 26658 (18810*0.022676), numFramesPendingPlayout:(18810-0)
08-15 09:56:19.102   423  1169 I audio_hw_hal_primary: out_update_source_metadata_v7() line 2024 usage:1 content_type:0
08-15 09:56:19.109   537  3012 W NU-AmNuPlayerRenderer: [#0] postDrainAudioQueue long delay: 26658 (18810*0.022676), numFramesPendingPlayout:(20691-1881)
08-15 09:56:19.136   537  3012 W NU-AmNuPlayerRenderer: [#0] postDrainAudioQueue long delay: 26658 (18810*0.022676), numFramesPendingPlayout:(22573-3763)
08-15 09:56:19.163   537  3012 W NU-AmNuPlayerRenderer: [#0] postDrainAudioQueue long delay: 26658 (18810*0.022676), numFramesPendingPlayout:(22573-3763)
08-15 09:56:19.175   568   568 D XIRI_driver: send to xiri: {"cmd":"key","event":1,"keycode":330,"pid":0,"vid":0,"devnum":0}
08-15 09:56:19.176   568   568 D XIRI_driver: send to xiri: {"cmd":"key","event":1,"keycode":325,"pid":0,"vid":0,"devnum":0}
08-15 09:56:19.178   632   653 D WindowManager: MotionEvent: action=ACTION_DOWN x=208.0 y=715.0 eventTime=626876 pointerCount=1
08-15 09:56:19.179   952  1361 I jarvis_ : System call method methodId = touch_down
08-15 09:56:19.194     0     0 W [0 T102   ..] jadard_ts_work: Entering
08-15 09:56:19.179   952  1361 I jarvis_ : System call method methodId = touch_down
08-15 09:56:19.185   632   653 D WindowManager: MotionEvent: action=ACTION_MOVE x=208.0 y=715.0 eventTime=626884 pointerCount=1
08-15 09:56:19.203     0     0 W [0 T102   ..] jadard_ts_work: Entering
08-15 09:56:19.190   537  3012 D NU-AmNuPlayerRenderer: [#0] Switch audio track end . onNewAudioMediaTime, audio sink position was ready.
08-15 09:56:19.190   537  3012 I NU-AmNuPlayerRenderer: [#0] First valid audio position found, time pay:145595,  audioPlayedOutDur:39941, writtenDur:522448
08-15 09:56:19.190   537  3012 I NU-AmNuPlayerRenderer: [#0] getPlayedOutDurationUs is unstable. audioPlayedOutDur:39941 (diff:39941) - realDIFF: 207976 = -168035, writtenAudioDurationUs:522448, lastTimeUs:43222062 (frameSize: 4)
08-15 09:56:19.190   537  3012 W NU-AmNuPlayerRenderer: [#0] onNewAudioMediaTime:3115, updateAnchor abnormal, DIFF: 2112196
08-15 09:56:19.191   537  3003 D NU-AmNuPlayerDriver: [#0] notifyListener_l(0xea640230), (211, 0, 0, 20), loop setting(0, 0)
08-15 09:56:19.193   632   653 D WindowManager: MotionEvent: action=ACTION_MOVE x=208.0 y=715.0 eventTime=626892 pointerCount=1
08-15 09:56:19.211     0     0 W [0 T102   ..] jadard_ts_work: Entering
08-15 09:56:19.201   632   653 D WindowManager: MotionEvent: action=ACTION_MOVE x=208.0 y=715.0 eventTime=626901 pointerCount=1
08-15 09:56:19.219     0     0 W [0 T102   ..] jadard_ts_work: Entering
08-15 09:56:19.210   632   653 D WindowManager: MotionEvent: action=ACTION_MOVE x=208.0 y=715.0 eventTime=626909 pointerCount=1
08-15 09:56:19.227     0     0 W [0 T102   ..] jadard_ts_work: Entering
08-15 09:56:19.236     0     0 W [0 T102   ..] jadard_ts_work: Entering
08-15 09:56:19.222   632   653 D WindowManager: MotionEvent: action=ACTION_MOVE x=208.0 y=715.0 eventTime=626918 pointerCount=1
08-15 09:56:19.244     0     0 W [0 T102   ..] jadard_ts_work: Entering
08-15 09:56:19.235   632   653 D WindowManager: MotionEvent: action=ACTION_MOVE x=208.0 y=715.0 eventTime=626935 pointerCount=1
08-15 09:56:19.253     0     0 W [0 T102   ..] jadard_ts_work: Entering
08-15 09:56:19.261     0     0 W [0 T102   ..] jadard_ts_work: Entering
08-15 09:56:19.243   632   653 D WindowManager: MotionEvent: action=ACTION_MOVE x=208.0 y=715.0 eventTime=626942 pointerCount=1
08-15 09:56:19.269     0     0 W [0 T102   ..] jadard_ts_work: Entering
08-15 09:56:19.252   632   653 D WindowManager: MotionEvent: action=ACTION_MOVE x=208.0 y=715.0 eventTime=626951 pointerCount=1
08-15 09:56:19.277     0     0 W [0 T102   ..] jadard_ts_work: Entering
08-15 09:56:19.268   632   653 D WindowManager: MotionEvent: action=ACTION_MOVE x=208.0 y=715.0 eventTime=626968 pointerCount=1
08-15 09:56:19.286     0     0 W [0 T102   ..] jadard_ts_work: Entering
08-15 09:56:19.276   632   653 D WindowManager: MotionEvent: action=ACTION_MOVE x=208.0 y=715.0 eventTime=626976 pointerCount=1
08-15 09:56:19.294     0     0 W [0 T102   ..] jadard_ts_work: Entering
08-15 09:56:19.287   632   653 D WindowManager: MotionEvent: action=ACTION_MOVE x=208.0 y=715.0 eventTime=626984 pointerCount=1
08-15 09:56:19.302     0     0 W [0 T102   ..] jadard_ts_work: Entering
08-15 09:56:19.293   632   653 D WindowManager: MotionEvent: action=ACTION_MOVE x=208.0 y=715.0 eventTime=626992 pointerCount=1
08-15 09:56:19.311     0     0 W [0 T102   ..] jadard_ts_work: Entering
08-15 09:56:19.302   632   653 D WindowManager: MotionEvent: action=ACTION_MOVE x=208.0 y=715.0 eventTime=627001 pointerCount=1
08-15 09:56:19.319     0     0 W [0 T102   ..] jadard_ts_work: Entering
08-15 09:56:19.310   632   653 D WindowManager: MotionEvent: action=ACTION_MOVE x=208.0 y=715.0 eventTime=627009 pointerCount=1
08-15 09:56:19.327     0     0 W [0 T102   ..] jadard_ts_work: Entering
08-15 09:56:19.318   632   653 D WindowManager: MotionEvent: action=ACTION_MOVE x=208.0 y=715.0 eventTime=627017 pointerCount=1
08-15 09:56:19.336     0     0 W [0 T102   ..] jadard_ts_work: Entering
08-15 09:56:19.326   632   653 D WindowManager: MotionEvent: action=ACTION_MOVE x=208.0 y=715.0 eventTime=627026 pointerCount=1
08-15 09:56:19.344     0     0 W [0 T102   ..] jadard_ts_work: Entering
08-15 09:56:19.352     0     0 W [0 T102   ..] jadard_ts_work: Entering
08-15 09:56:19.339   632   653 D WindowManager: MotionEvent: action=ACTION_MOVE x=208.0 y=715.0 eventTime=627034 pointerCount=1
08-15 09:56:19.343   632   653 D WindowManager: MotionEvent: action=ACTION_MOVE x=208.0 y=715.0 eventTime=627042 pointerCount=1
08-15 09:56:19.361     0     0 W [0 T102   ..] jadard_ts_work: Entering
08-15 09:56:19.351   632   653 D WindowManager: MotionEvent: action=ACTION_MOVE x=208.0 y=715.0 eventTime=627051 pointerCount=1
08-15 09:56:19.369     0     0 W [0 T102   ..] jadard_ts_work: Entering
08-15 09:56:19.377     0     0 W [0 T102   ..] jadard_ts_work: Entering
08-15 09:56:19.360   632   653 D WindowManager: MotionEvent: action=ACTION_MOVE x=208.0 y=715.0 eventTime=627059 pointerCount=1
08-15 09:56:19.369   632   653 D WindowManager: MotionEvent: action=ACTION_MOVE x=208.0 y=715.0 eventTime=627068 pointerCount=1
08-15 09:56:19.386     0     0 W [0 T102   ..] jadard_ts_work: Entering
08-15 09:56:19.376   632   653 D WindowManager: MotionEvent: action=ACTION_MOVE x=208.0 y=715.0 eventTime=627076 pointerCount=1
08-15 09:56:19.394     0     0 W [0 T102   ..] jadard_ts_work: Entering
08-15 09:56:19.385   632   653 D WindowManager: MotionEvent: action=ACTION_MOVE x=208.0 y=715.0 eventTime=627084 pointerCount=1
08-15 09:56:19.402     0     0 W [0 T102   ..] jadard_ts_work: Entering
08-15 09:56:19.392   568   568 D XIRI_driver: send to xiri: {"cmd":"key","event":0,"keycode":330,"pid":0,"vid":0,"devnum":0}
08-15 09:56:19.410     0     0 W [0 T102   ..] jadard_ts_work: Entering
08-15 09:56:19.392   568   568 D XIRI_driver: send to xiri: {"cmd":"key","event":0,"keycode":325,"pid":0,"vid":0,"devnum":0}
08-15 09:56:19.393  2968  2968 I MoviePlayerControView_MoviePlayer: seekToTimeBarPosition
08-15 09:56:19.393  2968  2968 D MyMediaPlayer_MoviePlayer: [seekTo]msec:50537,mState:4
08-15 09:56:19.393  2968  2968 I MyMediaPlayer_MoviePlayer: [seekTo]:50537
08-15 09:56:19.393  2968  2968 I MoviePlayer: onPlaybackStateChanged:7
08-15 09:56:19.393   632   653 D WindowManager: MotionEvent: action=ACTION_UP x=208.0 y=715.0 eventTime=627092 pointerCount=1
08-15 09:56:19.394  2968  2968 I MoviePlayer: [updatePlaybackState] state=6, pos=42953
08-15 09:56:19.394   952  1361 I jarvis_ : System call method methodId = touch_up
08-15 09:56:19.394   952  1199 I jarvis_ : System call method methodId = touch_up
08-15 09:56:19.395   952   952 D myNoti  : onPlaybackStateChanged
08-15 09:56:19.395  2968  2968 I MyMediaPlayer_MoviePlayer: getDuration when seeking or error, return restore value, state:7
08-15 09:56:19.395   952   952 I jarvis_ : <onMediaPause>
08-15 09:56:19.395  1019  1019 V AudioMediaPlayerWrapper: onPlaybackStateChanged(): com.droidlogic.exoplayer2.demo : PlaybackState {state=BUFFERING(6), position=42953, buffered position=0, speed=1.0, updated=627094, actions=823, custom actions=[], active item id=-1, error=null}
08-15 09:56:19.396  2968  2968 D SubtitleViewAdaptor: stopTtxLoading
08-15 09:56:19.396  2968  2968 D CCSubtitleView: clear queue item
08-15 09:56:19.396   537   596 D NU-AmNuPlayerDriver: [#0] seekTo(0xea640230) (50537 ms, 3) at state 5
08-15 09:56:19.396   537   596 D NU-AmNuPlayerDriver: [#0] notifyListener_l(0xea640230), (7, 0, 0, -1), loop setting(0, 0)
08-15 09:56:19.396   537   596 I NU-AmNuPlayer: [#0] seekToAsync  NowTimeMs:  627096  mLastSeekTimeMs:  626689, Seek diffTime: 407, quickExit:0
08-15 09:56:19.396   537   596 D NU-AmNuPlayerDriver: [#0] seekTo_END(0xea640230) (50537 ms, 3) at state 5
08-15 09:56:19.396  2968  2968 I MyMediaPlayer_MoviePlayer: getDuration when seeking or error, return restore value, state:7
08-15 09:56:19.397  1019  1019 V AudioMediaPlayerWrapper: trySendMediaUpdate(): Metadata has been updated for com.droidlogic.exoplayer2.demo
08-15 09:56:19.397  1019  1019 I MediaPlayerList: sendMediaUpdate: Creating a one item queue for a player with no queue
08-15 09:56:19.397   537  3003 I NU-AmNuPlayer: [#0] kWhatSeek
08-15 09:56:19.397  1019  1019 D MediaPlayerList: sendMediaUpdate state=PlaybackState {state=BUFFERING(6), position=42953, buffered position=0, speed=1.0, updated=627094, actions=823, custom actions=[], active item id=-1, error=null}
08-15 09:56:19.397   537  3003 I NU-AmNuPlayer: [#0] kWhatSeek seekTimeUs=50537000 us, mode=3, needNotify=1
08-15 09:56:19.397   537  3013 I NU-AmNuPlayerDecoder: [#0] [doFlush:1547] audio flushing 
08-15 09:56:19.397  1019  1019 D MediaControlGattService: updatePlayerState: playbackState= PAUSED
08-15 09:56:19.397   537  3013 I NU-AmNuPlayerDecoder: [#0] [doFlush:1554] audio flushing 
08-15 09:56:19.397   537  3012 I NU-AmNuPlayerRenderer: [#0] clearAnchorTime
08-15 09:56:19.397  1019  1019 W MediaControlGattService: Feature PLAYBACK_SPEED(BIT 8) support: true
08-15 09:56:19.397   537  3012 I NU-AmNuPlayerRenderer: [#0] flushing audio
08-15 09:56:19.397  1019  1019 W MediaControlGattService: Feature PLAYBACK_SPEED(BIT 8) support: true
08-15 09:56:19.397   537  3003 D NU-AmNuPlayerDriver: [#0] notifyListener_l(0xea640230), (211, 0, 0, 20), loop setting(0, 0)
08-15 09:56:19.397  1019  1019 W MediaControlGattService: Feature PLAYBACK_SPEED(BIT 8) support: true
08-15 09:56:19.397  1019  1019 W MediaControlGattService: Feature TRACK_POSITION(BIT 7) support: true
08-15 09:56:19.397  1019  1019 W MediaControlGattService: Feature TRACK_POSITION_NOTIFY support: true
08-15 09:56:19.397  1019  1019 W MediaControlGattService: Feature MEDIA_STATE(BIT 17) support: true
08-15 09:56:19.397  1019  1019 W MediaControlGattService: Feature MEDIA_STATE(BIT 17) support: true
08-15 09:56:19.397  2968  2968 I MoviePlayerControlViewLayoutManager: resetHideCallbacks showTimeoutMs: 5000, uxState: 2
08-15 09:56:19.398   537  3013 I NU-AmNuPlayerDecoder: [#0] [doFlush:1560] audio flushing 
08-15 09:56:19.398   537  3003 I NU-AmNuPlayer: [#0] decoder audio flush completed
08-15 09:56:19.399  1019  1019 W MediaControlGattService: Feature PLAYER_NAME(BIT 1) support: true
08-15 09:56:19.399  1019  1019 W MediaControlGattService: Feature PLAYER_NAME(BIT 1) support: true
08-15 09:56:19.399  1019  1019 W MediaControlGattService: Feature MEDIA_CONTROL_POINT_OPCODES_SUPPORTED(BIT 19) support: true
08-15 09:56:19.399  1019  1019 W MediaControlGattService: Feature MEDIA_STATE(BIT 17) support: true
08-15 09:56:19.399  1019  1019 D MediaControlGattService: updateMediaStateChar
08-15 09:56:19.399  1019  1019 W MediaControlGattService: Feature MEDIA_STATE(BIT 17) support: true
08-15 09:56:19.399  1019  1019 D MediaControlGattService: updateMediaStateChar setting to state= 2
08-15 09:56:19.401  1019  1019 W MediaControlGattService: Feature MEDIA_STATE(BIT 17) support: true
08-15 09:56:19.401  1019  1019 W MediaControlGattService: Feature SEEKING_SPEED(BIT 9) support: true
08-15 09:56:19.401  1019  1019 W MediaControlGattService: Feature SEEKING_SPEED(BIT 9) support: true
08-15 09:56:19.401  1019  1019 W MediaControlGattService: Feature SEEKING_SPEED(BIT 9) support: true
08-15 09:56:19.402  1019  1019 V AudioMediaPlayerWrapper: onPlaybackStateChanged(): com.droidlogic.exoplayer2.demo : PlaybackState {state=BUFFERING(6), position=42953, buffered position=0, speed=1.0, updated=627094, actions=823, custom actions=[], active item id=-1, error=null}
08-15 09:56:19.403  1019  1019 V AudioMediaPlayerWrapper: trySendMediaUpdate(): Metadata has been updated for com.droidlogic.exoplayer2.demo
08-15 09:56:19.403  1019  1019 I MediaPlayerList: sendMediaUpdate: Creating a one item queue for a player with no queue
08-15 09:56:19.403  1019  1019 D MediaPlayerList: sendMediaUpdate state=PlaybackState {state=BUFFERING(6), position=42953, buffered position=0, speed=1.0, updated=627094, actions=823, custom actions=[], active item id=-1, error=null}
08-15 09:56:19.404  1019  1019 D AvrcpTargetJni: sendMediaUpdateNative
08-15 09:56:19.404  1019  1019 I bt_stack: [INFO:avrcp_service.cc(515)] virtual void bluetooth::avrcp::AvrcpService::SendMediaUpdate(bool, bool, bool) track_changed=0 :  play_state=1 :  queue=0
08-15 09:56:19.428   423  1169 I audio_hw_hal_primary: out_update_source_metadata_v7() line 2024 usage:1 content_type:0
08-15 09:56:19.438   537  3012 D NU-AmNuPlayerRenderer: [#0] audio sink pause-flush-stop from [onFlush,4923]
08-15 09:56:19.439   537  3012 D NU-AmNuPlayerRenderer: [#0] audio sink start from [onFlush,4933]
08-15 09:56:19.439   537  3003 I NU-AmNuPlayerRenderer: [#0] setDiscontinuityFromM3u8 audio 0
08-15 09:56:19.439   535   535 I AmFFmpegExtractor: Seek stream_index:0, To seekTimeUs:50537000, seekPosition:713178144, seekFlag:8
08-15 09:56:19.442   535   535 I AmFFmpegExtractor: Seeking to 713178144 end. seekflag 8 
08-15 09:56:19.443   537  3009 I NU-GenericSource: queueDiscontinuityIfNeeded, queueDiscontinuity for trackType:2, seeking:1, formatChange:0 From[readBuffer:4873]
08-15 09:56:19.444   537  3009 I NU-GenericSource: [doSeek:3934] mAudioLastDequeueTimeUs:50537000
08-15 09:56:19.444   537  3003 I NU-AmNuPlayer: [#0] performResumeDecoders  needNotify:1
08-15 09:56:19.444   537  3003 I NU-AmNuPlayer: [#0] finishResume  mResumePending:1  
08-15 09:56:19.444   537  3003 D NU-AmNuPlayerDriver: [#0] notifyListener_l(0xea640230), (4, 0, 0, -1), loop setting(0, 0)
08-15 09:56:19.444   537  3013 D MediaCodec: keep callback message for reclaim
08-15 09:56:19.444  2968  2968 I MyMediaPlayer_MoviePlayer: [onSeekComplete] progressBarSeekFlag:,mStateBac:4
08-15 09:56:19.444   537  3014 I CCodecConfig: query failed after returning 11 values (BAD_INDEX)
08-15 09:56:19.445  2968  2968 D SubtitleManager-jni: nativeResetForSeek 485
08-15 09:56:19.445  2968  2968 I MyMediaPlayer_MoviePlayer: [start]mMediaPlayer:
08-15 09:56:19.445  2968  2968 I MoviePlayer: onPlaybackStateChanged:4
08-15 09:56:19.445  2968  2968 I MoviePlayer: [updatePlaybackState] state=3, pos=50537
08-15 09:56:19.446   537  3013 I NU-AmNuPlayerDecoder: [#0] [c2.amlogic.audio.decoder.ffmpeg] First CB_INPUT_AVAILABLE received.
08-15 09:56:19.447   952   952 D myNoti  : onPlaybackStateChanged
08-15 09:56:19.447   537  3015 I NU-AmNuPlayerDecoder: [#0] [c2.amlogic.audio.decoder.ffmpeg] First Input Buffer Queued to Codec
08-15 09:56:19.447   952   952 I jarvis_ : <onMediaStart>
08-15 09:56:19.447   952   952 I jarvis_ : overlock,start true,0,0,,
08-15 09:56:19.448  2968  2968 I MyMediaPlayer_MoviePlayer: notify play position change
08-15 09:56:19.448  2968  2968 I MyMediaPlayer_MoviePlayer: notify play position change
08-15 09:56:19.448  2968  2968 I MoviePlayerControView_MoviePlayer: onPlayPositionChanged
08-15 09:56:19.448  1019  1019 V AudioMediaPlayerWrapper: onPlaybackStateChanged(): com.droidlogic.exoplayer2.demo : PlaybackState {state=PLAYING(3), position=50537, buffered position=0, speed=1.0, updated=627146, actions=823, custom actions=[], active item id=-1, error=null}
08-15 09:56:19.449  1019  1019 V AudioMediaPlayerWrapper: trySendMediaUpdate(): Metadata has been updated for com.droidlogic.exoplayer2.demo
08-15 09:56:19.449  1019  1019 I MediaPlayerList: sendMediaUpdate: Creating a one item queue for a player with no queue
08-15 09:56:19.449  1019  1019 D MediaPlayerList: sendMediaUpdate state=PlaybackState {state=PLAYING(3), position=50540, buffered position=0, speed=1.0, updated=627149, actions=823, custom actions=[], active item id=-1, error=null}
08-15 09:56:19.450  1019  1019 D MediaControlGattService: updatePlayerState: playbackState= PLAYING
08-15 09:56:19.450  1019  1019 W MediaControlGattService: Feature PLAYBACK_SPEED(BIT 8) support: true
08-15 09:56:19.450  1019  1019 W MediaControlGattService: Feature PLAYBACK_SPEED(BIT 8) support: true
08-15 09:56:19.450  1019  1019 W MediaControlGattService: Feature PLAYBACK_SPEED(BIT 8) support: true
08-15 09:56:19.450  1019  1019 W MediaControlGattService: Feature TRACK_POSITION(BIT 7) support: true
08-15 09:56:19.450  1019  1019 W MediaControlGattService: Feature TRACK_POSITION_NOTIFY support: true
08-15 09:56:19.450  1019  1019 W MediaControlGattService: Feature MEDIA_STATE(BIT 17) support: true
08-15 09:56:19.450   433  3019 I Amlogic_C2AudioFFMPEGDecoder: onFlush_sm 768
08-15 09:56:19.451   433  3019 I Amlogic_C2AudioFFMPEGDecoder: process Invalid data frame
08-15 09:56:19.452  1019  1019 W MediaControlGattService: Feature PLAYER_NAME(BIT 1) support: true
08-15 09:56:19.452  1019  1019 W MediaControlGattService: Feature PLAYER_NAME(BIT 1) support: true
08-15 09:56:19.452  1019  1019 W MediaControlGattService: Feature MEDIA_CONTROL_POINT_OPCODES_SUPPORTED(BIT 19) support: true
08-15 09:56:19.452   433  3019 I exFFmpeg: [mp3float @ 0xee640410] overread, skip -5 enddists: -1 -1
08-15 09:56:19.452  1019  1019 W MediaControlGattService: Feature MEDIA_STATE(BIT 17) support: true
08-15 09:56:19.452   433  3019 I exFFmpeg: [mp3float @ 0xee640410] overread, skip -8 enddists: -6 -6
08-15 09:56:19.452  1019  1019 D MediaControlGattService: updateMediaStateChar
08-15 09:56:19.452  1019  1019 W MediaControlGattService: Feature MEDIA_STATE(BIT 17) support: true
08-15 09:56:19.452  1019  1019 D MediaControlGattService: updateMediaStateChar setting to state= 1
08-15 09:56:19.454   537  3013 I NU-AmNuPlayerDecoder: [#0] [c2.amlogic.audio.decoder.ffmpeg] First CB_OUTPUT_AVAILABLE received. input buffer queued: 11
08-15 09:56:19.454   537  3013 I NU-AmNuPlayerDecoder: [#0] [c2.amlogic.audio.decoder.ffmpeg] First Out Buffer Queued to Render. timeUs:50546938
08-15 09:56:19.454   537  3012 I NU-AmNuPlayerRenderer: [#0] First audio pcm date write to audiosink.
08-15 09:56:19.454   537  3003 I NU-AmNuPlayer: [#0] media rendering started
08-15 09:56:19.454   537  3003 I NU-AmNuPlayer: [#0] finishResume  mResumePending:0  
08-15 09:56:19.454   537  3003 D NU-AmNuPlayerDriver: [#0] notifyListener_l(0xea640230), (6, 0, 0, -1), loop setting(0, 0)
08-15 09:56:19.456   537  3012 I NU-AmNuPlayerRenderer: [#0] setStartingTimeMedia 50573061, mAudioPlayedOutDur 0
08-15 09:56:19.456   537  3012 W NU-AmNuPlayerRenderer: [#0] postDrainAudioQueue long delay: 2667 (1882*0.022676), numFramesPendingPlayout:(1882-0)
08-15 09:56:19.459  1019  1019 W MediaControlGattService: Feature MEDIA_STATE(BIT 17) support: true
08-15 09:56:19.459  1019  1019 W MediaControlGattService: Feature SEEKING_SPEED(BIT 9) support: true
08-15 09:56:19.459  1019  1019 W MediaControlGattService: Feature SEEKING_SPEED(BIT 9) support: true
08-15 09:56:19.459  1019  1019 W MediaControlGattService: Feature SEEKING_SPEED(BIT 9) support: true
08-15 09:56:19.459   537  3012 W NU-AmNuPlayerRenderer: [#0] postDrainAudioQueue long delay: 2667 (1882*0.022676), numFramesPendingPlayout:(1882-0)
08-15 09:56:19.461  1019  1019 V AudioMediaPlayerWrapper: onPlaybackStateChanged(): com.droidlogic.exoplayer2.demo : PlaybackState {state=PLAYING(3), position=50537, buffered position=0, speed=1.0, updated=627146, actions=823, custom actions=[], active item id=-1, error=null}
08-15 09:56:19.462   537  3012 W NU-AmNuPlayerRenderer: [#0] postDrainAudioQueue long delay: 2667 (1882*0.022676), numFramesPendingPlayout:(1882-0)
08-15 09:56:19.463  1019  1019 V AudioMediaPlayerWrapper: trySendMediaUpdate(): Metadata has been updated for com.droidlogic.exoplayer2.demo
08-15 09:56:19.463  1019  1019 I MediaPlayerList: sendMediaUpdate: Creating a one item queue for a player with no queue
08-15 09:56:19.463  1019  1019 D MediaPlayerList: sendMediaUpdate state=PlaybackState {state=PLAYING(3), position=50553, buffered position=0, speed=1.0, updated=627162, actions=823, custom actions=[], active item id=-1, error=null}
08-15 09:56:19.463  1019  1019 D AvrcpTargetJni: sendMediaUpdateNative
08-15 09:56:19.463  1019  1019 I bt_stack: [INFO:avrcp_service.cc(515)] virtual void bluetooth::avrcp::AvrcpService::SendMediaUpdate(bool, bool, bool) track_changed=0 :  play_state=1 :  queue=0
08-15 09:56:19.465   537  3012 D AudioTrack: getTimestamp_l(25): device stall time corrected using current time 627165863506
08-15 09:56:19.486   537  3012 I NU-AmNuPlayerRenderer: [#0] Audio PCM buffer First Full. time pay:32326, frameCount:18810, mAudioSink->frameSize():4
08-15 09:56:19.486   537  3012 W NU-AmNuPlayerRenderer: [#0] postDrainAudioQueue long delay: 26658 (18810*0.022676), numFramesPendingPlayout:(18810-0)
08-15 09:56:19.506   423  1169 I audio_hw_hal_primary: out_update_source_metadata_v7() line 2024 usage:1 content_type:0
08-15 09:56:19.514   537  3012 W NU-AmNuPlayerRenderer: [#0] postDrainAudioQueue long delay: 26658 (18810*0.022676), numFramesPendingPlayout:(20692-1882)
08-15 09:56:19.541   537  3012 W NU-AmNuPlayerRenderer: [#0] postDrainAudioQueue long delay: 26658 (18810*0.022676), numFramesPendingPlayout:(22573-3763)
08-15 09:56:19.568   537  3012 W NU-AmNuPlayerRenderer: [#0] postDrainAudioQueue long delay: 26658 (18810*0.022676), numFramesPendingPlayout:(22573-3763)
08-15 09:56:19.595   537  3012 D NU-AmNuPlayerRenderer: [#0] Switch audio track end . onNewAudioMediaTime, audio sink position was ready.
08-15 09:56:19.595   537  3012 I NU-AmNuPlayerRenderer: [#0] First valid audio position found, time pay:140864,  audioPlayedOutDur:44358, writtenDur:522448
08-15 09:56:19.595   537  3012 I NU-AmNuPlayerRenderer: [#0] getPlayedOutDurationUs is unstable. audioPlayedOutDur:44358 (diff:44358) - realDIFF: 213889 = -169531, writtenAudioDurationUs:522448, lastTimeUs:51058797 (frameSize: 4)
08-15 09:56:19.595   537  3012 W NU-AmNuPlayerRenderer: [#0] onNewAudioMediaTime:3115, updateAnchor abnormal, DIFF: 7436758
08-15 09:56:19.595   537  3003 D NU-AmNuPlayerDriver: [#0] notifyListener_l(0xea640230), (211, 0, 0, 20), loop setting(0, 0)
08-15 09:56:19.968   537   596 I NU-AmNuPlayerDriver: [#0] [getCurrentPosition][752] position : 50965 msec
08-15 09:56:20.510   537  3014 D BufferPoolAccessor2.0: bufferpool2 0xe8602788 : 9(18874368 size) total buffers - 5(10485760 size) used buffers - 1653/1670 (recycle/alloc) - 25/3332 (fetch/transfer)
08-15 09:56:20.649   433  3019 D BufferPoolAccessor2.0: bufferpool2 0xed943988 : 4(18432 size) total buffers - 1(4608 size) used buffers - 1663/1671 (recycle/alloc) - 20/1670 (fetch/transfer)
08-15 09:56:20.755  1504  1580 D AutoBond: handleMessage() called with: msg.what = [1]
08-15 09:56:20.756  1504  1580 D AutoBond: checkScanLimit: 扫描已持续时间:601095
08-15 09:56:20.756  1504  1580 D AutoBond: checkScanLimit: 扫描已进行:20次
08-15 09:56:20.756  1504  1580 D BluetoothAdapter: isLeEnabled(): ON
08-15 09:56:20.760  1019  1415 I bt_stack: [INFO:le_scanning_manager.cc(155)] RegisterScanner in shim layer
08-15 09:56:20.760  1504  2912 D BluetoothLeScanner: onScannerRegistered() - status=0 scannerId=1 mScannerId=0
08-15 09:56:20.764  1019  1415 D ActivityAttributionService: notifyActivityAttributionInfo UID=1002 packageName=com.android.bluetooth deviceAddress=no_active_device_address
08-15 09:56:20.764  1019  1415 I bt_btif : packages/modules/Bluetooth/system/btif/src/bluetooth.cc:829 get_profile_interface: get_profile_interface: id = activity_attribution
08-15 09:56:20.764  1019  1329 I bt_stack: [INFO:le_scanning_manager.cc(168)] Scan in shim layer started
08-15 09:56:20.764  1019  1120 I bluetooth: packages/modules/Bluetooth/system/gd/hci/le_scanning_manager.cc:588 stop_scan: Scanning already stopped, return!
08-15 09:56:20.765  1019  1329 I bt_stack: [INFO:le_scanning_manager.cc(168)] Scan in shim layer stopped
08-15 09:56:20.765  1019  1329 I bt_stack: [INFO:le_scanning_manager.cc(346)] SetScanParameters in shim layer
08-15 09:56:20.765  1019  1329 I bt_stack: [INFO:le_scanning_manager.cc(168)] Scan in shim layer started
08-15 09:56:20.765  1019  1120 I bluetooth: packages/modules/Bluetooth/system/gd/hci/le_address_manager.cc:178 register_client: Client registered
08-15 09:56:20.765  1019  1120 I bluetooth: packages/modules/Bluetooth/system/gd/hci/le_address_manager.cc:193 unregister_client: Client unregistered
08-15 09:56:20.765  1019  1120 I bluetooth: packages/modules/Bluetooth/system/gd/hci/le_scanning_manager.cc:588 stop_scan: Scanning already stopped, return!
08-15 09:56:20.765  1019  1120 I bluetooth: packages/modules/Bluetooth/system/gd/hci/le_address_manager.cc:178 register_client: Client registered
08-15 09:56:20.766  1504  1580 I AutoBond: 第21次启动蓝牙扫描,true
08-15 09:56:20.766  1504  1580 D AutoParingService: onStartScan() called with: i = [21]
08-15 09:56:20.818  1175  1175 I RxCachedThreadS: type=1400 audit(0.0:1528): avc:  denied  { read } for  name="hpd_state" dev="sysfs" ino=33716 scontext=u:r:zygote:s0 tcontext=u:object_r:sysfs_amhdmitx:s0 tclass=file permissive=1
08-15 09:56:20.818  1175  1175 I RxCachedThreadS: type=1400 audit(0.0:1529): avc:  denied  { open } for  path="/sys/devices/virtual/amhdmitx/amhdmitx0/hpd_state" dev="sysfs" ino=33716 scontext=u:r:zygote:s0 tcontext=u:object_r:sysfs_amhdmitx:s0 tclass=file permissive=1
08-15 09:56:20.818  1175  1175 I RxCachedThreadS: type=1400 audit(0.0:1530): avc:  denied  { getattr } for  path="/sys/devices/virtual/amhdmitx/amhdmitx0/hpd_state" dev="sysfs" ino=33716 scontext=u:r:zygote:s0 tcontext=u:object_r:sysfs_amhdmitx:s0 tclass=file permissive=1
08-15 09:56:20.946   952   952 I RxComputationTh: type=1400 audit(0.0:1531): avc:  denied  { getattr } for  path="/storage/emulated/0/Android/data/com.cmcc.jarvis/cache/logs" dev="dm-25" ino=1988 scontext=u:r:zygote:s0 tcontext=u:object_r:media_rw_data_file:s0 tclass=dir permissive=1
08-15 09:56:20.946   952   952 I RxComputationTh: type=1400 audit(0.0:1532): avc:  denied  { getattr } for  path="/storage/emulated/0/Android/data/com.cmcc.jarvis/cache/logs/0032360080742080260628BEF3247A81.mmap3" dev="dm-25" ino=1989 scontext=u:r:zygote:s0 tcontext=u:object_r:media_rw_data_file:s0 tclass=file permissive=1
08-15 09:56:20.946   952   952 I RxComputationTh: type=1400 audit(0.0:1533): avc:  denied  { write } for  name="logs" dev="dm-25" ino=1988 scontext=u:r:zygote:s0 tcontext=u:object_r:media_rw_data_file:s0 tclass=dir permissive=1
08-15 09:56:20.946   952   952 I RxComputationTh: type=1400 audit(0.0:1534): avc:  denied  { append } for  name="0032360080742080260628BEF3247A81_20260815.xlog" dev="dm-25" ino=7047 scontext=u:r:zygote:s0 tcontext=u:object_r:media_rw_data_file:s0 tclass=file permissive=1
08-15 09:56:20.946   952   952 I RxComputationTh: type=1400 audit(0.0:1535): avc:  denied  { write } for  name="0032360080742080260628BEF3247A81_20260815.xlog" dev="dm-25" ino=7047 scontext=u:r:zygote:s0 tcontext=u:object_r:media_rw_data_file:s0 tclass=file permissive=1
08-15 09:56:20.969     0     0 W [3 T1769  ..] audit: audit_lost=932 audit_rate_limit=5 audit_backlog_limit=64
08-15 09:56:20.969     0     0 E [3 T1769  ..] audit: rate limit exceeded
08-15 09:56:21.156   537   596 I NU-AmNuPlayerDriver: [#0] [getCurrentPosition][752] position : 52153 msec
08-15 09:56:22.304   952  1073 I jarvis_Wallpaper: openWallpaper has system wallpaper
08-15 09:56:22.408   537   596 I NU-AmNuPlayerDriver: [#0] [getCurrentPosition][752] position : 53405 msec
08-15 09:56:22.684   423  1193 I audio_hw_hal_stream: aml_stream_out_info_print: out:0xe7943990, stream_type:pcm, sync_mode:non tunnel, input_size:12255232 bytes
08-15 09:56:22.684   423  1193 I audio_hw_hal_stream: aml_stream_out_info_print: last_time:630339 ms (sec:630, nsec:339154091), last_position:63717 ms (3058432), cur_time:630379 ms (sec:630, nsec:379153924), cur_position:63757 ms (3060352)
08-15 09:56:22.684   423  1193 I audio_hw_hal_stream: aml_stream_out_info_print: time_gap:40 ms (thr:100 ms), position_gap:40 ms, delay:72 ms, jitter: Position gap is ahead of system time gap by 0 ms (thr:100 ms)
08-15 09:56:23.335   423  2027 D AudioHalCaptureDataProviderNormal: readThread, hasVoipOpen=0
08-15 09:56:23.655   537   596 I NU-AmNuPlayerDriver: [#0] [getCurrentPosition][752] position : 54652 msec
08-15 09:56:24.902   537   596 I NU-AmNuPlayerDriver: [#0] [getCurrentPosition][752] position : 55898 msec
08-15 09:56:25.532  1280  1280 I odhcp6c : opt2250_val: 12
08-15 09:56:25.533  1280  1280 I odhcp6c : Send SOLICIT message (elapsed 603622ms, rc 12, xid 0xe876b800)
08-15 09:56:25.537  1280  1280 I odhcp6c : Validating dhcpv6 response.
08-15 09:56:25.537  1280  1280 I odhcp6c : dhcpv6_response_is_valid: Not found NA/PD, treat invalid response
08-15 09:56:25.537  1280  1280 I odhcp6c : Got a invalid reply, continue loop
08-15 09:56:25.667   537  3028 D BufferPoolAccessor2.0: bufferpool2 0xe8602788 : 9(18874368 size) total buffers - 4(8388608 size) used buffers - 1853/1870 (recycle/alloc) - 25/3734 (fetch/transfer)
08-15 09:56:25.898   433  3019 D BufferPoolAccessor2.0: bufferpool2 0xed943988 : 4(18432 size) total buffers - 1(4608 size) used buffers - 1864/1872 (recycle/alloc) - 20/1871 (fetch/transfer)
08-15 09:56:26.090   537   596 I NU-AmNuPlayerDriver: [#0] [getCurrentPosition][752] position : 57087 msec
08-15 09:56:27.340   537   596 I NU-AmNuPlayerDriver: [#0] [getCurrentPosition][752] position : 58337 msec
08-15 09:56:27.353  1570  3095 D greenDAO: Built SQL for query: SELECT T."_id",T."PHONE",T."APP",T."EVENT",T."FIRST_LEVEL",T."SECOND_LEVEL",T."THIRD_LEVEL",T."HORIZONTAL_INDEX",T."VERTICAL_INDEX",T."ACTION",T."DEVICE_ID",T."PRODUCT_CLASS",T."OS_VERSION",T."APP_VERSION",T."CLICK_TIME",T."TARGET_ID",T."TARGET_INFO",T."EXT_STR1",T."EXT_STR2",T."USER_INFO",T."EXT_INT1" FROM "MAI_DIAN_BEAN" T 
08-15 09:56:27.354  1570  3095 D greenDAO: Values for query: []
08-15 09:56:27.358  1570  3095 E lxAgent : retorfit2 host:app.aiskill.komect.com port: 443 url:https://app.aiskill.komect.com/
08-15 09:56:27.362  1570  1570 I LxWrk#31: type=1400 audit(0.0:1537): avc:  denied  { connectto } for  path="/dev/socket/dnsproxyd" scontext=u:r:zygote:s0 tcontext=u:r:netd:s0 tclass=unix_stream_socket permissive=1
08-15 09:56:27.365   408  3097 I resolv  : GetAddrInfoHandler::run: {100 786532 100 983140 1000 0}
08-15 09:56:27.366   408  3098 I resolv  : res_nmkquery: (QUERY, IN, A)
08-15 09:56:27.380   408  3098 I resolv  : res_nsend: used send_dg 56 terrno: 0
08-15 09:56:27.380   408  3098 I resolv  : doQuery: rcode=0, ancount=1, return value=56
08-15 09:56:27.381  1570  3096 D TrafficStats: tagSocket(75) with statsTag=0xffffffff, statsUid=-1
08-15 09:56:27.378   408   408 I binder:408_2: type=1400 audit(0.0:1538): avc:  denied  { read write } for  path="socket:[42463]" dev="sockfs" ino=42463 scontext=u:r:netd:s0 tcontext=u:r:zygote:s0 tclass=tcp_socket permissive=1
08-15 09:56:27.378   408   408 I binder:408_2: type=1400 audit(0.0:1539): avc:  denied  { getopt } for  scontext=u:r:netd:s0 tcontext=u:r:zygote:s0 tclass=tcp_socket permissive=1
08-15 09:56:27.378   408   408 I binder:408_2: type=1400 audit(0.0:1540): avc:  denied  { setopt } for  scontext=u:r:netd:s0 tcontext=u:r:zygote:s0 tclass=tcp_socket permissive=1
08-15 09:56:27.490  1570  3096 E lxAgent : default checkServerTrusted ECDHE_RSA
08-15 09:56:27.541  1570  3096 E HostnameVerifier: pass result = true
08-15 09:56:27.592  1570  3096 E lxAgent : [, , 0]:response T = BaseAckMsg{resultCode=0,recode=1, msg='处理成功', data=null, succ=false}
08-15 09:56:27.590  1570  1570 I LxWrk#31: type=1400 audit(0.0:1541): avc:  denied  { write } for  name="databases" dev="dm-25" ino=1862 scontext=u:r:zygote:s0 tcontext=u:object_r:system_data_file:s0 tclass=dir permissive=1
08-15 09:56:27.612     0     0 W [1 T3096  ..] audit: audit_lost=933 audit_rate_limit=5 audit_backlog_limit=64
08-15 09:56:27.612     0     0 E [1 T3096  ..] audit: rate limit exceeded
08-15 09:56:27.716   423  1193 I audio_hw_hal_stream: aml_stream_out_info_print: out:0xe7943990, stream_type:pcm, sync_mode:non tunnel, input_size:13221888 bytes
08-15 09:56:27.716   423  1193 I audio_hw_hal_stream: aml_stream_out_info_print: last_time:635371 ms (sec:635, nsec:371141844), last_position:68749 ms (3299968), cur_time:635411 ms (sec:635, nsec:411148052), cur_position:68789 ms (3301888)
08-15 09:56:27.716   423  1193 I audio_hw_hal_stream: aml_stream_out_info_print: time_gap:40 ms (thr:100 ms), position_gap:40 ms, delay:74 ms, jitter: Position gap is ahead of system time gap by 0 ms (thr:100 ms)
08-15 09:56:28.186     0     0 W         : [3 T3056  ..] [W2][  MSG_TX] [aml_send_sync_trace 4770]sync token[59677] time[635868138885]
08-15 09:56:28.186     0     0 W         : [2 T832   ..] [W2][     CMD] [cmd_complete 65]cmd tkn[55]  flags:0000  result: -4  cmd: 105-MM_SYNC_TRACE            - reqcfm(   0-none)
08-15 09:56:28.560   537  3012 I NU-AmNuPlayerRenderer: PTS: AV sync info:Audio on Header 
08-15 09:56:28.561   537  3012 I NU-AmNuPlayerRenderer: PTS:   SystemTimeStamp:59557016
08-15 09:56:28.561   537  3012 I NU-AmNuPlayerRenderer: PTS:   Last AudioTimeStamp:60055510
08-15 09:56:28.561   537  3012 I NU-AmNuPlayerRenderer: PTS:   Last VideoTimeStamp:-1
08-15 09:56:28.561   537  3012 I NU-AmNuPlayerRenderer: PTS:   AV diff:59557017 ,Ajump:0,Vjump:0
08-15 09:56:28.561   537  3012 I NU-AmNuPlayerRenderer: PTS:   mAjumpedNum:0, mAudioJumped till now=636261211
08-15 09:56:28.561   537  3012 I NU-AmNuPlayerRenderer: PTS:   mVjumpedNum:0, mVideoJumped till now=636261211
08-15 09:56:28.561   537  3012 I NU-AmNuPlayerRenderer: PTS:   mTotalAudioJumpedTimeUs:0, mTotalAudioJumpedTimeUs:0
08-15 09:56:28.561   537  3012 I NU-AmNuPlayerRenderer: PTS:   mLastVideoUs:-1
08-15 09:56:28.561   537  3012 I NU-AmNuPlayerRenderer: PTS:   mLastAudioUs:60081632
08-15 09:56:28.561   537  3012 I NU-AmNuPlayerRenderer: PTS:   mAudioDelay 0 mFormat 0x1 mMs12Enabled 0
08-15 09:56:28.587   537   596 I NU-AmNuPlayerDriver: [#0] [getCurrentPosition][752] position : 59583 msec
08-15 09:56:29.426   568   568 D XIRI_driver: send to xiri: {"cmd":"key","event":1,"keycode":330,"pid":0,"vid":0,"devnum":0}
08-15 09:56:29.426   568   568 D XIRI_driver: send to xiri: {"cmd":"key","event":1,"keycode":325,"pid":0,"vid":0,"devnum":0}
08-15 09:56:29.422   568   568 I xiriservice_All: type=1400 audit(0.0:1547): avc:  denied  { ioctl } for  path="/dev/input/event3" dev="tmpfs" ino=697 ioctlcmd=0x4502 scontext=u:r:xiriservice_All:s0 tcontext=u:object_r:input_device:s0 tclass=chr_file permissive=1
08-15 09:56:29.444     0     0 W [0 T102   ..] jadard_ts_work: Entering
08-15 09:56:29.429   632   653 D WindowManager: MotionEvent: action=ACTION_DOWN x=242.0 y=717.0 eventTime=637126 pointerCount=1
08-15 09:56:29.430   952  1199 I jarvis_ : System call method methodId = touch_down
08-15 09:56:29.430   952   966 I jarvis_ : System call method methodId = touch_down
08-15 09:56:29.435   632   653 D WindowManager: MotionEvent: action=ACTION_MOVE x=242.0 y=717.0 eventTime=637134 pointerCount=1
08-15 09:56:29.452     0     0 W [0 T102   ..] jadard_ts_work: Entering
08-15 09:56:29.461     0     0 W [0 T102   ..] jadard_ts_work: Entering
08-15 09:56:29.469     0     0 W [0 T102   ..] jadard_ts_work: Entering
08-15 09:56:29.452   632   653 D WindowManager: MotionEvent: action=ACTION_MOVE x=242.0 y=717.0 eventTime=637151 pointerCount=1
08-15 09:56:29.477     0     0 W [0 T102   ..] jadard_ts_work: Entering
08-15 09:56:29.470   632   653 D WindowManager: MotionEvent: action=ACTION_MOVE x=242.0 y=717.0 eventTime=637168 pointerCount=1
08-15 09:56:29.486     0     0 W [0 T102   ..] jadard_ts_work: Entering
08-15 09:56:29.477   632   653 D WindowManager: MotionEvent: action=ACTION_MOVE x=242.0 y=717.0 eventTime=637176 pointerCount=1
08-15 09:56:29.494     0     0 W [0 T102   ..] jadard_ts_work: Entering
08-15 09:56:29.503     0     0 W [0 T102   ..] jadard_ts_work: Entering
08-15 09:56:29.487   632   653 D WindowManager: MotionEvent: action=ACTION_MOVE x=242.0 y=717.0 eventTime=637184 pointerCount=1
08-15 09:56:29.493   632   653 D WindowManager: MotionEvent: action=ACTION_MOVE x=242.0 y=717.0 eventTime=637192 pointerCount=1
08-15 09:56:29.511     0     0 W [0 T102   ..] jadard_ts_work: Entering
08-15 09:56:29.501   632   653 D WindowManager: MotionEvent: action=ACTION_MOVE x=242.0 y=717.0 eventTime=637201 pointerCount=1
08-15 09:56:29.519     0     0 W [0 T102   ..] jadard_ts_work: Entering
08-15 09:56:29.527     0     0 W [0 T102   ..] jadard_ts_work: Entering
08-15 09:56:29.518   632   653 D WindowManager: MotionEvent: action=ACTION_MOVE x=242.0 y=717.0 eventTime=637218 pointerCount=1
08-15 09:56:29.536     0     0 W [0 T102   ..] jadard_ts_work: Entering
08-15 09:56:29.526   632   653 D WindowManager: MotionEvent: action=ACTION_MOVE x=242.0 y=717.0 eventTime=637226 pointerCount=1
08-15 09:56:29.544     0     0 W [0 T102   ..] jadard_ts_work: Entering
08-15 09:56:29.535   632   653 D WindowManager: MotionEvent: action=ACTION_MOVE x=242.0 y=717.0 eventTime=637234 pointerCount=1
08-15 09:56:29.552     0     0 W [0 T102   ..] jadard_ts_work: Entering
08-15 09:56:29.543   632   653 D WindowManager: MotionEvent: action=ACTION_MOVE x=242.0 y=717.0 eventTime=637242 pointerCount=1
08-15 09:56:29.560     0     0 W [0 T102   ..] jadard_ts_work: Entering
08-15 09:56:29.569     0     0 W [0 T102   ..] jadard_ts_work: Entering
08-15 09:56:29.553   632   653 D WindowManager: MotionEvent: action=ACTION_MOVE x=242.0 y=717.0 eventTime=637251 pointerCount=1
08-15 09:56:29.577     0     0 W [0 T102   ..] jadard_ts_work: Entering
08-15 09:56:29.560   632   653 D WindowManager: MotionEvent: action=ACTION_MOVE x=242.0 y=717.0 eventTime=637259 pointerCount=1
08-15 09:56:29.568   632   653 D WindowManager: MotionEvent: action=ACTION_MOVE x=243.0 y=717.0 eventTime=637268 pointerCount=1
08-15 09:56:29.586     0     0 W [0 T102   ..] jadard_ts_work: Entering
08-15 09:56:29.577   632   653 D WindowManager: MotionEvent: action=ACTION_MOVE x=245.0 y=717.0 eventTime=637276 pointerCount=1
08-15 09:56:29.594     0     0 W [0 T102   ..] jadard_ts_work: Entering
08-15 09:56:29.585   632   653 D WindowManager: MotionEvent: action=ACTION_MOVE x=247.0 y=717.0 eventTime=637285 pointerCount=1
08-15 09:56:29.603     0     0 W [0 T102   ..] jadard_ts_work: Entering
08-15 09:56:29.593   632   653 D WindowManager: MotionEvent: action=ACTION_MOVE x=250.0 y=717.0 eventTime=637292 pointerCount=1
08-15 09:56:29.611     0     0 W [0 T102   ..] jadard_ts_work: Entering
08-15 09:56:29.602   632   653 D WindowManager: MotionEvent: action=ACTION_MOVE x=253.0 y=717.0 eventTime=637301 pointerCount=1
08-15 09:56:29.619     0     0 W [0 T102   ..] jadard_ts_work: Entering
08-15 09:56:29.611   632   653 D WindowManager: MotionEvent: action=ACTION_MOVE x=257.0 y=717.0 eventTime=637309 pointerCount=1
08-15 09:56:29.627     0     0 W [0 T102   ..] jadard_ts_work: Entering
08-15 09:56:29.618   632   653 D WindowManager: MotionEvent: action=ACTION_MOVE x=260.0 y=717.0 eventTime=637317 pointerCount=1
08-15 09:56:29.636     0     0 W [0 T102   ..] jadard_ts_work: Entering
08-15 09:56:29.626   632   653 D WindowManager: MotionEvent: action=ACTION_MOVE x=264.0 y=717.0 eventTime=637326 pointerCount=1
08-15 09:56:29.644     0     0 W [0 T102   ..] jadard_ts_work: Entering
08-15 09:56:29.635   632   653 D WindowManager: MotionEvent: action=ACTION_MOVE x=268.0 y=718.0 eventTime=637334 pointerCount=1
08-15 09:56:29.652     0     0 W [0 T102   ..] jadard_ts_work: Entering
08-15 09:56:29.643   632   653 D WindowManager: MotionEvent: action=ACTION_MOVE x=271.0 y=719.0 eventTime=637342 pointerCount=1
08-15 09:56:29.660     0     0 W [0 T102   ..] jadard_ts_work: Entering
08-15 09:56:29.651   632   653 D WindowManager: MotionEvent: action=ACTION_MOVE x=274.0 y=719.0 eventTime=637351 pointerCount=1
08-15 09:56:29.669     0     0 W [0 T102   ..] jadard_ts_work: Entering
08-15 09:56:29.677     0     0 W [0 T102   ..] jadard_ts_work: Entering
08-15 09:56:29.660   632   653 D WindowManager: MotionEvent: action=ACTION_MOVE x=277.0 y=719.0 eventTime=637359 pointerCount=1
08-15 09:56:29.670   632   653 D WindowManager: MotionEvent: action=ACTION_MOVE x=280.0 y=719.0 eventTime=637368 pointerCount=1
08-15 09:56:29.686     0     0 W [0 T102   ..] jadard_ts_work: Entering
08-15 09:56:29.676   632   653 D WindowManager: MotionEvent: action=ACTION_MOVE x=283.0 y=719.0 eventTime=637376 pointerCount=1
08-15 09:56:29.694     0     0 W [0 T102   ..] jadard_ts_work: Entering
08-15 09:56:29.685   632   653 D WindowManager: MotionEvent: action=ACTION_MOVE x=286.0 y=720.0 eventTime=637384 pointerCount=1
08-15 09:56:29.702     0     0 W [0 T102   ..] jadard_ts_work: Entering
08-15 09:56:29.694   632   653 D WindowManager: MotionEvent: action=ACTION_MOVE x=289.0 y=720.0 eventTime=637393 pointerCount=1
08-15 09:56:29.711     0     0 W [0 T102   ..] jadard_ts_work: Entering
08-15 09:56:29.702   632   653 D WindowManager: MotionEvent: action=ACTION_MOVE x=292.0 y=720.0 eventTime=637401 pointerCount=1
08-15 09:56:29.719     0     0 W [0 T102   ..] jadard_ts_work: Entering
08-15 09:56:29.710   632   653 D WindowManager: MotionEvent: action=ACTION_MOVE x=295.0 y=720.0 eventTime=637409 pointerCount=1
08-15 09:56:29.710   632   724 W ActivityManager: mobile project skip check protected broadcast MqttService.pingSender.CMCC-592288-28BEF3247A81
08-15 09:56:29.727     0     0 W [0 T102   ..] jadard_ts_work: Entering
08-15 09:56:29.711   632   661 W ProcessStats: Tracking association SourceState{a2f65f3 com.cmcc.lingxiagent/1000 Fgs #543} whose proc state 3 is better than process ProcessState{3f0dcf1 com.cmhi.universalapp.launcher.tvmonitor/10013 pkg=com.cmhi.universalapp.launcher.tvmonitor} proc state 14 (4 skipped)
08-15 09:56:29.712   952   952 D AlarmPingSender: Sending Ping at:1786758989712
08-15 09:56:29.714   952   952 D AlarmPingSender: Schedule next alarm at 1786759049714
08-15 09:56:29.714   952   952 D AlarmPingSender: Alarm scheule using setExactAndAllowWhileIdle, next: 60000
08-15 09:56:29.718   632   653 D WindowManager: MotionEvent: action=ACTION_MOVE x=297.0 y=721.0 eventTime=637418 pointerCount=1
08-15 09:56:29.736     0     0 W [0 T102   ..] jadard_ts_work: Entering
08-15 09:56:29.722  1175  1175 E LocalManager: [, , 0]:{Thread:main}deviceServer!=null 服务有连接
08-15 09:56:29.723  1175  1175 D LoopManager: [, , 0]:{Thread:main}getPollingMsg 请求定时任务
08-15 09:56:29.724  1175  1175 I LoopManager: [, , 0]:{Thread:main}startLoop Jarvis 灵犀屏不做便利贴请求
08-15 09:56:29.724  1175  1175 I LoopManager: [, , 0]:{Thread:main}准备定时刷新BindGroupObject
08-15 09:56:29.724  1175  1175 E LoopManager: [, , 0]:{Thread:main}getBindGroupObject EpgHomeFragment
08-15 09:56:29.724  1175  2988 D com.aijia.http.intercept.HttpInterceptLogger: [, , 0]:{Thread:RxCachedThreadScheduler-12}--> POST https://device.yjdp.komect.com/yjfp/device-user/message/task/polling
08-15 09:56:29.724  1175  2988 D com.aijia.http.intercept.HttpInterceptLogger: [, , 0]:{Thread:RxCachedThreadScheduler-12}Content-Type: application/json; charset=utf-8
08-15 09:56:29.724  1175  2988 D com.aijia.http.intercept.HttpInterceptLogger: [, , 0]:{Thread:RxCachedThreadScheduler-12}Content-Length: 678
08-15 09:56:29.724  1175  2988 D com.aijia.http.intercept.HttpInterceptLogger: [, , 0]:{Thread:RxCachedThreadScheduler-12}authorization: Bearer eyJraWQiOiI3YjllMTJjYi1kZGVkLTRhN2EtYjMzYS01ZTk1NTA0NjZiNzkiLCJhbGciOiJSUzI1NiJ9.eyJzdWIiOiIxNjY0MDExNTI5MTExMTMyMDkwMDAwMDEwIiwicHJvdkNvZGUiOiIxMDAiLCJ1c2VyX25hbWUiOiIxNjY0MDExNTI5MTExMTMyMDkwMDAwMDEwIiwicGFzc0lkIjoiMjg5NTU1NjkyNDI4NzciLCJpc3MiOiJodHRwOi8vZGV2aWNlLW9hdXRoL2RldmljZS1vYXV0aDIiLCJleHRlbmRJbmZvIjp7InVzZXJuYW1lIjoiMTY2NDAxMTUyOTExMTEzMjA5MDAwMDAxMCJ9LCJjbGllbnRfaWQiOiJlNzUxY2U3NmQ2NjMxMWYwYjdiYjAwMTYzZTAyMjhiYSIsImF1ZCI6ImU3NTFjZTc2ZDY2MzExZjBiN2JiMDAxNjNlMDIyOGJhIiwibmJmIjoxNzg2NzU4MzgzLCJzY29wZSI6WyJhbGwiXSwiZXhwIjoxNzg2NzYwMTgzLCJpYXQiOjE3ODY3NTgzODMsImp0aSI6IjNiNGM4YjljLWFjNjctNGM2My04NDkyLThmNDQ3YTcxNWQ0OCJ9.K-W10zMjM87s5u_4jAReLPpGQOX59_o3O88jdSm6Web1FQSFGYHi5DLcs5CF3wZbqPZKe78lv4_nNcKBpb_TYsl95UUfqRsgPGJy744_TGH5dQmSxoX5ocHu2c-3H4JgPAZtnnLDOGjOuuMD44B2Egqsy-AVU3Y4uamOP57cEUUdmUHoagRgIFF_BeyYpvsJp3AgEkk7xOC9xw6J3NSLKW65kERoaysW08L6InoUHzOPwOu79OtoV9xgFmZrrOoc4dF2J2-AFxzlN5S9rcNWyi_oxTzg1sGz015bArEcFG-pk6NrL1RIo_AkOTdNvXSnkxPDZga8U3xz-sQbr6X9ag
08-15 09:56:29.725  1175  2988 D com.aijia.http.intercept.HttpInterceptLogger: [, , 0]:{Thread:RxCachedThreadScheduler-12}appVersion: 0.4.10_4010013_release
08-15 09:56:29.725  1175  2988 D com.aijia.http.intercept.HttpInterceptLogger: [, , 0]:{Thread:RxCachedThreadScheduler-12}bizType: ajyp
08-15 09:56:29.725  1175  2988 D com.aijia.http.intercept.HttpInterceptLogger: [, , 0]:{Thread:RxCachedThreadScheduler-12}
08-15 09:56:29.725  1175  2988 D com.aijia.http.intercept.HttpInterceptLogger: [, , 0]:{Thread:RxCachedThreadScheduler-12}{"traceId":"df8b1659-0057-49f0-a54c-5ce951f163f6","data":{"cmei":"111132090000010","lanMac":"28BEF3247A81","localServerType":"Jarvis","firmwareOtaPath":"","launcherVersionCode":4010013,"firmwareOtaMode":"","deviceId":"CMCC-592288-28BEF3247A81","manufacturer":"STAR","localServerVersionName":"0.2.5_202602102031_release","launcherVersion":"0.4.10_4010013_release","wlanMac":"28BEF3247A81","stbId":"0032360080742080260628BEF3247A81","deviceProductId":"592288","deviceMac":"28BEF3247A81","model":"TB712","sn":"1664011529111132090000010","firmwareVersion":"1.0.1","brand":"STAR-NET"},"signature":"E8myxzl4qSEkfmi5t1g1K9HjDbd/D7yqiuIgXNB3GL4=","powerkey":"1664011529111132090000010"}
08-15 09:56:29.725  1175  2988 D com.aijia.http.intercept.HttpInterceptLogger: [, , 0]:{Thread:RxCachedThreadScheduler-12}--> END POST (678-byte body)
08-15 09:56:29.726  1175  1175 E LoopManager: [, , 0]:{Thread:main}getBindGroupObject  activityWeakReference.get():null
08-15 09:56:29.726   632   653 D WindowManager: MotionEvent: action=ACTION_MOVE x=300.0 y=722.0 eventTime=637426 pointerCount=1
08-15 09:56:29.744     0     0 W [0 T102   ..] jadard_ts_work: Entering
08-15 09:56:29.728  1175  1175 I LoopManager: [, , 0]:{Thread:main}checkAppForced 
08-15 09:56:29.728  1175  1175 I LoopManager: [, , 0]:{Thread:main}checkAppForced 时间条件不满足，忽略
08-15 09:56:29.729  1175  1175 I LoopManager: [, , 0]:{Thread:main}sendLoopTrace 
08-15 09:56:29.729  1175  3102 D com.aijia.http.intercept.HttpInterceptLogger: [, , 0]:{Thread:RxCachedThreadScheduler-13}--> POST https://device.yjdp.komect.com/yjfp/device-user/device/group/bind/pollingObject
08-15 09:56:29.729  1175  3102 D com.aijia.http.intercept.HttpInterceptLogger: [, , 0]:{Thread:RxCachedThreadScheduler-13}Content-Type: application/json; charset=utf-8
08-15 09:56:29.730  1175  3102 D com.aijia.http.intercept.HttpInterceptLogger: [, , 0]:{Thread:RxCachedThreadScheduler-13}Content-Length: 678
08-15 09:56:29.730  1175  3102 D com.aijia.http.intercept.HttpInterceptLogger: [, , 0]:{Thread:RxCachedThreadScheduler-13}authorization: Bearer eyJraWQiOiI3YjllMTJjYi1kZGVkLTRhN2EtYjMzYS01ZTk1NTA0NjZiNzkiLCJhbGciOiJSUzI1NiJ9.eyJzdWIiOiIxNjY0MDExNTI5MTExMTMyMDkwMDAwMDEwIiwicHJvdkNvZGUiOiIxMDAiLCJ1c2VyX25hbWUiOiIxNjY0MDExNTI5MTExMTMyMDkwMDAwMDEwIiwicGFzc0lkIjoiMjg5NTU1NjkyNDI4NzciLCJpc3MiOiJodHRwOi8vZGV2aWNlLW9hdXRoL2RldmljZS1vYXV0aDIiLCJleHRlbmRJbmZvIjp7InVzZXJuYW1lIjoiMTY2NDAxMTUyOTExMTEzMjA5MDAwMDAxMCJ9LCJjbGllbnRfaWQiOiJlNzUxY2U3NmQ2NjMxMWYwYjdiYjAwMTYzZTAyMjhiYSIsImF1ZCI6ImU3NTFjZTc2ZDY2MzExZjBiN2JiMDAxNjNlMDIyOGJhIiwibmJmIjoxNzg2NzU4MzgzLCJzY29wZSI6WyJhbGwiXSwiZXhwIjoxNzg2NzYwMTgzLCJpYXQiOjE3ODY3NTgzODMsImp0aSI6IjNiNGM4YjljLWFjNjctNGM2My04NDkyLThmNDQ3YTcxNWQ0OCJ9.K-W10zMjM87s5u_4jAReLPpGQOX59_o3O88jdSm6Web1FQSFGYHi5DLcs5CF3wZbqPZKe78lv4_nNcKBpb_TYsl95UUfqRsgPGJy744_TGH5dQmSxoX5ocHu2c-3H4JgPAZtnnLDOGjOuuMD44B2Egqsy-AVU3Y4uamOP57cEUUdmUHoagRgIFF_BeyYpvsJp3AgEkk7xOC9xw6J3NSLKW65kERoaysW08L6InoUHzOPwOu79OtoV9xgFmZrrOoc4dF2J2-AFxzlN5S9rcNWyi_oxTzg1sGz015bArEcFG-pk6NrL1RIo_AkOTdNvXSnkxPDZga8U3xz-sQbr6X9ag
08-15 09:56:29.730  1175  3102 D com.aijia.http.intercept.HttpInterceptLogger: [, , 0]:{Thread:RxCachedThreadScheduler-13}appVersion: 0.4.10_4010013_release
08-15 09:56:29.730  1175  3102 D com.aijia.http.intercept.HttpInterceptLogger: [, , 0]:{Thread:RxCachedThreadScheduler-13}bizType: ajyp
08-15 09:56:29.730  1175  3102 D com.aijia.http.intercept.HttpInterceptLogger: [, , 0]:{Thread:RxCachedThreadScheduler-13}
08-15 09:56:29.730  1175  3102 D com.aijia.http.intercept.HttpInterceptLogger: [, , 0]:{Thread:RxCachedThreadScheduler-13}{"traceId":"be37f8fa-dd3c-45e6-b81f-2bb0e382b09e","data":{"cmei":"111132090000010","lanMac":"28BEF3247A81","localServerType":"Jarvis","firmwareOtaPath":"","launcherVersionCode":4010013,"firmwareOtaMode":"","deviceId":"CMCC-592288-28BEF3247A81","manufacturer":"STAR","localServerVersionName":"0.2.5_202602102031_release","launcherVersion":"0.4.10_4010013_release","wlanMac":"28BEF3247A81","stbId":"0032360080742080260628BEF3247A81","deviceProductId":"592288","deviceMac":"28BEF3247A81","model":"TB712","sn":"1664011529111132090000010","firmwareVersion":"1.0.1","brand":"STAR-NET"},"signature":"N8/ksVuIpxaCvabf36VCZnLs5P5fZbJJ03f/h8YhkDc=","powerkey":"1664011529111132090000010"}
08-15 09:56:29.730  1175  3102 D com.aijia.http.intercept.HttpInterceptLogger: [, , 0]:{Thread:RxCachedThreadScheduler-13}--> END POST (678-byte body)
08-15 09:56:29.732   408  3103 I resolv  : GetAddrInfoHandler::run: {100 786532 100 983140 1000 0}
08-15 09:56:29.733   408  3104 I resolv  : res_nmkquery: (QUERY, IN, A)
08-15 09:56:29.733   408  3104 I resolv  : resolv_cache_lookup: FOUND IN CACHE entry=0xe9101b30
08-15 09:56:29.734   408  3104 I resolv  : doQuery: rcode=0, ancount=3, return value=127
08-15 09:56:29.734  1175  3102 D TrafficStats: tagSocket(84) with statsTag=0xffffffff, statsUid=-1
08-15 09:56:29.752     0     0 W [0 T102   ..] jadard_ts_work: Entering
08-15 09:56:29.736   632   653 D WindowManager: MotionEvent: action=ACTION_MOVE x=302.0 y=722.0 eventTime=637434 pointerCount=1
08-15 09:56:29.743   632   653 D WindowManager: MotionEvent: action=ACTION_MOVE x=305.0 y=722.0 eventTime=637442 pointerCount=1
08-15 09:56:29.760     0     0 W [0 T102   ..] jadard_ts_work: Entering
08-15 09:56:29.769     0     0 W [0 T102   ..] jadard_ts_work: Entering
08-15 09:56:29.750   952  2467 D AlarmPingSender: Success. Release lock(MqttService.client.CMCC-592288-28BEF3247A81):1786758989750
08-15 09:56:29.751   632   653 D WindowManager: MotionEvent: action=ACTION_MOVE x=307.0 y=722.0 eventTime=637451 pointerCount=1
08-15 09:56:29.777     0     0 W [0 T102   ..] jadard_ts_work: Entering
08-15 09:56:29.760   632   653 D WindowManager: MotionEvent: action=ACTION_MOVE x=310.0 y=722.0 eventTime=637459 pointerCount=1
08-15 09:56:29.768   632   653 D WindowManager: MotionEvent: action=ACTION_MOVE x=312.0 y=723.0 eventTime=637468 pointerCount=1
08-15 09:56:29.786     0     0 W [0 T102   ..] jadard_ts_work: Entering
08-15 09:56:29.776   632   653 D WindowManager: MotionEvent: action=ACTION_MOVE x=315.0 y=724.0 eventTime=637476 pointerCount=1
08-15 09:56:29.794     0     0 W [0 T102   ..] jadard_ts_work: Entering
08-15 09:56:29.785   632   653 D WindowManager: MotionEvent: action=ACTION_MOVE x=317.0 y=724.0 eventTime=637484 pointerCount=1
08-15 09:56:29.802     0     0 W [0 T102   ..] jadard_ts_work: Entering
08-15 09:56:29.792  1175  2988 D com.aijia.http.intercept.HttpInterceptLogger: [, , 0]:{Thread:RxCachedThreadScheduler-12}<-- 200 OK https://device.yjdp.komect.com/yjfp/device-user/message/task/polling (66ms)
08-15 09:56:29.792  1175  2988 D com.aijia.http.intercept.HttpInterceptLogger: [, , 0]:{Thread:RxCachedThreadScheduler-12}Date: Sat, 15 Aug 2026 01:56:29 GMT
08-15 09:56:29.792  1175  2988 D com.aijia.http.intercept.HttpInterceptLogger: [, , 0]:{Thread:RxCachedThreadScheduler-12}Content-Type: application/json
08-15 09:56:29.792  1175  2988 D com.aijia.http.intercept.HttpInterceptLogger: [, , 0]:{Thread:RxCachedThreadScheduler-12}Transfer-Encoding: chunked
08-15 09:56:29.792  1175  2988 D com.aijia.http.intercept.HttpInterceptLogger: [, , 0]:{Thread:RxCachedThreadScheduler-12}Connection: keep-alive
08-15 09:56:29.793   632   653 D WindowManager: MotionEvent: action=ACTION_MOVE x=320.0 y=724.0 eventTime=637492 pointerCount=1
08-15 09:56:29.795  1175  2988 D com.aijia.http.intercept.HttpInterceptLogger: [, , 0]:{Thread:RxCachedThreadScheduler-12}Keep-Alive: timeout=60
08-15 09:56:29.795  1175  2988 D com.aijia.http.intercept.HttpInterceptLogger: [, , 0]:{Thread:RxCachedThreadScheduler-12}Server: *
08-15 09:56:29.810     0     0 W [0 T102   ..] jadard_ts_work: Entering
08-15 09:56:29.795  1175  2988 D com.aijia.http.intercept.HttpInterceptLogger: [, , 0]:{Thread:RxCachedThreadScheduler-12}
08-15 09:56:29.795  1175  2988 D com.aijia.http.intercept.HttpInterceptLogger: [, , 0]:{Thread:RxCachedThreadScheduler-12}{"code":"1000000","recode":"200","msg":"成功","message":"成功","data":{"pollingIntervalSec":300}}
08-15 09:56:29.795  1175  2988 D com.aijia.http.intercept.HttpInterceptLogger: [, , 0]:{Thread:RxCachedThreadScheduler-12}<-- END HTTP (101-byte body)
08-15 09:56:29.796  1175  2988 E AppTokenTransformer: [, , 0]:{Thread:RxCachedThreadScheduler-12}apply !! t:com.aijia.http.CommonHttpResult@7420301
08-15 09:56:29.797  1175  1175 D LoopManager: [, , 0]:{Thread:main}getPollingMsg 请求定时任务成功
08-15 09:56:29.797  1175  1175 E LoopManager: [, , 0]:{Thread:main}定时任务间隔时间未发生变更 当前间隔是间：300
08-15 09:56:29.797  1175  1175 D ITask   : [, , 0]:{Thread:main}生成任务 任务Id:null 类型:screensaverAlbum
08-15 09:56:29.797  1175  1175 D ITask   : [, , 0]:{Thread:main}生成屏保配置变化通知任务
08-15 09:56:29.797  1175  1175 E ScreensaverNotifytask: [, , 0]:{Thread:main}connectSettingServer 链接设置服务用于检查屏保配置变化
08-15 09:56:29.798  1175  1175 W ContextImpl: Calling a method in the system process without a qualified user: android.app.ContextImpl.startForegroundService:1905 android.content.ContextWrapper.startForegroundService:830 com.komect.bussness.loop.ScreensaverNotifytask.b:56 com.komect.bussness.loop.ScreensaverNotifytask.c:0 com.komect.bussness.loop.ScreensaverNotifytask.a:0 
08-15 09:56:29.799   632  2007 W ActivityManager: Unable to start service Intent { act=com.komect.ajsettings.OTA_SERVICE pkg=com.komect.ajsettings (has extras) } U=0: not found
08-15 09:56:29.801   632   653 D WindowManager: MotionEvent: action=ACTION_MOVE x=322.0 y=724.0 eventTime=637501 pointerCount=1
08-15 09:56:29.819     0     0 W [0 T102   ..] jadard_ts_work: Entering
08-15 09:56:29.810   632   653 D WindowManager: MotionEvent: action=ACTION_MOVE x=324.0 y=724.0 eventTime=637509 pointerCount=1
08-15 09:56:29.827     0     0 W [0 T102   ..] jadard_ts_work: Entering
08-15 09:56:29.818   632   653 D WindowManager: MotionEvent: action=ACTION_MOVE x=326.0 y=724.0 eventTime=637518 pointerCount=1
08-15 09:56:29.836     0     0 W [0 T102   ..] jadard_ts_work: Entering
08-15 09:56:29.826   632   653 D WindowManager: MotionEvent: action=ACTION_MOVE x=329.0 y=724.0 eventTime=637526 pointerCount=1
08-15 09:56:29.844     0     0 W [0 T102   ..] jadard_ts_work: Entering
08-15 09:56:29.834   537   596 I NU-AmNuPlayerDriver: [#0] [getCurrentPosition][752] position : 60830 msec
08-15 09:56:29.835   632   653 D WindowManager: MotionEvent: action=ACTION_MOVE x=331.0 y=724.0 eventTime=637534 pointerCount=1
08-15 09:56:29.852     0     0 W [0 T102   ..] jadard_ts_work: Entering
08-15 09:56:29.843   632   653 D WindowManager: MotionEvent: action=ACTION_MOVE x=333.0 y=724.0 eventTime=637542 pointerCount=1
08-15 09:56:29.861     0     0 W [0 T102   ..] jadard_ts_work: Entering
08-15 09:56:29.869     0     0 W [0 T102   ..] jadard_ts_work: Entering
08-15 09:56:29.851   632   653 D WindowManager: MotionEvent: action=ACTION_MOVE x=335.0 y=724.0 eventTime=637551 pointerCount=1
08-15 09:56:29.877     0     0 W [0 T102   ..] jadard_ts_work: Entering
08-15 09:56:29.860   632   653 D WindowManager: MotionEvent: action=ACTION_MOVE x=337.0 y=724.0 eventTime=637559 pointerCount=1
08-15 09:56:29.868   632   653 D WindowManager: MotionEvent: action=ACTION_MOVE x=339.0 y=724.0 eventTime=637568 pointerCount=1
08-15 09:56:29.886     0     0 W [0 T102   ..] jadard_ts_work: Entering
08-15 09:56:29.876   632   653 D WindowManager: MotionEvent: action=ACTION_MOVE x=341.0 y=724.0 eventTime=637576 pointerCount=1
08-15 09:56:29.894     0     0 W [0 T102   ..] jadard_ts_work: Entering
08-15 09:56:29.885   632   653 D WindowManager: MotionEvent: action=ACTION_MOVE x=343.0 y=725.0 eventTime=637584 pointerCount=1
08-15 09:56:29.902     0     0 W [0 T102   ..] jadard_ts_work: Entering
08-15 09:56:29.893   632   653 D WindowManager: MotionEvent: action=ACTION_MOVE x=345.0 y=726.0 eventTime=637592 pointerCount=1
08-15 09:56:29.910     0     0 W [0 T102   ..] jadard_ts_work: Entering
08-15 09:56:29.902   632   653 D WindowManager: MotionEvent: action=ACTION_MOVE x=347.0 y=726.0 eventTime=637600 pointerCount=1
08-15 09:56:29.918     0     0 W [0 T102   ..] jadard_ts_work: Entering
08-15 09:56:29.909   632   653 D WindowManager: MotionEvent: action=ACTION_MOVE x=349.0 y=726.0 eventTime=637608 pointerCount=1
08-15 09:56:29.927     0     0 W [0 T102   ..] jadard_ts_work: Entering
08-15 09:56:29.917   632   653 D WindowManager: MotionEvent: action=ACTION_MOVE x=350.0 y=726.0 eventTime=637617 pointerCount=1
08-15 09:56:29.935     0     0 W [0 T102   ..] jadard_ts_work: Entering
08-15 09:56:29.926   632   653 D WindowManager: MotionEvent: action=ACTION_MOVE x=352.0 y=726.0 eventTime=637625 pointerCount=1
08-15 09:56:29.943     0     0 W [0 T102   ..] jadard_ts_work: Entering
08-15 09:56:29.934   632   653 D WindowManager: MotionEvent: action=ACTION_MOVE x=354.0 y=727.0 eventTime=637634 pointerCount=1
08-15 09:56:29.952     0     0 W [0 T102   ..] jadard_ts_work: Entering
08-15 09:56:29.943   632   653 D WindowManager: MotionEvent: action=ACTION_MOVE x=356.0 y=727.0 eventTime=637642 pointerCount=1
08-15 09:56:29.960     0     0 W [0 T102   ..] jadard_ts_work: Entering
08-15 09:56:29.951   632   653 D WindowManager: MotionEvent: action=ACTION_MOVE x=358.0 y=727.0 eventTime=637651 pointerCount=1
08-15 09:56:29.969     0     0 W [0 T102   ..] jadard_ts_work: Entering
08-15 09:56:29.960   632   653 D WindowManager: MotionEvent: action=ACTION_MOVE x=360.0 y=727.0 eventTime=637659 pointerCount=1
08-15 09:56:29.977     0     0 W [0 T102   ..] jadard_ts_work: Entering
08-15 09:56:29.986     0     0 W [0 T102   ..] jadard_ts_work: Entering
08-15 09:56:29.968   632   653 D WindowManager: MotionEvent: action=ACTION_MOVE x=362.0 y=727.0 eventTime=637667 pointerCount=1
08-15 09:56:29.977   632   653 D WindowManager: MotionEvent: action=ACTION_MOVE x=364.0 y=727.0 eventTime=637676 pointerCount=1
08-15 09:56:29.994     0     0 W [0 T102   ..] jadard_ts_work: Entering
08-15 09:56:29.985   632   653 D WindowManager: MotionEvent: action=ACTION_MOVE x=366.0 y=727.0 eventTime=637684 pointerCount=1
08-15 09:56:30.002     0     0 W [0 T102   ..] jadard_ts_work: Entering
08-15 09:56:29.993   632   653 D WindowManager: MotionEvent: action=ACTION_MOVE x=368.0 y=727.0 eventTime=637692 pointerCount=1
08-15 09:56:30.010     0     0 W [0 T102   ..] jadard_ts_work: Entering
08-15 09:56:30.001   632   653 D WindowManager: MotionEvent: action=ACTION_MOVE x=370.0 y=727.0 eventTime=637701 pointerCount=1
08-15 09:56:30.019     0     0 W [0 T102   ..] jadard_ts_work: Entering
08-15 09:56:30.010   632   653 D WindowManager: MotionEvent: action=ACTION_MOVE x=372.0 y=727.0 eventTime=637709 pointerCount=1
08-15 09:56:30.027     0     0 W [0 T102   ..] jadard_ts_work: Entering
08-15 09:56:30.013  1175  3102 D com.aijia.http.intercept.HttpInterceptLogger: [, , 0]:{Thread:RxCachedThreadScheduler-13}<-- 200 OK https://device.yjdp.komect.com/yjfp/device-user/device/group/bind/pollingObject (282ms)
08-15 09:56:30.013  1175  3102 D com.aijia.http.intercept.HttpInterceptLogger: [, , 0]:{Thread:RxCachedThreadScheduler-13}Date: Sat, 15 Aug 2026 01:56:29 GMT
08-15 09:56:30.013  1175  3102 D com.aijia.http.intercept.HttpInterceptLogger: [, , 0]:{Thread:RxCachedThreadScheduler-13}Content-Type: application/json
08-15 09:56:30.013  1175  3102 D com.aijia.http.intercept.HttpInterceptLogger: [, , 0]:{Thread:RxCachedThreadScheduler-13}Transfer-Encoding: chunked
08-15 09:56:30.013  1175  3102 D com.aijia.http.intercept.HttpInterceptLogger: [, , 0]:{Thread:RxCachedThreadScheduler-13}Connection: keep-alive
08-15 09:56:30.013  1175  3102 D com.aijia.http.intercept.HttpInterceptLogger: [, , 0]:{Thread:RxCachedThreadScheduler-13}Keep-Alive: timeout=60
08-15 09:56:30.013  1175  3102 D com.aijia.http.intercept.HttpInterceptLogger: [, , 0]:{Thread:RxCachedThreadScheduler-13}Server: *
08-15 09:56:30.014  1175  3102 D com.aijia.http.intercept.HttpInterceptLogger: [, , 0]:{Thread:RxCachedThreadScheduler-13}
08-15 09:56:30.014  1175  3102 D com.aijia.http.intercept.HttpInterceptLogger: [, , 0]:{Thread:RxCachedThreadScheduler-13}{"code":"1000000","recode":"200","msg":"成功","message":"成功","data":{"bizCode":"52","desktopObject":{"desktopObjectId":"489732426155688094","desktopObjectName":"【仅限260版本】标准+长辈-入库测试桌面组","desktopObjectType":"desktopGroup","reqType":2,"bizCode":"52"},"applictionObject":{"applicationObjectId":"2070746915408060416","bizCode":"52"},"settingObject":null,"configObject":{"wirelessProjectionStatus":1},"groupObject":{"groupId":"06fedc040d414de1a81c5e33b5402f14","appInstallPermission":0,"groupEnv":null}}}
08-15 09:56:30.014  1175  3102 D com.aijia.http.intercept.HttpInterceptLogger: [, , 0]:{Thread:RxCachedThreadScheduler-13}<-- END HTTP (538-byte body)
08-15 09:56:30.015  1175  3102 E AppTokenTransformer: [, , 0]:{Thread:RxCachedThreadScheduler-13}apply !! t:com.aijia.http.CommonHttpResult@b493bfb
08-15 09:56:30.018   632   653 D WindowManager: MotionEvent: action=ACTION_MOVE x=374.0 y=727.0 eventTime=637717 pointerCount=1
08-15 09:56:30.036     0     0 W [0 T102   ..] jadard_ts_work: Entering
08-15 09:56:30.026   632   653 D WindowManager: MotionEvent: action=ACTION_MOVE x=376.0 y=727.0 eventTime=637726 pointerCount=1
08-15 09:56:30.026  1175  1175 I mect.ajlauncher: type=1400 audit(0.0:1548): avc:  denied  { setattr } for  name="AJDatabase.db" dev="dm-25" ino=1258 scontext=u:r:zygote:s0 tcontext=u:object_r:system_data_file:s0 tclass=file permissive=1
08-15 09:56:30.044     0     0 W [0 T102   ..] jadard_ts_work: Entering
08-15 09:56:30.028  1175  1175 I SetttingDao: [, , 0]:{Thread:main}replace row ID:125
08-15 09:56:30.028  1175  1175 I SetttingDao: [, , 0]:{Thread:main}replace row ID:126
08-15 09:56:30.028  1175  1175 I SetttingDao: [, , 0]:{Thread:main}replace row ID:127
08-15 09:56:30.035   632   653 D WindowManager: MotionEvent: action=ACTION_MOVE x=378.0 y=727.0 eventTime=637734 pointerCount=1
08-15 09:56:30.052     0     0 W [0 T102   ..] jadard_ts_work: Entering
08-15 09:56:30.060     0     0 W [0 T102   ..] jadard_ts_work: Entering
08-15 09:56:30.043   632   653 D WindowManager: MotionEvent: action=ACTION_MOVE x=380.0 y=727.0 eventTime=637742 pointerCount=1
08-15 09:56:30.069     0     0 W [0 T102   ..] jadard_ts_work: Entering
08-15 09:56:30.051   632   653 D WindowManager: MotionEvent: action=ACTION_MOVE x=381.0 y=727.0 eventTime=637751 pointerCount=1
08-15 09:56:30.059   632   653 D WindowManager: MotionEvent: action=ACTION_MOVE x=383.0 y=727.0 eventTime=637758 pointerCount=1
08-15 09:56:30.076     0     0 W [0 T102   ..] jadard_ts_work: Entering
08-15 09:56:30.064  1175  1175 I LoopManager: [, , 0]:{Thread:main}getBindGroupObject EpgHomeFragment 更新BindGroupObject后，发送BindGroupObjectEvent 让编排EpgHomeActivity检查配置更新
08-15 09:56:30.064  1175  1175 D EpgHomeActivity: [, , 0]:{Thread:main}EpgHomeFragment 收到BindGroupObjectEvent刷新事件
08-15 09:56:30.064  1175  1175 D EpgHomeActivity: [, , 0]:{Thread:main}desktopIdOrGroupChange EpgHomeFragment 查看桌面id是否有变化
08-15 09:56:30.065  1175  1175 D EpgHomeActivity: [, , 0]:{Thread:main}EpgHomeFragment desktopIdOrGroupChange 桌面ID有变化没有变化，无法判断版本是否有变化，让编排SDK自行判断
08-15 09:56:30.085     0     0 W [0 T102   ..] jadard_ts_work: Entering
08-15 09:56:30.069   632   653 D WindowManager: MotionEvent: action=ACTION_MOVE x=384.0 y=727.0 eventTime=637767 pointerCount=1
08-15 09:56:30.093     0     0 W [0 T102   ..] jadard_ts_work: Entering
08-15 09:56:30.076   632   653 D WindowManager: MotionEvent: action=ACTION_MOVE x=386.0 y=727.0 eventTime=637775 pointerCount=1
08-15 09:56:30.084   632   653 D WindowManager: MotionEvent: action=ACTION_MOVE x=387.0 y=727.0 eventTime=637783 pointerCount=1
08-15 09:56:30.102     0     0 W [0 T102   ..] jadard_ts_work: Entering
08-15 09:56:30.093   632   653 D WindowManager: MotionEvent: action=ACTION_MOVE x=389.0 y=727.0 eventTime=637792 pointerCount=1
08-15 09:56:30.110     0     0 W [0 T102   ..] jadard_ts_work: Entering
08-15 09:56:30.103   632   653 D WindowManager: MotionEvent: action=ACTION_MOVE x=390.0 y=728.0 eventTime=637800 pointerCount=1
08-15 09:56:30.118     0     0 W [0 T102   ..] jadard_ts_work: Entering
08-15 09:56:30.109   632   653 D WindowManager: MotionEvent: action=ACTION_MOVE x=391.0 y=728.0 eventTime=637809 pointerCount=1
08-15 09:56:30.127     0     0 W [0 T102   ..] jadard_ts_work: Entering
08-15 09:56:30.117   632   653 D WindowManager: MotionEvent: action=ACTION_MOVE x=392.0 y=728.0 eventTime=637817 pointerCount=1
08-15 09:56:30.135     0     0 W [0 T102   ..] jadard_ts_work: Entering
08-15 09:56:30.126   632   653 D WindowManager: MotionEvent: action=ACTION_MOVE x=393.0 y=728.0 eventTime=637826 pointerCount=1
08-15 09:56:30.144     0     0 W [0 T102   ..] jadard_ts_work: Entering
08-15 09:56:30.135   632   653 D WindowManager: MotionEvent: action=ACTION_MOVE x=394.0 y=729.0 eventTime=637834 pointerCount=1
08-15 09:56:30.152     0     0 W [0 T102   ..] jadard_ts_work: Entering
08-15 09:56:30.160     0     0 W [0 T102   ..] jadard_ts_work: Entering
08-15 09:56:30.144   632   653 D WindowManager: MotionEvent: action=ACTION_MOVE x=396.0 y=729.0 eventTime=637842 pointerCount=1
08-15 09:56:30.169     0     0 W [0 T102   ..] jadard_ts_work: Entering
08-15 09:56:30.151   632   653 D WindowManager: MotionEvent: action=ACTION_MOVE x=397.0 y=729.0 eventTime=637851 pointerCount=1
08-15 09:56:30.177     0     0 W [0 T102   ..] jadard_ts_work: Entering
08-15 09:56:30.160   632   653 D WindowManager: MotionEvent: action=ACTION_MOVE x=398.0 y=729.0 eventTime=637859 pointerCount=1
08-15 09:56:30.168   632   653 D WindowManager: MotionEvent: action=ACTION_MOVE x=399.0 y=729.0 eventTime=637868 pointerCount=1
08-15 09:56:30.186     0     0 W [0 T102   ..] jadard_ts_work: Entering
08-15 09:56:30.176   632   653 D WindowManager: MotionEvent: action=ACTION_MOVE x=400.0 y=729.0 eventTime=637876 pointerCount=1
08-15 09:56:30.194     0     0 W [0 T102   ..] jadard_ts_work: Entering
08-15 09:56:30.185   632   653 D WindowManager: MotionEvent: action=ACTION_MOVE x=401.0 y=729.0 eventTime=637884 pointerCount=1
08-15 09:56:30.202     0     0 W [0 T102   ..] jadard_ts_work: Entering
08-15 09:56:30.193   632   653 D WindowManager: MotionEvent: action=ACTION_MOVE x=402.0 y=729.0 eventTime=637893 pointerCount=1
08-15 09:56:30.211     0     0 W [0 T102   ..] jadard_ts_work: Entering
08-15 09:56:30.219     0     0 W [0 T102   ..] jadard_ts_work: Entering
08-15 09:56:30.203   632   653 D WindowManager: MotionEvent: action=ACTION_MOVE x=403.0 y=728.0 eventTime=637901 pointerCount=1
08-15 09:56:30.211   632   653 D WindowManager: MotionEvent: action=ACTION_MOVE x=404.0 y=728.0 eventTime=637909 pointerCount=1
08-15 09:56:30.227     0     0 W [0 T102   ..] jadard_ts_work: Entering
08-15 09:56:30.218   632   653 D WindowManager: MotionEvent: action=ACTION_MOVE x=405.0 y=728.0 eventTime=637917 pointerCount=1
08-15 09:56:30.236     0     0 W [0 T102   ..] jadard_ts_work: Entering
08-15 09:56:30.226   632   653 D WindowManager: MotionEvent: action=ACTION_MOVE x=406.0 y=728.0 eventTime=637926 pointerCount=1
08-15 09:56:30.244     0     0 W [0 T102   ..] jadard_ts_work: Entering
08-15 09:56:30.235   632   653 D WindowManager: MotionEvent: action=ACTION_MOVE x=407.0 y=728.0 eventTime=637934 pointerCount=1
08-15 09:56:30.252     0     0 W [0 T102   ..] jadard_ts_work: Entering
08-15 09:56:30.243   632   653 D WindowManager: MotionEvent: action=ACTION_MOVE x=408.0 y=728.0 eventTime=637942 pointerCount=1
08-15 09:56:30.260     0     0 W [0 T102   ..] jadard_ts_work: Entering
08-15 09:56:30.269     0     0 W [0 T102   ..] jadard_ts_work: Entering
08-15 09:56:30.252   632   653 D WindowManager: MotionEvent: action=ACTION_MOVE x=409.0 y=728.0 eventTime=637951 pointerCount=1
08-15 09:56:30.277     0     0 W [0 T102   ..] jadard_ts_work: Entering
08-15 09:56:30.259   632   653 D WindowManager: MotionEvent: action=ACTION_MOVE x=410.0 y=728.0 eventTime=637959 pointerCount=1
08-15 09:56:30.269   632   653 D WindowManager: MotionEvent: action=ACTION_MOVE x=411.0 y=728.0 eventTime=637968 pointerCount=1
08-15 09:56:30.286     0     0 W [0 T102   ..] jadard_ts_work: Entering
08-15 09:56:30.277   632   653 D WindowManager: MotionEvent: action=ACTION_MOVE x=412.0 y=728.0 eventTime=637976 pointerCount=1
08-15 09:56:30.294     0     0 W [0 T102   ..] jadard_ts_work: Entering
08-15 09:56:30.284   632   653 D WindowManager: MotionEvent: action=ACTION_MOVE x=413.0 y=728.0 eventTime=637984 pointerCount=1
08-15 09:56:30.302     0     0 W [0 T102   ..] jadard_ts_work: Entering
08-15 09:56:30.293   632   653 D WindowManager: MotionEvent: action=ACTION_MOVE x=414.0 y=728.0 eventTime=637992 pointerCount=1
08-15 09:56:30.310     0     0 W [0 T102   ..] jadard_ts_work: Entering
08-15 09:56:30.301   632   653 D WindowManager: MotionEvent: action=ACTION_MOVE x=415.0 y=728.0 eventTime=638001 pointerCount=1
08-15 09:56:30.319     0     0 W [0 T102   ..] jadard_ts_work: Entering
08-15 09:56:30.310   632   653 D WindowManager: MotionEvent: action=ACTION_MOVE x=416.0 y=728.0 eventTime=638009 pointerCount=1
08-15 09:56:30.327     0     0 W [0 T102   ..] jadard_ts_work: Entering
08-15 09:56:30.318   632   653 D WindowManager: MotionEvent: action=ACTION_MOVE x=416.0 y=728.0 eventTime=638017 pointerCount=1
08-15 09:56:30.336     0     0 W [0 T102   ..] jadard_ts_work: Entering
08-15 09:56:30.326   632   653 D WindowManager: MotionEvent: action=ACTION_MOVE x=417.0 y=728.0 eventTime=638026 pointerCount=1
08-15 09:56:30.344     0     0 W [0 T102   ..] jadard_ts_work: Entering
08-15 09:56:30.352     0     0 W [0 T102   ..] jadard_ts_work: Entering
08-15 09:56:30.335   632   653 D WindowManager: MotionEvent: action=ACTION_MOVE x=418.0 y=728.0 eventTime=638034 pointerCount=1
08-15 09:56:30.343   632   653 D WindowManager: MotionEvent: action=ACTION_MOVE x=419.0 y=728.0 eventTime=638042 pointerCount=1
08-15 09:56:30.360     0     0 W [0 T102   ..] jadard_ts_work: Entering
08-15 09:56:30.369     0     0 W [0 T102   ..] jadard_ts_work: Entering
08-15 09:56:30.353   632   653 D WindowManager: MotionEvent: action=ACTION_MOVE x=419.0 y=728.0 eventTime=638051 pointerCount=1
08-15 09:56:30.359   632   653 D WindowManager: MotionEvent: action=ACTION_MOVE x=420.0 y=728.0 eventTime=638059 pointerCount=1
08-15 09:56:30.377     0     0 W [0 T102   ..] jadard_ts_work: Entering
08-15 09:56:30.368   632   653 D WindowManager: MotionEvent: action=ACTION_MOVE x=420.0 y=728.0 eventTime=638068 pointerCount=1
08-15 09:56:30.386     0     0 W [0 T102   ..] jadard_ts_work: Entering
08-15 09:56:30.376   632   653 D WindowManager: MotionEvent: action=ACTION_MOVE x=421.0 y=728.0 eventTime=638076 pointerCount=1
08-15 09:56:30.394     0     0 W [0 T102   ..] jadard_ts_work: Entering
08-15 09:56:30.385   632   653 D WindowManager: MotionEvent: action=ACTION_MOVE x=421.0 y=728.0 eventTime=638084 pointerCount=1
08-15 09:56:30.402     0     0 W [0 T102   ..] jadard_ts_work: Entering
08-15 09:56:30.393   632   653 D WindowManager: MotionEvent: action=ACTION_MOVE x=422.0 y=728.0 eventTime=638092 pointerCount=1
08-15 09:56:30.410     0     0 W [0 T102   ..] jadard_ts_work: Entering
08-15 09:56:30.401   632   653 D WindowManager: MotionEvent: action=ACTION_MOVE x=422.0 y=728.0 eventTime=638101 pointerCount=1
08-15 09:56:30.419     0     0 W [0 T102   ..] jadard_ts_work: Entering
08-15 09:56:30.427     0     0 W [0 T102   ..] jadard_ts_work: Entering
08-15 09:56:30.410   632   653 D WindowManager: MotionEvent: action=ACTION_MOVE x=423.0 y=728.0 eventTime=638109 pointerCount=1
08-15 09:56:30.418   632   653 D WindowManager: MotionEvent: action=ACTION_MOVE x=423.0 y=728.0 eventTime=638118 pointerCount=1
08-15 09:56:30.436     0     0 W [0 T102   ..] jadard_ts_work: Entering
08-15 09:56:30.444     0     0 W [0 T102   ..] jadard_ts_work: Entering
08-15 09:56:30.452     0     0 W [0 T102   ..] jadard_ts_work: Entering
08-15 09:56:30.436   632   653 D WindowManager: MotionEvent: action=ACTION_MOVE x=423.0 y=728.0 eventTime=638134 pointerCount=1
08-15 09:56:30.443   632   653 D WindowManager: MotionEvent: action=ACTION_MOVE x=424.0 y=728.0 eventTime=638142 pointerCount=1
08-15 09:56:30.460     0     0 W [0 T102   ..] jadard_ts_work: Entering
08-15 09:56:30.452   632   653 D WindowManager: MotionEvent: action=ACTION_MOVE x=424.0 y=728.0 eventTime=638151 pointerCount=1
08-15 09:56:30.469     0     0 W [0 T102   ..] jadard_ts_work: Entering
08-15 09:56:30.477     0     0 W [0 T102   ..] jadard_ts_work: Entering
08-15 09:56:30.460   632   653 D WindowManager: MotionEvent: action=ACTION_MOVE x=424.0 y=728.0 eventTime=638159 pointerCount=1
08-15 09:56:30.468   632   653 D WindowManager: MotionEvent: action=ACTION_MOVE x=424.0 y=728.0 eventTime=638168 pointerCount=1
08-15 09:56:30.486     0     0 W [0 T102   ..] jadard_ts_work: Entering
08-15 09:56:30.476   632   653 D WindowManager: MotionEvent: action=ACTION_MOVE x=424.0 y=728.0 eventTime=638176 pointerCount=1
08-15 09:56:30.494     0     0 W [0 T102   ..] jadard_ts_work: Entering
08-15 09:56:30.486   632   653 D WindowManager: MotionEvent: action=ACTION_MOVE x=424.0 y=728.0 eventTime=638184 pointerCount=1
08-15 09:56:30.502     0     0 W [0 T102   ..] jadard_ts_work: Entering
08-15 09:56:30.493   632   653 D WindowManager: MotionEvent: action=ACTION_MOVE x=425.0 y=728.0 eventTime=638192 pointerCount=1
08-15 09:56:30.510     0     0 W [0 T102   ..] jadard_ts_work: Entering
08-15 09:56:30.501   632   653 D WindowManager: MotionEvent: action=ACTION_MOVE x=425.0 y=728.0 eventTime=638201 pointerCount=1
08-15 09:56:30.519     0     0 W [0 T102   ..] jadard_ts_work: Entering
08-15 09:56:30.510   632   653 D WindowManager: MotionEvent: action=ACTION_MOVE x=425.0 y=728.0 eventTime=638209 pointerCount=1
08-15 09:56:30.527     0     0 W [0 T102   ..] jadard_ts_work: Entering
08-15 09:56:30.536     0     0 W [0 T102   ..] jadard_ts_work: Entering
08-15 09:56:30.519   632   653 D WindowManager: MotionEvent: action=ACTION_MOVE x=425.0 y=728.0 eventTime=638218 pointerCount=1
08-15 09:56:30.544     0     0 W [0 T102   ..] jadard_ts_work: Entering
08-15 09:56:30.535   632   653 D WindowManager: MotionEvent: action=ACTION_MOVE x=425.0 y=728.0 eventTime=638234 pointerCount=1
08-15 09:56:30.552     0     0 W [0 T102   ..] jadard_ts_work: Entering
08-15 09:56:30.543   632   653 D WindowManager: MotionEvent: action=ACTION_MOVE x=425.0 y=728.0 eventTime=638242 pointerCount=1
08-15 09:56:30.560     0     0 W [0 T102   ..] jadard_ts_work: Entering
08-15 09:56:30.569     0     0 W [0 T102   ..] jadard_ts_work: Entering
08-15 09:56:30.553   632   653 D WindowManager: MotionEvent: action=ACTION_MOVE x=426.0 y=728.0 eventTime=638251 pointerCount=1
08-15 09:56:30.559   632   653 D WindowManager: MotionEvent: action=ACTION_MOVE x=426.0 y=728.0 eventTime=638259 pointerCount=1
08-15 09:56:30.577     0     0 W [0 T102   ..] jadard_ts_work: Entering
08-15 09:56:30.568   632   653 D WindowManager: MotionEvent: action=ACTION_MOVE x=426.0 y=728.0 eventTime=638268 pointerCount=1
08-15 09:56:30.586     0     0 W [0 T102   ..] jadard_ts_work: Entering
08-15 09:56:30.594     0     0 W [0 T102   ..] jadard_ts_work: Entering
08-15 09:56:30.586   632   653 D WindowManager: MotionEvent: action=ACTION_MOVE x=427.0 y=728.0 eventTime=638284 pointerCount=1
08-15 09:56:30.602     0     0 W [0 T102   ..] jadard_ts_work: Entering
08-15 09:56:30.593   632   653 D WindowManager: MotionEvent: action=ACTION_MOVE x=427.0 y=728.0 eventTime=638292 pointerCount=1
08-15 09:56:30.610     0     0 W [0 T102   ..] jadard_ts_work: Entering
08-15 09:56:30.603   632   653 D WindowManager: MotionEvent: action=ACTION_MOVE x=427.0 y=728.0 eventTime=638300 pointerCount=1
08-15 09:56:30.618     0     0 W [0 T102   ..] jadard_ts_work: Entering
08-15 09:56:30.610   632   653 D WindowManager: MotionEvent: action=ACTION_MOVE x=427.0 y=728.0 eventTime=638309 pointerCount=1
08-15 09:56:30.627     0     0 W [0 T102   ..] jadard_ts_work: Entering
08-15 09:56:30.619   632   653 D WindowManager: MotionEvent: action=ACTION_MOVE x=428.0 y=728.0 eventTime=638318 pointerCount=1
08-15 09:56:30.636     0     0 W [0 T102   ..] jadard_ts_work: Entering
08-15 09:56:30.626   632   653 D WindowManager: MotionEvent: action=ACTION_MOVE x=428.0 y=728.0 eventTime=638325 pointerCount=1
08-15 09:56:30.643     0     0 W [0 T102   ..] jadard_ts_work: Entering
08-15 09:56:30.634   632   653 D WindowManager: MotionEvent: action=ACTION_MOVE x=428.0 y=728.0 eventTime=638334 pointerCount=1
08-15 09:56:30.652     0     0 W [0 T102   ..] jadard_ts_work: Entering
08-15 09:56:30.660     0     0 W [0 T102   ..] jadard_ts_work: Entering
08-15 09:56:30.644   632   653 D WindowManager: MotionEvent: action=ACTION_MOVE x=428.0 y=728.0 eventTime=638342 pointerCount=1
08-15 09:56:30.651   632   653 D WindowManager: MotionEvent: action=ACTION_MOVE x=429.0 y=728.0 eventTime=638350 pointerCount=1
08-15 09:56:30.669     0     0 W [0 T102   ..] jadard_ts_work: Entering
08-15 09:56:30.659   632   653 D WindowManager: MotionEvent: action=ACTION_MOVE x=429.0 y=728.0 eventTime=638358 pointerCount=1
08-15 09:56:30.676     0     0 W [0 T102   ..] jadard_ts_work: Entering
08-15 09:56:30.685     0     0 W [0 T102   ..] jadard_ts_work: Entering
08-15 09:56:30.667   632   653 D WindowManager: MotionEvent: action=ACTION_MOVE x=429.0 y=728.0 eventTime=638367 pointerCount=1
08-15 09:56:30.693     0     0 W [0 T102   ..] jadard_ts_work: Entering
08-15 09:56:30.676   632   653 D WindowManager: MotionEvent: action=ACTION_MOVE x=429.0 y=728.0 eventTime=638375 pointerCount=1
08-15 09:56:30.684   632   653 D WindowManager: MotionEvent: action=ACTION_MOVE x=430.0 y=729.0 eventTime=638384 pointerCount=1
08-15 09:56:30.702     0     0 W [0 T102   ..] jadard_ts_work: Entering
08-15 09:56:30.692   632   653 D WindowManager: MotionEvent: action=ACTION_MOVE x=431.0 y=729.0 eventTime=638392 pointerCount=1
08-15 09:56:30.710     0     0 W [0 T102   ..] jadard_ts_work: Entering
08-15 09:56:30.701   632   653 D WindowManager: MotionEvent: action=ACTION_MOVE x=431.0 y=729.0 eventTime=638400 pointerCount=1
08-15 09:56:30.718     0     0 W [0 T102   ..] jadard_ts_work: Entering
08-15 09:56:30.726     0     0 W [0 T102   ..] jadard_ts_work: Entering
08-15 09:56:30.718   632   653 D WindowManager: MotionEvent: action=ACTION_MOVE x=431.0 y=729.0 eventTime=638417 pointerCount=1
08-15 09:56:30.735     0     0 W [0 T102   ..] jadard_ts_work: Entering
08-15 09:56:30.725   632   653 D WindowManager: MotionEvent: action=ACTION_MOVE x=431.0 y=729.0 eventTime=638425 pointerCount=1
08-15 09:56:30.743     0     0 W [0 T102   ..] jadard_ts_work: Entering
08-15 09:56:30.734   632   653 D WindowManager: MotionEvent: action=ACTION_MOVE x=432.0 y=730.0 eventTime=638434 pointerCount=1
08-15 09:56:30.752     0     0 W [0 T102   ..] jadard_ts_work: Entering
08-15 09:56:30.743   632   653 D WindowManager: MotionEvent: action=ACTION_MOVE x=433.0 y=730.0 eventTime=638442 pointerCount=1
08-15 09:56:30.760     0     0 W [0 T102   ..] jadard_ts_work: Entering
08-15 09:56:30.751   632   653 D WindowManager: MotionEvent: action=ACTION_MOVE x=433.0 y=730.0 eventTime=638450 pointerCount=1
08-15 09:56:30.769     0     0 W [0 T102   ..] jadard_ts_work: Entering
08-15 09:56:30.759   632   653 D WindowManager: MotionEvent: action=ACTION_MOVE x=433.0 y=730.0 eventTime=638458 pointerCount=1
08-15 09:56:30.776     0     0 W [0 T102   ..] jadard_ts_work: Entering
08-15 09:56:30.768   632   653 D WindowManager: MotionEvent: action=ACTION_MOVE x=433.0 y=730.0 eventTime=638467 pointerCount=1
08-15 09:56:30.785     0     0 W [0 T102   ..] jadard_ts_work: Entering
08-15 09:56:30.793     0     0 W [0 T102   ..] jadard_ts_work: Entering
08-15 09:56:30.776   632   653 D WindowManager: MotionEvent: action=ACTION_MOVE x=433.0 y=730.0 eventTime=638475 pointerCount=1
08-15 09:56:30.782   537  3031 D BufferPoolAccessor2.0: bufferpool2 0xe8602788 : 9(18874368 size) total buffers - 4(8388608 size) used buffers - 2049/2066 (recycle/alloc) - 25/4126 (fetch/transfer)
08-15 09:56:30.784   632   653 D WindowManager: MotionEvent: action=ACTION_MOVE x=434.0 y=731.0 eventTime=638484 pointerCount=1
08-15 09:56:30.802     0     0 W [0 T102   ..] jadard_ts_work: Entering
08-15 09:56:30.792   632   653 D WindowManager: MotionEvent: action=ACTION_MOVE x=434.0 y=731.0 eventTime=638492 pointerCount=1
08-15 09:56:30.810     0     0 W [0 T102   ..] jadard_ts_work: Entering
08-15 09:56:30.801   632   653 D WindowManager: MotionEvent: action=ACTION_MOVE x=434.0 y=731.0 eventTime=638500 pointerCount=1
08-15 09:56:30.819     0     0 W [0 T102   ..] jadard_ts_work: Entering
08-15 09:56:30.809   632   653 D WindowManager: MotionEvent: action=ACTION_MOVE x=434.0 y=731.0 eventTime=638508 pointerCount=1
08-15 09:56:30.826     0     0 W [0 T102   ..] jadard_ts_work: Entering
08-15 09:56:30.817   632   653 D WindowManager: MotionEvent: action=ACTION_MOVE x=435.0 y=731.0 eventTime=638517 pointerCount=1
08-15 09:56:30.835     0     0 W [0 T102   ..] jadard_ts_work: Entering
08-15 09:56:30.843     0     0 W [0 T102   ..] jadard_ts_work: Entering
08-15 09:56:30.834   632   653 D WindowManager: MotionEvent: action=ACTION_MOVE x=435.0 y=731.0 eventTime=638534 pointerCount=1
08-15 09:56:30.852     0     0 W [0 T102   ..] jadard_ts_work: Entering
08-15 09:56:30.860     0     0 W [0 T102   ..] jadard_ts_work: Entering
08-15 09:56:30.844   632   653 D WindowManager: MotionEvent: action=ACTION_MOVE x=435.0 y=731.0 eventTime=638542 pointerCount=1
08-15 09:56:30.868     0     0 W [0 T102   ..] jadard_ts_work: Entering
08-15 09:56:30.852   632   653 D WindowManager: MotionEvent: action=ACTION_MOVE x=436.0 y=731.0 eventTime=638550 pointerCount=1
08-15 09:56:30.877     0     0 W [0 T102   ..] jadard_ts_work: Entering
08-15 09:56:30.867   632   653 D WindowManager: MotionEvent: action=ACTION_MOVE x=436.0 y=732.0 eventTime=638567 pointerCount=1
08-15 09:56:30.885     0     0 W [0 T102   ..] jadard_ts_work: Entering
08-15 09:56:30.893     0     0 W [0 T102   ..] jadard_ts_work: Entering
08-15 09:56:30.877   632   653 D WindowManager: MotionEvent: action=ACTION_MOVE x=436.0 y=732.0 eventTime=638575 pointerCount=1
08-15 09:56:30.887   632   653 D WindowManager: MotionEvent: action=ACTION_MOVE x=436.0 y=732.0 eventTime=638584 pointerCount=1
08-15 09:56:30.902     0     0 W [0 T102   ..] jadard_ts_work: Entering
08-15 09:56:30.893   632   653 D WindowManager: MotionEvent: action=ACTION_MOVE x=436.0 y=732.0 eventTime=638592 pointerCount=1
08-15 09:56:30.910     0     0 W [0 T102   ..] jadard_ts_work: Entering
08-15 09:56:30.901   632   653 D WindowManager: MotionEvent: action=ACTION_MOVE x=437.0 y=732.0 eventTime=638600 pointerCount=1
08-15 09:56:30.918     0     0 W [0 T102   ..] jadard_ts_work: Entering
08-15 09:56:30.909   632   653 D WindowManager: MotionEvent: action=ACTION_MOVE x=437.0 y=732.0 eventTime=638608 pointerCount=1
08-15 09:56:30.926     0     0 W [0 T102   ..] jadard_ts_work: Entering
08-15 09:56:30.918   632   653 D WindowManager: MotionEvent: action=ACTION_MOVE x=437.0 y=732.0 eventTime=638617 pointerCount=1
08-15 09:56:30.935     0     0 W [0 T102   ..] jadard_ts_work: Entering
08-15 09:56:30.926   632   653 D WindowManager: MotionEvent: action=ACTION_MOVE x=437.0 y=732.0 eventTime=638625 pointerCount=1
08-15 09:56:30.943     0     0 W [0 T102   ..] jadard_ts_work: Entering
08-15 09:56:30.934   632   653 D WindowManager: MotionEvent: action=ACTION_MOVE x=437.0 y=732.0 eventTime=638633 pointerCount=1
08-15 09:56:30.952     0     0 W [0 T102   ..] jadard_ts_work: Entering
08-15 09:56:30.960     0     0 W [0 T102   ..] jadard_ts_work: Entering
08-15 09:56:30.951   632   653 D WindowManager: MotionEvent: action=ACTION_MOVE x=438.0 y=732.0 eventTime=638650 pointerCount=1
08-15 09:56:30.968     0     0 W [0 T102   ..] jadard_ts_work: Entering
08-15 09:56:30.959   632   653 D WindowManager: MotionEvent: action=ACTION_MOVE x=438.0 y=732.0 eventTime=638658 pointerCount=1
08-15 09:56:30.976     0     0 W [0 T102   ..] jadard_ts_work: Entering
08-15 09:56:30.968   632   653 D WindowManager: MotionEvent: action=ACTION_MOVE x=438.0 y=732.0 eventTime=638667 pointerCount=1
08-15 09:56:30.985     0     0 W [0 T102   ..] jadard_ts_work: Entering
08-15 09:56:30.993     0     0 W [0 T102   ..] jadard_ts_work: Entering
08-15 09:56:31.002     0     0 W [0 T102   ..] jadard_ts_work: Entering
08-15 09:56:30.986   632   653 D WindowManager: MotionEvent: action=ACTION_MOVE x=438.0 y=732.0 eventTime=638684 pointerCount=1
08-15 09:56:31.010     0     0 W [0 T102   ..] jadard_ts_work: Entering
08-15 09:56:31.001   632   653 D WindowManager: MotionEvent: action=ACTION_MOVE x=438.0 y=733.0 eventTime=638700 pointerCount=1
08-15 09:56:31.018     0     0 W [0 T102   ..] jadard_ts_work: Entering
08-15 09:56:31.026     0     0 W [0 T102   ..] jadard_ts_work: Entering
08-15 09:56:31.019   632   653 D WindowManager: MotionEvent: action=ACTION_MOVE x=439.0 y=733.0 eventTime=638717 pointerCount=1
08-15 09:56:31.035     0     0 W [0 T102   ..] jadard_ts_work: Entering
08-15 09:56:31.025   537   596 I NU-AmNuPlayerDriver: [#0] [getCurrentPosition][752] position : 62021 msec
08-15 09:56:31.025   632   653 D WindowManager: MotionEvent: action=ACTION_MOVE x=439.0 y=733.0 eventTime=638725 pointerCount=1
08-15 09:56:31.043     0     0 W [0 T102   ..] jadard_ts_work: Entering
08-15 09:56:31.034   632   653 D WindowManager: MotionEvent: action=ACTION_MOVE x=439.0 y=733.0 eventTime=638734 pointerCount=1
08-15 09:56:31.052     0     0 W [0 T102   ..] jadard_ts_work: Entering
08-15 09:56:31.042   632   653 D WindowManager: MotionEvent: action=ACTION_MOVE x=439.0 y=733.0 eventTime=638742 pointerCount=1
08-15 09:56:31.060     0     0 W [0 T102   ..] jadard_ts_work: Entering
08-15 09:56:31.051   632   653 D WindowManager: MotionEvent: action=ACTION_MOVE x=439.0 y=733.0 eventTime=638750 pointerCount=1
08-15 09:56:31.069     0     0 W [0 T102   ..] jadard_ts_work: Entering
08-15 09:56:31.076     0     0 W [0 T102   ..] jadard_ts_work: Entering
08-15 09:56:31.059   632   653 D WindowManager: MotionEvent: action=ACTION_MOVE x=439.0 y=733.0 eventTime=638758 pointerCount=1
08-15 09:56:31.066  1175  1175 I EpgHomeFragment: [, , 0]:{Thread:main}收到刷新桌面的事件
08-15 09:56:31.066  1175  1175 I ReflashDesktopPresenter: [, , 0]:{Thread:main}requestDeskktopList desktopGroupId:489732426155688094 desktopId:null reqType:2 marketId:2070746915408060416
08-15 09:56:31.085     0     0 W [0 T102   ..] jadard_ts_work: Entering
08-15 09:56:31.072   632   653 D WindowManager: MotionEvent: action=ACTION_MOVE x=439.0 y=733.0 eventTime=638767 pointerCount=1
08-15 09:56:31.076   632   653 D WindowManager: MotionEvent: action=ACTION_MOVE x=439.0 y=733.0 eventTime=638775 pointerCount=1
08-15 09:56:31.093     0     0 W [0 T102   ..] jadard_ts_work: Entering
08-15 09:56:31.079  1175  3102 D TrafficStats: tagSocket(87) with statsTag=0xffffffff, statsUid=-1
08-15 09:56:31.084   632   653 D WindowManager: MotionEvent: action=ACTION_MOVE x=439.0 y=733.0 eventTime=638784 pointerCount=1
08-15 09:56:31.102     0     0 W [0 T102   ..] jadard_ts_work: Entering
08-15 09:56:31.092   632   653 D WindowManager: MotionEvent: action=ACTION_MOVE x=439.0 y=733.0 eventTime=638792 pointerCount=1
08-15 09:56:31.110     0     0 W [0 T102   ..] jadard_ts_work: Entering
08-15 09:56:31.118     0     0 W [0 T102   ..] jadard_ts_work: Entering
08-15 09:56:31.103   632   653 D WindowManager: MotionEvent: action=ACTION_MOVE x=439.0 y=733.0 eventTime=638800 pointerCount=1
08-15 09:56:31.109   632   653 D WindowManager: MotionEvent: action=ACTION_MOVE x=439.0 y=733.0 eventTime=638808 pointerCount=1
08-15 09:56:31.127     0     0 W [0 T102   ..] jadard_ts_work: Entering
08-15 09:56:31.118   632   653 D WindowManager: MotionEvent: action=ACTION_MOVE x=439.0 y=733.0 eventTime=638817 pointerCount=1
08-15 09:56:31.122   433  3019 D BufferPoolAccessor2.0: bufferpool2 0xed943988 : 4(18432 size) total buffers - 1(4608 size) used buffers - 2064/2072 (recycle/alloc) - 22/2071 (fetch/transfer)
08-15 09:56:31.135     0     0 W [0 T102   ..] jadard_ts_work: Entering
08-15 09:56:31.126   632   653 D WindowManager: MotionEvent: action=ACTION_MOVE x=439.0 y=733.0 eventTime=638825 pointerCount=1
08-15 09:56:31.143     0     0 W [0 T102   ..] jadard_ts_work: Entering
08-15 09:56:31.152     0     0 W [0 T102   ..] jadard_ts_work: Entering
08-15 09:56:31.135   632   653 D WindowManager: MotionEvent: action=ACTION_MOVE x=440.0 y=733.0 eventTime=638834 pointerCount=1
08-15 09:56:31.142   632   653 D WindowManager: MotionEvent: action=ACTION_MOVE x=440.0 y=733.0 eventTime=638842 pointerCount=1
08-15 09:56:31.160     0     0 W [0 T102   ..] jadard_ts_work: Entering
08-15 09:56:31.151   632   653 D WindowManager: MotionEvent: action=ACTION_MOVE x=440.0 y=733.0 eventTime=638850 pointerCount=1
08-15 09:56:31.151  1175  1183 I mect.ajlauncher: Background young concurrent copying GC freed 50598(3781KB) AllocSpace objects, 136(2848KB) LOS objects, 44% free, 8003KB/14MB, paused 6.244ms,62us total 83.962ms
08-15 09:56:31.168     0     0 W [0 T102   ..] jadard_ts_work: Entering
08-15 09:56:31.177     0     0 W [0 T102   ..] jadard_ts_work: Entering
08-15 09:56:31.159   632   653 D WindowManager: MotionEvent: action=ACTION_MOVE x=440.0 y=733.0 eventTime=638859 pointerCount=1
08-15 09:56:31.168   632   653 D WindowManager: MotionEvent: action=ACTION_MOVE x=440.0 y=733.0 eventTime=638867 pointerCount=1
08-15 09:56:31.186     0     0 W [0 T102   ..] jadard_ts_work: Entering
08-15 09:56:31.193     0     0 W [0 T102   ..] jadard_ts_work: Entering
08-15 09:56:31.176   632   653 D WindowManager: MotionEvent: action=ACTION_MOVE x=440.0 y=733.0 eventTime=638875 pointerCount=1
08-15 09:56:31.202     0     0 W [0 T102   ..] jadard_ts_work: Entering
08-15 09:56:31.184   632   653 D WindowManager: MotionEvent: action=ACTION_MOVE x=440.0 y=733.0 eventTime=638884 pointerCount=1
08-15 09:56:31.192   632   653 D WindowManager: MotionEvent: action=ACTION_MOVE x=440.0 y=733.0 eventTime=638892 pointerCount=1
08-15 09:56:31.210     0     0 W [0 T102   ..] jadard_ts_work: Entering
08-15 09:56:31.201   632   653 D WindowManager: MotionEvent: action=ACTION_MOVE x=441.0 y=733.0 eventTime=638900 pointerCount=1
08-15 09:56:31.218     0     0 W [0 T102   ..] jadard_ts_work: Entering
08-15 09:56:31.209   632   653 D WindowManager: MotionEvent: action=ACTION_MOVE x=441.0 y=733.0 eventTime=638908 pointerCount=1
08-15 09:56:31.226     0     0 W [0 T102   ..] jadard_ts_work: Entering
08-15 09:56:31.219   632   653 D WindowManager: MotionEvent: action=ACTION_MOVE x=441.0 y=733.0 eventTime=638917 pointerCount=1
08-15 09:56:31.235     0     0 W [0 T102   ..] jadard_ts_work: Entering
08-15 09:56:31.243     0     0 W [0 T102   ..] jadard_ts_work: Entering
08-15 09:56:31.235   632   653 D WindowManager: MotionEvent: action=ACTION_MOVE x=442.0 y=733.0 eventTime=638934 pointerCount=1
08-15 09:56:31.252     0     0 W [0 T102   ..] jadard_ts_work: Entering
08-15 09:56:31.242   632   653 D WindowManager: MotionEvent: action=ACTION_MOVE x=443.0 y=733.0 eventTime=638942 pointerCount=1
08-15 09:56:31.260     0     0 W [0 T102   ..] jadard_ts_work: Entering
08-15 09:56:31.244  1175  3102 D HttpInterceptLogger: [, , 0]:{Thread:RxCachedThreadScheduler-13}--> POST https://device.yjdp.komect.com/yjfp/dms-rest/desktopPreviewInfo http/1.1
08-15 09:56:31.244  1175  3102 D HttpInterceptLogger: [, , 0]:{Thread:RxCachedThreadScheduler-13}Content-Type: application/json; charset=UTF-8
08-15 09:56:31.245  1175  3102 D HttpInterceptLogger: [, , 0]:{Thread:RxCachedThreadScheduler-13}Content-Length: 99
08-15 09:56:31.245  1175  3102 D HttpInterceptLogger: [, , 0]:{Thread:RxCachedThreadScheduler-13}Authorization: Bearer eyJraWQiOiI3YjllMTJjYi1kZGVkLTRhN2EtYjMzYS01ZTk1NTA0NjZiNzkiLCJhbGciOiJSUzI1NiJ9.eyJzdWIiOiIxNjY0MDExNTI5MTExMTMyMDkwMDAwMDEwIiwicHJvdkNvZGUiOiIxMDAiLCJ1c2VyX25hbWUiOiIxNjY0MDExNTI5MTExMTMyMDkwMDAwMDEwIiwicGFzc0lkIjoiMjg5NTU1NjkyNDI4NzciLCJpc3MiOiJodHRwOi8vZGV2aWNlLW9hdXRoL2RldmljZS1vYXV0aDIiLCJleHRlbmRJbmZvIjp7InVzZXJuYW1lIjoiMTY2NDAxMTUyOTExMTEzMjA5MDAwMDAxMCJ9LCJjbGllbnRfaWQiOiJlNzUxY2U3NmQ2NjMxMWYwYjdiYjAwMTYzZTAyMjhiYSIsImF1ZCI6ImU3NTFjZTc2ZDY2MzExZjBiN2JiMDAxNjNlMDIyOGJhIiwibmJmIjoxNzg2NzU4MzgzLCJzY29wZSI6WyJhbGwiXSwiZXhwIjoxNzg2NzYwMTgzLCJpYXQiOjE3ODY3NTgzODMsImp0aSI6IjNiNGM4YjljLWFjNjctNGM2My04NDkyLThmNDQ3YTcxNWQ0OCJ9.K-W10zMjM87s5u_4jAReLPpGQOX59_o3O88jdSm6Web1FQSFGYHi5DLcs5CF3wZbqPZKe78lv4_nNcKBpb_TYsl95UUfqRsgPGJy744_TGH5dQmSxoX5ocHu2c-3H4JgPAZtnnLDOGjOuuMD44B2Egqsy-AVU3Y4uamOP57cEUUdmUHoagRgIFF_BeyYpvsJp3AgEkk7xOC9xw6J3NSLKW65kERoaysW08L6InoUHzOPwOu79OtoV9xgFmZrrOoc4dF2J2-AFxzlN5S9rcNWyi_oxTzg1sGz015bArEcFG-pk6NrL1RIo_AkOTdNvXSnkxPDZga8U3xz-sQbr6X9ag
08-15 09:56:31.245  1175  3102 D HttpInterceptLogger: [, , 0]:{Thread:RxCachedThreadScheduler-13}Host: device.yjdp.komect.com
08-15 09:56:31.245  1175  3102 D HttpInterceptLogger: [, , 0]:{Thread:RxCachedThreadScheduler-13}Connection: Keep-Alive
08-15 09:56:31.245  1175  3102 D HttpInterceptLogger: [, , 0]:{Thread:RxCachedThreadScheduler-13}Accept-Encoding: gzip
08-15 09:56:31.245  1175  3102 D HttpInterceptLogger: [, , 0]:{Thread:RxCachedThreadScheduler-13}User-Agent: okhttp/3.14.9
08-15 09:56:31.245  1175  3102 D HttpInterceptLogger: [, , 0]:{Thread:RxCachedThreadScheduler-13}
08-15 09:56:31.245  1175  3102 D HttpInterceptLogger: [, , 0]:{Thread:RxCachedThreadScheduler-13}{"capability":"{\"dmsSdkVersion\":\"1.3.55.4\"}","reqType":2,"desktopGroupId":"489732426155688094"}
08-15 09:56:31.245  1175  3102 D HttpInterceptLogger: [, , 0]:{Thread:RxCachedThreadScheduler-13}--> END POST (99-byte body)
08-15 09:56:31.251   632   653 D WindowManager: MotionEvent: action=ACTION_MOVE x=443.0 y=733.0 eventTime=638950 pointerCount=1
08-15 09:56:31.268     0     0 W [0 T102   ..] jadard_ts_work: Entering
08-15 09:56:31.277     0     0 W [0 T102   ..] jadard_ts_work: Entering
08-15 09:56:31.259   632   653 D WindowManager: MotionEvent: action=ACTION_MOVE x=443.0 y=733.0 eventTime=638959 pointerCount=1
08-15 09:56:31.269   632   653 D WindowManager: MotionEvent: action=ACTION_MOVE x=443.0 y=733.0 eventTime=638967 pointerCount=1
08-15 09:56:31.285     0     0 W [0 T102   ..] jadard_ts_work: Entering
08-15 09:56:31.276   632   653 D WindowManager: MotionEvent: action=ACTION_MOVE x=443.0 y=733.0 eventTime=638976 pointerCount=1
08-15 09:56:31.294     0     0 W [0 T102   ..] jadard_ts_work: Entering
08-15 09:56:31.285   632   653 D WindowManager: MotionEvent: action=ACTION_MOVE x=444.0 y=733.0 eventTime=638984 pointerCount=1
08-15 09:56:31.302     0     0 W [0 T102   ..] jadard_ts_work: Entering
08-15 09:56:31.293   632   653 D WindowManager: MotionEvent: action=ACTION_MOVE x=445.0 y=733.0 eventTime=638992 pointerCount=1
08-15 09:56:31.310     0     0 W [0 T102   ..] jadard_ts_work: Entering
08-15 09:56:31.295  1175  3102 D HttpInterceptLogger: [, , 0]:{Thread:RxCachedThreadScheduler-13}<-- 200 OK https://device.yjdp.komect.com/yjfp/dms-rest/desktopPreviewInfo (50ms)
08-15 09:56:31.296  1175  3102 D HttpInterceptLogger: [, , 0]:{Thread:RxCachedThreadScheduler-13}Date: Sat, 15 Aug 2026 01:56:31 GMT
08-15 09:56:31.296  1175  3102 D HttpInterceptLogger: [, , 0]:{Thread:RxCachedThreadScheduler-13}Content-Type: application/json
08-15 09:56:31.296  1175  3102 D HttpInterceptLogger: [, , 0]:{Thread:RxCachedThreadScheduler-13}Transfer-Encoding: chunked
08-15 09:56:31.296  1175  3102 D HttpInterceptLogger: [, , 0]:{Thread:RxCachedThreadScheduler-13}Connection: keep-alive
08-15 09:56:31.296  1175  3102 D HttpInterceptLogger: [, , 0]:{Thread:RxCachedThreadScheduler-13}Keep-Alive: timeout=60
08-15 09:56:31.296  1175  3102 D HttpInterceptLogger: [, , 0]:{Thread:RxCachedThreadScheduler-13}traceId: G0YwLnO3
08-15 09:56:31.296  1175  3102 D HttpInterceptLogger: [, , 0]:{Thread:RxCachedThreadScheduler-13}Server: *
08-15 09:56:31.296  1175  3102 D HttpInterceptLogger: [, , 0]:{Thread:RxCachedThreadScheduler-13}Content-Encoding: gzip
08-15 09:56:31.297  1175  3102 D HttpInterceptLogger: [, , 0]:{Thread:RxCachedThreadScheduler-13}
08-15 09:56:31.297  1175  3102 D HttpInterceptLogger: [, , 0]:{Thread:RxCachedThreadScheduler-13}{"recode":200,"msg":"成功","traceId":"G0YwLnO3_1786758991273","data":[{"entryType":1,"jumpParam":null,"desktopId":"489730987341643864","desktopType":0,"desktopTypeName":"标准版","desktopTypeIcon":null,"version":2,"alignType":1,"tabPosition":2,"labelList":[],"desktopStyle":1,"baseScreenSize":{"width":1280,"height":800},"isDefault":1},{"entryType":1,"jumpParam":null,"desktopId":"471202850614018361","desktopType":33,"desktopTypeName":"关爱模式","desktopTypeIcon":null,"version":9,"alignType":2,"tabPosition":1,"labelList":[],"desktopStyle":4,"baseScreenSize":{"width":1280,"height":800},"isDefault":0}],"success":true}
08-15 09:56:31.297  1175  3102 D HttpInterceptLogger: [, , 0]:{Thread:RxCachedThreadScheduler-13}<-- END HTTP (628-byte, 360-gzipped-byte body)
08-15 09:56:31.297  1175  3102 D EpgHome : [, , 0]:{Thread:RxCachedThreadScheduler-13}网络请求https://device.yjdp.komect.com/yjfp/dms-rest/desktopPreviewInfo耗时:229ms
08-15 09:56:31.298  1175  1175 I CommonObserver: t EpgCommonHttpResult
08-15 09:56:31.298  1175  1175 I CommonObserver: body.getRecode(): 200
08-15 09:56:31.298  1175  1175 E ReflashDesktopPresenter: [, , 0]:{Thread:main}<getDesktopPreviewInfo> 获取桌面列表 耗时：232ms
08-15 09:56:31.298  1175  1175 I EpgHomeFragment: [, , 0]:{Thread:main}是否需要刷新桌面 needReflashDesktop:false
08-15 09:56:31.299  1175  1438 E LruJsonCache: [, , 0]:{Thread:pool-8-thread-1}save DesktopList
08-15 09:56:31.301   632   653 D WindowManager: MotionEvent: action=ACTION_MOVE x=445.0 y=733.0 eventTime=639001 pointerCount=1
08-15 09:56:31.319     0     0 W [0 T102   ..] jadard_ts_work: Entering
08-15 09:56:31.309   632   653 D WindowManager: MotionEvent: action=ACTION_MOVE x=445.0 y=733.0 eventTime=639009 pointerCount=1
08-15 09:56:31.327     0     0 W [0 T102   ..] jadard_ts_work: Entering
08-15 09:56:31.319   632   653 D WindowManager: MotionEvent: action=ACTION_MOVE x=445.0 y=733.0 eventTime=639017 pointerCount=1
08-15 09:56:31.335     0     0 W [0 T102   ..] jadard_ts_work: Entering
08-15 09:56:31.322  1175  1175 I pool-8-thread-1: type=1400 audit(0.0:1549): avc:  denied  { rename } for  name="com.cmri.aijia.epghome.model.DesktopInfo_52_List.tmp" dev="dm-25" ino=7721 scontext=u:r:zygote:s0 tcontext=u:object_r:system_data_file:s0 tclass=file permissive=1
08-15 09:56:31.326   632   653 D WindowManager: MotionEvent: action=ACTION_MOVE x=445.0 y=733.0 eventTime=639026 pointerCount=1
08-15 09:56:31.344     0     0 W [0 T102   ..] jadard_ts_work: Entering
08-15 09:56:31.335   632   653 D WindowManager: MotionEvent: action=ACTION_MOVE x=446.0 y=733.0 eventTime=639034 pointerCount=1
08-15 09:56:31.352     0     0 W [0 T102   ..] jadard_ts_work: Entering
08-15 09:56:31.343   632   653 D WindowManager: MotionEvent: action=ACTION_MOVE x=447.0 y=733.0 eventTime=639042 pointerCount=1
08-15 09:56:31.360     0     0 W [0 T102   ..] jadard_ts_work: Entering
08-15 09:56:31.369     0     0 W [0 T102   ..] jadard_ts_work: Entering
08-15 09:56:31.354   632   653 D WindowManager: MotionEvent: action=ACTION_MOVE x=447.0 y=733.0 eventTime=639051 pointerCount=1
08-15 09:56:31.377     0     0 W [0 T102   ..] jadard_ts_work: Entering
08-15 09:56:31.360   632   653 D WindowManager: MotionEvent: action=ACTION_MOVE x=447.0 y=733.0 eventTime=639059 pointerCount=1
08-15 09:56:31.371   632   653 D WindowManager: MotionEvent: action=ACTION_MOVE x=447.0 y=733.0 eventTime=639067 pointerCount=1
08-15 09:56:31.386     0     0 W [0 T102   ..] jadard_ts_work: Entering
08-15 09:56:31.376   632   653 D WindowManager: MotionEvent: action=ACTION_MOVE x=447.0 y=733.0 eventTime=639076 pointerCount=1
08-15 09:56:31.394     0     0 W [0 T102   ..] jadard_ts_work: Entering
08-15 09:56:31.384   632   653 D WindowManager: MotionEvent: action=ACTION_MOVE x=448.0 y=733.0 eventTime=639084 pointerCount=1
08-15 09:56:31.402     0     0 W [0 T102   ..] jadard_ts_work: Entering
08-15 09:56:31.410     0     0 W [0 T102   ..] jadard_ts_work: Entering
08-15 09:56:31.419     0     0 W [0 T102   ..] jadard_ts_work: Entering
08-15 09:56:31.401   632   653 D WindowManager: MotionEvent: action=ACTION_MOVE x=448.0 y=733.0 eventTime=639101 pointerCount=1
08-15 09:56:31.409   632   653 D WindowManager: MotionEvent: action=ACTION_MOVE x=448.0 y=733.0 eventTime=639109 pointerCount=1
08-15 09:56:31.427     0     0 W [0 T102   ..] jadard_ts_work: Entering
08-15 09:56:31.418   632   653 D WindowManager: MotionEvent: action=ACTION_MOVE x=448.0 y=733.0 eventTime=639117 pointerCount=1
08-15 09:56:31.435     0     0 W [0 T102   ..] jadard_ts_work: Entering
08-15 09:56:31.426   632   653 D WindowManager: MotionEvent: action=ACTION_MOVE x=448.0 y=733.0 eventTime=639126 pointerCount=1
08-15 09:56:31.444     0     0 W [0 T102   ..] jadard_ts_work: Entering
08-15 09:56:31.437   632   653 D WindowManager: MotionEvent: action=ACTION_MOVE x=448.0 y=733.0 eventTime=639134 pointerCount=1
08-15 09:56:31.452     0     0 W [0 T102   ..] jadard_ts_work: Entering
08-15 09:56:31.443   632   653 D WindowManager: MotionEvent: action=ACTION_MOVE x=448.0 y=733.0 eventTime=639142 pointerCount=1
08-15 09:56:31.460     0     0 W [0 T102   ..] jadard_ts_work: Entering
08-15 09:56:31.469     0     0 W [0 T102   ..] jadard_ts_work: Entering
08-15 09:56:31.453   632   653 D WindowManager: MotionEvent: action=ACTION_MOVE x=449.0 y=733.0 eventTime=639151 pointerCount=1
08-15 09:56:31.460   632   653 D WindowManager: MotionEvent: action=ACTION_MOVE x=449.0 y=733.0 eventTime=639159 pointerCount=1
08-15 09:56:31.477     0     0 W [0 T102   ..] jadard_ts_work: Entering
08-15 09:56:31.469   632   653 D WindowManager: MotionEvent: action=ACTION_MOVE x=449.0 y=732.0 eventTime=639167 pointerCount=1
08-15 09:56:31.486     0     0 W [0 T102   ..] jadard_ts_work: Entering
08-15 09:56:31.477   632   653 D WindowManager: MotionEvent: action=ACTION_MOVE x=449.0 y=732.0 eventTime=639176 pointerCount=1
08-15 09:56:31.494     0     0 W [0 T102   ..] jadard_ts_work: Entering
08-15 09:56:31.486   632   653 D WindowManager: MotionEvent: action=ACTION_MOVE x=449.0 y=732.0 eventTime=639184 pointerCount=1
08-15 09:56:31.502     0     0 W [0 T102   ..] jadard_ts_work: Entering
08-15 09:56:31.493   632   653 D WindowManager: MotionEvent: action=ACTION_MOVE x=449.0 y=732.0 eventTime=639192 pointerCount=1
08-15 09:56:31.510     0     0 W [0 T102   ..] jadard_ts_work: Entering
08-15 09:56:31.519     0     0 W [0 T102   ..] jadard_ts_work: Entering
08-15 09:56:31.504   632   653 D WindowManager: MotionEvent: action=ACTION_MOVE x=449.0 y=732.0 eventTime=639201 pointerCount=1
08-15 09:56:31.510   632   653 D WindowManager: MotionEvent: action=ACTION_MOVE x=449.0 y=732.0 eventTime=639209 pointerCount=1
08-15 09:56:31.527     0     0 W [0 T102   ..] jadard_ts_work: Entering
08-15 09:56:31.518   632   653 D WindowManager: MotionEvent: action=ACTION_MOVE x=449.0 y=732.0 eventTime=639218 pointerCount=1
08-15 09:56:31.536     0     0 W [0 T102   ..] jadard_ts_work: Entering
08-15 09:56:31.526   632   653 D WindowManager: MotionEvent: action=ACTION_MOVE x=449.0 y=732.0 eventTime=639226 pointerCount=1
08-15 09:56:31.544     0     0 W [0 T102   ..] jadard_ts_work: Entering
08-15 09:56:31.535   632   653 D WindowManager: MotionEvent: action=ACTION_MOVE x=450.0 y=732.0 eventTime=639234 pointerCount=1
08-15 09:56:31.552     0     0 W [0 T102   ..] jadard_ts_work: Entering
08-15 09:56:31.560     0     0 W [0 T102   ..] jadard_ts_work: Entering
08-15 09:56:31.551   632   653 D WindowManager: MotionEvent: action=ACTION_MOVE x=450.0 y=732.0 eventTime=639251 pointerCount=1
08-15 09:56:31.569     0     0 W [0 T102   ..] jadard_ts_work: Entering
08-15 09:56:31.559   632   653 D WindowManager: MotionEvent: action=ACTION_MOVE x=450.0 y=732.0 eventTime=639259 pointerCount=1
08-15 09:56:31.577     0     0 W [0 T102   ..] jadard_ts_work: Entering
08-15 09:56:31.568   632   653 D WindowManager: MotionEvent: action=ACTION_MOVE x=450.0 y=732.0 eventTime=639268 pointerCount=1
08-15 09:56:31.586     0     0 W [0 T102   ..] jadard_ts_work: Entering
08-15 09:56:31.576   632   653 D WindowManager: MotionEvent: action=ACTION_MOVE x=450.0 y=732.0 eventTime=639276 pointerCount=1
08-15 09:56:31.594     0     0 W [0 T102   ..] jadard_ts_work: Entering
08-15 09:56:31.602     0     0 W [0 T102   ..] jadard_ts_work: Entering
08-15 09:56:31.586   632   653 D WindowManager: MotionEvent: action=ACTION_MOVE x=450.0 y=732.0 eventTime=639284 pointerCount=1
08-15 09:56:31.593   632   653 D WindowManager: MotionEvent: action=ACTION_MOVE x=450.0 y=732.0 eventTime=639292 pointerCount=1
08-15 09:56:31.610     0     0 W [0 T102   ..] jadard_ts_work: Entering
08-15 09:56:31.601   632   653 D WindowManager: MotionEvent: action=ACTION_MOVE x=450.0 y=732.0 eventTime=639301 pointerCount=1
08-15 09:56:31.619     0     0 W [0 T102   ..] jadard_ts_work: Entering
08-15 09:56:31.610   632   653 D WindowManager: MotionEvent: action=ACTION_MOVE x=450.0 y=732.0 eventTime=639309 pointerCount=1
08-15 09:56:31.627     0     0 W [0 T102   ..] jadard_ts_work: Entering
08-15 09:56:31.618   632   653 D WindowManager: MotionEvent: action=ACTION_MOVE x=451.0 y=731.0 eventTime=639317 pointerCount=1
08-15 09:56:31.636     0     0 W [0 T102   ..] jadard_ts_work: Entering
08-15 09:56:31.624   568   568 D XIRI_driver: send to xiri: {"cmd":"key","event":0,"keycode":330,"pid":0,"vid":0,"devnum":0}
08-15 09:56:31.625   568   568 D XIRI_driver: send to xiri: {"cmd":"key","event":0,"keycode":325,"pid":0,"vid":0,"devnum":0}
08-15 09:56:31.625   632   653 D WindowManager: MotionEvent: action=ACTION_UP x=451.0 y=731.0 eventTime=639325 pointerCount=1
08-15 09:56:31.626  2968  2968 I MoviePlayerControView_MoviePlayer: seekToTimeBarPosition
08-15 09:56:31.626  2968  2968 D MyMediaPlayer_MoviePlayer: [seekTo]msec:111941,mState:4
08-15 09:56:31.626  2968  2968 I MyMediaPlayer_MoviePlayer: [seekTo]:111941
08-15 09:56:31.643     0     0 W [0 T102   ..] jadard_ts_work: Entering
08-15 09:56:31.626  2968  2968 I MoviePlayer: onPlaybackStateChanged:7
08-15 09:56:31.626  2968  2968 I MoviePlayer: [updatePlaybackState] state=6, pos=62623
08-15 09:56:31.627   952  1199 I jarvis_ : System call method methodId = touch_up
08-15 09:56:31.627  2968  2968 I MyMediaPlayer_MoviePlayer: getDuration when seeking or error, return restore value, state:7
08-15 09:56:31.628   952   966 I jarvis_ : System call method methodId = touch_up
08-15 09:56:31.628  2968  2968 D SubtitleViewAdaptor: stopTtxLoading
08-15 09:56:31.628  2968  2968 D CCSubtitleView: clear queue item
08-15 09:56:31.628   537   596 D NU-AmNuPlayerDriver: [#0] seekTo(0xea640230) (111941 ms, 3) at state 5
08-15 09:56:31.628   537   596 D NU-AmNuPlayerDriver: [#0] notifyListener_l(0xea640230), (7, 0, 0, -1), loop setting(0, 0)
08-15 09:56:31.628   537   596 I NU-AmNuPlayer: [#0] seekToAsync  NowTimeMs:  639329  mLastSeekTimeMs:  627097, Seek diffTime:12232, quickExit:0
08-15 09:56:31.629   537   596 D NU-AmNuPlayerDriver: [#0] seekTo_END(0xea640230) (111941 ms, 3) at state 5
08-15 09:56:31.629   537  3003 I NU-AmNuPlayer: [#0] kWhatSeek
08-15 09:56:31.629   537  3003 I NU-AmNuPlayer: [#0] kWhatSeek seekTimeUs=111941000 us, mode=3, needNotify=1
08-15 09:56:31.629  2968  2968 I MyMediaPlayer_MoviePlayer: getDuration when seeking or error, return restore value, state:7
08-15 09:56:31.629   952   952 D myNoti  : onPlaybackStateChanged
08-15 09:56:31.629  1019  1019 V AudioMediaPlayerWrapper: onPlaybackStateChanged(): com.droidlogic.exoplayer2.demo : PlaybackState {state=BUFFERING(6), position=62623, buffered position=0, speed=1.0, updated=639326, actions=823, custom actions=[], active item id=-1, error=null}
08-15 09:56:31.629   952   952 I jarvis_ : <onMediaPause>
08-15 09:56:31.629   537  3013 I NU-AmNuPlayerDecoder: [#0] [doFlush:1547] audio flushing 
08-15 09:56:31.629   537  3013 I NU-AmNuPlayerDecoder: [#0] [doFlush:1554] audio flushing 
08-15 09:56:31.629   537  3003 D NU-AmNuPlayerDriver: [#0] notifyListener_l(0xea640230), (211, 0, 0, 20), loop setting(0, 0)
08-15 09:56:31.630   537  3012 I NU-AmNuPlayerRenderer: [#0] clearAnchorTime
08-15 09:56:31.630   537  3012 I NU-AmNuPlayerRenderer: [#0] flushing audio
08-15 09:56:31.630  1019  1019 V AudioMediaPlayerWrapper: trySendMediaUpdate(): Metadata has been updated for com.droidlogic.exoplayer2.demo
08-15 09:56:31.630  1019  1019 I MediaPlayerList: sendMediaUpdate: Creating a one item queue for a player with no queue
08-15 09:56:31.630  1019  1019 D MediaPlayerList: sendMediaUpdate state=PlaybackState {state=BUFFERING(6), position=62623, buffered position=0, speed=1.0, updated=639326, actions=823, custom actions=[], active item id=-1, error=null}
08-15 09:56:31.631  1019  1019 D MediaControlGattService: updatePlayerState: playbackState= PAUSED
08-15 09:56:31.631  1019  1019 W MediaControlGattService: Feature PLAYBACK_SPEED(BIT 8) support: true
08-15 09:56:31.631  1019  1019 W MediaControlGattService: Feature PLAYBACK_SPEED(BIT 8) support: true
08-15 09:56:31.631  1019  1019 W MediaControlGattService: Feature PLAYBACK_SPEED(BIT 8) support: true
08-15 09:56:31.631  1019  1019 W MediaControlGattService: Feature TRACK_POSITION(BIT 7) support: true
08-15 09:56:31.631  1019  1019 W MediaControlGattService: Feature TRACK_POSITION_NOTIFY support: true
08-15 09:56:31.631  1019  1019 W MediaControlGattService: Feature MEDIA_STATE(BIT 17) support: true
08-15 09:56:31.631  1019  1019 W MediaControlGattService: Feature MEDIA_STATE(BIT 17) support: true
08-15 09:56:31.631   537  3014 D CCodecBuffers: [c2.amlogic.audio.decoder.ffmpeg#916:1D-Output.Impl[N]] Client returned a buffer it does not own according to our record: 0
08-15 09:56:31.631   537  3014 D CCodecBuffers: [c2.amlogic.audio.decoder.ffmpeg#916:1D-Output.Impl[N]] Client returned a buffer it does not own according to our record: 1
08-15 09:56:31.631   537  3013 I NU-AmNuPlayerDecoder: [#0] [doFlush:1560] audio flushing 
08-15 09:56:31.631   537  3003 I NU-AmNuPlayer: [#0] decoder audio flush completed
08-15 09:56:31.633  1019  1019 W MediaControlGattService: Feature PLAYER_NAME(BIT 1) support: true
08-15 09:56:31.633  1019  1019 W MediaControlGattService: Feature PLAYER_NAME(BIT 1) support: true
08-15 09:56:31.633  1019  1019 W MediaControlGattService: Feature MEDIA_CONTROL_POINT_OPCODES_SUPPORTED(BIT 19) support: true
08-15 09:56:31.634  1019  1019 W MediaControlGattService: Feature MEDIA_STATE(BIT 17) support: true
08-15 09:56:31.634  1019  1019 D MediaControlGattService: updateMediaStateChar
08-15 09:56:31.634  1019  1019 W MediaControlGattService: Feature MEDIA_STATE(BIT 17) support: true
08-15 09:56:31.634  1019  1019 D MediaControlGattService: updateMediaStateChar setting to state= 2
08-15 09:56:31.637  1019  1019 W MediaControlGattService: Feature MEDIA_STATE(BIT 17) support: true
08-15 09:56:31.637  1019  1019 W MediaControlGattService: Feature SEEKING_SPEED(BIT 9) support: true
08-15 09:56:31.637  1019  1019 W MediaControlGattService: Feature SEEKING_SPEED(BIT 9) support: true
08-15 09:56:31.638  1019  1019 W MediaControlGattService: Feature SEEKING_SPEED(BIT 9) support: true
08-15 09:56:31.638  1019  1019 V AudioMediaPlayerWrapper: onPlaybackStateChanged(): com.droidlogic.exoplayer2.demo : PlaybackState {state=BUFFERING(6), position=62623, buffered position=0, speed=1.0, updated=639326, actions=823, custom actions=[], active item id=-1, error=null}
08-15 09:56:31.640  1019  1019 V AudioMediaPlayerWrapper: trySendMediaUpdate(): Metadata has been updated for com.droidlogic.exoplayer2.demo
08-15 09:56:31.640  1019  1019 I MediaPlayerList: sendMediaUpdate: Creating a one item queue for a player with no queue
08-15 09:56:31.640  1019  1019 D MediaPlayerList: sendMediaUpdate state=PlaybackState {state=BUFFERING(6), position=62623, buffered position=0, speed=1.0, updated=639326, actions=823, custom actions=[], active item id=-1, error=null}
08-15 09:56:31.641  1019  1019 D AvrcpTargetJni: sendMediaUpdateNative
08-15 09:56:31.641  1019  1019 I bt_stack: [INFO:avrcp_service.cc(515)] virtual void bluetooth::avrcp::AvrcpService::SendMediaUpdate(bool, bool, bool) track_changed=0 :  play_state=1 :  queue=0
08-15 09:56:31.644   423  1169 I audio_hw_hal_primary: out_update_source_metadata_v7() line 2024 usage:1 content_type:0
08-15 09:56:31.650   537  3012 D NU-AmNuPlayerRenderer: [#0] audio sink pause-flush-stop from [onFlush,4923]
08-15 09:56:31.651   537  3012 D NU-AmNuPlayerRenderer: [#0] audio sink start from [onFlush,4933]
08-15 09:56:31.651   537  3003 I NU-AmNuPlayerRenderer: [#0] setDiscontinuityFromM3u8 audio 0
08-15 09:56:31.651   535   535 I AmFFmpegExtractor: Seek stream_index:0, To seekTimeUs:111941000, seekPosition:1579711392, seekFlag:8
08-15 09:56:31.651  2968  2968 I MoviePlayerControlViewLayoutManager: resetHideCallbacks showTimeoutMs: 5000, uxState: 2
08-15 09:56:31.675   535   535 I AmFFmpegExtractor: Seeking to 1579711392 end. seekflag 8 
08-15 09:56:31.676   537  3009 I NU-GenericSource: queueDiscontinuityIfNeeded, queueDiscontinuity for trackType:2, seeking:1, formatChange:0 From[readBuffer:4873]
08-15 09:56:31.676   537  3009 I NU-GenericSource: [doSeek:3934] mAudioLastDequeueTimeUs:111941000
08-15 09:56:31.676   537  3003 I NU-AmNuPlayer: [#0] performResumeDecoders  needNotify:1
08-15 09:56:31.677   537  3003 I NU-AmNuPlayer: [#0] finishResume  mResumePending:1  
08-15 09:56:31.677   537  3003 D NU-AmNuPlayerDriver: [#0] notifyListener_l(0xea640230), (4, 0, 0, -1), loop setting(0, 0)
08-15 09:56:31.677   537  3013 D MediaCodec: keep callback message for reclaim
08-15 09:56:31.677  2968  2968 I MyMediaPlayer_MoviePlayer: [onSeekComplete] progressBarSeekFlag:,mStateBac:4
08-15 09:56:31.677   537  3014 I CCodecConfig: query failed after returning 11 values (BAD_INDEX)
08-15 09:56:31.677  2968  2968 D SubtitleManager-jni: nativeResetForSeek 485
08-15 09:56:31.678  2968  2968 I MyMediaPlayer_MoviePlayer: [start]mMediaPlayer:
08-15 09:56:31.678  2968  2968 I MoviePlayer: onPlaybackStateChanged:4
08-15 09:56:31.678  2968  2968 I MoviePlayer: [updatePlaybackState] state=3, pos=111941
08-15 09:56:31.679   537  3013 I NU-AmNuPlayerDecoder: [#0] [c2.amlogic.audio.decoder.ffmpeg] First CB_INPUT_AVAILABLE received.
08-15 09:56:31.679   433  3019 I Amlogic_C2AudioFFMPEGDecoder: onFlush_sm 768
08-15 09:56:31.679   537  3015 I NU-AmNuPlayerDecoder: [#0] [c2.amlogic.audio.decoder.ffmpeg] First Input Buffer Queued to Codec
08-15 09:56:31.680   433  3019 I Amlogic_C2AudioFFMPEGDecoder: process Invalid data frame
08-15 09:56:31.681   952   952 D myNoti  : onPlaybackStateChanged
08-15 09:56:31.681  2968  2968 I MyMediaPlayer_MoviePlayer: notify play position change
08-15 09:56:31.681   952   952 I jarvis_ : <onMediaStart>
08-15 09:56:31.681  2968  2968 I MyMediaPlayer_MoviePlayer: notify play position change
08-15 09:56:31.681  2968  2968 I MoviePlayerControView_MoviePlayer: onPlayPositionChanged
08-15 09:56:31.681   952   952 I jarvis_ : overlock,start true,0,0,,
08-15 09:56:31.681   433  3019 I exFFmpeg: [mp3float @ 0xee640410] overread, skip -6 enddists: -1 -1
08-15 09:56:31.681   433  3019 I exFFmpeg: [mp3float @ 0xee640410] overread, skip -5 enddists: -2 -2
08-15 09:56:31.683  1019  1019 V AudioMediaPlayerWrapper: onPlaybackStateChanged(): com.droidlogic.exoplayer2.demo : PlaybackState {state=PLAYING(3), position=111941, buffered position=0, speed=1.0, updated=639378, actions=823, custom actions=[], active item id=-1, error=null}
08-15 09:56:31.684   537  3013 I NU-AmNuPlayerDecoder: [#0] [c2.amlogic.audio.decoder.ffmpeg] First CB_OUTPUT_AVAILABLE received. input buffer queued: 13
08-15 09:56:31.684   537  3013 I NU-AmNuPlayerDecoder: [#0] [c2.amlogic.audio.decoder.ffmpeg] First Out Buffer Queued to Render. timeUs:111960816
08-15 09:56:31.684   537  3012 I NU-AmNuPlayerRenderer: [#0] First audio pcm date write to audiosink.
08-15 09:56:31.684   537  3003 I NU-AmNuPlayer: [#0] media rendering started
08-15 09:56:31.684   537  3003 I NU-AmNuPlayer: [#0] finishResume  mResumePending:0  
08-15 09:56:31.684   537  3003 D NU-AmNuPlayerDriver: [#0] notifyListener_l(0xea640230), (6, 0, 0, -1), loop setting(0, 0)
08-15 09:56:31.686   537  3012 I NU-AmNuPlayerRenderer: [#0] setStartingTimeMedia 111986938, mAudioPlayedOutDur 0
08-15 09:56:31.686   537  3012 D AudioTrack: getTimestamp_l(25): device stall time corrected using current time 639386579679
08-15 09:56:31.719   537  3012 I NU-AmNuPlayerRenderer: [#0] Audio PCM buffer First Full. time pay:34936, frameCount:18810, mAudioSink->frameSize():4
08-15 09:56:31.719   537  3012 W NU-AmNuPlayerRenderer: [#0] postDrainAudioQueue long delay: 26658 (18810*0.022676), numFramesPendingPlayout:(18810-0)
08-15 09:56:31.721   423  1169 I audio_hw_hal_primary: out_update_source_metadata_v7() line 2024 usage:1 content_type:0
08-15 09:56:31.723  1019  1019 V AudioMediaPlayerWrapper: trySendMediaUpdate(): Metadata has been updated for com.droidlogic.exoplayer2.demo
08-15 09:56:31.724  1019  1019 I MediaPlayerList: sendMediaUpdate: Creating a one item queue for a player with no queue
08-15 09:56:31.724  1019  1019 D MediaPlayerList: sendMediaUpdate state=PlaybackState {state=PLAYING(3), position=111954, buffered position=0, speed=1.0, updated=639391, actions=823, custom actions=[], active item id=-1, error=null}
08-15 09:56:31.724  1019  1019 D MediaControlGattService: updatePlayerState: playbackState= PLAYING
08-15 09:56:31.724  1019  1019 W MediaControlGattService: Feature PLAYBACK_SPEED(BIT 8) support: true
08-15 09:56:31.724  1019  1019 W MediaControlGattService: Feature PLAYBACK_SPEED(BIT 8) support: true
08-15 09:56:31.724  1019  1019 W MediaControlGattService: Feature PLAYBACK_SPEED(BIT 8) support: true
08-15 09:56:31.724  1019  1019 W MediaControlGattService: Feature TRACK_POSITION(BIT 7) support: true
08-15 09:56:31.724  1019  1019 W MediaControlGattService: Feature TRACK_POSITION_NOTIFY support: true
08-15 09:56:31.724  1019  1019 W MediaControlGattService: Feature MEDIA_STATE(BIT 17) support: true
08-15 09:56:31.726  1019  1019 W MediaControlGattService: Feature PLAYER_NAME(BIT 1) support: true
08-15 09:56:31.726  1019  1019 W MediaControlGattService: Feature PLAYER_NAME(BIT 1) support: true
08-15 09:56:31.726  1019  1019 W MediaControlGattService: Feature MEDIA_CONTROL_POINT_OPCODES_SUPPORTED(BIT 19) support: true
08-15 09:56:31.726  1019  1019 W MediaControlGattService: Feature MEDIA_STATE(BIT 17) support: true
08-15 09:56:31.726  1019  1019 D MediaControlGattService: updateMediaStateChar
08-15 09:56:31.726  1019  1019 W MediaControlGattService: Feature MEDIA_STATE(BIT 17) support: true
08-15 09:56:31.726  1019  1019 D MediaControlGattService: updateMediaStateChar setting to state= 1
08-15 09:56:31.728  1019  1019 W MediaControlGattService: Feature MEDIA_STATE(BIT 17) support: true
08-15 09:56:31.728  1019  1019 W MediaControlGattService: Feature SEEKING_SPEED(BIT 9) support: true
08-15 09:56:31.728  1019  1019 W MediaControlGattService: Feature SEEKING_SPEED(BIT 9) support: true
08-15 09:56:31.728  1019  1019 W MediaControlGattService: Feature SEEKING_SPEED(BIT 9) support: true
08-15 09:56:31.729  1019  1019 V AudioMediaPlayerWrapper: onPlaybackStateChanged(): com.droidlogic.exoplayer2.demo : PlaybackState {state=PLAYING(3), position=111941, buffered position=0, speed=1.0, updated=639378, actions=823, custom actions=[], active item id=-1, error=null}
08-15 09:56:31.730  1019  1019 V AudioMediaPlayerWrapper: trySendMediaUpdate(): Metadata has been updated for com.droidlogic.exoplayer2.demo
08-15 09:56:31.730  1019  1019 I MediaPlayerList: sendMediaUpdate: Creating a one item queue for a player with no queue
08-15 09:56:31.730  1019  1019 D MediaPlayerList: sendMediaUpdate state=PlaybackState {state=PLAYING(3), position=111993, buffered position=0, speed=1.0, updated=639430, actions=823, custom actions=[], active item id=-1, error=null}
08-15 09:56:31.730  1019  1019 D AvrcpTargetJni: sendMediaUpdateNative
08-15 09:56:31.730  1019  1019 I bt_stack: [INFO:avrcp_service.cc(515)] virtual void bluetooth::avrcp::AvrcpService::SendMediaUpdate(bool, bool, bool) track_changed=0 :  play_state=1 :  queue=0
08-15 09:56:31.746   537  3012 W NU-AmNuPlayerRenderer: [#0] postDrainAudioQueue long delay: 26658 (18810*0.022676), numFramesPendingPlayout:(22573-3763)
08-15 09:56:31.773   537  3012 W NU-AmNuPlayerRenderer: [#0] postDrainAudioQueue long delay: 26658 (18810*0.022676), numFramesPendingPlayout:(22573-3763)
08-15 09:56:31.800   537  3012 D NU-AmNuPlayerRenderer: [#0] Switch audio track end . onNewAudioMediaTime, audio sink position was ready.
08-15 09:56:31.800   537  3012 I NU-AmNuPlayerRenderer: [#0] First valid audio position found, time pay:116120,  audioPlayedOutDur:39205, writtenDur:522448
08-15 09:56:31.800   537  3012 I NU-AmNuPlayerRenderer: [#0] getPlayedOutDurationUs is unstable. audioPlayedOutDur:39205 (diff:39205) - realDIFF: 172632 = -133427, writtenAudioDurationUs:522448, lastTimeUs:112472674 (frameSize: 4)
08-15 09:56:31.800   537  3012 W NU-AmNuPlayerRenderer: [#0] onNewAudioMediaTime:3115, updateAnchor abnormal, DIFF: 49203170
08-15 09:56:31.801   537  3003 D NU-AmNuPlayerDriver: [#0] notifyListener_l(0xea640230), (211, 0, 0, 20), loop setting(0, 0)
08-15 09:56:32.145   537   596 I NU-AmNuPlayerDriver: [#0] [getCurrentPosition][752] position : 112345 msec
08-15 09:56:32.764   423  1193 I audio_hw_hal_stream: aml_stream_out_info_print: out:0xe7943990, stream_type:pcm, sync_mode:non tunnel, input_size:14188544 bytes
08-15 09:56:32.764   423  1193 I audio_hw_hal_stream: aml_stream_out_info_print: last_time:640411 ms (sec:640, nsec:411148304), last_position:73781 ms (3541504), cur_time:640459 ms (sec:640, nsec:459149263), cur_position:73829 ms (3543808)
08-15 09:56:32.764   423  1193 I audio_hw_hal_stream: aml_stream_out_info_print: time_gap:48 ms (thr:100 ms), position_gap:48 ms, delay:69 ms, jitter: Position gap is ahead of system time gap by 0 ms (thr:100 ms)
08-15 09:56:33.392   537   596 I NU-AmNuPlayerDriver: [#0] [getCurrentPosition][752] position : 113592 msec
08-15 09:56:34.640   537   596 I NU-AmNuPlayerDriver: [#0] [getCurrentPosition][752] position : 114840 msec
08-15 09:56:35.829   537   596 I NU-AmNuPlayerDriver: [#0] [getCurrentPosition][752] position : 116029 msec
08-15 09:56:36.000   537  3014 D BufferPoolAccessor2.0: bufferpool2 0xe8602788 : 9(18874368 size) total buffers - 5(10485760 size) used buffers - 2267/2284 (recycle/alloc) - 26/4558 (fetch/transfer)
08-15 09:56:36.247   433  3019 D BufferPoolAccessor2.0: bufferpool2 0xed943988 : 4(18432 size) total buffers - 1(4608 size) used buffers - 2279/2287 (recycle/alloc) - 22/2286 (fetch/transfer)
08-15 09:56:37.078   537   596 I NU-AmNuPlayerDriver: [#0] [getCurrentPosition][752] position : 117278 msec
