--------- beginning of main
08-13 18:08:03.151   486   486 D logging : UDISK 6A6F-168B
08-13 18:08:03.151   486   486 E logging : falied access file 2
08-13 18:08:03.523   864  1015 I jarvis_Wallpaper: openWallpaper has system wallpaper
08-13 18:08:04.152   486   486 D logging : UDISK 6A6F-168B
08-13 18:08:04.152   486   486 E logging : falied access file 2
08-13 18:08:05.154   486   486 D logging : UDISK 6A6F-168B
08-13 18:08:05.154   486   486 E logging : falied access file 2
08-13 18:08:05.213   864   864 E jarvis_action===: android.intent.action.BATTERY_CHANGED
08-13 18:08:05.214  1125  1125 D AJLEpgShortcutFragment: [, , 0]:{Thread:main}battery changed: 29%, isCharing:true, hasBattery:true
08-13 18:08:05.214  1328  1328 E action===: [, , 0]:android.intent.action.BATTERY_CHANGED
08-13 18:08:05.214  1328  1328 E action===: android.intent.action.BATTERY_CHANGED
--------- beginning of kernel
08-13 18:08:05.227     0     0 W [1 T358   ..] healthd: battery l=29 v=3730 t=0.0 h=2 st=2 chg=a
08-13 18:08:06.155   486   486 D logging : UDISK 6A6F-168B
08-13 18:08:06.155   486   486 E logging : falied access file 2
08-13 18:08:07.156   486   486 D logging : UDISK 6A6F-168B
08-13 18:08:07.157   486   486 E logging : falied access file 2
--------- beginning of system
08-13 18:08:08.033   563  1903 W BatteryExternalStatsWorker: error reading Bluetooth stats: 11
08-13 18:08:08.158   486   486 D logging : UDISK 6A6F-168B
08-13 18:08:08.158   486   486 E logging : falied access file 2
08-13 18:08:09.159   486   486 D logging : UDISK 6A6F-168B
08-13 18:08:09.159   486   486 E logging : falied access file 2
08-13 18:08:10.161   486   486 D logging : UDISK 6A6F-168B
08-13 18:08:10.161   486   486 E logging : falied access file 2
08-13 18:08:11.162   486   486 D logging : UDISK 6A6F-168B
08-13 18:08:11.162   486   486 E logging : falied access file 2
08-13 18:08:11.854 15978 15978 I Chrome_ChildIOT: type=1400 audit(0.0:7068): avc:  denied  { write } for  scontext=u:r:isolated_app:s0:c512,c768 tcontext=u:r:zygote:s0 tclass=unix_stream_socket permissive=1
08-13 18:08:12.163   486   486 D logging : UDISK 6A6F-168B
08-13 18:08:12.163   486   486 E logging : falied access file 2
08-13 18:08:13.165   486   486 D logging : UDISK 6A6F-168B
08-13 18:08:13.165   486   486 E logging : falied access file 2
08-13 18:08:14.165   486   486 D logging : UDISK 6A6F-168B
08-13 18:08:14.165   486   486 E logging : falied access file 2
08-13 18:08:15.002   563   563 V HotPlugDetectionAction: Poll all devices.
08-13 18:08:15.060   365   399 D hdmicecd: [CEC]:printCecMessage, [4 -> 0] len: 0, body:, result:no ack
08-13 18:08:15.116   365   399 D hdmicecd: [CEC]:printCecMessage, [4 -> 1] len: 0, body:, result:no ack
08-13 18:08:15.166   486   486 D logging : UDISK 6A6F-168B
08-13 18:08:15.166   486   486 E logging : falied access file 2
08-13 18:08:15.172   365   399 D hdmicecd: [CEC]:printCecMessage, [4 -> 3] len: 0, body:, result:no ack
08-13 18:08:15.232   365   399 D hdmicecd: [CEC]:printCecMessage, [4 -> 5] len: 0, body:, result:no ack
08-13 18:08:15.288   365   399 D hdmicecd: [CEC]:printCecMessage, [4 -> 8] len: 0, body:, result:no ack
08-13 18:08:15.348   365   399 D hdmicecd: [CEC]:printCecMessage, [4 -> b] len: 0, body:, result:no ack
08-13 18:08:15.377   339   436 I netd    : setProcSysNet(4, 2, eth0, retrans_time_ms, 750) <0.38ms>
08-13 18:08:15.378   339   436 I netd    : setProcSysNet(4, 2, eth0, ucast_solicit, 10) <0.21ms>
08-13 18:08:15.379   339   436 I netd    : setProcSysNet(6, 2, eth0, retrans_time_ms, 750) <0.19ms>
08-13 18:08:15.379   339   436 I netd    : setProcSysNet(6, 2, eth0, ucast_solicit, 10) <0.08ms>
08-13 18:08:15.404   365   399 D hdmicecd: [CEC]:printCecMessage, [4 -> e] len: 0, body:, result:no ack
08-13 18:08:15.405   563   563 D HdmiCecController: [P]:AllocatedAddress=[]
08-13 18:08:15.601  1580  2359 D libovd  : [2026-08-13 18:08:15.601] [debug] [2359] [DME] DME_internal.c:1104 DME_backoff_algorithm backoff_result resum: 1140
08-13 18:08:15.609  1580  2359 D libovd  : [2026-08-13 18:08:15.609] [debug] [2359] [DME] DME_main.c:649 DME_make_capinfo_hash data:{"device_type":0,"auto_reboot":true,"stream_encryption_mode":"NULL","media_protocol":"srt","talk_protocol":"ccrtc","replay_protocol":"srt","cloud_record":true,"netprobe_cap":1,"ivrs":true,"pic_upload_https":true,"log_upload_https":true,"firmware_download_https":true,"support_softprobe":false,"video_encrypt":false,"support_extension":"","camera_lens_type":0,"light_supplement_lamp":false,"support_4G":false,"battery":false,"screen":true,"smoke_sensor":false,"robot_housekeeper":0,"ptz":false,"trace":false,"support_ptz_preset":false,"zoomcontrol":false,"focuscontrol":false,"channel":0,"timed_dormancy":false,"switch":false,"SD":false,"led":false,"AIGC_cloud_record":false,"support_DN_mode":false,"playback_speed":0,"support_get_SDcapacity":false,"multi_stream":false,"support_set_video_formats":false,"support_set_bitrate":false,"support_set_framerate":false,"support_set_gop":false,"osd_text":false,"osd_logo":false,"support_set_AI_rules_mode":false,"video_quality":"sd,hd","video_formats_supportlists":"h264","static_scence_ABR":false,"audio_out":false,"voice_out":true,"voiceout_volume":false,"audiosamplerate":0,"alarms":{"io":false,"cry":false,"voice":false,"alarm_voice_detect_stand":0,"motion":true,"alarm_motion_detect_stand":0,"motion_zone":0,"body":false,"body_zone":0,"cross":false,"pir":false,"pir_staymode":false,"lossLock":false,"alertarea":false,"alertarea_expel":false,"alertarea_zone":0,"alertarea_params":{"support_set_target":0,"support_staymode_time":false,"support_set_alerttime":false,"alertarea_zone":0,"alertarea_num":1},"transgression":false,"transgression_params":{"support_set_target":0,"support_set_alerttime":false,"support_set_statistics_line":false}},"stopalarm":false,"linkage_mode":{"alertarea":"","vehicle_detection":"","nonmotorvehicle_detection":"","mask_detection":"","regional_people_statistics_detection":"","transgression":"","helmet_wearing_detection":""},"dashcam":false,"robot_ctrl":"","AI":{"face":false,"kitchen
08-13 18:08:15.609  1580  2359 D libovd  : [2026-08-13 18:08:15.609] [debug] [2359] [DME] DME_main.c:663 DME_make_capinfo_hash out_result:9267c2c57e4e32f3926f05b27cdd9f42bf10b519a75a360c36a207c39a509a34c969fe1486613a52b8b73c7a7f4af98a8eeb4dafd2171fa38328ab5dad4b4a78
08-13 18:08:15.609  1580  2359 D libovd  : [2026-08-13 18:08:15.609] [debug] [2359] [DME] DME_main.c:716 DME_reconnect_server2 DME use wss ....
08-13 18:08:15.609  1580  2359 D libovd  : [2026-08-13 18:08:15.609] [debug] [2359] [DME] DME_main.c:768 DME_reconnect_server2 url: wss://accessxy-ws.region.video.komect.com:9105/ovc?login_code=28BEF3247A81&login_passwd=25d3f5fa16e9&cmei=111132090000010&hardware_model=TB712&firmware_model=1.44.4&sdk=V1.44.3-rc-0f54fbe23&model_id=YX_lxp_TB712&macaddress=28:BE:F3:24:7A:81&reconnect=0&capinfohash=9267c2c57e4e32f3926f05b27cdd9f42bf10b519a75a360c36a207c39a509a34c969fe1486613a52b8b73c7a7f4af98a8eeb4dafd2171fa38328ab5dad4b4a78&channel_num=1&device_type=0
08-13 18:08:15.609  1580  2359 D libovd  : [2026-08-13 18:08:15.609] [debug] [2359] [DME] DME_main.c:791 DME_reconnect_server2 i.address:'accessxy-ws.region.video.komect.com'
08-13 18:08:15.609  1580  2359 D libovd  : [2026-08-13 18:08:15.609] [debug] [2359] [DME] DME_main.c:817 DME_reconnect_server2 DME ssl ca filepath: NULL 
08-13 18:08:15.610  1580  2359 I libovd  : [2026-08-13 18:08:15.610] [info] [2359] [DME] DME_main.c:836 DME_reconnect_server2  context created.
08-13 18:08:15.610  1580  2359 D libovd  : [2026-08-13 18:08:15.610] [debug] [2359] [DME] DME_internal.c:1028 DME_status_change pthread 0xb9df31c0 DME status changed from 4 to 2 
08-13 18:08:15.610  1580  2359 D libovd  : [2026-08-13 18:08:15.610] [debug] [2359] [DME] DME_main.c:859 DME_reconnect_server2 address: accessxy-ws.region.video.komect.com
08-13 18:08:15.610  1580  2359 D libovd  : , host: accessxy-ws.region.video.komect.com
08-13 18:08:15.610  1580  2359 D libovd  :  ,origin: accessxy-ws.region.video.komect.com
08-13 18:08:15.606  1580  1580 I OVD_DMEMain: type=1400 audit(0.0:7069): avc:  denied  { connectto } for  path="/dev/socket/dnsproxyd" scontext=u:r:zygote:s0 tcontext=u:r:netd:s0 tclass=unix_stream_socket permissive=1
08-13 18:08:15.611   339 18346 I resolv  : GetAddrInfoHandler::run: {100 786532 100 983140 1000 0}
08-13 18:08:15.612   339 18347 I resolv  : res_nmkquery: (QUERY, IN, AAAA)
08-13 18:08:15.612   339 18347 I resolv  : resolv_cache_lookup: FOUND IN CACHE entry=0xec400e20
08-13 18:08:15.612   339 18348 I resolv  : res_nmkquery: (QUERY, IN, A)
08-13 18:08:15.612   339 18347 I resolv  : doQuery: rcode=0, ancount=0, return value=126
08-13 18:08:15.612   339 18348 I resolv  : resolv_cache_lookup: FOUND IN CACHE entry=0xec741c10
08-13 18:08:15.612   339 18348 I resolv  : doQuery: rcode=0, ancount=2, return value=85
08-13 18:08:15.613  1580  2359 I libovd  : [2026-08-13 18:08:15.613] [info] [2359] [DME] DME_main.c:869 DME_reconnect_server2 connect start
08-13 18:08:15.631   339 18349 I resolv  : GetAddrInfoHandler::run: {100 786532 100 983140 1000 0}
08-13 18:08:15.632   339 18351 I resolv  : res_nmkquery: (QUERY, IN, A)
08-13 18:08:15.632   339 18350 I resolv  : res_nmkquery: (QUERY, IN, AAAA)
08-13 18:08:15.632   339 18350 I resolv  : resolv_cache_lookup: FOUND IN CACHE entry=0xec400e20
08-13 18:08:15.632   339 18351 I resolv  : resolv_cache_lookup: FOUND IN CACHE entry=0xec741c10
08-13 18:08:15.632   339 18350 I resolv  : doQuery: rcode=0, ancount=0, return value=126
08-13 18:08:15.632   339 18351 I resolv  : doQuery: rcode=0, ancount=2, return value=85
08-13 18:08:15.706  1580  2359 I libovd  : [2026-08-13 18:08:15.706] [info] [2359] [DME] DME_main.c:121 DME_service_callback  [DME] Connect with server success.
08-13 18:08:15.706  1580  2359 D libovd  : [2026-08-13 18:08:15.706] [debug] [2359] [DME] DME_main.c:900 DME_Set_DME_ws_connection_flag ws_connection_flag changed to 1
08-13 18:08:15.706  1580  2359 I libovd  : [2026-08-13 18:08:15.706] [info] [2359] [DME] DME_main.c:143 DME_service_callback g_DMEContext->contextstatus.status changed to DME_STATUS_ESTABLISHED
08-13 18:08:15.707  1580  2359 I libovd  : [2026-08-13 18:08:15.707] [info] [2359] [DME] DME_main.c:546 DMEAPI_Wakeup_heart Wakeup heartbeat, dme status (3)
08-13 18:08:15.707  1580  2359 I libovd  : [2026-08-13 18:08:15.707] [info] [2359] [DME] DME_main.c:159 DME_service_callback DME localip :192.168.1.3
08-13 18:08:15.707  1580  2359 D libovd  : [2026-08-13 18:08:15.707] [debug] [2359] [ovd_utils] soft_wdt.c:283 softwdt_adddog add dme dog:DME===timeout:900 s, feedtime:33308459
08-13 18:08:15.707  1580  2359 W libovd  : [2026-08-13 18:08:15.707] [warn] [2359] [ovd_utils] soft_wdt.c:312 softwdt_adddog softwdt watch dog: 0xb93481c0 
08-13 18:08:15.707  1580  2359 W libovd  : [2026-08-13 18:08:15.707] [warn] [2359] [DME] DME_pb.c:25 dme_pb_package_event_report [DME_client_close] the device not in region
08-13 18:08:15.707  1580  2359 W libovd  : [2026-08-13 18:08:15.707] [warn] [2359] [OVD_OpenApi] OVD_OpenAPI.c:3356 ovd_probe_exception_post soft probe is not supported
08-13 18:08:15.707  1580  2359 W libovd  : [2026-08-13 18:08:15.707] [warn] [2359] [DME] DME_main.c:112 DME_service_callback The peer has sent an unsolicited Close WS packet. errorcode:4003 reason is "the device not in region" 
08-13 18:08:15.707  1580  2359 W libovd  : [2026-08-13 18:08:15.707] [warn] [2359] [ovd_utils] soft_wdt.c:329 softwdt_deldog del dog:DME===
08-13 18:08:15.707  1580  2359 I libovd  : [2026-08-13 18:08:15.707] [info] [2359] [ovd_utils] soft_wdt.c:343 softwdt_deldog dog DME changed to inactive
08-13 18:08:15.707  1580  2359 W libovd  : [2026-08-13 18:08:15.707] [warn] [2359] [DME] DME_main.c:205 DME_service_callback  libwebsocket find closed  reson:(null)....
08-13 18:08:15.708  1580  2359 D libovd  : [2026-08-13 18:08:15.707] [debug] [2359] [DME] DME_main.c:900 DME_Set_DME_ws_connection_flag ws_connection_flag changed to 0
08-13 18:08:15.708  1580  2359 D libovd  : [2026-08-13 18:08:15.708] [debug] [2359] [DME] DME_internal.c:1028 DME_status_change pthread 0xb9df31c0 DME status changed from 3 to 8 
08-13 18:08:15.708  1580  2359 W libovd  : [2026-08-13 18:08:15.708] [warn] [2359] [DME] DME_main.c:244 DME_service_callback  LWS_CALLBACK_WSI_DESTROY
08-13 18:08:15.708  1580  2359 D libovd  : [2026-08-13 18:08:15.708] [debug] [2359] [DME] DME_main.c:900 DME_Set_DME_ws_connection_flag ws_connection_flag changed to 0
08-13 18:08:15.708  1580  2359 D libovd  : [2026-08-13 18:08:15.708] [debug] [2359] [DME] DME_internal.c:1028 DME_status_change pthread 0xb9df31c0 DME status changed from 8 to 8 
08-13 18:08:15.708  1580  2359 D libovd  : [2026-08-13 18:08:15.708] [debug] [2359] [DME] DME_internal.c:1028 DME_status_change pthread 0xb9df31c0 DME status changed from 8 to 4 
08-13 18:08:15.708  1580  2359 D libovd  : [2026-08-13 18:08:15.708] [debug] [2359] [DME] DME_main.c:900 DME_Set_DME_ws_connection_flag ws_connection_flag changed to 0
08-13 18:08:15.708  1580  2359 W libovd  : [2026-08-13 18:08:15.708] [warn] [2359] [DME] DME_rpc.c:928 dme_rpc_reset drop dme msg, type (0)
08-13 18:08:15.708  1580  2359 W libovd  : [2026-08-13 18:08:15.708] [warn] [2359] [DME] DME_rpc.c:938 dme_rpc_reset cancel wait ack, wait obj <0xc2ae5300>, seq 1130
08-13 18:08:15.708  1580  2359 D libovd  : [2026-08-13 18:08:15.708] [debug] [2359] [ovd_utils] ovd_pb.c:306 ovd_pb_bind_cal_time ===status:4===
08-13 18:08:15.708  1580  2361 E libovd  : [2026-08-13 18:08:15.708] [error] [2361] [DME] DME_rpc.c:1019 dme_remote_call ack is null or timeout, seq (1130), method (Keepalive), wait_time (1 ms)
08-13 18:08:15.708  1580  2361 D libovd  : [2026-08-13 18:08:15.708] [debug] [2361] [DME] DME_internal.c:364 DME_RPC_send_keepalive keep alive succuss, ovc response code [0]
08-13 18:08:15.708  1580  2361 W libovd  : [2026-08-13 18:08:15.708] [warn] [2361] [ovd_utils] soft_wdt.c:415 softwdt_feeddog dog DME inactive
08-13 18:08:15.709  1580  2359 D libovd  : [2026-08-13 18:08:15.708] [debug] [2359] [DME] DME_main.c:690 DME_reconnect_server2 reconnect servering...
08-13 18:08:15.709  1580  2359 I libovd  : [2026-08-13 18:08:15.709] [info] [2359] [DME] DME_internal.c:1076 DME_backoff_algorithm this is 1141 connect, backoff 13312143 us 
08-13 18:08:16.167   486   486 D logging : UDISK 6A6F-168B
08-13 18:08:16.167   486   486 E logging : falied access file 2
08-13 18:08:17.168   486   486 D logging : UDISK 6A6F-168B
08-13 18:08:17.168   486   486 E logging : falied access file 2
08-13 18:08:18.169   486   486 D logging : UDISK 6A6F-168B
08-13 18:08:18.169   486   486 E logging : falied access file 2
08-13 18:08:19.171   486   486 D logging : UDISK 6A6F-168B
08-13 18:08:19.171   486   486 E logging : falied access file 2
08-13 18:08:20.172   486   486 D logging : UDISK 6A6F-168B
08-13 18:08:20.172   486   486 E logging : falied access file 2
08-13 18:08:21.174   486   486 D logging : UDISK 6A6F-168B
08-13 18:08:21.174   486   486 E logging : falied access file 2
08-13 18:08:22.175   486   486 D logging : UDISK 6A6F-168B
08-13 18:08:22.175   486   486 E logging : falied access file 2
08-13 18:08:23.177   486   486 D logging : UDISK 6A6F-168B
08-13 18:08:23.177   486   486 E logging : falied access file 2
08-13 18:08:24.177   486   486 D logging : UDISK 6A6F-168B
08-13 18:08:24.178   486   486 E logging : falied access file 2
08-13 18:08:25.117     0     0 W         : [3 T17962 ..] [W2][  MSG_TX] [aml_send_sync_trace 4770]sync token[20436] time[33317852069302]
08-13 18:08:25.118     0     0 W         : [1 T764   ..] [W2][     CMD] [cmd_complete 65]cmd tkn[697]  flags:0000  result: -4  cmd: 105-MM_SYNC_TRACE            - reqcfm(   0-none)
08-13 18:08:25.179   486   486 D logging : UDISK 6A6F-168B
08-13 18:08:25.179   486   486 E logging : falied access file 2
08-13 18:08:25.196     0     0 I [1 T193   ..] logd: logdr: UID=0 GID=0 PID=18352 b tail=0 logMask=99 pid=0 start=0ns deadline=0ns
08-13 18:08:26.180   486   486 D logging : UDISK 6A6F-168B
08-13 18:08:26.180   486   486 E logging : falied access file 2
08-13 18:08:27.182   486   486 D logging : UDISK 6A6F-168B
08-13 18:08:27.182   486   486 E logging : falied access file 2
08-13 18:08:27.718   501   501 I xiriservice_All: type=1400 audit(0.0:7070): avc:  denied  { ioctl } for  path="/dev/input/event3" dev="tmpfs" ino=644 ioctlcmd=0x4502 scontext=u:r:xiriservice_All:s0 tcontext=u:object_r:input_device:s0 tclass=chr_file permissive=1
08-13 18:08:27.739     0     0 W [0 T100   ..] jadard_ts_work: Entering
08-13 18:08:27.721   501   501 D XIRI_driver: send to xiri: {"cmd":"key","event":1,"keycode":330,"pid":0,"vid":0,"devnum":0}
08-13 18:08:27.724   563   584 D WindowManager: MotionEvent: action=ACTION_DOWN x=142.0 y=223.0 eventTime=33320473 pointerCount=1
08-13 18:08:27.725   864  6366 I jarvis_ : System call method methodId = touch_down
08-13 18:08:27.725 15654 15814 W SQLiteLog: (28) double-quoted string literal: "2026-08-13"
08-13 18:08:27.726   501   501 D XIRI_driver: send to xiri: {"cmd":"key","event":1,"keycode":325,"pid":0,"vid":0,"devnum":0}
08-13 18:08:27.726   864  6827 I jarvis_ : System call method methodId = touch_down
08-13 18:08:27.730   563   584 D WindowManager: MotionEvent: action=ACTION_MOVE x=142.0 y=223.0 eventTime=33320482 pointerCount=1
08-13 18:08:27.748     0     0 W [0 T100   ..] jadard_ts_work: Entering
08-13 18:08:27.738   563   584 D WindowManager: MotionEvent: action=ACTION_MOVE x=142.0 y=223.0 eventTime=33320490 pointerCount=1
08-13 18:08:27.756     0     0 W [0 T100   ..] jadard_ts_work: Entering
08-13 18:08:27.765     0     0 W [0 T100   ..] jadard_ts_work: Entering
08-13 18:08:27.747   563   584 D WindowManager: MotionEvent: action=ACTION_MOVE x=142.0 y=223.0 eventTime=33320499 pointerCount=1
08-13 18:08:27.773     0     0 W [0 T100   ..] jadard_ts_work: Entering
08-13 18:08:27.755   563   584 D WindowManager: MotionEvent: action=ACTION_MOVE x=142.0 y=223.0 eventTime=33320507 pointerCount=1
08-13 18:08:27.760 15654 15814 W SQLiteLog: (28) double-quoted string literal: "2026-08-13"
08-13 18:08:27.781     0     0 W [0 T100   ..] jadard_ts_work: Entering
08-13 18:08:27.764   563   584 D WindowManager: MotionEvent: action=ACTION_MOVE x=142.0 y=223.0 eventTime=33320515 pointerCount=1
08-13 18:08:27.789     0     0 W [0 T100   ..] jadard_ts_work: Entering
08-13 18:08:27.772   563   584 D WindowManager: MotionEvent: action=ACTION_MOVE x=142.0 y=223.0 eventTime=33320524 pointerCount=1
08-13 18:08:27.780   563   584 D WindowManager: MotionEvent: action=ACTION_MOVE x=142.0 y=223.0 eventTime=33320532 pointerCount=1
08-13 18:08:27.798     0     0 W [0 T100   ..] jadard_ts_work: Entering
08-13 18:08:27.788   501   501 D XIRI_driver: send to xiri: {"cmd":"key","event":0,"keycode":330,"pid":0,"vid":0,"devnum":0}
08-13 18:08:27.788   501   501 D XIRI_driver: send to xiri: {"cmd":"key","event":0,"keycode":325,"pid":0,"vid":0,"devnum":0}
08-13 18:08:27.789 18185 18185 I com.starnet.filemanager.activity.FileActivity: [HANDLE4]:==NOTIFY_DATA_CHANGED==GridViewState{selectedId=-9223372036854775808, savedState=AbsListView.SavedState{639ae94 selectedId=-9223372036854775808 firstId=-1 viewTop=0 position=0 height=696 filter=null checkState=null}}
08-13 18:08:27.789   563   584 D WindowManager: MotionEvent: action=ACTION_UP x=142.0 y=223.0 eventTime=33320540 pointerCount=1
08-13 18:08:27.790   864  6827 I jarvis_ : System call method methodId = touch_up
08-13 18:08:27.790   864  6366 I jarvis_ : System call method methodId = touch_up
08-13 18:08:27.806     0     0 W [0 T100   ..] jadard_ts_work: Entering
08-13 18:08:27.854 18185 18185 D com.starnet.filemanager.activity.FileActivity: startPlayerAction: audio path = /storage/6A6F-168B/本地音频/mp3/赵丽颖、许志安 - 乱世俱灭.mp3
08-13 18:08:27.854 18185 18185 D com.starnet.filemanager.activity.FileActivity: position: 0
08-13 18:08:27.857   403   508 D audioserver: logFgsApiBegin: FGS Logger Transaction failed, -129
08-13 18:08:27.857   864  6366 E jarvis_ActivityController: activityStarting:intent = Intent { act=android.intent.action.VIEW cmp=com.droidlogic.exoplayer2.demo/com.droidlogic.videoplayer.MoviePlayer }, pkg=com.droidlogic.exoplayer2.demo
08-13 18:08:27.857   864  6366 I jarvis_ : <getAuthPkgName>:
08-13 18:08:27.857   864  6366 I jarvis_ : <getTVPkgName>:com.gitv.tv.gvp
08-13 18:08:27.857   864  6366 I jarvis_ : isRestedLocally=false
08-13 18:08:27.857   864  6366 I jarvis_ : <getAuthPkgName>:
08-13 18:08:27.857   864  6366 I jarvis_ : <getTVPkgName>:com.gitv.tv.gvp
08-13 18:08:27.857   864  6366 I jarvis_ : com.droidlogic.exoplayer2.demo=false
08-13 18:08:27.857   864  6366 I jarvis_ProcessLifeImps: activityStarting:packageName = com.droidlogic.exoplayer2.demo,pageName = com.droidlogic.videoplayer.MoviePlayer 
08-13 18:08:27.858   352   416 I audio_hw_hal_primary: out_update_source_metadata_v7() line 2024 usage:13 content_type:4
08-13 18:08:27.858   864  6366 E jarvis_ActivityController: activityStarting: return true
08-13 18:08:27.858   352  1266 I audio_hw_hal_resourcemgr: [is_output_device_muted:710] device:0x2 port_mute:0, fade_mute:0
08-13 18:08:27.858   352  1266 I audio_hw_hal_submixing: [usecase_change_validate_l_sm:1507] ++++ out:0xf0ec6be0 continuous:0 dev masks:0, out masks:0, out usecase PCM_NORMAL
08-13 18:08:27.858   352  1266 I audio_hw_hal_submixing: [usecase_change_validate_l_sm:1514] io 13: out:0xf0ec6be0 add usecase PCM_NORMAL, cnt 1
08-13 18:08:27.858   352  1266 D audio_hw_hal_submixing: [usecase_change_validate_l_sm:1527] io 13: out:0xf0ec6be0 cur dev masks:0, add out usecase:PCM_NORMAL
08-13 18:08:27.858   352  1266 I audio_hw_hal_submixing: [usecase_change_validate_l_sm:1556] ---- out:0xf0ec6be0 continuous:0 dev masks:0x1, out masks:0x1, out usecase PCM_NORMAL
08-13 18:08:27.858   352  1266 D audio_hw_hal_port: [setPortConfig:302] +++ch mask = 0x3, fmt 0x1, samplerate 48000
08-13 18:08:27.858   352  1266 D audio_hw_hal_port: [new_input_port:462] buf_frames:384,frame_size:4 ==> thunk_size:1536
08-13 18:08:27.858   352  1266 I audio_hw_hal_port: [get_input_port_type:122] samplerate:48000, flags:0x2, channel_cnt:2
08-13 18:08:27.858   352  1266 D audio_hw_hal_port: [new_input_port:499] inport:PCM_SYSTEM, buf:6144, direct:0, format:0x1, rate:48000, ch:2
08-13 18:08:27.858   352  1266 D audio_hw_hal_submixing: [mixer_get_available_inport_index:141] +inportsAvailMasks: 0xfe
08-13 18:08:27.858   352  1266 D audio_hw_hal_submixing: [mixer_get_available_inport_index:144] -inportsAvailMasks:0xfc, index 1
08-13 18:08:27.858   352  1266 I audio_hw_hal_submixing: [init_mixer_input_port:211] input port:PCM_SYSTEM, size 384 frames, frame_write_sum:8224768
08-13 18:08:27.858   352  1266 I audio_hw_hal_port: [get_input_port_type:122] samplerate:48000, flags:0x2, channel_cnt:2
08-13 18:08:27.858   352  1266 I audio_hw_hal_submixing: [mixer_aux_buffer_write_sm:1351] io 13: out:0xf0ec6be0 usecase:PCM_NORMAL standby to unstandby, input port:PCM_SYSTEM
08-13 18:08:27.858   352  1266 I audio_hw_hal_submixing: [mixer_aux_buffer_write_sm:1362] padding_bytes 12288
08-13 18:08:27.858   352  1266 I audio_hw_hal_submixing: [mixer_write_inport:340] input port:PCM_SYSTEM is active now
08-13 18:08:27.858   352  1266 I audio_hw_hal_submixing: [mixer_aux_buffer_write_sm:1362] padding_bytes 10752
08-13 18:08:27.858   352  1266 I audio_hw_hal_submixing: [mixer_aux_buffer_write_sm:1362] padding_bytes 9216
08-13 18:08:27.859   352  1266 I audio_hw_hal_submixing: [mixer_aux_buffer_write_sm:1362] padding_bytes 7680
08-13 18:08:27.859   352  1266 I audio_hw_hal_submixing: [mixer_aux_buffer_write_sm:1362] padding_bytes 6144
08-13 18:08:27.859   563  1903 D CompatibilityChangeReporter: Compat change id reported: 265464455; UID 10032; state: DISABLED
08-13 18:08:27.860   563  1903 D CompatibilityChangeReporter: Compat change id reported: 265452344; UID 10032; state: DISABLED
08-13 18:08:27.860   563  1903 D CompatibilityChangeReporter: Compat change id reported: 266124927; UID 10032; state: DISABLED
08-13 18:08:27.860   563  1903 D CompatibilityChangeReporter: Compat change id reported: 265451093; UID 10032; state: DISABLED
08-13 18:08:27.860   563  1903 D CompatibilityChangeReporter: Compat change id reported: 265456536; UID 10032; state: DISABLED
08-13 18:08:27.860   563  1903 D CompatibilityChangeReporter: Compat change id reported: 255940284; UID 10032; state: DISABLED
08-13 18:08:27.860   563  1903 D CompatibilityChangeReporter: Compat change id reported: 236283604; UID 10032; state: DISABLED
08-13 18:08:27.860   563  1903 D CompatibilityChangeReporter: Compat change id reported: 263959004; UID 10032; state: DISABLED
08-13 18:08:27.861   563  1903 D CompatibilityChangeReporter: Compat change id reported: 264304459; UID 10032; state: DISABLED
08-13 18:08:27.861   563  1903 D CompatibilityChangeReporter: Compat change id reported: 264301586; UID 10032; state: DISABLED
08-13 18:08:27.861   563  1903 D CompatibilityChangeReporter: Compat change id reported: 254631730; UID 10032; state: DISABLED
08-13 18:08:27.861   563  1903 D CompatibilityChangeReporter: Compat change id reported: 273509367; UID 10032; state: DISABLED
08-13 18:08:27.862   563  1903 D CompatibilityChangeReporter: Compat change id reported: 263259275; UID 10032; state: DISABLED
08-13 18:08:27.862   563  1903 D CompatibilityChangeReporter: Compat change id reported: 174042980; UID 10032; state: DISABLED
08-13 18:08:27.862   563  1903 D CompatibilityChangeReporter: Compat change id reported: 174042936; UID 10032; state: DISABLED
08-13 18:08:27.862   563  1903 D CompatibilityChangeReporter: Compat change id reported: 181136395; UID 10032; state: DISABLED
08-13 18:08:27.863   864  1064 E callSystem: methodId = appActivityStart,result = 0
08-13 18:08:27.866   352   532 I audio_hw_hal_submixing: [mixer_inports_read:1010] input port:PCM_SYSTEM first start, portId:1, avail:6144
08-13 18:08:27.867   563  1903 D CompatibilityChangeReporter: Compat change id reported: 194480991; UID 10032; state: ENABLED
08-13 18:08:27.869   563  1903 E CellBroadcastUtils: getDefaultCellBroadcastReceiverPackageName: no package found
08-13 18:08:27.871   352  1266 I audio_hw_hal_submixing: [mixer_aux_buffer_write_sm:1362] padding_bytes 4608
08-13 18:08:27.873   563  1903 D CompatibilityChangeReporter: Compat change id reported: 184838306; UID 10032; state: DISABLED
08-13 18:08:27.874   563  1903 D CompatibilityChangeReporter: Compat change id reported: 185004937; UID 10032; state: DISABLED
08-13 18:08:27.876   563  1903 D CompatibilityChangeReporter: Compat change id reported: 197654537; UID 10032; state: ENABLED
08-13 18:08:27.879   352  1266 I audio_hw_hal_submixing: [mixer_aux_buffer_write_sm:1362] padding_bytes 3072
08-13 18:08:27.879   563  1903 D CompatibilityChangeReporter: Compat change id reported: 205907456; UID 10032; state: ENABLED
08-13 18:08:27.887   352  1266 I audio_hw_hal_submixing: [mixer_aux_buffer_write_sm:1362] padding_bytes 1536
08-13 18:08:27.887   563  1903 I ActivityTaskManager: START u0 {act=android.intent.action.VIEW flg=0x10000000 cmp=com.droidlogic.exoplayer2.demo/com.droidlogic.videoplayer.MoviePlayer (has extras)} with LAUNCH_MULTIPLE from uid 1000 (BAL_ALLOW_ALLOWLISTED_UID) result code=0
08-13 18:08:27.890   563   586 D CompatibilityChangeReporter: Compat change id reported: 135634846; UID 10032; state: DISABLED
08-13 18:08:27.892   563   593 D CompatibilityChangeReporter: Compat change id reported: 143937733; UID 10032; state: ENABLED
08-13 18:08:27.906   563   586 W ProcessStats: Tracking association SourceState{98b27b6 com.cmcc.lingxiagent/1000 Fgs #2714} whose proc state 3 is better than process ProcessState{2253a5 com.cmcc.aisound/1000 pkg=com.cmcc.aisound} proc state 14 (47 skipped)
08-13 18:08:27.907   563   636 D CompatibilityChangeReporter: Compat change id reported: 265195908; UID 10032; state: ENABLED
08-13 18:08:27.911   340   340 D Zygote  : Forked child process 18354
08-13 18:08:27.913   563   593 I ActivityManager: Start proc 18354:com.droidlogic.exoplayer2.demo/u0a32 for next-top-activity {com.droidlogic.exoplayer2.demo/com.droidlogic.videoplayer.MoviePlayer}
08-13 18:08:27.916   216   216 I BpBinder: onLastStrongRef automatically unlinking death recipients: 
08-13 18:08:27.921 18354 18354 I Zygote  : seccomp disabled by setenforce 0
08-13 18:08:27.928 18354 18354 I exoplayer2.demo: Using CollectorTypeCC GC.
08-13 18:08:27.938 18354 18354 E exoplayer2.demo: Not starting debugger since process cannot load the jdwp agent.
08-13 18:08:27.943   352  1266 I audio_hw_hal_stream: aml_stream_out_info_print: out:0xf0ec6be0, stream_type:pcm, sync_mode:non tunnel, input_size:32907264 bytes
08-13 18:08:27.943   352  1266 I audio_hw_hal_stream: aml_stream_out_info_print: last_time:33287058 ms (sec:33287, nsec:58693204), last_position:171309 ms (8222848), cur_time:33320690 ms (sec:33320, nsec:690715636), cur_position:171349 ms (8224768)
08-13 18:08:27.943   352  1266 I audio_hw_hal_stream: aml_stream_out_info_print: time_gap:33632 ms (thr:100 ms), position_gap:40 ms, delay:42 ms, jitter: Position gap is behind system time gap by 33592 ms (thr:100 ms)
08-13 18:08:27.950   563  1903 D CompatibilityChangeReporter: Compat change id reported: 168419799; UID 10032; state: DISABLED
08-13 18:08:27.951   563  1903 D CompatibilityChangeReporter: Compat change id reported: 273564678; UID 10032; state: DISABLED
08-13 18:08:27.957   947 16350 D DroidLogicBenchService: onForegroundActivitiesChanged pid:18354,uid:10032,fg:true
08-13 18:08:27.957  1125  1407 D LauncherApp: [, , 0]:{Thread:binder:1125_4}onForegroundActivitiesChanged
08-13 18:08:27.958 18354 18354 D CompatibilityChangeReporter: Compat change id reported: 171979766; UID 10032; state: ENABLED
08-13 18:08:27.958 18354 18354 D CompatibilityChangeReporter: Compat change id reported: 242716250; UID 10032; state: ENABLED
08-13 18:08:27.958   864  6827 E jarvis_AppUtils: getPkgNameByPidFromFile failed, pid===18354, ex=java.io.FileNotFoundException: /proc/18354/cmdline: open failed: ENOENT (No such file or directory)
08-13 18:08:27.958   864  6827 E jarvis_AppUtils: read /proc/pid/cmdline failed, pname===null, fallback to AMS...
08-13 18:08:27.959  1125  1387 D LauncherApp: [, , 0]:{Thread:pool-4-thread-1}Process (pid: 18354, uid: 10032, package: com.droidlogic.exoplayer2.demo) foreground state changed: true
08-13 18:08:27.959   864  6827 E jarvis_ProcessObserverBinder: onForeground app com.droidlogic.exoplayer2.demo, pid = 18354, uid = 10032, foreActs = true
08-13 18:08:27.959  1125  1387 D LauncherApp: [, , 0]:{Thread:pool-4-thread-1}Process (package com.starnet.filemanager) foreground state changed: false
08-13 18:08:27.960   864  1070 I jarvis_LxAgentApiClient: <asyncCallAgent> method=lingxi_report_client
08-13 18:08:27.961   864  1021 I jarvis_LxAgentApiClient: <callAgent> method=lingxi_report_client, params=Bundle[{commandId=7, header=null, body={"eventId":58,"eventMode":0,"params":{"status":"2"}}, msgId=1786615707}]
08-13 18:08:27.958   864   864 I JvsWork#1: type=1400 audit(0.0:7071): avc:  denied  { call } for  scontext=u:r:zygote:s0 tcontext=u:r:zygote:s0 tclass=binder permissive=1
08-13 18:08:27.958   864   864 I JvsWork#1: type=1400 audit(0.0:7072): avc:  denied  { transfer } for  scontext=u:r:zygote:s0 tcontext=u:r:zygote:s0 tclass=binder permissive=1
08-13 18:08:27.961  1125 18168 D com.aijia.http.intercept.HttpInterceptLogger: [, , 0]:{Thread:RxCachedThreadScheduler-301}--> POST https://device.yjdp.komect.com/yjfp/device-user/behavior/app/usage/record/add
08-13 18:08:27.961  1125 18168 D com.aijia.http.intercept.HttpInterceptLogger: [, , 0]:{Thread:RxCachedThreadScheduler-301}Content-Type: application/json; charset=utf-8
08-13 18:08:27.961  1125 18168 D com.aijia.http.intercept.HttpInterceptLogger: [, , 0]:{Thread:RxCachedThreadScheduler-301}Content-Length: 725
08-13 18:08:27.961  1125 18168 D com.aijia.http.intercept.HttpInterceptLogger: [, , 0]:{Thread:RxCachedThreadScheduler-301}authorization: Bearer eyJraWQiOiIzYzE3NDhjOS0zMzFjLTQwY2EtYTY2Ni03ZGM5ZjBjNDg4Y2QiLCJhbGciOiJSUzI1NiJ9.eyJzdWIiOiIxNjY0MDExNTI5MTExMTMyMDkwMDAwMDEwIiwicHJvdkNvZGUiOiIxMDAiLCJ1c2VyX25hbWUiOiIxNjY0MDExNTI5MTExMTMyMDkwMDAwMDEwIiwicGFzc0lkIjoiMjg5NTU1NjkyNDI4NzciLCJpc3MiOiJodHRwOi8vZGV2aWNlLW9hdXRoL2RldmljZS1vYXV0aDIiLCJleHRlbmRJbmZvIjp7InVzZXJuYW1lIjoiMTY2NDAxMTUyOTExMTEzMjA5MDAwMDAxMCJ9LCJjbGllbnRfaWQiOiJlNzUxY2U3NmQ2NjMxMWYwYjdiYjAwMTYzZTAyMjhiYSIsImF1ZCI6ImU3NTFjZTc2ZDY2MzExZjBiN2JiMDAxNjNlMDIyOGJhIiwibmJmIjoxNzg2NjE0MjIyLCJzY29wZSI6WyJhbGwiXSwiZXhwIjoxNzg2NjE2MDIyLCJpYXQiOjE3ODY2MTQyMjIsImp0aSI6IjU1MmZhMWYxLTcxZTAtNGI2ZS1iNjdkLTgyOGM4ZjZmODczZiJ9.AMBjXKcB0wuOrq-xLpYRbCaDleK_kOVjX8D5nl0jnGSM3GumWMHBaUtDJwmerkwspJtTPrZ7MQzrV4MKt2tIkRvvw9cKgmyr8goUfTXp3I4-eBAxI1NCaxS5TTDYsy77OAPRnn7OtP7uLB5DfU3GBUNWj6l-zBEcKE3fMx_BOvQCM6lq9sR8I5w9SLMJ9FVLSNkGe5SK1uG_ir0MzHxJZPyanYhzasLcCUHXZQFN5U5211vffsT9CzOcg-GZX9WGwJ6hTygs_iqDKHSiUnB8VfBvHo6JFK9J2U4BHEIfoodYI_XfYdzWK-hsaP0-rGGxl4Crr_ZGq8erOaL5BPBKxA
08-13 18:08:27.961  1125 18168 D com.aijia.http.intercept.HttpInterceptLogger: [, , 0]:{Thread:RxCachedThreadScheduler-301}appVersion: 0.4.10_4010013_release
08-13 18:08:27.961   563 16510 D CompatibilityChangeReporter: Compat change id reported: 170503758; UID 10032; state: ENABLED
08-13 18:08:27.962  1125  1125 I RxCachedThreadS: type=1400 audit(0.0:7073): avc:  denied  { write } for  name="dnsproxyd" dev="tmpfs" ino=760 scontext=u:r:zygote:s0 tcontext=u:object_r:dnsproxyd_socket:s0 tclass=sock_file permissive=1
08-13 18:08:27.962  1125 18168 D com.aijia.http.intercept.HttpInterceptLogger: [, , 0]:{Thread:RxCachedThreadScheduler-301}bizType: ajyp
08-13 18:08:27.962  1125 18168 D com.aijia.http.intercept.HttpInterceptLogger: [, , 0]:{Thread:RxCachedThreadScheduler-301}
08-13 18:08:27.962  1125 18168 D com.aijia.http.intercept.HttpInterceptLogger: [, , 0]:{Thread:RxCachedThreadScheduler-301}{"traceId":"c3794c4c-2559-4df1-8735-5bc70c7782e3","data":{"cmei":"111132090000010","lanMac":"28BEF3247A81","localServerType":"Jarvis","firmwareOtaPath":"","launcherVersionCode":4010013,"firmwareOtaMode":"","deviceId":"CMCC-592288-28BEF3247A81","manufacturer":"STAR","localServerVersionName":"0.2.5_202602102031_release","launcherVersion":"0.4.10_4010013_release","wlanMac":"28BEF3247A81","stbId":"0032360080742080260628BEF3247A81","deviceProductId":"592288","deviceMac":"28BEF3247A81","model":"TB712","sn":"1664011529111132090000010","packageName":"com.droidlogic.exoplayer2.demo","firmwareVersion":"1.0.1","brand":"STAR-NET"},"signature":"71perpcwjYzO24ddZpaya/23WFjtro8rA6q7+MStHzc=","powerkey":"1664011529111132090000010"}
08-13 18:08:27.962  1125 18168 D com.aijia.http.intercept.HttpInterceptLogger: [, , 0]:{Thread:RxCachedThreadScheduler-301}--> END POST (725-byte body)
08-13 18:08:27.965   339 18369 I resolv  : GetAddrInfoHandler::run: {100 786532 100 983140 1000 0}
08-13 18:08:27.965  1125  1598 D EventUtil: [, , 0]:{Thread:pool-4-thread-3}应用打开 onEventAppOpen eventId:VC_APPOPEN data:{"VC_APP_PACKAGE":"com.droidlogic.exoplayer2.demo","OPTTIME":1786615707965,"VC_APP_STARTTIME":1786615707965,"VC_APP_NAME":"AM Player","VC_APP_VERSION":"2.12.2_20260417","deviceInfo":{"cmei":"111132090000010","lanMac":"28BEF3247A81","localServerType":"Jarvis","firmwareOtaPath":"","launcherVersionCode":4010013,"firmwareOtaMode":"","deviceId":"CMCC-592288-28BEF3247A81","manufacturer":"STAR","localServerVersionName":"0.2.5_202602102031_release","launcherVersion":"0.4.10_4010013_release","wlanMac":"28BEF3247A81","stbId":"0032360080742080260628BEF3247A81","deviceProductId":"592288","deviceMac":"28BEF3247A81","model":"TB712","sn":"1664011529111132090000010","firmwareVersion":"1.0.1","brand":"STAR-NET"}}
08-13 18:08:27.966  1125  1598 D ATraceManager: trace: VC_APPOPEN , params = {"VC_APP_PACKAGE":"com.droidlogic.exoplayer2.demo","OPTTIME":"1786615707965","VC_APP_STARTTIME":"1786615707965","VC_APP_NAME":"AM Player","VC_APP_VERSION":"2.12.2_20260417","deviceInfo":"{\"cmei\":\"111132090000010\",\"lanMac\":\"28BEF3247A81\",\"localServerType\":\"Jarvis\",\"firmwareOtaPath\":\"\",\"launcherVersionCode\":4010013,\"firmwareOtaMode\":\"\",\"deviceId\":\"CMCC-592288-28BEF3247A81\",\"manufacturer\":\"STAR\",\"localServerVersionName\":\"0.2.5_202602102031_release\",\"launcherVersion\":\"0.4.10_4010013_release\",\"wlanMac\":\"28BEF3247A81\",\"stbId\":\"0032360080742080260628BEF3247A81\",\"deviceProductId\":\"592288\",\"deviceMac\":\"28BEF3247A81\",\"model\":\"TB712\",\"sn\":\"1664011529111132090000010\",\"firmwareVersion\":\"1.0.1\",\"brand\":\"STAR-NET\"}"}
08-13 18:08:27.966   339 18370 I resolv  : res_nmkquery: (QUERY, IN, A)
08-13 18:08:27.966   339 18370 I resolv  : resolv_cache_lookup: FOUND IN CACHE entry=0xec7c15f0
08-13 18:08:27.966   339 18370 I resolv  : doQuery: rcode=0, ancount=1, return value=56
08-13 18:08:27.966  1125  1400 W TelUtil : [numToLetter] input:1664011529111132090000010
08-13 18:08:27.966  1125  1400 W TelUtil : [numToLetter] return value:affd`aaebiaaaacb`i`````a`
08-13 18:08:27.966  1125  1125 I pool-7-thread-1: type=1400 audit(0.0:7074): avc:  denied  { write } for  name="shared_prefs" dev="mmcblk0p31" ino=1655 scontext=u:r:zygote:s0 tcontext=u:object_r:system_data_file:s0 tclass=dir permissive=1
08-13 18:08:27.966  1125  1125 I pool-7-thread-1: type=1400 audit(0.0:7075): avc:  denied  { remove_name } for  name="trace_event_index_affd`aaebiaaaacb`i`````a`.xml" dev="mmcblk0p31" ino=7179 scontext=u:r:zygote:s0 tcontext=u:object_r:system_data_file:s0 tclass=dir permissive=1
08-13 18:08:27.966  1125  1125 I pool-7-thread-1: type=1400 audit(0.0:7076): avc:  denied  { rename } for  name="trace_event_index_affd`aaebiaaaacb`i`````a`.xml" dev="mmcblk0p31" ino=7179 scontext=u:r:zygote:s0 tcontext=u:object_r:system_data_file:s0 tclass=file permissive=1
08-13 18:08:27.966  1125  1125 I pool-7-thread-1: type=1400 audit(0.0:7077): avc:  denied  { add_name } for  name="trace_event_index_affd`aaebiaaaacb`i`````a`.xml.bak" scontext=u:r:zygote:s0 tcontext=u:object_r:system_data_file:s0 tclass=dir permissive=1
08-13 18:08:27.969   864  1021 I jarvis_LxAgentApiClient: <callAgent> method=lingxi_report_client, result=null
08-13 18:08:27.969  1125 18168 D TrafficStats: tagSocket(81) with statsTag=0xffffffff, statsUid=-1
08-13 18:08:27.986     0     0 W [2 T1400  ..] audit: audit_lost=3050 audit_rate_limit=5 audit_backlog_limit=64
08-13 18:08:27.986     0     0 E [2 T1400  ..] audit: rate limit exceeded
08-13 18:08:27.993  1125  1400 W TraceIndexManager: [getNextEventIndex] | event index:|331
08-13 18:08:27.994  1125  1400 W TraceBodyCreator: [addEventToBody]:{"7":"15","6":"unknown","9":"20260813180827966","16":"VC_APPOPEN","50":"{\"VC_APP_PACKAGE\":\"com.droidlogic.exoplayer2.demo\",\"OPTTIME\":\"1786615707965\",\"VC_APP_STARTTIME\":\"1786615707965\",\"VC_APP_NAME\":\"AM Player\",\"VC_APP_VERSION\":\"2.12.2_20260417\",\"deviceInfo\":\"{\\\"cmei\\\":\\\"111132090000010\\\",\\\"lanMac\\\":\\\"28BEF3247A81\\\",\\\"localServerType\\\":\\\"Jarvis\\\",\\\"firmwareOtaPath\\\":\\\"\\\",\\\"launcherVersionCode\\\":4010013,\\\"firmwareOtaMode\\\":\\\"\\\",\\\"deviceId\\\":\\\"CMCC-592288-28BEF3247A81\\\",\\\"manufacturer\\\":\\\"STAR\\\",\\\"localServerVersionName\\\":\\\"0.2.5_202602102031_release\\\",\\\"launcherVersion\\\":\\\"0.4.10_4010013_release\\\",\\\"wlanMac\\\":\\\"28BEF3247A81\\\",\\\"stbId\\\":\\\"0032360080742080260628BEF3247A81\\\",\\\"deviceProductId\\\":\\\"592288\\\",\\\"deviceMac\\\":\\\"28BEF3247A81\\\",\\\"model\\\":\\\"TB712\\\",\\\"sn\\\":\\\"1664011529111132090000010\\\",\\\"firmwareVersion\\\":\\\"1.0.1\\\",\\\"brand\\\":\\\"STAR-NET\\\"}\"}","17":"unknown","18":1,"62":"331"}
08-13 18:08:27.994  1125  1400 W TraceAppStatusCache: [updateSumCount] current sum count:10
08-13 18:08:27.996  1125  1400 W TraceBodyCache: [loadBody] start
08-13 18:08:27.997 18354 18354 D nativeloader: InitLlndkLibrariesVendor: libEGL.so:libGLESv1_CM.so:libGLESv2.so:libGLESv3.so:libRS.so:libandroid_net.so:libbinder_ndk.so:libc.so:libcgrouprc.so:libclang_rt.asan-arm-android.so:libcom.android.tethering.connectivity_native.so:libdl.so:libft2.so:liblog.so:libm.so:libmediandk.so:libnativewindow.so:libneuralnetworks.so:libselinux.so:libsync.so:libvndksupport.so:libvulkan.so
08-13 18:08:27.997 18354 18354 D nativeloader: Configuring vendor-clns-4 for unbundled vendor apk /vendor/framework/droidlogic.software.core.jar. target_sdk_version=36, uses_libraries=ALL, library_path=/product/app/ExoPlayer/lib/arm:/product/app/ExoPlayer/ExoPlayer.apk!/lib/armeabi-v7a:/vendor/lib, permitted_path=/data:/mnt/expand:/data/user/0/com.droidlogic.exoplayer2.demo:/vendor/lib
08-13 18:08:27.998 18354 18354 D nativeloader: InitVndkspLibrariesVendor: android.hardware.common-V2-ndk.so:android.hardware.common.fmq-V1-ndk.so:android.hardware.graphics.allocator-V2-ndk.so:android.hardware.graphics.common-V4-ndk.so:android.hardware.graphics.common@1.0.so:android.hardware.graphics.common@1.1.so:android.hardware.graphics.common@1.2.so:android.hardware.graphics.composer3-V1-ndk.so:android.hardware.graphics.mapper@2.0.so:android.hardware.graphics.mapper@2.1.so:android.hardware.graphics.mapper@3.0.so:android.hardware.graphics.mapper@4.0.so:android.hardware.renderscript@1.0.so:android.hidl.memory.token@1.0.so:android.hidl.memory@1.0-impl.so:android.hidl.memory@1.0.so:android.hidl.safe_union@1.0.so:libRSCpuRef.so:libRSDriver.so:libRS_internal.so:libbase.so:libbcinfo.so:libblas.so:libc++.so:libcompiler_rt.so:libcutils.so:libdmabufheap.so:libgralloctypes.so:libhardware.so:libhidlbase.so:libhidlmemory.so:libion.so:libjsoncpp.so:liblzma.so:libprocessgroup.so:libunwindstack.so:libutils.so:libutilscallstack.so:libz.so
08-13 18:08:27.999  1125  1400 W TraceBodyCache: [loadBody] body: {"15":[{"6":"unknown","9":"20260813174340457","16":"VC_APPOPEN","50":"{\"VC_APP_PACKAGE\":\"com.cmcc.jarvis\",\"OPTTIME\":\"1786614220456\",\"VC_APP_STARTTIME\":\"1786614220456\",\"VC_APP_NAME\":\"Jarvis底座\",\"VC_APP_VERSION\":\"2.6.0\",\"deviceInfo\":\"{\\\"cmei\\\":\\\"111132090000010\\\",\\\"lanMac\\\":\\\"28BEF3247A81\\\",\\\"localServerType\\\":\\\"Jarvis\\\",\\\"firmwareOtaPath\\\":\\\"\\\",\\\"launcherVersionCode\\\":4010013,\\\"firmwareOtaMode\\\":\\\"\\\",\\\"deviceId\\\":\\\"CMCC-592288-28BEF3247A81\\\",\\\"manufacturer\\\":\\\"STAR\\\",\\\"localServerVersionName\\\":\\\"0.2.5_202602102031_release\\\",\\\"launcherVersion\\\":\\\"0.4.10_4010013_release\\\",\\\"wlanMac\\\":\\\"28BEF3247A81\\\",\\\"stbId\\\":\\\"0032360080742080260628BEF3247A81\\\",\\\"deviceProductId\\\":\\\"592288\\\",\\\"deviceMac\\\":\\\"28BEF3247A81\\\",\\\"model\\\":\\\"TB712\\\",\\\"sn\\\":\\\"1664011529111132090000010\\\",\\\"firmwareVersion\\\":\\\"1.0.1\\\",\\\"brand\\\":\\\"STAR-NET\\\"}\"}","17":"unknown","18":1,"62":"321"},{"6":"unknown","9":"20260813174440472","16":"VC_APPOPEN","50":"{\"VC_APP_PACKAGE\":\"com.cmcc.jarvis\",\"OPTTIME\":\"1786614280469\",\"VC_APP_STARTTIME\":\"1786614280469\",\"VC_APP_NAME\":\"Jarvis底座\",\"VC_APP_VERSION\":\"2.6.0\",\"deviceInfo\":\"{\\\"cmei\\\":\\\"111132090000010\\\",\\\"lanMac\\\":\\\"28BEF3247A81\\\",\\\"localServerType\\\":\\\"Jarvis\\\",\\\"firmwareOtaPath\\\":\\\"\\\",\\\"launcherVersionCode\\\":4010013,\\\"firmwareOtaMode\\\":\\\"\\\",\\\"deviceId\\\":\\\"CMCC-592288-28BEF3247A81\\\",\\\"manufacturer\\\":\\\"STAR\\\",\\\"localServerVersionName\\\":\\\"0.2.5_202602102031_release\\\",\\\"launcherVersion\\\":\\\"0.4.10_4010013_release\\\",\\\"wlanMac\\\":\\\"28BEF3247A81\\\",\\\"stbId\\\":\\\"0032360080742080260628BEF3247A81\\\",\\\"deviceProductId\\\":\\\"592288\\\",\\\"deviceMac\\\":\\\"28BEF3247A81\\\",\\\"model\\\":\\\"TB712\\\",\\\"sn\\\":\\\"1664011529111132090000010\\\",\\\"firmwareVersion\\\":\\\"1.0.1\\\",\\\"brand\\\":\\\"STAR-NET\\\"}\"}","17":"unknown","18":1,"62":"322"},{"6":"unknown","9":"20260813174540468","16":"VC_APPOPEN","50":"{\"VC_APP_PACKAGE\":\"com.cmcc.jarvis\",\"OPTTIME\":\"1786614340467\",\"VC_APP_STARTTIME\":\"1786614340467\",\"VC_APP_NAME\":\"Jarvis底座\",\"VC_APP_VERSION\":\"2.6.0\",\"deviceInfo\":\"{\\\"cmei\\\":\\\"111132090000010\\\",\\\"lanMac\\\":\\\"28BEF3247A81\\\",\\\"localServerType\\\":\\\"Jarvis\\\",\\\"firmwareOtaPath\\\":\\\"\\\",\\\"launcherVersionCode\\\":4010013,\\\"firmwareOtaMode\\\":\\\"\\\",\\\"deviceId\\\":\\\"CMCC-592288-28BEF3247A81\\\",\\\"manufacturer\\\":\\\"STAR\\\",\\\"localServerVersionName\\\":\\\"0.2.5_202602102031_release\\\",\\\"launcherVersion\\\":\\\"0.4.10_4010013_release\\\",\\\"wlanMac\\\":\\\"28BEF3247A81\\\",\\\"stbId\\\":\\\"0032360080742080260628BEF3247A81\\\",\\\"deviceProductId\\\":\\\"592288\\\",\\\"deviceMac\\\":\\\"28BEF3247A81\\\",\\\"model\\\":\\\"TB712\\\",\\\"sn\\\":\\\"1664011529111132090000010\\\",\\\"firmwareVersion\\\":\\\"1.0.1\\\",\\\"brand\\\":\\\"STAR-NET\\\"}\"}","17":"unknown","18":1,"62":"323"},{"6":"unknown","9":"20260813174612746","16":"VC_SCREEN_EVENT","50":"{\"VC_SCREEN_EVENT_TYPE\":\"1\",\"OPTTIME\":\"1786614372736\",\"deviceInfo\":\"{\\\"cmei\\\":\\\"111132090000010\\\",\\\"lanMac\\\":\\\"28BEF3247A81\\\",\\\"localServerType\\\":\\\"Jarvis\\\",\\\"firmwareOtaPath\\\":\\\"\\\",\\\"launcherVersionCode\\\":4010013,\\\"firmwareOtaMode\\\":\\\"\\\",\\\"deviceId\\\":\\\"CMCC-592288-28BEF3247A81\\\",\\\"manufacturer\\\":\\\"STAR\\\",\\\"localServerVersionName\\\":\\\"0.2.5_202602102031_release\\\",\\\"launcherVersion\\\":\\\"0.4.10_4010013_release\\\",\\\"wlanMac\\\":\\\"28BEF3247A81\\\",\\\"stbId\\\":\\\"0032360080742080260628BEF3247A81\\\",\\\"deviceProductId\\\":\\\"592288\\\",\\\"deviceMac\\\":\\\"28BEF3247A81\\\",\\\"model\\\":\\\"TB712\\\",\\\"sn\\\":\\\"1664011529111132090000010\\\",\\\"firmwareVersion\\\":\\\"1.0.1\\\",\\\"brand\\\":\\\"STAR-NET\\\"}\"}","17":"unknown","18":1,"62":"324"},{"6":"unknown","9":"20260813174612747","16"
08-13 18:08:28.000  1125  1400 W TraceBodyCache: [saveBody] start
08-13 18:08:28.003  1125  1400 W TraceBodyCache: [saveBody] save body success
08-13 18:08:28.014 18354 18354 D nativeloader: InitLlndkLibrariesProduct: libEGL.so:libGLESv1_CM.so:libGLESv2.so:libGLESv3.so:libRS.so:libandroid_net.so:libbinder_ndk.so:libc.so:libcgrouprc.so:libclang_rt.asan-arm-android.so:libcom.android.tethering.connectivity_native.so:libdl.so:libft2.so:liblog.so:libm.so:libmediandk.so:libnativewindow.so:libneuralnetworks.so:libselinux.so:libsync.so:libvndksupport.so:libvulkan.so
08-13 18:08:28.014 18354 18354 D nativeloader: Configuring product-clns-5 for unbundled product apk /product/app/ExoPlayer/ExoPlayer.apk. target_sdk_version=36, uses_libraries=, library_path=/product/app/ExoPlayer/lib/arm:/product/app/ExoPlayer/ExoPlayer.apk!/lib/armeabi-v7a:/product/lib:/system/product/lib, permitted_path=/data:/mnt/expand:/data/user/0/com.droidlogic.exoplayer2.demo:/product/lib:/system/product/lib
08-13 18:08:28.015 18354 18354 D nativeloader: InitVndkspLibrariesProduct: android.hardware.common-V2-ndk.so:android.hardware.common.fmq-V1-ndk.so:android.hardware.graphics.allocator-V2-ndk.so:android.hardware.graphics.common-V4-ndk.so:android.hardware.graphics.common@1.0.so:android.hardware.graphics.common@1.1.so:android.hardware.graphics.common@1.2.so:android.hardware.graphics.composer3-V1-ndk.so:android.hardware.graphics.mapper@2.0.so:android.hardware.graphics.mapper@2.1.so:android.hardware.graphics.mapper@3.0.so:android.hardware.graphics.mapper@4.0.so:android.hardware.renderscript@1.0.so:android.hidl.memory.token@1.0.so:android.hidl.memory@1.0-impl.so:android.hidl.memory@1.0.so:android.hidl.safe_union@1.0.so:libRSCpuRef.so:libRSDriver.so:libRS_internal.so:libbase.so:libbcinfo.so:libblas.so:libc++.so:libcompiler_rt.so:libcutils.so:libdmabufheap.so:libgralloctypes.so:libhardware.so:libhidlbase.so:libhidlmemory.so:libion.so:libjsoncpp.so:liblzma.so:libprocessgroup.so:libunwindstack.so:libutils.so:libutilscallstack.so:libz.so
08-13 18:08:28.023   352  1266 I audio_hw_hal_primary: [audiohal_get_latency:1344] io 13: out:0xf0ec6be0 frames:3072 rate:48000 whole_latency:64 alsa_latency:64
08-13 18:08:28.045   352  1266 I audio_hw_hal_primary: [audiohal_get_latency:1344] io 13: out:0xf0ec6be0 frames:3072 rate:48000 whole_latency:64 alsa_latency:64
08-13 18:08:28.066   352  1266 I audio_hw_hal_primary: [audiohal_get_latency:1344] io 13: out:0xf0ec6be0 frames:3072 rate:48000 whole_latency:64 alsa_latency:64
08-13 18:08:28.067 18354 18354 V GraphicsEnvironment: Currently set values for:
08-13 18:08:28.068 18354 18354 V GraphicsEnvironment:   angle_gl_driver_selection_pkgs=[]
08-13 18:08:28.068 18354 18354 V GraphicsEnvironment:   angle_gl_driver_selection_values=[]
08-13 18:08:28.068 18354 18354 V GraphicsEnvironment: ANGLE GameManagerService for com.droidlogic.exoplayer2.demo: false
08-13 18:08:28.068 18354 18354 V GraphicsEnvironment: com.droidlogic.exoplayer2.demo is not listed in per-application setting
08-13 18:08:28.069 18354 18354 V GraphicsEnvironment: Neither updatable production driver nor prerelease driver is supported.
08-13 18:08:28.076 18354 18354 I MultiDex: VM with version 2.1.0 has multidex support
08-13 18:08:28.076 18354 18354 I MultiDex: Installing application
08-13 18:08:28.076 18354 18354 I MultiDex: VM has multidex support, MultiDex support library is disabled.
08-13 18:08:28.087   352  1266 I audio_hw_hal_primary: [audiohal_get_latency:1344] io 13: out:0xf0ec6be0 frames:3072 rate:48000 whole_latency:64 alsa_latency:64
08-13 18:08:28.111   352  1266 I audio_hw_hal_primary: [audiohal_get_latency:1344] io 13: out:0xf0ec6be0 frames:3072 rate:48000 whole_latency:64 alsa_latency:64
08-13 18:08:28.112   403   538 D audioserver: logFgsApiEnd: FGS Logger Transaction failed, -129
08-13 18:08:28.127 18354 18354 D UEventObserver: Construct UEventObserver
08-13 18:08:28.156 18354 18354 I MoviePlayer: [onCreate]
08-13 18:08:28.183   486   486 D logging : UDISK 6A6F-168B
08-13 18:08:28.183   486   486 E logging : falied access file 2
08-13 18:08:28.207 18354 18354 D CompatibilityChangeReporter: Compat change id reported: 210923482; UID 10032; state: ENABLED
08-13 18:08:28.260  1125 18168 D com.aijia.http.intercept.HttpInterceptLogger: [, , 0]:{Thread:RxCachedThreadScheduler-301}<-- 200 OK https://device.yjdp.komect.com/yjfp/device-user/behavior/app/usage/record/add (297ms)
08-13 18:08:28.260  1125 18168 D com.aijia.http.intercept.HttpInterceptLogger: [, , 0]:{Thread:RxCachedThreadScheduler-301}Date: Thu, 13 Aug 2026 10:08:28 GMT
08-13 18:08:28.260  1125 18168 D com.aijia.http.intercept.HttpInterceptLogger: [, , 0]:{Thread:RxCachedThreadScheduler-301}Content-Type: application/json
08-13 18:08:28.260  1125 18168 D com.aijia.http.intercept.HttpInterceptLogger: [, , 0]:{Thread:RxCachedThreadScheduler-301}Transfer-Encoding: chunked
08-13 18:08:28.260  1125 18168 D com.aijia.http.intercept.HttpInterceptLogger: [, , 0]:{Thread:RxCachedThreadScheduler-301}Connection: keep-alive
08-13 18:08:28.260  1125 18168 D com.aijia.http.intercept.HttpInterceptLogger: [, , 0]:{Thread:RxCachedThreadScheduler-301}Keep-Alive: timeout=60
08-13 18:08:28.260  1125 18168 D com.aijia.http.intercept.HttpInterceptLogger: [, , 0]:{Thread:RxCachedThreadScheduler-301}Server: *
08-13 18:08:28.261  1125 18168 D com.aijia.http.intercept.HttpInterceptLogger: [, , 0]:{Thread:RxCachedThreadScheduler-301}
08-13 18:08:28.261  1125 18168 D com.aijia.http.intercept.HttpInterceptLogger: [, , 0]:{Thread:RxCachedThreadScheduler-301}{"code":"1000000","recode":"200","msg":"成功","message":"成功","data":null}
08-13 18:08:28.261  1125 18168 D com.aijia.http.intercept.HttpInterceptLogger: [, , 0]:{Thread:RxCachedThreadScheduler-301}<-- END HTTP (79-byte body)
08-13 18:08:28.262  1125 18168 E AppTokenTransformer: [, , 0]:{Thread:RxCachedThreadScheduler-301}apply !! t:com.aijia.http.CommonHttpResult@1947caa
08-13 18:08:28.262  1125  1125 D LauncherApp: [, , 0]:{Thread:main}上报应用打开成功 packageName:com.droidlogic.exoplayer2.demo
08-13 18:08:28.317 18354 18354 I android_os_HwBinder: HwBinder: Starting thread pool for getting: vendor.amlogic.hardware.systemcontrol@1.1::ISystemControl/default
08-13 18:08:28.320 18354 18354 D MoviePlayer: set no subtile to :false
08-13 18:08:28.324 18354 18354 I MoviePlayer: [checkUri]
08-13 18:08:28.325 18354 18354 I MoviePlayer: [checkUri]mUri:null
08-13 18:08:28.325 18354 18354 I MoviePlayer: [initPlayer]mSurfaceHolder:null
08-13 18:08:28.327 18354 18354 I MyMediaPlayer_MoviePlayer: MyMediaPlayer construct
08-13 18:08:28.330   352  1266 I audio_hw_hal_primary: [audiohal_get_latency:1344] io 13: out:0xf0ec6be0 frames:3072 rate:48000 whole_latency:64 alsa_latency:64
08-13 18:08:28.335 18354 18354 I MediaPlayerExt: [MediaPlayerExt]mIBinderService:android.os.BinderProxy@d62d428
08-13 18:08:28.336   563  1903 W ActivityManager: pid 18354 com.droidlogic.exoplayer2.demo sent binder code 10 with flags 2 to frozen apps and got error -74
08-13 18:08:28.338 18354 18354 D MoviePlayer: mPlayList: /storage/6A6F-168B/本地音频/mp3/赵丽颖、许志安 - 乱世俱灭.mp3
08-13 18:08:28.338 18354 18354 I MyMediaPlayer_MoviePlayer: path:/storage/6A6F-168B/本地音频/mp3/赵丽颖、许志安 - 乱世俱灭.mp3
08-13 18:08:28.339 18354 18354 I MyMediaPlayer_MoviePlayer: [playFile]resume mode:true,path:/storage/6A6F-168B/本地音频/mp3/赵丽颖、许志安 - 乱世俱灭.mp3
08-13 18:08:28.340 18354 18354 I MyMediaPlayer_MoviePlayer: no need to show confirm dialog
08-13 18:08:28.340 18354 18354 I MyMediaPlayer_MoviePlayer: [setVideoPath, path:]/storage/6A6F-168B/本地音频/mp3/赵丽颖、许志安 - 乱世俱灭.mp3
08-13 18:08:28.340 18354 18354 I MyMediaPlayer_MoviePlayer: [setVideoURIAsync] uri:null, path:/storage/6A6F-168B/本地音频/mp3/赵丽颖、许志安 - 乱世俱灭.mp3
08-13 18:08:28.340 18354 18354 I MyMediaPlayer_MoviePlayer: use file
08-13 18:08:28.344   563  1903 D CompatibilityChangeReporter: Compat change id reported: 149924527; UID 10032; state: ENABLED
08-13 18:08:28.344   563  1903 D CompatibilityChangeReporter: Compat change id reported: 132649864; UID 10032; state: DISABLED
08-13 18:08:28.358   864  1122 E jarvis_ : lockScreenState  mode = false , state = 0
08-13 18:08:28.358   864  1122 I jarvis_LxAgentApiClient: <asyncCallAgent> method=lingxi_activity_life
08-13 18:08:28.359   864  1119 I jarvis_LxAgentApiClient: <callAgent> method=lingxi_activity_life, params=Bundle[{pkg=com.droidlogic.exoplayer2.demo, life=activityStarting, class=com.droidlogic.videoplayer.MoviePlayer}]
08-13 18:08:28.360   472   831 V AmlogicNuPlayerFactoryInit:  create AmNuPlayer
08-13 18:08:28.361   472   831 I NU-AmNuPlayerDriver:  ReCalculatePositionRatio set 0.500000
08-13 18:08:28.361   472   831 I AmlPlayerTimer: AmlPlayerTimer
08-13 18:08:28.361   472   831 I MessageMonitor: NU-AmNuPlayer MessageMonitor mDebugLevel 0, poll message us 30000000
08-13 18:08:28.361   472   831 I NU-AmNuPlayer: [#8] mPlayerInstanceId = 8
08-13 18:08:28.361   864  1119 I jarvis_LxAgentApiClient: <callAgent> method=lingxi_activity_life, result=null
08-13 18:08:28.362   472   831 D AmlPlayerTimer: func:_timer_create  create timer.1 success.
08-13 18:08:28.362   472   831 D NU-AmNuPlayer: Enable QOS : 0
08-13 18:08:28.362   472   831 D NU-AmNuPlayerDriver: [#8] AmNuPlayerDriver(0xe9e85fb0) created, clientPid(18354), mPlayerInstanceId(8)
08-13 18:08:28.362   472   831 I NU-AmNuPlayerDriver: [#8] 
08-13 18:08:28.362   472   831 I NU-AmNuPlayerDriver: --------------------------------
08-13 18:08:28.362   472   831 I NU-AmNuPlayerDriver: ARCH = arm
08-13 18:08:28.362   472   831 I NU-AmNuPlayerDriver: branch name:   origin/project/iptv/r-iptv-dev-v3.0]
08-13 18:08:28.362   472   831 I NU-AmNuPlayerDriver: git version:   6813fe2217fe2ed7a1a950f4d2ab93222cb65337 
08-13 18:08:28.362   472   831 I NU-AmNuPlayerDriver: change id:      Change-Id: I992c058f8140cc983aaa0a39666b80b8ca3b1c17 
08-13 18:08:28.362   472   831 I NU-AmNuPlayerDriver: ID       :      PD#IPTV-39521 
08-13 18:08:28.362   472   831 I NU-AmNuPlayerDriver: last changed:  Date: Thu Mar 19 02:26:18 2026 +0000
08-13 18:08:28.362   472   831 I NU-AmNuPlayerDriver: build-time:     Wed Mar 25 02:38:52 UTC 2026
08-13 18:08:28.362   472   831 I NU-AmNuPlayerDriver: build-name:     wang.ren
08-13 18:08:28.362   472   831 I NU-AmNuPlayerDriver: uncommitted-file-num:0
08-13 18:08:28.362   472   831 I NU-AmNuPlayerDriver: BaseCommitMsg: commit 6813fe2217fe2ed7a1a950f4d2ab93222cb65337 PD#IPTV-39521 Change-Id: I992c058f8140cc983aaa0a39666b80b8ca3b1c17
08-13 18:08:28.362   472   831 I NU-AmNuPlayerDriver: PathesOnBase:  
08-13 18:08:28.362   472   831 I NU-AmNuPlayerDriver: 
08-13 18:08:28.362   472   831 I NU-AmNuPlayerDriver: MM-module-name:AmNuPlayer,Version:V5.1.206-g6813fe2
08-13 18:08:28.362   472   831 I NU-AmNuPlayerDriver: 
08-13 18:08:28.362   472   831 I NU-AmNuPlayerDriver: --------------------------------
08-13 18:08:28.362   472   831 I NU-AmNuPlayerDriver: [#8] Supported functions : 
08-13 18:08:28.362   472   831 I NU-AmNuPlayerDriver: {"MM-module-name":"AmNuPlayer"{"Features":["Switchaudio/subtitletracks","HTTPlivestreamingformpegtsandmp3formats","Localplaybackforvariousformats","UDPunicastandmulticastformpegtsformat","RTP/RTSPplaybackformpegtsformat","HLSlive/vodformpegtsformat","Androidaudiooffloadmode","SupportBuilt-insubtitles","AVS3videosupportforprotocolHTTPandLocal","AC4audiosupportforprotocolHTTP,Local,HLSandUDP","DVBTelextsupport","AudioVIVIDsuportforLocal/HTTP/UDP/HLS","AVS3videosupportvforprotocolHLSandUDP","ISOplaybackforlocal""libcurldownloadforprotocolHLS""dnscacheforprotocolHLS""ipv6andipv4firstplaybackforprotocolHLS""IPTVMulticasttoUnicastforprotocolRTPandUDP""IPTVcmccsoftprobeforprotocolUDPRTPHTTPHLS"],"SupportedFormats":[{"Protocol":"UDP","FileFormats":["MPEGTS"],},{"Protocol":"HLS","FileFormats":["MPEGTS","MP4"],},{"Protocol":"HTTPLIVE","FileFormats":["MPEGTS","MP3"],},{"Protocol":"LOCAL/HTTPVOD","FileFormats":["MP4","ASF","AVI","MPEGTS","MPEGPS","FLV","LIVE_FLV","WAV","PMP","H264","IVF","OG
08-13 18:08:28.363   185   185 I hwservicemanager: getTransport: Cannot find entry android.hardware.media.omx@1.0::IOmx/default in either framework or device VINTF manifest.
08-13 18:08:28.364   472   831 D MediaPlayerService: OMX service is not available
08-13 18:08:28.366   472   831 I NU-AmNuPlayer: [#8] setDataSourceAsync fd 12/0/3358335
08-13 18:08:28.366   472 18383 I NU-AmNuPlayer: [#8] kWhatSetAudioSink
08-13 18:08:28.398   472   831 D NU-AmNuPlayer: part of md5:13cbce82b3b42176ab9fdd3d7d26330c
08-13 18:08:28.399   472   831 I MessageMonitor: NU-GenericSource MessageMonitor mDebugLevel 0, poll message us 30000000
08-13 18:08:28.399   472   831 I NU-GenericSource: mPlayerInstanceId = 8
08-13 18:08:28.399   472   831 I NU-GenericSource: [resetDataSource 691]
08-13 18:08:28.399   472   831 I NU-GenericSource: [resetDataSource 691]
08-13 18:08:28.400 18354 18354 I MoviePlayer: onPlaybackStateChanged:2
08-13 18:08:28.403 18354 18354 I MediaPlayerExt: [getMediaInfobyInvoke]mp:com.droidlogic.app.MediaPlayerExt@a250ad4
08-13 18:08:28.405 18354 18354 I SystemSubtitleUtils: set subtitle enable state:false
08-13 18:08:28.405 18354 18354 D PreparedTimeoutTracker: startTrack
08-13 18:08:28.407   472 18385 I NU-GenericSource: patch:
08-13 18:08:28.407   472 18385 D NU-GenericSource: FileSource local use ffmpeg extractor
08-13 18:08:28.407   352   416 I audio_hw_hal_primary: [adev_set_parameters:4208] dev:0xf1243dc0, kv: is_ms12_continuous=0
08-13 18:08:28.407   352   416 D audio_hw_hal_hfp: [audio_extn_hfp_set_parameters:739] audio_extn_hfp_set_parameters
08-13 18:08:28.407 18354 18354 D SubtitleManager: is 32bit process
08-13 18:08:28.407   472 18385 I NU-GenericSource: FFmpegFileSource : fd=13 (/storage/6A6F-168B/本地音频/mp3/赵丽颖、许志安 - 乱世俱灭.mp3), offset=0, length=3358335
08-13 18:08:28.408   352 13825 D AudioHalHardware: +setParameters(): is_ms12_continuous=0
08-13 18:08:28.408   352 13825 W AudioHalHardware: setParameters(), still have param.size() = 1, remain param = "is_ms12_continuous=0"
08-13 18:08:28.408   352 13825 D AudioHalHardware: -setParameters(): is_ms12_continuous=0 
08-13 18:08:28.408   472 18385 I NU-GenericSource: >>>[initFromDataSource 1438]
08-13 18:08:28.411   470   470 I AmFFmpegExtractor: all use ffmpegextractor
08-13 18:08:28.411   470   470 I AmFFmpegExtractor: is in white list : 1
08-13 18:08:28.411   470   470 I AmFFmpegExtractor: SniffAmFFmpeg  ok, confidence = 0.800000
08-13 18:08:28.412  1328  1672 D greenDAO: Built SQL for query: SELECT T."_id",T."PACKAGE_NAME",T."APP_ID",T."NAME",T."DEFAULT_ICON_RES",T."ICON_LOCAL_PATH",T."ICON_KEY",T."APP_PIC",T."APP_MODE",T."APP_SHOW",T."APP_STATE",T."USE_FULL",T."LAST_USED",T."USED_LONG",T."VERSION",T."VERSION_CODE",T."TARGET_VERSION_CODE",T."TARGET_VERSION",T."DESPRIPTION",T."POSITION",T."FILE_MD5",T."APK_FILE_URL",T."LOCAL_FILE_PATH",T."PROGRESS",T."FILE_SIZE",T."LAUNCHER_PAGE",T."HOME_PAGE",T."DEVICE_MODE",T."UPGRADE_TYPE",T."IGNORE_TIME",T."USER_FUL",T."UPGRADE_MANUAL",T."UPGRADE_DES",T."BELONG_TYPE",T."DETAIL_PIC_URLS",T."LATEST_VERSION_TIME",T."STATEMENT_LIST",T."STORE_POSITION",T."LABEL",T."PARAMS_INT1",T."PARAMS_INT2",T."PARAMS_INT3",T."PARAMS_INT4",T."PARAMS_STRING1",T."PARAMS_STRING2",T."PARAMS_STRING3",T."PARAMS_STRING4" FROM "APP" T  WHERE T."PACKAGE_NAME"=?
08-13 18:08:28.412  1328  1672 D greenDAO: Values for query: [com.droidlogic.exoplayer2.demo]
08-13 18:08:28.412  1328 18386 D greenDAO: Built SQL for query: SELECT T."_id",T."PACKAGE_NAME",T."APP_ID",T."NAME",T."DEFAULT_ICON_RES",T."ICON_LOCAL_PATH",T."ICON_KEY",T."APP_PIC",T."APP_MODE",T."APP_SHOW",T."APP_STATE",T."USE_FULL",T."LAST_USED",T."USED_LONG",T."VERSION",T."VERSION_CODE",T."TARGET_VERSION_CODE",T."TARGET_VERSION",T."DESPRIPTION",T."POSITION",T."FILE_MD5",T."APK_FILE_URL",T."LOCAL_FILE_PATH",T."PROGRESS",T."FILE_SIZE",T."LAUNCHER_PAGE",T."HOME_PAGE",T."DEVICE_MODE",T."UPGRADE_TYPE",T."IGNORE_TIME",T."USER_FUL",T."UPGRADE_MANUAL",T."UPGRADE_DES",T."BELONG_TYPE",T."DETAIL_PIC_URLS",T."LATEST_VERSION_TIME",T."STATEMENT_LIST",T."STORE_POSITION",T."LABEL",T."PARAMS_INT1",T."PARAMS_INT2",T."PARAMS_INT3",T."PARAMS_INT4",T."PARAMS_STRING1",T."PARAMS_STRING2",T."PARAMS_STRING3",T."PARAMS_STRING4" FROM "APP" T  WHERE T."PACKAGE_NAME"=?
08-13 18:08:28.412  1328 18386 D greenDAO: Values for query: [com.droidlogic.exoplayer2.demo]
08-13 18:08:28.412  1328  1672 E initTime: createController Timer 1786615708412
08-13 18:08:28.413  1328  1667 E lxAgent : short class name = com.starnet.filemanager
08-13 18:08:28.413  1328  1672 E initTime: createController return controller Timer cost1
08-13 18:08:28.413  1328  1667 E lxAgent : lockScreenState  mode = false , state = 0
08-13 18:08:28.414  1328  1711 D greenDAO: Built SQL for query: SELECT T."_id",T."TASK_ID",T."MSG_ID",T."PRIORITY",T."TRIGGER_RULE",T."PUSH_CONTENT",T."PUSH_TYPE",T."MODEL_TYPE",T."MSG_TYPE",T."MSG_SOURCE",T."CREATE_TIME",T."IS_READ",T."IS_DISPLAYED" FROM "MSG_BOX_BEAN" T  WHERE T."MSG_TYPE"=?
08-13 18:08:28.414  1328  1711 D greenDAO: Values for query: [proactiveTask]
08-13 18:08:28.415  1328  1672 E lxAgent : short class name = com.starnet.filemanager
08-13 18:08:28.415   470   470 W AString : ctor got NULL, using empty string instead
08-13 18:08:28.415   470   470 I AmFFmpegExtractor: 
08-13 18:08:28.415   470   470 I AmFFmpegExtractor: -----------AmFFmpegExtractor Info---------
08-13 18:08:28.415   470   470 I AmFFmpegExtractor: 
08-13 18:08:28.415   470   470 I AmFFmpegExtractor: MM-module-name:Extractor,Version:V3.0.47-g62c0e35
08-13 18:08:28.415   470   470 I AmFFmpegExtractor: 
08-13 18:08:28.415   470   470 I AmFFmpegExtractor: ARCH = arm
08-13 18:08:28.415   470   470 I AmFFmpegExtractor: Author: multi-media team
08-13 18:08:28.415   470   470 I AmFFmpegExtractor: Branch name:   * project/iptv/r-iptv-dev-v3.0
08-13 18:08:28.415   470   470 I AmFFmpegExtractor: Last Commit Info:
08-13 18:08:28.415   470   470 I AmFFmpegExtractor:     commit 62c0e35d74eea49a36e12a3606980c10190612ef
08-13 18:08:28.415   470   470 I AmFFmpegExtractor:     Author: wang.ren <wang.ren@amlogic.com>
08-13 18:08:28.415   470   470 I AmFFmpegExtractor:     Date: Wed Mar 18 08:05:29 2026 +0000
08-13 18:08:28.415   470   470 I AmFFmpegExtractor:      AmFFmpegAdapter: CB2 sync patch from branch apex to iptv [1/1]
08-13 18:08:28.415   470   470 I AmFFmpegExtractor:      PD#IPTV-39846
08-13 18:08:28.415   470   470 I AmFFmpegExtractor:      Change-Id: Ic4714a59dcc906ce7551f77f43cacf29a563346b
08-13 18:08:28.415   470   470 I AmFFmpegExtractor: Uncommitted-file-num:0
08-13 18:08:28.415   470   470 I AmFFmpegExtractor: Build-time:     Thu Mar 19 11:41:22 UTC 2026
08-13 18:08:28.415   470   470 I AmFFmpegExtractor: Build-name:     wang.ren
08-13 18:08:28.415   470   470 I AmFFmpegExtractor: -----------------------------------------
08-13 18:08:28.415   470   470 I AmFFmpegExtractor: media.ffmpegextractor.loglevel 16
08-13 18:08:28.415   470   470 I AmFFmpegExtractor: vendor.media.ffmpegextractor.ESLen264Check : 60
08-13 18:08:28.415   470   470 I AmFFmpegExtractor: vendor.media.ffmpegextractor.ESLen265Check : 50
08-13 18:08:28.416  1328 18387 E PageInfoControllerApiImpls: [, , 0]:====上报数据=======>{"controlId":1,"params":[{"content":"{\"packageName\":\"com.droidlogic.exoplayer2.demo\",\"page\":\"no\"}","cid":10}]}
08-13 18:08:28.416   470   470 I AmFFmpegByteIOAdapter: File size : 3358335
08-13 18:08:28.416  1328 18387 E PageInfoControllerApiImpls: ====上报数据=======>{"controlId":1,"params":[{"content":"{\"packageName\":\"com.droidlogic.exoplayer2.demo\",\"page\":\"no\"}","cid":10}]}
08-13 18:08:28.417   470   470 I AmFFmpegExtractor: AmFFmpegExtractor mInputFormat name {mp3 [(null)]}
08-13 18:08:28.419   470   470 I AmFFmpegExtractor: ///////////////start dump format
08-13 18:08:28.419   470   470 I AmFFmpegExtractor: [init 3304] audio/mpeg
08-13 18:08:28.420  1328 18388 D greenDAO: Built SQL for query: SELECT T."_id",T."PACKAGE_NAME",T."APP_ID",T."NAME",T."DEFAULT_ICON_RES",T."ICON_LOCAL_PATH",T."ICON_KEY",T."APP_PIC",T."APP_MODE",T."APP_SHOW",T."APP_STATE",T."USE_FULL",T."LAST_USED",T."USED_LONG",T."VERSION",T."VERSION_CODE",T."TARGET_VERSION_CODE",T."TARGET_VERSION",T."DESPRIPTION",T."POSITION",T."FILE_MD5",T."APK_FILE_URL",T."LOCAL_FILE_PATH",T."PROGRESS",T."FILE_SIZE",T."LAUNCHER_PAGE",T."HOME_PAGE",T."DEVICE_MODE",T."UPGRADE_TYPE",T."IGNORE_TIME",T."USER_FUL",T."UPGRADE_MANUAL",T."UPGRADE_DES",T."BELONG_TYPE",T."DETAIL_PIC_URLS",T."LATEST_VERSION_TIME",T."STATEMENT_LIST",T."STORE_POSITION",T."LABEL",T."PARAMS_INT1",T."PARAMS_INT2",T."PARAMS_INT3",T."PARAMS_INT4",T."PARAMS_STRING1",T."PARAMS_STRING2",T."PARAMS_STRING3",T."PARAMS_STRING4" FROM "APP" T  WHERE T."PACKAGE_NAME"=?
08-13 18:08:28.420  1328 18388 D greenDAO: Values for query: [com.droidlogic.exoplayer2.demo]
08-13 18:08:28.420   470   470 D AmFFmpegExtractor: fileSize:3358335, ff_ctx_bit_rate:128017, bitrateDiff:17, bitRateSum:128000, duration:(209867755,209895937)
08-13 18:08:28.420   470   470 I AmFFmpegExtractor: isMusic major_brand:null
08-13 18:08:28.420   470   470 I AmFFmpegExtractor: isMusic mp3 is music
08-13 18:08:28.420   470   470 I AmFFmpegExtractor: Stream 1(1) [audio/ffmpeg][codecid:0x15001(0x15001)] found.
08-13 18:08:28.420   470   470 I AmFFmpegExtractor:  [AmFFmpegSource 711]startTimeUs:0, seekable:1
08-13 18:08:28.420   470   470 I AmFFmpegExtractor:  [init 744](0xe9d43730)
08-13 18:08:28.420   470   470 E AmFFmpegExtractor: mAudioMuxRead 2
08-13 18:08:28.420   470   470 I AmFFmpegExtractor: init kKeyDuration = 209867755
08-13 18:08:28.420   470   470 I AmFFmpegExtractor: audio:demux: fmt = 8
08-13 18:08:28.420   470   470 I AmFFmpegExtractor: audio:demux: channels = 2
08-13 18:08:28.420   470   470 I AmFFmpegExtractor: audio:demux: sample_rate = 44100
08-13 18:08:28.420   470   470 I AmFFmpegExtractor: audio:demux: bit_rate = 128000
08-13 18:08:28.420   470   470 I AmFFmpegExtractor: audio:demux: codec_id = 86017
08-13 18:08:28.420   470   470 I AmFFmpegExtractor: audio:demux: stream startTimeUs = 0
08-13 18:08:28.420   470   470 I AmFFmpegExtractor: audio:demux: block_align = 0
08-13 18:08:28.420   470   470 E AmFFmpegExtractor: kKeyMediaLanguage audio lang null
08-13 18:08:28.420   470   470 I AmFFmpegExtractor: Mime:audio/ffmpeg
08-13 18:08:28.420   470   470 I StreamFormatter: Creating formatter for codec id : 86017 extradata size : 0
08-13 18:08:28.420   470   470 I AmFFmpegExtractor: [init 3526] mIsDolbyVison:0, i:0
08-13 18:08:28.420   470   470 I AmFFmpegExtractor: Not use Thread, by reason of has no activity audio or video.
08-13 18:08:28.421   472 18385 I NU-GenericSource: >>>MediaExtractor::Create [initFromDataSource 1485] and extractor name:AmFFmpegExtractor
08-13 18:08:28.421   472 18385 D NU-GenericSource: [#8] [KPI] startup, find stream info time spent: 12792
08-13 18:08:28.421   472 18385 I NU-GenericSource: initFromDataSource, mExtractor->countTracks() = 1
08-13 18:08:28.421   472 18385 I NU-GenericSource: amlogic private metadata ffmpegHasAudio
08-13 18:08:28.421   472 18385 I NU-GenericSource: amlogic private metadata ffmpegHasVideo
08-13 18:08:28.421   472 18385 I NU-GenericSource: amlogic private metadata mSeekable:1
08-13 18:08:28.422   472 18385 I NU-GenericSource: ffmpegHasAudio : 1, ffmpegHasVideo : 0
08-13 18:08:28.422   472 18385 I NU-GenericSource: enabled audio limiter !
08-13 18:08:28.422   472 18385 I NU-GenericSource: initFromDataSource track[0]: audio/ffmpeg
08-13 18:08:28.422   472 18385 I NU-GenericSource: AudioName:mp3  codec_id:0x15001 skipAudio:truehd
08-13 18:08:28.422   472 18385 I NU-AmNuPlayerDecoder: sampleRate:44100 
08-13 18:08:28.423   472 18385 I AmAnotherPacketSource: (audio/ffmpeg)IsUdp:0 mLimitiSize:2097152, mTotalCount:1000 kLocalPlaybackMaxBufferCount 500
08-13 18:08:28.423   472 18385 I AmAnotherPacketSource: ----->(0xeefc0fd0)start mIsVideo:0  mIsAudio:1 
08-13 18:08:28.423   472 18385 I NU-GenericSource: initFromDataSource mVideoTrack.mSource:0x0, unsupportvideo:0, ffmpegHasVideo:0
08-13 18:08:28.423   472 18385 I NU-GenericSource: initFromDataSource mAudioTrack.mSource:0xef14c630, ffmpegHasAudio:1
08-13 18:08:28.423   470   470 I AmFFmpegExtractor:  [start 1451](0xe9d43730)
08-13 18:08:28.423   470   470 D MediaBufferGroup: creating MemoryDealer
08-13 18:08:28.424   472 18385 I NU-GenericSource: notifyPrepared 2560
08-13 18:08:28.424   472 18383 I NU-AmNuPlayer: [#8] notifyPrepareCompleted
08-13 18:08:28.424   472 18383 D NU-AmNuPlayerDriver: [#8] notifyListener_l(0xe9e85fb0), (1, 0, 0, -1), loop setting(0, 0)
08-13 18:08:28.447 18354 18354 D SubtitleManager: Loaded library:/vendor/lib/libsubtitlemanager_jni.so
08-13 18:08:28.449 18354 18354 E SubtitleManager: initResolution mScreenWidth:1280;mScreenHeight = 800
08-13 18:08:28.449 18354 18354 D SubtitleManager-jni: nativeInit 297
08-13 18:08:28.454   391   415 I SubtitleServer: setCallback cookie:0, client size:1
08-13 18:08:28.454   391   415 I SubtitleServer: openConnection 
08-13 18:08:28.454   391   415 I SubtitleService: SubtitleService
08-13 18:08:28.454   391   415 I SubtitleServer: openConnection: size:1
08-13 18:08:28.454   391   415 I SubtitleServer: client 0-1: 0xe73c1aa0
08-13 18:08:28.462   947 18368 D DroidLogicBenchService: not bench app, ignore it
08-13 18:08:28.485   864  1014 E jarvis_ : [, , 0]:AnfangSwitchAppHandler changed to:com.droidlogic.exoplayer2.demo
08-13 18:08:28.486   864  1014 I jarvis_ : turnOffAnfang
08-13 18:08:28.486   864  1014 I jarvis_ : AnfangSwitchAppHandler_turn: Off sent:
08-13 18:08:28.486   864  1014 I jarvis_AnfangAppManager: setThirdAppDisplayState=1
08-13 18:08:28.486   864  1014 I jarvis_ : CPMethodsCaller<callAnfang> method===notifyThirdAppDisplayState, arg=1, extras=Bundle[{}]
08-13 18:08:28.486  1580  1677 D OVDProvider: call method: notifyThirdAppDisplayState, arg: 1
08-13 18:08:28.486  1580  1677 D OVDProvider: handleNotifyThirdAppDisplayState: arg=1
08-13 18:08:28.487  1580  1677 E libovd  : [2026-08-13 18:08:28.487] [error] [1677] [DEV] AnfangManager pause mode:1 start:true
08-13 18:08:28.487  1580  1654 I libovd  : [2026-08-13 18:08:28.487] [info] [1654] [DEV] AnfangManager engineWork:false
08-13 18:08:28.487  1580  1654 I libovd  : [2026-08-13 18:08:28.487] [info] [1654] [DEV] AnfangManager endPush pushing:false
08-13 18:08:28.487  1580  1654 I libovd  : [2026-08-13 18:08:28.487] [info] [1654] [OVD_OpenApi] OVD_OpenAPI.c:255 OVD_updatechannelstate OVD_updatechannelstate channel:0 channelstate:4
08-13 18:08:28.487  1580  1654 I libovd  : [2026-08-13 18:08:28.487] [info] [1654] [DME] DME_main.c:546 DMEAPI_Wakeup_heart Wakeup heartbeat, dme status (4)
08-13 18:08:28.487   864  1014 I jarvis_ : CPMethodsCaller<callAnfang> end, res===Bundle[mParcelledData.dataSize=44]
08-13 18:08:28.487   864  1014 I jarvis_ForegroundUIUpdater: sendBroadcast foreground app change pkg===com.droidlogic.exoplayer2.demo
08-13 18:08:28.488   864  1014 W ContextImpl: Calling a method in the system process without a qualified user: android.app.ContextImpl.sendBroadcast:1220 android.content.ContextWrapper.sendBroadcast:504 com.cmcc.jarvis.common.base.ForegroundUIUpdater.sendBroadcast:5 com.cmcc.jarvis.common.base.ForegroundUIUpdater.notifyForegroundPkgChange:3 com.cmcc.jarvis.common.base.ForegroundUIUpdater.access$400:0 
08-13 18:08:28.488   563  2593 W ActivityManager: mobile project skip check protected broadcast com.cmcc.jarvis.action.FOREGROUND_APP_CHANGE
08-13 18:08:28.489   864  1014 I jarvis_LxAgentApiClient: <asyncCallAgent> method=lingxi_app_change
08-13 18:08:28.489   864  1096 I jarvis_LxAgentApiClient: <callAgent> method=lingxi_app_change, params=Bundle[{pkg=com.droidlogic.exoplayer2.demo}]
08-13 18:08:28.489   864  1014 I jarvis_LxAgentApiClient: <asyncCallAgent> method=lingxi_page_change
08-13 18:08:28.490   864  1044 I jarvis_LxAgentApiClient: <callAgent> method=lingxi_page_change, params=Bundle[{cls=com.droidlogic.videoplayer.MoviePlayer, pkg=com.droidlogic.exoplayer2.demo}]
08-13 18:08:28.490   864  1014 D CmdVariantsHandler: 前台应用: com.droidlogic.exoplayer2.demo / com.droidlogic.videoplayer.MoviePlayer
08-13 18:08:28.490   864  1014 D CmdVariantsHandler: 未获取到前台应用
08-13 18:08:28.491   864  1096 I jarvis_LxAgentApiClient: <callAgent> method=lingxi_app_change, result=null
08-13 18:08:28.492   864  1044 I jarvis_LxAgentApiClient: <callAgent> method=lingxi_page_change, result=null
08-13 18:08:28.501 18354 18354 D SubtitleManager-jni: nativeUnCrypt
08-13 18:08:28.501 18354 18354 D SubtitleManager-jni: nativeUnCrypt: is 32bit system
08-13 18:08:28.542  1328  1466 E ProcessLifeImpl: onForegroundActivitiesChanged com.starnet.filemanager foregroundActivities false
08-13 18:08:28.542  1328  1466 E ProcessLifeImpl: onForegroundActivitiesChanged com.droidlogic.exoplayer2.demo foregroundActivities true
08-13 18:08:28.543  1328 18371 E PageInfoControllerApiImpls: [, , 0]:====上报数据=======>{"controlId":1,"params":[{"content":"{\"packageName\":\"com.droidlogic.exoplayer2.demo\",\"page\":\"no\"}","cid":10}]}
08-13 18:08:28.544  1328 18371 E PageInfoControllerApiImpls: ====上报数据=======>{"controlId":1,"params":[{"content":"{\"packageName\":\"com.droidlogic.exoplayer2.demo\",\"page\":\"no\"}","cid":10}]}
08-13 18:08:28.546  1328  1672 E ConBinderHost: 没有回调接口过来，无法操控App packageName=com.droidlogic.exoplayer2.demo
08-13 18:08:28.546  1328  1672 D greenDAO: Built SQL for query: SELECT T."_id",T."PACKAGE_NAME",T."APP_ID",T."NAME",T."DEFAULT_ICON_RES",T."ICON_LOCAL_PATH",T."ICON_KEY",T."APP_PIC",T."APP_MODE",T."APP_SHOW",T."APP_STATE",T."USE_FULL",T."LAST_USED",T."USED_LONG",T."VERSION",T."VERSION_CODE",T."TARGET_VERSION_CODE",T."TARGET_VERSION",T."DESPRIPTION",T."POSITION",T."FILE_MD5",T."APK_FILE_URL",T."LOCAL_FILE_PATH",T."PROGRESS",T."FILE_SIZE",T."LAUNCHER_PAGE",T."HOME_PAGE",T."DEVICE_MODE",T."UPGRADE_TYPE",T."IGNORE_TIME",T."USER_FUL",T."UPGRADE_MANUAL",T."UPGRADE_DES",T."BELONG_TYPE",T."DETAIL_PIC_URLS",T."LATEST_VERSION_TIME",T."STATEMENT_LIST",T."STORE_POSITION",T."LABEL",T."PARAMS_INT1",T."PARAMS_INT2",T."PARAMS_INT3",T."PARAMS_INT4",T."PARAMS_STRING1",T."PARAMS_STRING2",T."PARAMS_STRING3",T."PARAMS_STRING4" FROM "APP" T  WHERE T."PACKAGE_NAME"=?
08-13 18:08:28.546  1328  1672 D greenDAO: Values for query: [com.droidlogic.exoplayer2.demo]
08-13 18:08:28.551  1328  1672 E lxAgent : short class name = com.starnet.filemanager
08-13 18:08:28.632     0     0 W [3 T358   ..] healthd: battery l=29 v=3731 t=0.0 h=2 st=2 chg=a
08-13 18:08:28.622   864   864 E jarvis_action===: android.intent.action.BATTERY_CHANGED
08-13 18:08:28.622  1125  1125 D AJLEpgShortcutFragment: [, , 0]:{Thread:main}battery changed: 29%, isCharing:true, hasBattery:true
08-13 18:08:28.624  1328  1328 E action===: [, , 0]:android.intent.action.BATTERY_CHANGED
08-13 18:08:28.624  1328  1328 E action===: android.intent.action.BATTERY_CHANGED
08-13 18:08:28.634 18354 18354 D SubtitleViewAdaptor: mSubLayout:android.widget.FrameLayout{a1d2ed2 V.E...... ......I. 0,0-0,0}
08-13 18:08:28.637 18354 18354 D CCSubtitleView: [setActive]active:true
08-13 18:08:28.685 18354 18354 E CCSubtitleView: subtitle view init
08-13 18:08:28.685 18354 18354 D SubtitleViewAdaptor: mSubLayout2:android.widget.FrameLayout{a1d2ed2 V.E...... ......I. 0,0-0,0}
08-13 18:08:28.686 18354 18354 I MoviePlayer: set layout
08-13 18:08:28.686 18354 18354 I MoviePlayer: [onCreate] initMediaSession() called
08-13 18:08:28.686 18354 18354 I MoviePlayer: [initMediaSession] initializing
08-13 18:08:28.688 18354 18354 W MediaSessionCompat: Couldn't find a unique registered media button receiver in the given context.
08-13 18:08:28.692   563  2593 I MediaSessionStack: addSession to bottom of stack | record: com.droidlogic.exoplayer2.demo/MoviePlayer (userId=0)
08-13 18:08:28.693   926   926 V MediaPlayerList: onActiveSessionsChanged: number of controllers: 0
08-13 18:08:28.693   926   926 V MediaPlayerList: onActiveSessionsChanged: number of controllers: 0
08-13 18:08:28.694   926   926 D AvrcpTargetJni: sendPlayerSettingsNative
08-13 18:08:28.694   926   926 I bt_stack: [INFO:avrcp_service.cc(551)] virtual void bluetooth::avrcp::AvrcpService::SendPlayerSettingsChanged(std::vector<PlayerAttribute>, std::vector<uint8_t>)
08-13 18:08:28.694   926   926 I bt_stack: [INFO:avrcp_service.cc(565)] attribute=PlayerAttribute::REPEAT : value=PlayerRepeatValue::OFF
08-13 18:08:28.694   926   926 I bt_stack: attribute=PlayerAttribute::SHUFFLE : value=PlayerShuffleValue::OFF
08-13 18:08:28.694   926   926 I bt_stack: 
08-13 18:08:28.700 18354 18354 I MoviePlayer: [initMediaSession] setActive(true)
08-13 18:08:28.700 18354 18354 I MyMediaPlayer_MoviePlayer: getDuration when <prepared,return, state:2
08-13 18:08:28.700 18354 18354 I MoviePlayer: [updateMediaMetadata] title=赵丽颖、许志安 - 乱世俱灭.mp3, duration=0
08-13 18:08:28.701   926   926 V MediaPlayerList: onActiveSessionsChanged: number of controllers: 1
08-13 18:08:28.701   926   926 D MediaPlayerList: onActiveSessionsChanged: controller: com.droidlogic.exoplayer2.demo
08-13 18:08:28.702 18354 18354 E MoviePlayer: updateMediaMetadata error
08-13 18:08:28.702 18354 18354 E MoviePlayer: java.lang.NullPointerException: Attempt to invoke virtual method 'void com.droidlogic.combineplayer.ui.MoviePlayerControlView.setFileName(java.lang.String)' on a null object reference
08-13 18:08:28.702 18354 18354 E MoviePlayer: 	at com.droidlogic.videoplayer.MoviePlayer.updateMediaMetadata(MoviePlayer.java:3388)
08-13 18:08:28.702 18354 18354 E MoviePlayer: 	at com.droidlogic.videoplayer.MoviePlayer.initMediaSession(MoviePlayer.java:3365)
08-13 18:08:28.702 18354 18354 E MoviePlayer: 	at com.droidlogic.videoplayer.MoviePlayer.onCreate(MoviePlayer.java:373)
08-13 18:08:28.702 18354 18354 E MoviePlayer: 	at android.app.Activity.performCreate(Activity.java:8621)
08-13 18:08:28.702 18354 18354 E MoviePlayer: 	at android.app.Activity.performCreate(Activity.java:8599)
08-13 18:08:28.702 18354 18354 E MoviePlayer: 	at android.app.Instrumentation.callActivityOnCreate(Instrumentation.java:1456)
08-13 18:08:28.702 18354 18354 E MoviePlayer: 	at android.app.ActivityThread.performLaunchActivity(ActivityThread.java:3808)
08-13 18:08:28.702 18354 18354 E MoviePlayer: 	at android.app.ActivityThread.handleLaunchActivity(ActivityThread.java:3967)
08-13 18:08:28.702 18354 18354 E MoviePlayer: 	at android.app.servertransaction.LaunchActivityItem.execute(LaunchActivityItem.java:103)
08-13 18:08:28.702 18354 18354 E MoviePlayer: 	at android.app.servertransaction.TransactionExecutor.executeCallbacks(TransactionExecutor.java:139)
08-13 18:08:28.702 18354 18354 E MoviePlayer: 	at android.app.servertransaction.TransactionExecutor.execute(TransactionExecutor.java:96)
08-13 18:08:28.702 18354 18354 E MoviePlayer: 	at android.app.ActivityThread$H.handleMessage(ActivityThread.java:2472)
08-13 18:08:28.702 18354 18354 E MoviePlayer: 	at android.os.Handler.dispatchMessage(Handler.java:106)
08-13 18:08:28.702 18354 18354 E MoviePlayer: 	at android.os.Looper.loopOnce(Looper.java:205)
08-13 18:08:28.702 18354 18354 E MoviePlayer: 	at android.os.Looper.loop(Looper.java:294)
08-13 18:08:28.702 18354 18354 E MoviePlayer: 	at android.app.ActivityThread.main(ActivityThread.java:8255)
08-13 18:08:28.702 18354 18354 E MoviePlayer: 	at java.lang.reflect.Method.invoke(Native Method)
08-13 18:08:28.702 18354 18354 E MoviePlayer: 	at com.android.internal.os.RuntimeInit$MethodAndArgsCaller.run(RuntimeInit.java:552)
08-13 18:08:28.702 18354 18354 E MoviePlayer: 	at com.android.internal.os.ZygoteInit.main(ZygoteInit.java:978)
08-13 18:08:28.703   926   926 I MediaPlayerList: Adding wrapped media player: com.droidlogic.exoplayer2.demo at key: 1
08-13 18:08:28.703   926   926 V MediaPlayerList: onActiveSessionsChanged: number of controllers: 1
08-13 18:08:28.704   926   926 D MediaPlayerList: onActiveSessionsChanged: controller: com.droidlogic.exoplayer2.demo
08-13 18:08:28.704 18354 18354 D UEventObserver: Construct UEventObserver
08-13 18:08:28.704   926   926 I MediaPlayerList: Adding wrapped media player: com.droidlogic.exoplayer2.demo at key: 1
08-13 18:08:28.705 18354 18354 I MoviePlayer: hdmi llm enable:false
08-13 18:08:28.707   563   599 W BatteryExternalStatsWorker: error reading modem stats:ERROR_PHONE_NOT_AVAILABLE
08-13 18:08:28.707 18354 18354 D MoviePlayer: onStart
08-13 18:08:28.708   563  1903 W BatteryExternalStatsWorker: error reading Bluetooth stats: 11
08-13 18:08:28.710   563  1903 D CompatibilityChangeReporter: Compat change id reported: 161145287; UID 10032; state: ENABLED
08-13 18:08:28.710 18354 18354 D CertificationTipUtils: [registerAudioFormatReceiver]mAudioFormatReceiver:com.droidlogic.combineplayer.CertificationTipUtils$3@6db92ce
08-13 18:08:28.710 18354 18354 I MoviePlayer: [initVideoView]
08-13 18:08:28.711  1580  2359 D libovd  : [2026-08-13 18:08:28.711] [debug] [2359] [DME] DME_internal.c:1104 DME_backoff_algorithm backoff_result resum: 1141
08-13 18:08:28.742   563   600 W CpuPowerCalculator: UID 10061 CPU freq # mismatch: Power Profile # 1 actual # 11
08-13 18:08:28.742   563   600 W CpuPowerCalculator: UID 10061 CPU freq # mismatch: Power Profile # 1 actual # 11
08-13 18:08:28.742   563   600 W CpuPowerCalculator: UID 10061 CPU freq # mismatch: Power Profile # 1 actual # 11
08-13 18:08:28.742   563   600 W CpuPowerCalculator: UID 10052 CPU freq # mismatch: Power Profile # 1 actual # 11
08-13 18:08:28.742   563   600 W CpuPowerCalculator: UID 10052 CPU freq # mismatch: Power Profile # 1 actual # 11
08-13 18:08:28.742   563   600 W CpuPowerCalculator: UID 10049 CPU freq # mismatch: Power Profile # 1 actual # 11
08-13 18:08:28.742   563   600 W CpuPowerCalculator: UID 10049 CPU freq # mismatch: Power Profile # 1 actual # 11
08-13 18:08:28.742   563   600 W CpuPowerCalculator: UID 10034 CPU freq # mismatch: Power Profile # 1 actual # 11
08-13 18:08:28.742   563   600 W CpuPowerCalculator: UID 10034 CPU freq # mismatch: Power Profile # 1 actual # 11
08-13 18:08:28.743   563   600 W CpuPowerCalculator: UID 10034 CPU freq # mismatch: Power Profile # 1 actual # 11
08-13 18:08:28.743   563   600 W CpuPowerCalculator: UID 10034 CPU freq # mismatch: Power Profile # 1 actual # 11
08-13 18:08:28.743   563   600 W CpuPowerCalculator: UID 10027 CPU freq # mismatch: Power Profile # 1 actual # 11
08-13 18:08:28.743   563   600 W CpuPowerCalculator: UID 10027 CPU freq # mismatch: Power Profile # 1 actual # 11
08-13 18:08:28.743   563   600 W CpuPowerCalculator: UID 10024 CPU freq # mismatch: Power Profile # 1 actual # 11
08-13 18:08:28.743   563   600 W CpuPowerCalculator: UID 10024 CPU freq # mismatch: Power Profile # 1 actual # 11
08-13 18:08:28.743   563   600 W CpuPowerCalculator: UID 10017 CPU freq # mismatch: Power Profile # 1 actual # 11
08-13 18:08:28.743   563   600 W CpuPowerCalculator: UID 10017 CPU freq # mismatch: Power Profile # 1 actual # 11
08-13 18:08:28.743   563   600 W CpuPowerCalculator: UID 10017 CPU freq # mismatch: Power Profile # 1 actual # 11
08-13 18:08:28.743   563   600 W CpuPowerCalculator: UID 10016 CPU freq # mismatch: Power Profile # 1 actual # 11
08-13 18:08:28.743   563   600 W CpuPowerCalculator: UID 10016 CPU freq # mismatch: Power Profile # 1 actual # 11
08-13 18:08:28.743   563   600 W CpuPowerCalculator: UID 10016 CPU freq # mismatch: Power Profile # 1 actual # 11
08-13 18:08:28.743   563   600 W CpuPowerCalculator: UID 10015 CPU freq # mismatch: Power Profile # 1 actual # 11
08-13 18:08:28.743   563   600 W CpuPowerCalculator: UID 10015 CPU freq # mismatch: Power Profile # 1 actual # 11
08-13 18:08:28.743   563   600 W CpuPowerCalculator: UID 10015 CPU freq # mismatch: Power Profile # 1 actual # 11
08-13 18:08:28.743   563   600 W CpuPowerCalculator: UID 10015 CPU freq # mismatch: Power Profile # 1 actual # 11
08-13 18:08:28.743   563   600 W CpuPowerCalculator: UID 10014 CPU freq # mismatch: Power Profile # 1 actual # 11
08-13 18:08:28.743   563   600 W CpuPowerCalculator: UID 10014 CPU freq # mismatch: Power Profile # 1 actual # 11
08-13 18:08:28.743   563   600 W CpuPowerCalculator: UID 10014 CPU freq # mismatch: Power Profile # 1 actual # 11
08-13 18:08:28.744   563   600 W CpuPowerCalculator: UID 10010 CPU freq # mismatch: Power Profile # 1 actual # 11
08-13 18:08:28.744   563   600 W CpuPowerCalculator: UID 10010 CPU freq # mismatch: Power Profile # 1 actual # 11
08-13 18:08:28.744   563   600 W CpuPowerCalculator: UID 10004 CPU freq # mismatch: Power Profile # 1 actual # 11
08-13 18:08:28.744   563   600 W CpuPowerCalculator: UID 10004 CPU freq # mismatch: Power Profile # 1 actual # 11
08-13 18:08:28.744   563   600 W CpuPowerCalculator: UID 10004 CPU freq # mismatch: Power Profile # 1 actual # 11
08-13 18:08:28.744   563   600 W CpuPowerCalculator: UID 10002 CPU freq # mismatch: Power Profile # 1 actual # 11
08-13 18:08:28.744   563   600 W CpuPowerCalculator: UID 10002 CPU freq # mismatch: Power Profile # 1 actual # 11
08-13 18:08:28.744   563   600 W CpuPowerCalculator: UID 10002 CPU freq # mismatch: Power Profile # 1 actual # 11
08-13 18:08:28.744   563   600 W CpuPowerCalculator: UID 9999 CPU freq # mismatch: Power Profile # 1 actual # 11
08-13 18:08:28.744   563   600 W CpuPowerCalculator: UID 2000 CPU freq # mismatch: Power Profile # 1 actual # 11
08-13 18:08:28.744   563   600 W CpuPowerCalculator: UID 2000 CPU freq # mismatch: Power Profile # 1 actual # 11
08-13 18:08:28.744   563   600 W CpuPowerCalculator: UID 1092 CPU freq # mismatch: Power Profile # 1 actual # 11
08-13 18:08:28.744   563   600 W CpuPowerCalculator: UID 1082 CPU freq # mismatch: Power Profile # 1 actual # 11
08-13 18:08:28.744   563   600 W CpuPowerCalculator: UID 1073 CPU freq # mismatch: Power Profile # 1 actual # 11
08-13 18:08:28.744   563   600 W CpuPowerCalculator: UID 1073 CPU freq # mismatch: Power Profile # 1 actual # 11
08-13 18:08:28.744   563   600 W CpuPowerCalculator: UID 1072 CPU freq # mismatch: Power Profile # 1 actual # 11
08-13 18:08:28.744   563   600 W CpuPowerCalculator: UID 1069 CPU freq # mismatch: Power Profile # 1 actual # 11
08-13 18:08:28.744   563   600 W CpuPowerCalculator: UID 1066 CPU freq # mismatch: Power Profile # 1 actual # 11
08-13 18:08:28.744   563   600 W CpuPowerCalculator: UID 1053 CPU freq # mismatch: Power Profile # 1 actual # 11
08-13 18:08:28.744   563   600 W CpuPowerCalculator: UID 1047 CPU freq # mismatch: Power Profile # 1 actual # 11
08-13 18:08:28.745   563   600 W CpuPowerCalculator: UID 1046 CPU freq # mismatch: Power Profile # 1 actual # 11
08-13 18:08:28.745   563   600 W CpuPowerCalculator: UID 1041 CPU freq # mismatch: Power Profile # 1 actual # 11
08-13 18:08:28.745   563   600 W CpuPowerCalculator: UID 1040 CPU freq # mismatch: Power Profile # 1 actual # 11
08-13 18:08:28.745   563   600 W CpuPowerCalculator: UID 1036 CPU freq # mismatch: Power Profile # 1 actual # 11
08-13 18:08:28.745   563   600 W CpuPowerCalculator: UID 1019 CPU freq # mismatch: Power Profile # 1 actual # 11
08-13 18:08:28.745   563   600 W CpuPowerCalculator: UID 1013 CPU freq # mismatch: Power Profile # 1 actual # 11
08-13 18:08:28.745   563   600 W CpuPowerCalculator: UID 1010 CPU freq # mismatch: Power Profile # 1 actual # 11
08-13 18:08:28.746   563   600 W CpuPowerCalculator: UID 1002 CPU freq # mismatch: Power Profile # 1 actual # 11
08-13 18:08:28.746   563   600 W CpuPowerCalculator: UID 1002 CPU freq # mismatch: Power Profile # 1 actual # 11
08-13 18:08:28.746   563   600 W CpuPowerCalculator: UID 1000 CPU freq # mismatch: Power Profile # 1 actual # 11
08-13 18:08:28.746   563   600 W CpuPowerCalculator: UID 0 CPU freq # mismatch: Power Profile # 1 actual # 11
08-13 18:08:28.751 18354 18354 I MoviePlayer: [registerHdmiReceiver]mHdmiReceiver:com.droidlogic.videoplayer.MoviePlayer$10@ed4820b
08-13 18:08:28.751 18354 18354 I MoviePlayer: [registerMountReceiver]mMountReceiver:com.droidlogic.videoplayer.MoviePlayer$11@f9ce8e8
08-13 18:08:28.752 18354 18354 I MoviePlayer: [registerMountReceiver]mMountReceiver:com.droidlogic.videoplayer.MoviePlayer$12@360b01
08-13 18:08:28.753 18354 18354 I MoviePlayer: [registerPowerReceiver]mPowerReceiver:com.droidlogic.videoplayer.MoviePlayer$12@360b01
08-13 18:08:28.756 18354 18354 I MoviePlayer: [onResume]
08-13 18:08:28.758   563  1903 D WindowManager: isOemCompatApp com.droidlogic.exoplayer2.demo
08-13 18:08:28.761 18354 18354 D CompatibilityChangeReporter: Compat change id reported: 237531167; UID 10032; state: DISABLED
08-13 18:08:28.764 18354 18354 W OpenGLRenderer: Unknown dataspace 0
08-13 18:08:28.770   563  1874 W WindowManager: [addWindow] title:com.droidlogic.exoplayer2.demo/com.droidlogic.videoplayer.MoviePlayer
08-13 18:08:28.776   472 18383 I NU-AmNuPlayer: [#8] updateMediaInfo
08-13 18:08:28.776   472 18383 I NU-AmNuPlayer: [#8] [updateMediaInfo:1371]get i=0 , mime: audio/ffmpeg
08-13 18:08:28.777 18354 18354 I MyMediaPlayer_MoviePlayer: [mPreparedListener]onPrepared mp:com.droidlogic.app.MediaPlayerExt@a250ad4
08-13 18:08:28.777 18354 18354 D PreparedTimeoutTracker: stopTrack
08-13 18:08:28.778 18354 18354 I MoviePlayer: onPlaybackStateChanged:3
08-13 18:08:28.778 18354 18354 D MoviePlayer: set background null
08-13 18:08:28.778   472 18383 I NU-AmNuPlayer: [#8] updateMediaInfo
08-13 18:08:28.779   472 18383 I NU-AmNuPlayer: [#8] [updateMediaInfo:1371]get i=0 , mime: audio/ffmpeg
08-13 18:08:28.781 18354 18354 D MediaPlayerNative: getMetadata
08-13 18:08:28.781   472   831 I NU-AmNuPlayerDriver: [#8] getMetadata 1387
08-13 18:08:28.781   472   831 I NU-AmNuPlayerDriver: [#8] getMetadata mVideoWidth 0, mVideoHeight 0
08-13 18:08:28.781   472   831 I NU-AmNuPlayer: [#8] AmNuPlayer::Source::getFormat frame-rate = failed
08-13 18:08:28.781   472   831 I NU-AmNuPlayer: [#8] getFormat audio extend format : audio/ffmpeg
08-13 18:08:28.781   472   831 I NU-AmNuPlayer: [#8] [getStrCurrentCodecMime 5483] 1 mDTSMimeFromCodec:0-->mMediaRenderingStarted:0
08-13 18:08:28.782   472   831 I NU-AmNuPlayer: [#8] AmNuPlayer::Source::getFormat frame-rate = failed
08-13 18:08:28.782   472   831 I NU-AmNuPlayer: [#8] getFormat audio extend format : audio/ffmpeg
08-13 18:08:28.782   472   831 I NU-AmNuPlayer: [#8] [getStrCurrentCodecMime 5483] 1 mDTSMimeFromCodec:0-->mMediaRenderingStarted:0
08-13 18:08:28.782   472   831 I AmMetadata: appendString ffmpeg, 6
08-13 18:08:28.782   472   831 I NU-AmNuPlayer: [#8] AmNuPlayer::Source::getFormat frame-rate = failed
08-13 18:08:28.782   472   831 I NU-AmNuPlayer: [#8] getFormat audio extend format : audio/ffmpeg
08-13 18:08:28.782   472   831 I NU-AmNuPlayer: [#8] [getStrCurrentCodecMime 5483] 1 mDTSMimeFromCodec:0-->mMediaRenderingStarted:0
08-13 18:08:28.782   472   831 I NU-AmNuPlayerDriver: [#8] getMetadata kVideoCodec (null), kAudioCodec ffmpeg
08-13 18:08:28.783   472   831 I NU-AmNuPlayer: [#8] AmNuPlayer::Source::getFormat frame-rate = failed
08-13 18:08:28.783   472   831 I NU-AmNuPlayer: [#8] getFormat audio extend format : audio/ffmpeg
08-13 18:08:28.783   472   831 I AmMetadata: appendString stereo, 6
08-13 18:08:28.783 18354 18354 I MyMediaPlayer_MoviePlayer: [mPreparedListener]mCanSeek:true
08-13 18:08:28.784 18354 18354 I MyMediaPlayer_MoviePlayer: [start]mMediaPlayer:
08-13 18:08:28.784 18354 18354 I MyMediaPlayer_MoviePlayer: start, requestAudioFocus
08-13 18:08:28.784 18354 18354 W AudioManager: Use of stream types is deprecated for operations other than volume control
08-13 18:08:28.784 18354 18354 W AudioManager: See the documentation of requestAudioFocus() for what to use instead with android.media.AudioAttributes to qualify your playback use case
08-13 18:08:28.789   563  1874 I MediaFocusControl: requestAudioFocus() from uid/pid 10032/18354 AA=USAGE_MEDIA/CONTENT_TYPE_MUSIC clientId=android.media.AudioManager@6881939com.droidlogic.videoplayer.MyMediaPlayer$1@ab84b7e callingPack=com.droidlogic.exoplayer2.demo req=1 flags=0x0 sdk=36
08-13 18:08:28.789   563  1874 I AudioService.FadeOutManager: unfadeOutUid() uid:10032
08-13 18:08:28.790   472   831 D NU-AmNuPlayerDriver: [#8] start(0xe9e85fb0), state is 4, eos is 0
08-13 18:08:28.790 18354 18354 I MoviePlayer: onPlaybackStateChanged:4
08-13 18:08:28.791   563   563 D MediaSessionService: Media button session is changed to com.droidlogic.exoplayer2.demo/MoviePlayer (userId=0)
08-13 18:08:28.791   472 18383 I NU-AmNuPlayer: [#8] kWhatStart
08-13 18:08:28.791   472 18383 I NU-AmNuPlayer: [#8] onStart: mCrypto: 0x0 (0)
08-13 18:08:28.791   472 18383 I NU-GenericSource: start
08-13 18:08:28.791 18354 18354 I MoviePlayer: [updatePlaybackState] state=3, pos=0
08-13 18:08:28.791   472 18383 I NU-AmNuPlayer: [#8] AmNuPlayer::Source::getFormat frame-rate = failed
08-13 18:08:28.791   472 18383 I NU-AmNuPlayer: [#8] getFormat audio extend format : audio/ffmpeg
08-13 18:08:28.792   563  2593 I MediaSessionStack: onPlaybackStateChanged - Pushing session to top | record: com.droidlogic.exoplayer2.demo/MoviePlayer (userId=0)
08-13 18:08:28.792 18354 18354 I MyMediaPlayer_MoviePlayer: notify play position change
08-13 18:08:28.793 18354 18354 D MyMediaPlayer_MoviePlayer: subtitle setdisplay
08-13 18:08:28.793 18354 18354 I MyMediaPlayer_MoviePlayer: eventlistener notify
08-13 18:08:28.793 18354 18354 I MoviePlayer: [displayModeImpl]onPrepared[Landroid.media.MediaPlayer$TrackInfo;@8ecb8df
08-13 18:08:28.793 18354 18354 I MoviePlayer: openSubtitle() start
08-13 18:08:28.793 18354 18354 I SystemSubtitleUtils: set subtitle enable state:false
08-13 18:08:28.793   472 18383 I NU-AmNuPlayerRenderer: getAudioDevicesForStream   streamType=3,  audioDevices=0x2
08-13 18:08:28.793 18354 18354 I MoviePlayer: [initMediaInfo] mMediaPlayer:com.droidlogic.videoplayer.MyMediaPlayer@898d92c
08-13 18:08:28.793   472 18383 E NU-AmNuPlayerRenderer: Couldn't map mime "audio/ffmpeg" to a valid audio_format
08-13 18:08:28.793   472 18383 I MessageMonitor: NU-AmNuPlayerRenderer MessageMonitor mDebugLevel 0, poll message us 30000000
08-13 18:08:28.793   472 18383 I NU-AmNuPlayerRenderer: [#8] mPlayerInstanceId = 8
08-13 18:08:28.793   472 18383 I NU-AmNuPlayerRenderer: mFirstSlowSync is set to True. from : 1010
08-13 18:08:28.793   472 18383 I NU-AmNuPlayerRenderer: [#8] media.amnuplayer.avsync.dropmode is set to 0 us .
08-13 18:08:28.794   472 18383 I NU-AmNuPlayerRenderer: for IPTV hls, mShowFrameAfterOpenAudioSink is set to True. from : 1115
08-13 18:08:28.794 18354 18354 I MediaPlayerExt: [getMediaInfobyInvoke]mp:com.droidlogic.app.MediaPlayerExt@a250ad4
08-13 18:08:28.795   864   864 E jarvis_AppUtils: getPkgNameByPidFromFile failed, pid===18354, ex=java.io.FileNotFoundException: /proc/18354/cmdline: open failed: ENOENT (No such file or directory)
08-13 18:08:28.795   864   864 E jarvis_AppUtils: read /proc/pid/cmdline failed, pname===null, fallback to AMS...
08-13 18:08:28.795   352   416 D AudioHalHardware: +getParameters(), key = hdmi_format
08-13 18:08:28.795   352   416 D AudioHalHardware: -getParameters(), return ""
08-13 18:08:28.796   926   926 I MediaPlayerList: onMediaKeyEventSessionChanged: token=com.droidlogic.exoplayer2.demo
08-13 18:08:28.797   472 18383 I NU-AmNuPlayerDriver: media.player.atrace.enable is 1
08-13 18:08:28.797   472 18383 I NU-AmNuPlayer: [#8] [onStart:4461] new Renderer
08-13 18:08:28.797   472 18383 I NU-AmNuPlayer: [#8] AmNuPlayer::getMediaInfo
08-13 18:08:28.797   472 18383 I NU-AmNuPlayer: [#8] updateMediaInfo
08-13 18:08:28.798   864   864 I jarvis_ : <onMediaStart>
08-13 18:08:28.798   472 18383 I NU-AmNuPlayer: [#8] [updateMediaInfo:1371]get i=0 , mime: audio/ffmpeg
08-13 18:08:28.798   472 18383 I NU-AmNuPlayer: [#8] --cur video:0 cur audio:0 cur sub:-1 
08-13 18:08:28.798   472 18383 I NU-AmNuPlayer: [#8] --audio index:0 id:86017 totlanum:1 channel:2 samplerate:44100 aformat=0
08-13 18:08:28.798   926   926 D MediaPlayerList: setActivePlayer(): setting player to com.droidlogic.exoplayer2.demo
08-13 18:08:28.799   472 18383 I NU-AmNuPlayer: [#8] AmNuPlayer::Source::getFormat frame-rate = failed
08-13 18:08:28.799   472 18383 I NU-AmNuPlayer: [#8] getFormat audio extend format : audio/ffmpeg
08-13 18:08:28.799   864   864 I jarvis_ : overlock,start true,0,0,,
08-13 18:08:28.800   472 18383 I NU-AmNuPlayerRenderer: getAudioDevicesForStream   streamType=3,  audioDevices=0x2
08-13 18:08:28.800   472 18383 E NU-AmNuPlayerRenderer: Couldn't map mime "audio/ffmpeg" to a valid audio_format
08-13 18:08:28.800   472 18383 I NU-AmNuPlayer: [#8] instantiateDecoder   format: AMessage(what = 0x00000000) = {
08-13 18:08:28.800   472 18383 I NU-AmNuPlayer:   string mime = "audio/ffmpeg"
08-13 18:08:28.800   472 18383 I NU-AmNuPlayer:   int64_t durationUs = 209867755
08-13 18:08:28.800   472 18383 I NU-AmNuPlayer:   int32_t track-id = 0
08-13 18:08:28.800   472 18383 I NU-AmNuPlayer:   int32_t bitrate = 128000
08-13 18:08:28.800   472 18383 I NU-AmNuPlayer:   int32_t channel-count = 2
08-13 18:08:28.800   472 18383 I NU-AmNuPlayer:   int32_t sample-rate = 44100
08-13 18:08:28.800   472 18383 I NU-AmNuPlayer:   string codec-format-str = "audio/ffmpeg"
08-13 18:08:28.800   472 18383 I NU-AmNuPlayer:   int32_t codec-id = 86017
08-13 18:08:28.800   472 18383 I NU-AmNuPlayer:   int32_t block-align = 0
08-13 18:08:28.800   472 18383 I NU-AmNuPlayer:   int32_t vendor.adec.codec-id.value = 86017
08-13 18:08:28.800   472 18383 I NU-AmNuPlayer:   Buffer extra-data = {
08-13 18:08:28.800   472 18383 I NU-AmNuPlayer:   }
08-13 18:08:28.800   472 18383 I NU-AmNuPlayer:   int32_t bit-rate = 128000
08-13 18:08:28.800   472 18383 I NU-AmNuPlayer:   int32_t priority = 0
08-13 18:08:28.800   472 18383 I NU-AmNuPlayer: }  
08-13 18:08:28.800   472 18383 W AString : ctor got NULL, using empty string instead
08-13 18:08:28.801   472 18383 I NU-AmNuPlayerDecoder: [#8] mPlayerInstanceId = 8  mForceClearUseClearKey is 0
08-13 18:08:28.801   472 18383 I NU-AmNuPlayerDriver: media.player.atrace.enable is 1
08-13 18:08:28.801   472 18383 I MessageMonitor: NU-AmNuPlayerDecoder-audN MessageMonitor mDebugLevel 0, poll message us 30000000
08-13 18:08:28.801   472 18383 I NU-AmNuPlayer: [#8] instantiateDecoder audio Decoder
08-13 18:08:28.801   472 18393 I NU-AmNuPlayerDecoder: [#8] onConfigure format: AMessage(what = 0x00000000) = {
08-13 18:08:28.801   472 18393 I NU-AmNuPlayerDecoder:   string mime = "audio/ffmpeg"
08-13 18:08:28.801   472 18393 I NU-AmNuPlayerDecoder:   int64_t durationUs = 209867755
08-13 18:08:28.801   472 18393 I NU-AmNuPlayerDecoder:   int32_t track-id = 0
08-13 18:08:28.801   472 18393 I NU-AmNuPlayerDecoder:   int32_t bitrate = 128000
08-13 18:08:28.801   472 18393 I NU-AmNuPlayerDecoder:   int32_t channel-count = 2
08-13 18:08:28.801   472 18393 I NU-AmNuPlayerDecoder:   int32_t sample-rate = 44100
08-13 18:08:28.801   472 18393 I NU-AmNuPlayerDecoder:   string codec-format-str = "audio/ffmpeg"
08-13 18:08:28.801   472 18393 I NU-AmNuPlayerDecoder:   int32_t codec-id = 86017
08-13 18:08:28.801   472 18393 I NU-AmNuPlayerDecoder:   int32_t block-align = 0
08-13 18:08:28.801   472 18393 I NU-AmNuPlayerDecoder:   int32_t vendor.adec.codec-id.value = 86017
08-13 18:08:28.801   472 18393 I NU-AmNuPlayerDecoder:   Buffer extra-data = {
08-13 18:08:28.801   472 18393 I NU-AmNuPlayerDecoder:   }
08-13 18:08:28.801   472 18393 I NU-AmNuPlayerDecoder:   int32_t bit-rate = 128000
08-13 18:08:28.801   472 18393 I NU-AmNuPlayerDecoder:   int32_t priority = 0
08-13 18:08:28.801   472 18393 I NU-AmNuPlayerDecoder:   int32_t early-release = 0
08-13 18:08:28.801   472 18393 I NU-AmNuPlayerDecoder: }
08-13 18:08:28.802 18354 18354 I MediaPlayerExt: [getMediaInfo]filename:-1,duration:209,file_size:null,bitrate:128000,type:0
08-13 18:08:28.802   472 18393 I MessageMonitor: ReadDataHandler MessageMonitor mDebugLevel 0, poll message us 30000000
08-13 18:08:28.802 18354 18354 I MediaPlayerExt: [getMediaInfo]cur_video_index:0,cur_audio_index:0,cur_sub_index:-1
08-13 18:08:28.802 18354 18354 I MediaPlayerExt: [getMediaInfo]mediaInfo.total_video_num:0
08-13 18:08:28.802 18354 18354 I MediaPlayerExt: [getMediaInfo]mediaInfo.total_audio_num:1
08-13 18:08:28.802   472 18393 D MediaCodecList: codecHandlesFormat: no format, so no extra checks
08-13 18:08:28.802 18354 18354 I MediaPlayerExt: [getMediaInfo]audioInfo j:0,index:0,id:86017,aformat:0
08-13 18:08:28.802 18354 18354 I MediaPlayerExt: [getMediaInfo]audioInfo j:0,channel:2,sample_rate:44100
08-13 18:08:28.802 18354 18354 I MediaPlayerExt: [getMediaInfo]mediaInfo.total_sub_num:0
08-13 18:08:28.803 18354 18354 I MediaPlayerExt: [getMediaInfo]mediaInfo.total_ts_num:0
08-13 18:08:28.803 18354 18354 I MediaPlayerExt: [getMediaInfo]mediaInfo.total_sub_num:0
08-13 18:08:28.803 18354 18354 I MediaInfo: [printMediaInfo]mInfo:com.droidlogic.app.MediaPlayerExt$MediaInfo@f480ff5
08-13 18:08:28.803 18354 18354 I MediaInfo: [printMediaInfo]filename:-1,duration:209,file_size:null,bitrate:128000,type:0
08-13 18:08:28.803 18354 18354 I MediaInfo: [printMediaInfo]cur_video_index:0,cur_audio_index:0,cur_sub_index:-1
08-13 18:08:28.803 18354 18354 I MediaInfo: [printMediaInfo]total_video_num:0
08-13 18:08:28.803 18354 18354 I MediaInfo: [printMediaInfo]total_audio_num:1
08-13 18:08:28.803 18354 18354 I MediaInfo: [printMediaInfo]audioInfo j:0,index:0,id:86017
08-13 18:08:28.803 18354 18354 I MediaInfo: [printMediaInfo]audioInfo j:0,aformat:0
08-13 18:08:28.803 18354 18354 I MediaInfo: [printMediaInfo]audioInfo j:0,channel:2,sample_rate:44100
08-13 18:08:28.803 18354 18354 I MediaInfo: [printMediaInfo]total_sub_num:0
08-13 18:08:28.803 18354 18354 D MediaPlayerNative: getMetadata
08-13 18:08:28.803   472   831 I NU-AmNuPlayerDriver: [#8] getMetadata 1387
08-13 18:08:28.803   472   831 I NU-AmNuPlayerDriver: [#8] getMetadata mVideoWidth 0, mVideoHeight 0
08-13 18:08:28.804   472 18394 D CCodec  : allocate(c2.amlogic.audio.decoder.ffmpeg)
08-13 18:08:28.804   472   831 I NU-AmNuPlayer: [#8] AmNuPlayer::Source::getFormat frame-rate = failed
08-13 18:08:28.804   472   831 I NU-AmNuPlayer: [#8] getFormat audio extend format : audio/ffmpeg
08-13 18:08:28.804   472   831 I NU-AmNuPlayer: [#8] [getStrCurrentCodecMime 5483] 1 mDTSMimeFromCodec:0-->mMediaRenderingStarted:0
08-13 18:08:28.805   472   831 I NU-AmNuPlayer: [#8] AmNuPlayer::Source::getFormat frame-rate = failed
08-13 18:08:28.805   472   831 I NU-AmNuPlayer: [#8] getFormat audio extend format : audio/ffmpeg
08-13 18:08:28.805   472   831 I NU-AmNuPlayer: [#8] [getStrCurrentCodecMime 5483] 1 mDTSMimeFromCodec:0-->mMediaRenderingStarted:0
08-13 18:08:28.805   472   831 I AmMetadata: appendString ffmpeg, 6
08-13 18:08:28.805   472   831 I NU-AmNuPlayer: [#8] AmNuPlayer::Source::getFormat frame-rate = failed
08-13 18:08:28.805   864   864 D myNoti  : onPlaybackStateChanged
08-13 18:08:28.805   472   831 I NU-AmNuPlayer: [#8] getFormat audio extend format : audio/ffmpeg
08-13 18:08:28.805   472   831 I NU-AmNuPlayer: [#8] [getStrCurrentCodecMime 5483] 1 mDTSMimeFromCodec:0-->mMediaRenderingStarted:0
08-13 18:08:28.805   472   831 I NU-AmNuPlayerDriver: [#8] getMetadata kVideoCodec (null), kAudioCodec ffmpeg
08-13 18:08:28.805   926   926 I MediaPlayerList: sendMediaUpdate: Creating a one item queue for a player with no queue
08-13 18:08:28.805   864   864 I jarvis_ : <onMediaStart>
08-13 18:08:28.806   472   831 I NU-AmNuPlayer: [#8] AmNuPlayer::Source::getFormat frame-rate = failed
08-13 18:08:28.806   864   864 I jarvis_ : overlock,start true,0,0,,
08-13 18:08:28.806   472   831 I NU-AmNuPlayer: [#8] getFormat audio extend format : audio/ffmpeg
08-13 18:08:28.806   472   831 I AmMetadata: appendString stereo, 6
08-13 18:08:28.806   926   926 D MediaPlayerList: sendMediaUpdate state=PlaybackState {state=PLAYING(3), position=13, buffered position=0, speed=1.0, updated=33321557, actions=823, custom actions=[], active item id=-1, error=null}
08-13 18:08:28.807   472 18394 I CCodec  : setting up 'default' as default (vendor) store
08-13 18:08:28.807   359   511 I C2VendorComponentStore: C2VendorComponentStore::createComponent name c2.amlogic.audio.decoder.ffmpeg
08-13 18:08:28.807   359   511 I C2VendorComponentStore: findComponent
08-13 18:08:28.807   359   511 I C2VendorComponentStore: C2VendorComponentStore::createComponent fetchModule
08-13 18:08:28.807   359   511 I C2VendorComponentStore: localModule libpath libcodec2_aml_audio_decoder.so 54
08-13 18:08:28.807   359   511 V C2VendorComponentStore: Loading dll
08-13 18:08:28.808   359   511 I C2VendorComponentStore: in init ===> start codec:54 secure:0 isAudio:1
08-13 18:08:28.808   359   511 V C2VendorComponentStore: init  libPath:libcodec2_aml_audio_decoder.so --> isAudio:1, createFactoryName:CreateC2AudioDecoderFFMPEGFactory
08-13 18:08:28.808   359   511 V Amlogic_C2AudioFFMPEGDecoder: create component FFMPEG 
08-13 18:08:28.808   359   511 I C2VendorComponentStore: GetCodec2VendorComponentStore, line:910
08-13 18:08:28.808   359   511 I Amlogic_C2AudioFFMPEGDecoder: in C2AudioFFMPEGDecFactory 
08-13 18:08:28.808   359   511 I Amlogic_C2AudioFFMPEGDecoder: in createComponent 
08-13 18:08:28.809   359   511 I Amlogic_C2AudioFFMPEGDecoder: in IntfImpl  c2.amlogic.audio.decoder.ffmpeg
08-13 18:08:28.809   359   511 I Amlogic_C2AudioFFMPEGDecoder: C2AudioFFMPEGDecoder() 267  name:c2.amlogic.audio.decoder.ffmpeg
08-13 18:08:28.809   359   511 I Amlogic_C2AudioFFMPEGDecoder: initializeState_l 291
08-13 18:08:28.809   926   926 D MediaControlGattService: updatePlayerState: playbackState= PLAYING
08-13 18:08:28.809   926   926 W MediaControlGattService: Feature PLAYBACK_SPEED(BIT 8) support: true
08-13 18:08:28.809   926   926 W MediaControlGattService: Feature PLAYBACK_SPEED(BIT 8) support: true
08-13 18:08:28.809   926   926 W MediaControlGattService: Feature PLAYBACK_SPEED(BIT 8) support: true
08-13 18:08:28.810   359   511 V C2VendorComponentStore: In ~ComponentModule
08-13 18:08:28.810   359   511 V C2VendorComponentStore: Unloading dll
08-13 18:08:28.810   926   926 W MediaControlGattService: Feature TRACK_POSITION(BIT 7) support: true
08-13 18:08:28.810   926   926 W MediaControlGattService: Feature TRACK_POSITION_NOTIFY support: true
08-13 18:08:28.810   926   926 W MediaControlGattService: Feature MEDIA_STATE(BIT 17) support: true
08-13 18:08:28.810   926   926 W MediaControlGattService: Feature MEDIA_STATE(BIT 17) support: true
08-13 18:08:28.811   472 18394 I CCodec  : Created component [c2.amlogic.audio.decoder.ffmpeg]
08-13 18:08:28.811   472 18394 D CCodecConfig: read media type: audio/ffmpeg
08-13 18:08:28.812 18354 18354 I MoviePlayer: subtitle setting ok button click or init call
08-13 18:08:28.813 18354 18354 I MoviePlayer: maybe wrong info:win h:-1,w:-1
08-13 18:08:28.813 18354 18354 I SystemSubtitleUtils: [setSubtitleView]
08-13 18:08:28.813   472 18394 D ReflectedParamUpdater: extent() != 1 for single value type: output.subscribed-indices.values
08-13 18:08:28.813   472 18394 D ReflectedParamUpdater: extent() != 1 for single value type: input.buffers.allocator-ids.values
08-13 18:08:28.814   472 18394 D ReflectedParamUpdater: extent() != 1 for single value type: output.buffers.allocator-ids.values
08-13 18:08:28.814   472 18394 D ReflectedParamUpdater: extent() != 1 for single value type: output.buffers.pool-ids.values
08-13 18:08:28.814   926   926 W MediaControlGattService: Feature PLAYER_NAME(BIT 1) support: true
08-13 18:08:28.814   926   926 W MediaControlGattService: Feature PLAYER_NAME(BIT 1) support: true
08-13 18:08:28.815   926   926 W MediaControlGattService: Feature PLAYER_NAME(BIT 1) support: true
08-13 18:08:28.815   926   926 W MediaControlGattService: Feature PLAYER_NAME_NOTIFY support: true
08-13 18:08:28.815 18354 18354 I SystemSubtitleUtils: set Subtitle setting to subtitleManager, win h:800,margin y:0
08-13 18:08:28.816 18354 18354 I SystemSubtitleUtils: text subtitle y position:1
08-13 18:08:28.816 18354 18354 D SystemSubtitleUtils: setSubtitleEnc:null
08-13 18:08:28.817   472 18394 I CCodecConfig: query failed after returning 8 values (BAD_INDEX)
08-13 18:08:28.817   472 18394 D CCodecConfig: c2 config diff is Dict {
08-13 18:08:28.817   472 18394 D CCodecConfig:   c2::u32 coded.bitrate.value = 64000
08-13 18:08:28.817   472 18394 D CCodecConfig:   c2::u32 input.buffers.max-size.value = 2097152
08-13 18:08:28.817   472 18394 D CCodecConfig:   string input.media-type.value = "audio/ffmpeg"
08-13 18:08:28.817   472 18394 D CCodecConfig:   string output.media-type.value = "audio/raw"
08-13 18:08:28.817   472 18394 D CCodecConfig:   c2::u32 raw.channel-count.value = 1
08-13 18:08:28.817   472 18394 D CCodecConfig:   c2::u32 raw.channel-mask.value = 0
08-13 18:08:28.817   472 18394 D CCodecConfig:   c2::u32 raw.max-channel-count.value = 8
08-13 18:08:28.817   472 18394 D CCodecConfig:   c2::u32 raw.sample-rate.value = 44100
08-13 18:08:28.817   472 18394 D CCodecConfig: }
08-13 18:08:28.817 18354 18354 D SystemSubtitleUtils: selected Pos:0,set translate language to subtitle manager---language:
08-13 18:08:28.817 18354 18354 E SystemSubtitleUtils: no such method errorjava.lang.NoSuchMethodError: No virtual method setSubTranslationLanguage(Ljava/lang/String;Ljava/lang/String;)I in class Lcom/droidlogic/app/SubtitleManager; or its super classes (declaration of 'com.droidlogic.app.SubtitleManager' appears in /vendor/framework/droidlogic.software.core.jar)
08-13 18:08:28.817 18354 18354 I MyMediaPlayer_MoviePlayer: onInfochanged--lister
08-13 18:08:28.817 18354 18354 I MediaInfo: amime:audio/ffmpeg
08-13 18:08:28.817 18354 18354 I MoviePlayer: gotoTeletextSubtitlePage
08-13 18:08:28.818 18354 18354 I MediaInfo: is uni media for iptv:0
08-13 18:08:28.818 18354 18354 I MediaInfo: getTeletextSubtitlePage
08-13 18:08:28.818 18354 18354 D MoviePlayer: setSurfaceFrameRate---
08-13 18:08:28.818 18354 18354 D MediaPlayerNative: getMetadata
08-13 18:08:28.818   472   831 I NU-AmNuPlayerDriver: [#8] getMetadata 1387
08-13 18:08:28.819   472   831 I NU-AmNuPlayerDriver: [#8] getMetadata mVideoWidth 0, mVideoHeight 0
08-13 18:08:28.819   472   831 I NU-AmNuPlayer: [#8] AmNuPlayer::Source::getFormat frame-rate = failed
08-13 18:08:28.819   472   831 I NU-AmNuPlayer: [#8] getFormat audio extend format : audio/ffmpeg
08-13 18:08:28.819   472   831 I NU-AmNuPlayer: [#8] [getStrCurrentCodecMime 5483] 1 mDTSMimeFromCodec:0-->mMediaRenderingStarted:0
08-13 18:08:28.819   926   926 W MediaControlGattService: Feature MEDIA_CONTROL_POINT_OPCODES_SUPPORTED(BIT 19) support: true
08-13 18:08:28.819   926   926 W MediaControlGattService: Feature PLAYING_ORDER_SUPPORTED(BIT 16) support: true
08-13 18:08:28.819   926   926 W MediaControlGattService: Feature PLAYING_ORDER(BIT 15) support: true
08-13 18:08:28.820   926   926 W MediaControlGattService: Feature PLAYER_ICON_OBJ_ID(BIT 2) support: false
08-13 18:08:28.820   926   926 W MediaControlGattService: Feature PLAYER_ICON_URL(BIT 3) support: false
08-13 18:08:28.820   926   926 W MediaControlGattService: Feature MEDIA_CONTROL_POINT_OPCODES_SUPPORTED(BIT 19) support: true
08-13 18:08:28.820   926   926 W MediaControlGattService: Feature MEDIA_CONTROL_POINT_OPCODES_SUPPORTED_NOTIFY support: true
08-13 18:08:28.820   472   831 I NU-AmNuPlayer: [#8] AmNuPlayer::Source::getFormat frame-rate = failed
08-13 18:08:28.820   472   831 I NU-AmNuPlayer: [#8] getFormat audio extend format : audio/ffmpeg
08-13 18:08:28.820   472   831 I NU-AmNuPlayer: [#8] [getStrCurrentCodecMime 5483] 1 mDTSMimeFromCodec:0-->mMediaRenderingStarted:0
08-13 18:08:28.820   472   831 I AmMetadata: appendString ffmpeg, 6
08-13 18:08:28.820   472 18393 I NU-AmNuPlayerDecoder: [#8] mComponentName c2.amlogic.audio.decoder.ffmpeg
08-13 18:08:28.820   472 18393 I NU-AmNuPlayerRenderer: [#8] audio source format 0x1
08-13 18:08:28.820   472 18393 I NU-AmNuPlayerDecoder: sampleRate:44100 
08-13 18:08:28.820   472 18393 I NU-AmNuPlayerDecoder: [#8] is_passthrough_enable:0 
08-13 18:08:28.820   472 18393 I NU-AmNuPlayerDecoder: channel-count=2
08-13 18:08:28.820   472 18393 I NU-AmNuPlayerDecoder: sample-rate=44100
08-13 18:08:28.820   472 18393 I NU-AmNuPlayerDecoder: bit-rate=128000
08-13 18:08:28.820   472 18393 I NU-AmNuPlayerDecoder: block-align=0
08-13 18:08:28.820   472 18393 I NU-AmNuPlayerDecoder: codec-id=86017
08-13 18:08:28.820   472 18393 I NU-AmNuPlayerDecoder: is_passthrough_enable=0
08-13 18:08:28.820   472 18393 I NU-AmNuPlayerDecoder: extradata-size=0
08-13 18:08:28.820   472   831 I NU-AmNuPlayer: [#8] AmNuPlayer::Source::getFormat frame-rate = failed
08-13 18:08:28.820   472   831 I NU-AmNuPlayer: [#8] getFormat audio extend format : audio/ffmpeg
08-13 18:08:28.820   472   831 I NU-AmNuPlayer: [#8] [getStrCurrentCodecMime 5483] 1 mDTSMimeFromCodec:0-->mMediaRenderingStarted:0
08-13 18:08:28.820   472   831 I NU-AmNuPlayerDriver: [#8] getMetadata kVideoCodec (null), kAudioCodec ffmpeg
08-13 18:08:28.820   472 18394 I MediaCodec: MediaCodec will operate in async mode
08-13 18:08:28.821   472 18394 D MediaCodec: flushMediametrics
08-13 18:08:28.821   472   831 I NU-AmNuPlayer: [#8] AmNuPlayer::Source::getFormat frame-rate = failed
08-13 18:08:28.821   472   831 I NU-AmNuPlayer: [#8] getFormat audio extend format : audio/ffmpeg
08-13 18:08:28.821   472 18394 D CCodec  : [c2.amlogic.audio.decoder.ffmpeg] buffers are bound to CCodec for this session
08-13 18:08:28.821   472   831 I AmMetadata: appendString stereo, 6
08-13 18:08:28.821   472 18394 D CCodecConfig: no c2 equivalents for durationUs
08-13 18:08:28.821   472 18394 D CCodecConfig: no c2 equivalents for track-id
08-13 18:08:28.821   472 18394 D CCodecConfig: no c2 equivalents for codec-format-str
08-13 18:08:28.821   472 18394 D CCodecConfig: no c2 equivalents for codec-id
08-13 18:08:28.821   472 18394 D CCodecConfig: no c2 equivalents for block-align
08-13 18:08:28.821   472 18394 D CCodecConfig: no c2 equivalents for extra-data
08-13 18:08:28.821   472 18394 D CCodecConfig: no c2 equivalents for bit-rate
08-13 18:08:28.821   472 18394 D CCodecConfig: no c2 equivalents for early-release
08-13 18:08:28.821   472 18394 D CCodecConfig: no c2 equivalents for is_passthrough_enable
08-13 18:08:28.821   472 18394 D CCodecConfig: no c2 equivalents for flags
08-13 18:08:28.821 18354 18354 D MoviePlayer: type=0, fps=0, on=true
08-13 18:08:28.821 18354 18354 E MoviePlayer: Surface.setFrameRate method does not exist or surface destroyed)
08-13 18:08:28.822   926   926 W MediaControlGattService: Feature TRACK_TITLE(BIT 5) support: true
08-13 18:08:28.822   926   926 W MediaControlGattService: Feature TRACK_TITLE(BIT 5) support: true
08-13 18:08:28.822 18354 18354 I MoviePlayer: [updateMediaMetadata] title=赵丽颖、许志安 - 乱世俱灭.mp3, duration=209868
08-13 18:08:28.822   926   926 W MediaControlGattService: Feature TRACK_TITLE_NOTIFY support: true
08-13 18:08:28.822   472 18394 D CCodecConfig: c2 config diff is   c2::u32 coded.bitrate.value = 128000
08-13 18:08:28.822   472 18394 D CCodecConfig:   c2::u32 raw.channel-count.value = 2
08-13 18:08:28.822   472 18394 D CCodecConfig:   c2::i32 vendor.adec.block-align.value = 0
08-13 18:08:28.822   472 18394 D CCodecConfig:   c2::i32 vendor.adec.codec-id.value = 86017
08-13 18:08:28.822   472 18394 D CCodecConfig:   c2::i32 vendor.adec.extra-data-size.value = 0
08-13 18:08:28.823   472 18394 W Codec2Client: query -- param skipped: index = 1107298332.
08-13 18:08:28.823 18354 18354 E MoviePlayer: updateMediaMetadata error
08-13 18:08:28.823 18354 18354 E MoviePlayer: java.lang.NullPointerException: Attempt to invoke virtual method 'void com.droidlogic.combineplayer.ui.MoviePlayerControlView.setFileName(java.lang.String)' on a null object reference
08-13 18:08:28.823 18354 18354 E MoviePlayer: 	at com.droidlogic.videoplayer.MoviePlayer.updateMediaMetadata(MoviePlayer.java:3388)
08-13 18:08:28.823 18354 18354 E MoviePlayer: 	at com.droidlogic.videoplayer.MoviePlayer.access$4000(MoviePlayer.java:104)
08-13 18:08:28.823 18354 18354 E MoviePlayer: 	at com.droidlogic.videoplayer.MoviePlayer$MvPlayerEventListener.onPrepared(MoviePlayer.java:2167)
08-13 18:08:28.823 18354 18354 E MoviePlayer: 	at com.droidlogic.videoplayer.MyMediaPlayer$2.onPrepared(MyMediaPlayer.java:1250)
08-13 18:08:28.823 18354 18354 E MoviePlayer: 	at android.media.MediaPlayer$EventHandler.handleMessage(MediaPlayer.java:3517)
08-13 18:08:28.823 18354 18354 E MoviePlayer: 	at android.os.Handler.dispatchMessage(Handler.java:106)
08-13 18:08:28.823 18354 18354 E MoviePlayer: 	at android.os.Looper.loopOnce(Looper.java:205)
08-13 18:08:28.823 18354 18354 E MoviePlayer: 	at android.os.Looper.loop(Looper.java:294)
08-13 18:08:28.823 18354 18354 E MoviePlayer: 	at android.app.ActivityThread.main(ActivityThread.java:8255)
08-13 18:08:28.823 18354 18354 E MoviePlayer: 	at java.lang.reflect.Method.invoke(Native Method)
08-13 18:08:28.823 18354 18354 E MoviePlayer: 	at com.android.internal.os.RuntimeInit$MethodAndArgsCaller.run(RuntimeInit.java:552)
08-13 18:08:28.823 18354 18354 E MoviePlayer: 	at com.android.internal.os.ZygoteInit.main(ZygoteInit.java:978)
08-13 18:08:28.823   472 18394 D CCodec  : encoding statistics level = 0
08-13 18:08:28.823   472 18394 D CCodec  : setup formats input: AMessage(what = 0x00000000) = {
08-13 18:08:28.823   472 18394 D CCodec  :   int32_t aac-max-output-channel_count = 8
08-13 18:08:28.823   472 18394 D CCodec  :   int32_t bitrate = 128000
08-13 18:08:28.823   472 18394 D CCodec  :   int32_t channel-count = 2
08-13 18:08:28.823   472 18394 D CCodec  :   int32_t channel-mask = 0
08-13 18:08:28.823   472 18394 D CCodec  :   int32_t max-input-size = 2097152
08-13 18:08:28.823   472 18394 D CCodec  :   int32_t max-output-channel-count = 8
08-13 18:08:28.823   472 18394 D CCodec  :   string mime = "audio/ffmpeg"
08-13 18:08:28.823   472 18394 D CCodec  :   int32_t sample-rate = 44100
08-13 18:08:28.823   472 18394 D CCodec  :   int32_t vendor.adec.block-align.value = 0
08-13 18:08:28.823   472 18394 D CCodec  :   int32_t vendor.adec.codec-id.value = 86017
08-13 18:08:28.823   472 18394 D CCodec  :   int32_t vendor.adec.extra-data-size.value = 0
08-13 18:08:28.823   472 18394 D CCodec  : }
08-13 18:08:28.823   472 18394 D CCodec  : setup formats output: AMessage(what = 0x00000000) = {
08-13 18:08:28.823   472 18394 D CCodec  :   int32_t aac-max-output-channel_count = 8
08-13 18:08:28.823   472 18394 D CCodec  :   int32_t channel-count = 2
08-13 18:08:28.823   472 18394 D CCodec  :   int32_t channel-mask = 0
08-13 18:08:28.823   472 18394 D CCodec  :   int32_t max-output-channel-count = 8
08-13 18:08:28.823   472 18394 D CCodec  :   string mime = "audio/raw"
08-13 18:08:28.823   472 18394 D CCodec  :   int32_t sample-rate = 44100
08-13 18:08:28.823   472 18394 D CCodec  :   int32_t android._config-pcm-encoding = 2
08-13 18:08:28.823   472 18394 D CCodec  : }
08-13 18:08:28.824   472 18394 I CCodecConfig: query failed after returning 11 values (BAD_INDEX)
08-13 18:08:28.824 18354 18354 I MoviePlayer: [sendUpdateDisplayModeMsg]sendMessageDelayed MSG_UPDATE_DISPLAY_MODE
08-13 18:08:28.824   472 18393 D MediaCodec: keep callback message for reclaim
08-13 18:08:28.825   359 18396 I Amlogic_C2AudioFFMPEGDecoder: onInit() 453
08-13 18:08:28.825   359 18396 I Amlogic_C2AudioFFMPEGDecoder: initDecoder 511
08-13 18:08:28.825   359 18396 I Amlogic_C2AudioFFMPEGDecoder: setUp 421
08-13 18:08:28.825   359 18396 I Amlogic_C2AudioFFMPEGDecoder: vendor.media.c2.loglevels is not set used def = 1
08-13 18:08:28.825   359 18396 I Amlogic_C2AudioFFMPEGDecoder: setUpAudioDecoder_l  debug_print:0, debug_dump:0,  gloglevel:1
08-13 18:08:28.825   359 18396 I Amlogic_C2AudioFFMPEGDecoder: mAInfo codec_id:(0x15001 86017) blockalign:0 bitspersample:1 channelCount:2 SampleRate:44100 BitRate:128000
08-13 18:08:28.825   359 18396 I AmAudioCodec: AmAudioCodec 54 
08-13 18:08:28.825   926   926 W MediaControlGattService: Feature TRACK_DURATION(BIT 6) support: true
08-13 18:08:28.825   926   926 W MediaControlGattService: Feature TRACK_DURATION(BIT 6) support: true
08-13 18:08:28.825   926   926 W MediaControlGattService: Feature TRACK_DURATION_NOTIFY support: true
08-13 18:08:28.826   359 18396 I AmFFmpegDecoder: AmFFmpegCodec::CreateCodec audio_decode_init  audio/ffmpeg
08-13 18:08:28.826   359 18396 I AmAudioCodec: ffmpeg decoder NeedCheckFrame 0  id =0x15001
08-13 18:08:28.826   359 18396 I AmFFmpegDecoder: AmFFmpegCodec::CreateCodec audio_decode_init  audio/ffmpeg ret:0
08-13 18:08:28.826   359 18396 I Amlogic_C2AudioFFMPEGDecoder: ffmpeg audio_decode_init return 0
08-13 18:08:28.826   359 18396 I Amlogic_C2AudioFFMPEGDecoder: C2AudioFFMPEGDecoder setUp done
08-13 18:08:28.826   359 18396 I Amlogic_C2AudioFFMPEGDecoder: onInit() 459 exit
08-13 18:08:28.827   563  1903 D CoreBackPreview: Window{780a824 u0 com.droidlogic.exoplayer2.demo/com.droidlogic.videoplayer.MoviePlayer}: Setting back callback OnBackInvokedCallbackInfo{mCallback=android.window.IOnBackInvokedCallback$Stub$Proxy@256e38e, mPriority=0, mIsAnimationCallback=false}
08-13 18:08:28.829   359   511 D BufferPoolAccessor2.0: bufferpool2 0xe9dc3988 : 0(0 size) total buffers - 0(0 size) used buffers - 15/18 (recycle/alloc) - 3/18 (fetch/transfer)
08-13 18:08:28.829   359   511 D BufferPoolAccessor2.0: Destruction - bufferpool2 0xe9dc3988 cached: 0/0M, 0/0% in use; allocs: 18, 83% recycled; transfers: 18, 83% unfetched
08-13 18:08:28.830   359 13874 D BufferPoolAccessor2.0: bufferpool2 0xe9dc3748 : 0(0 size) total buffers - 0(0 size) used buffers - 15/18 (recycle/alloc) - 3/18 (fetch/transfer)
08-13 18:08:28.830   359 13874 D BufferPoolAccessor2.0: Destruction - bufferpool2 0xe9dc3748 cached: 0/0M, 0/0% in use; allocs: 18, 83% recycled; transfers: 18, 83% unfetched
08-13 18:08:28.830   359   881 D BufferPoolAccessor2.0: bufferpool2 0xe9dc3e08 : 0(0 size) total buffers - 0(0 size) used buffers - 14/18 (recycle/alloc) - 4/18 (fetch/transfer)
08-13 18:08:28.830   359   510 D BufferPoolAccessor2.0: bufferpool2 0xe9dc2308 : 0(0 size) total buffers - 0(0 size) used buffers - 15/18 (recycle/alloc) - 3/18 (fetch/transfer)
08-13 18:08:28.830   359   510 D BufferPoolAccessor2.0: Destruction - bufferpool2 0xe9dc2308 cached: 0/0M, 0/0% in use; allocs: 18, 83% recycled; transfers: 18, 83% unfetched
08-13 18:08:28.830   359   883 D BufferPoolAccessor2.0: bufferpool2 0xe9dc28a8 : 0(0 size) total buffers - 0(0 size) used buffers - 15/18 (recycle/alloc) - 3/18 (fetch/transfer)
08-13 18:08:28.830   359   883 D BufferPoolAccessor2.0: Destruction - bufferpool2 0xe9dc28a8 cached: 0/0M, 0/0% in use; allocs: 18, 83% recycled; transfers: 18, 83% unfetched
08-13 18:08:28.831   359   510 D BufferPoolAccessor2.0: bufferpool2 0xe9dc3088 : 0(0 size) total buffers - 0(0 size) used buffers - 15/18 (recycle/alloc) - 3/18 (fetch/transfer)
08-13 18:08:28.831   359   510 D BufferPoolAccessor2.0: Destruction - bufferpool2 0xe9dc3088 cached: 0/0M, 0/0% in use; allocs: 18, 83% recycled; transfers: 18, 83% unfetched
08-13 18:08:28.831   359   881 D BufferPoolAccessor2.0: Destruction - bufferpool2 0xe9dc3e08 cached: 0/0M, 0/0% in use; allocs: 18, 78% recycled; transfers: 18, 78% unfetched
08-13 18:08:28.831   472 18394 D BufferPoolAccessor2.0: bufferpool2 0xe7e43ce8 : 4(8388608 size) total buffers - 4(8388608 size) used buffers - 12/20 (recycle/alloc) - 8/36 (fetch/transfer)
08-13 18:08:28.831   472 18394 D CCodecBufferChannel: [c2.amlogic.audio.decoder.ffmpeg#770] Created input block pool with allocatorID 16 => poolID 25 - OK (0)
08-13 18:08:28.832   359   881 D BufferPoolAccessor2.0: bufferpool2 0xe9dc3868 : 0(0 size) total buffers - 0(0 size) used buffers - 15/18 (recycle/alloc) - 3/18 (fetch/transfer)
08-13 18:08:28.834  1580  2250 D BufferPoolAccessor2.0: bufferpool2 0xe63cf0e8 : 0(0 size) total buffers - 0(0 size) used buffers - 0/4 (recycle/alloc) - 4/104222 (fetch/transfer)
08-13 18:08:28.834  1580  2250 D BufferPoolAccessor2.0: Destruction - bufferpool2 0xe63cf0e8 cached: 0/0M, 0/0% in use; allocs: 4, 0% recycled; transfers: 104222, 100% unfetched
08-13 18:08:28.834   472 18394 I CCodecBufferChannel: [c2.amlogic.audio.decoder.ffmpeg#770] Created output block pool with allocatorID 16 => poolID 34 - OK
08-13 18:08:28.834   472 18394 D CCodecBufferChannel: [c2.amlogic.audio.decoder.ffmpeg#770] Configured output block pool ids 34 => OK
08-13 18:08:28.835   359   881 I C2VendorComponentStore: setDmaBufUsage 5
08-13 18:08:28.836   926   926 W MediaControlGattService: Feature MEDIA_STATE(BIT 17) support: true
08-13 18:08:28.836   926   926 D MediaControlGattService: updateMediaStateChar
08-13 18:08:28.836   926   926 W MediaControlGattService: Feature MEDIA_STATE(BIT 17) support: true
08-13 18:08:28.836   926   926 D MediaControlGattService: updateMediaStateChar setting to state= 1
08-13 18:08:28.836   216   232 W ServiceManagerCppClient: Permission failure: android.permission.ROTATE_SURFACE_FLINGER from uid=10032 pid=0
08-13 18:08:28.836   216   232 D PermissionCache: checking android.permission.ROTATE_SURFACE_FLINGER for uid=10032 => denied (434 us)
08-13 18:08:28.837   216   232 W ServiceManagerCppClient: Permission failure: android.permission.INTERNAL_SYSTEM_WINDOW from uid=10032 pid=0
08-13 18:08:28.837   216   232 D PermissionCache: checking android.permission.INTERNAL_SYSTEM_WINDOW for uid=10032 => denied (230 us)
08-13 18:08:28.837   216   232 W ServiceManagerCppClient: Permission failure: android.permission.ACCESS_SURFACE_FLINGER from uid=10032 pid=0
08-13 18:08:28.837   216   232 D PermissionCache: checking android.permission.ACCESS_SURFACE_FLINGER for uid=10032 => denied (128 us)
08-13 18:08:28.837   216   381 W ServiceManagerCppClient: Permission failure: android.permission.INTERNAL_SYSTEM_WINDOW from uid=10032 pid=18354
08-13 18:08:28.837   216   381 D PermissionCache: checking android.permission.INTERNAL_SYSTEM_WINDOW for uid=10032 => denied (349 us)
08-13 18:08:28.837   359 18396 D Amlogic_C2AudioDecComponent: Using output block pool with poolID 34 => got 34 - 0
08-13 18:08:28.838 18354 18375 I mali    : Successfully parsed 1 environment variable(s) from /vendor/etc/mali_platform.config.
08-13 18:08:28.838   359 18396 I Amlogic_C2AudioFFMPEGDecoder: process Invalid data frame
08-13 18:08:28.839 18354 18375 I mali    : Successfully parsed 1 environment variable(s) from /vendor/etc/mali_platform.config.
08-13 18:08:28.840   472 18393 D NuPlayerDecoderBase: [#8] [KPI] startup, mediacodec config time spent: 38353
08-13 18:08:28.840   472 18393 I NU-AmNuPlayerDecoder: [#8] [c2.amlogic.audio.decoder.ffmpeg] First CB_INPUT_AVAILABLE received.
08-13 18:08:28.840   472 18395 I NU-AmNuPlayerDecoder: [#8] [c2.amlogic.audio.decoder.ffmpeg] First Input Buffer Queued to Codec
08-13 18:08:28.840 18354 18354 I MoviePlayer: [surfaceCreated]
08-13 18:08:28.840 18354 18354 D MoviePlayer: surface view setBackground black
08-13 18:08:28.841   472   831 D SurfaceUtils: connecting to surface 0xe7b40018, reason setVideoSurfaceTexture
08-13 18:08:28.842   472 18383 D NU-AmNuPlayer: [#8] onSetVideoSurface(0xe7b43270, no video decoder)
08-13 18:08:28.842   472 18383 I NU-AmNuPlayer: [#8] not set video screenmode to 1
08-13 18:08:28.842   926   926 W MediaControlGattService: Feature MEDIA_STATE(BIT 17) support: true
08-13 18:08:28.842   926   926 W MediaControlGattService: Feature SEEKING_SPEED(BIT 9) support: true
08-13 18:08:28.842   926   926 W MediaControlGattService: Feature SEEKING_SPEED(BIT 9) support: true
08-13 18:08:28.842   926   926 W MediaControlGattService: Feature SEEKING_SPEED(BIT 9) support: true
08-13 18:08:28.842   926   926 W MediaControlGattService: Feature TRACK_CHANGED(BIT 4) support: true
08-13 18:08:28.842 18354 18354 I MoviePlayer: initView
08-13 18:08:28.845 18354 18354 E MoviePlayer: no such method errorjava.lang.NoSuchMethodError: No virtual method setAIAdaptiveArea(Z)V in class Lcom/droidlogic/app/SubtitleManager; or its super classes (declaration of 'com.droidlogic.app.SubtitleManager' appears in /vendor/framework/droidlogic.software.core.jar)
08-13 18:08:28.845   359 18396 I Amlogic_C2AudioFFMPEGDecoder: Reconfiguring decoder: 0->44100 Hz, 0->2 channels
08-13 18:08:28.845   359 18396 I C2VendorComponentStore: setDmaBufUsage 5
08-13 18:08:28.846 18354 18354 I MoviePlayer: [surfaceChanged]format:4,w:1280,h:800
08-13 18:08:28.847   926   926 W MediaControlGattService: Feature PLAYING_ORDER_SUPPORTED(BIT 16) support: true
08-13 18:08:28.848   926   926 W MediaControlGattService: Feature PLAYING_ORDER(BIT 15) support: true
08-13 18:08:28.848   926   926 W MediaControlGattService: Feature PLAYING_ORDER_NOTIFY support: true
08-13 18:08:28.849   185   185 I hwservicemanager: getTransport: Cannot find entry android.hardware.configstore@1.0::ISurfaceFlingerConfigs/default in either framework or device VINTF manifest.
08-13 18:08:28.849   472 18394 D CCodecConfig: c2 config diff is   c2::u32 raw.channel-mask.value = 12
08-13 18:08:28.850   472 18394 D CCodecBuffers: [c2.amlogic.audio.decoder.ffmpeg#770:Output[N]] popFromStashAndRegister: at 0us, output format changed to AMessage(what = 0x00000000) = {
08-13 18:08:28.850   472 18394 D CCodecBuffers:   int32_t aac-max-output-channel_count = 8
08-13 18:08:28.850   472 18394 D CCodecBuffers:   int32_t channel-count = 2
08-13 18:08:28.850   472 18394 D CCodecBuffers:   int32_t channel-mask = 12
08-13 18:08:28.850   472 18394 D CCodecBuffers:   int32_t max-output-channel-count = 8
08-13 18:08:28.850   472 18394 D CCodecBuffers:   string mime = "audio/raw"
08-13 18:08:28.850   472 18394 D CCodecBuffers:   int32_t sample-rate = 44100
08-13 18:08:28.850   472 18394 D CCodecBuffers:   int32_t android._config-pcm-encoding = 2
08-13 18:08:28.850   472 18394 D CCodecBuffers: }
08-13 18:08:28.853   472 18393 I NU-AmNuPlayerDecoder: [#8] handleOutputFormatChange   format: AMessage(what = 0x00000000) = {
08-13 18:08:28.853   472 18393 I NU-AmNuPlayerDecoder:   int32_t aac-max-output-channel_count = 8
08-13 18:08:28.853   472 18393 I NU-AmNuPlayerDecoder:   int32_t channel-count = 2
08-13 18:08:28.853   472 18393 I NU-AmNuPlayerDecoder:   int32_t channel-mask = 12
08-13 18:08:28.853   472 18393 I NU-AmNuPlayerDecoder:   int32_t max-output-channel-count = 8
08-13 18:08:28.853   472 18393 I NU-AmNuPlayerDecoder:   string mime = "audio/raw"
08-13 18:08:28.853   472 18393 I NU-AmNuPlayerDecoder:   int32_t sample-rate = 44100
08-13 18:08:28.853   472 18393 I NU-AmNuPlayerDecoder:   int32_t android._config-pcm-encoding = 2
08-13 18:08:28.853   472 18393 I NU-AmNuPlayerDecoder: }
08-13 18:08:28.853   472 18392 V NU-AmNuPlayerRenderer: [#8] openAudioSink: offloadOnly(0) offloadingAudio(0)
08-13 18:08:28.853   472 18392 V NU-AmNuPlayerRenderer: [#8] openAudioSink channelMask:0x3
08-13 18:08:28.853   472 18393 I NU-AmNuPlayerDecoder: [#8] [c2.amlogic.audio.decoder.ffmpeg] First CB_OUTPUT_AVAILABLE received. input buffer queued: 4
08-13 18:08:28.853   472 18392 V NU-AmNuPlayerRenderer: [#8] openAudioSink: open AudioSink in NON-offload mode
08-13 18:08:28.853   472 18393 I NU-AmNuPlayerDecoder: [#8] [c2.amlogic.audio.decoder.ffmpeg] First Out Buffer Queued to Render. timeUs:0
08-13 18:08:28.854   352   352 D AudioHalHardware: +getParameters(), key = hdmi_format
08-13 18:08:28.854   352   352 D AudioHalHardware: -getParameters(), return ""
08-13 18:08:28.854   472 18392 I NU-AmNuPlayerRenderer: is_force_direct 0
08-13 18:08:28.854   472 18392 D NU-AmNuPlayerRenderer: [#8] audio sink close from [onOpenAudioSink,5663]
08-13 18:08:28.857   926   926 W MediaControlGattService: Feature MEDIA_STATE(BIT 17) support: true
08-13 18:08:28.859   403   403 W AudioFlinger: createTrack_l(): mismatch between requested flags (00000008) and output flags (00000002)
08-13 18:08:28.859   352 13825 I audio_hw_hal_primary: [audiohal_get_latency:1344] io 13: out:0xf0ec6be0 frames:3072 rate:48000 whole_latency:64 alsa_latency:64
08-13 18:08:28.859   926   926 I MediaPlayerList: onMediaKeyEventSessionChanged: token=com.droidlogic.exoplayer2.demo
08-13 18:08:28.859   403   403 D AudioFlinger: Client defaulted notificationFrames to 9405 for frameCount 18810
08-13 18:08:28.862   352 13825 I audio_hw_hal_primary: [audiohal_get_latency:1344] io 13: out:0xf0ec6be0 frames:3072 rate:48000 whole_latency:64 alsa_latency:64
08-13 18:08:28.862   926   926 D MediaPlayerList: setActivePlayer(): setting player to com.droidlogic.exoplayer2.demo
08-13 18:08:28.864   472 18392 D NU-AmNuPlayerRenderer: [#8] audio sink open from [onOpenAudioSink,5730]
08-13 18:08:28.864   472 18392 I NU-AmNuPlayerRenderer: [#8] reopen audio sink success cnt=0
08-13 18:08:28.865   563  1874 I MediaSessionService: tempAllowlistTargetPkgIfPossible callingPackage:com.android.bluetooth targetPackage:com.droidlogic.exoplayer2.demo reason:MediaSessionRecord:android.support.v4.media.session.command.GET_EXTRA_BINDER [WIU] [FGS]
08-13 18:08:28.867   403   508 D audioserver: logFgsApiBegin: FGS Logger Transaction failed, -129
08-13 18:08:28.867   472 18392 I NU-AmNuPlayerRenderer: [#8] openAudioSink:  mAudioSink->open  finished!!!
08-13 18:08:28.867   472 18392 I NU-AmNuPlayerRenderer: [#8] mQueueInitial end, mHasAudio =1, mHasVideo = 0
08-13 18:08:28.867   472 18392 I NU-AmNuPlayerRenderer: PTS: AV sync info:AV SYNCED 
08-13 18:08:28.867   472 18392 I NU-AmNuPlayerRenderer: PTS:   SystemTimeStamp:-1
08-13 18:08:28.867   472 18392 I NU-AmNuPlayerRenderer: PTS:   Last AudioTimeStamp:-1
08-13 18:08:28.867   472 18392 I NU-AmNuPlayerRenderer: PTS:   Last VideoTimeStamp:-1
08-13 18:08:28.867   472 18392 I NU-AmNuPlayerRenderer: PTS:   AV diff:0 ,Ajump:0,Vjump:0
08-13 18:08:28.867   472 18392 I NU-AmNuPlayerRenderer: PTS:   mAjumpedNum:0, mAudioJumped till now=33321620595
08-13 18:08:28.867   472 18392 I NU-AmNuPlayerRenderer: PTS:   mVjumpedNum:0, mVideoJumped till now=33321620595
08-13 18:08:28.868   472 18392 I NU-AmNuPlayerRenderer: PTS:   mTotalAudioJumpedTimeUs:0, mTotalAudioJumpedTimeUs:0
08-13 18:08:28.868   472 18392 I NU-AmNuPlayerRenderer: PTS:   mLastVideoUs:-1
08-13 18:08:28.868   472 18392 I NU-AmNuPlayerRenderer: PTS:   mLastAudioUs:-1
08-13 18:08:28.868   472 18392 I NU-AmNuPlayerRenderer: PTS:   mAudioDelay 0 mFormat 0x1 mMs12Enabled 0
08-13 18:08:28.868   472 18392 I NU-AmNuPlayerRenderer: [#8] First audio pcm date write to audiosink.
08-13 18:08:28.868   472 18392 I NU-AmNuPlayerRenderer: [#8] setStartingTimeMedia 26122, mAudioPlayedOutDur 0
08-13 18:08:28.868   472 18383 I NU-AmNuPlayer: [#8] media rendering started
08-13 18:08:28.868   472 18383 I NU-AmNuPlayer: [#8] finishResume  mResumePending:0  
08-13 18:08:28.868   472 18383 D NU-AmNuPlayerDriver: [#8] notifyListener_l(0xe9e85fb0), (6, 0, 0, -1), loop setting(0, 0)
08-13 18:08:28.870   926   926 I MediaPlayerList: sendMediaUpdate: Creating a one item queue for a player with no queue
08-13 18:08:28.870   926   926 D MediaPlayerList: sendMediaUpdate state=PlaybackState {state=PLAYING(3), position=79, buffered position=0, speed=1.0, updated=33321623, actions=823, custom actions=[], active item id=-1, error=null}
08-13 18:08:28.870   926   926 D AvrcpTargetJni: sendMediaUpdateNative
08-13 18:08:28.871   926   926 I bt_stack: [INFO:avrcp_service.cc(515)] virtual void bluetooth::avrcp::AvrcpService::SendMediaUpdate(bool, bool, bool) track_changed=1 :  play_state=1 :  queue=1
08-13 18:08:28.871   926   926 V MediaPlayerList: onActiveSessionsChanged: number of controllers: 1
08-13 18:08:28.872   864   864 E jarvis_AppUtils: getPkgNameByPidFromFile failed, pid===18354, ex=java.io.FileNotFoundException: /proc/18354/cmdline: open failed: ENOENT (No such file or directory)
08-13 18:08:28.872   864   864 E jarvis_AppUtils: read /proc/pid/cmdline failed, pname===null, fallback to AMS...
08-13 18:08:28.872   926   926 D MediaPlayerList: onActiveSessionsChanged: controller: com.droidlogic.exoplayer2.demo
08-13 18:08:28.880   352  1266 I audio_hw_hal_primary: [audiohal_get_latency:1344] io 13: out:0xf0ec6be0 frames:3072 rate:48000 whole_latency:64 alsa_latency:64
08-13 18:08:28.880 18354 18375 E OpenGLRenderer: Unable to match the desired swap behavior.
08-13 18:08:28.881   352 13825 I audio_hw_hal_primary: out_update_source_metadata_v7() line 2024 usage:1 content_type:0
08-13 18:08:28.901     0     0 I [1 T184   ..] servicemanager: Found android.hardware.graphics.allocator.IAllocator/default in device VINTF manifest.
08-13 18:08:28.883   472 18392 D AudioTrack: getTimestamp_l(63): device stall time corrected using current time 33321636369720
08-13 18:08:28.903     0     0 I [1 T184   ..] servicemanager: Found android.hardware.graphics.allocator.IAllocator/default in device VINTF manifest.
08-13 18:08:28.891   926   926 I MediaPlayerList: sendMediaUpdate: Creating a one item queue for a player with no queue
08-13 18:08:28.891   926   926 D MediaPlayerList: sendMediaUpdate state=PlaybackState {state=PLAYING(3), position=99, buffered position=0, speed=1.0, updated=33321643, actions=823, custom actions=[], active item id=-1, error=null}
08-13 18:08:28.891   926   926 D AvrcpTargetJni: sendMediaUpdateNative
08-13 18:08:28.891   926   926 I bt_stack: [INFO:avrcp_service.cc(515)] virtual void bluetooth::avrcp::AvrcpService::SendMediaUpdate(bool, bool, bool) track_changed=0 :  play_state=0 :  queue=0
08-13 18:08:28.891   926   926 V MediaPlayerList: onActiveSessionsChanged: number of controllers: 1
08-13 18:08:28.896 18354 18354 D MoviePlayer: sendDolbyVersionLogoMsg
08-13 18:08:28.896   563 16510 W ServiceManagerCppClient: Permission failure: android.permission.ROTATE_SURFACE_FLINGER from uid=10032 pid=0
08-13 18:08:28.896   563 16510 D PermissionCache: checking android.permission.ROTATE_SURFACE_FLINGER for uid=10032 => denied (211 us)
08-13 18:08:28.896   563 16510 W ServiceManagerCppClient: Permission failure: android.permission.INTERNAL_SYSTEM_WINDOW from uid=10032 pid=0
08-13 18:08:28.896   563 16510 D PermissionCache: checking android.permission.INTERNAL_SYSTEM_WINDOW for uid=10032 => denied (79 us)
08-13 18:08:28.897   563 16510 W ServiceManagerCppClient: Permission failure: android.permission.ACCESS_SURFACE_FLINGER from uid=10032 pid=0
08-13 18:08:28.897   563 16510 D PermissionCache: checking android.permission.ACCESS_SURFACE_FLINGER for uid=10032 => denied (56 us)
08-13 18:08:28.900   926   926 D MediaPlayerList: onActiveSessionsChanged: controller: com.droidlogic.exoplayer2.demo
08-13 18:08:28.905   472 18392 I NU-AmNuPlayerRenderer: [#8] Audio PCM buffer First Full. time pay:36920, frameCount:18810, mAudioSink->frameSize():4
08-13 18:08:28.905   926   926 I MediaPlayerList: sendMediaUpdate: Creating a one item queue for a player with no queue
08-13 18:08:28.905   472 18392 W NU-AmNuPlayerRenderer: [#8] postDrainAudioQueue long delay: 26658 (18810*0.022676), numFramesPendingPlayout:(18810-0)
08-13 18:08:28.907   926   926 D MediaPlayerList: sendMediaUpdate state=PlaybackState {state=PLAYING(3), position=112, buffered position=0, speed=1.0, updated=33321656, actions=823, custom actions=[], active item id=-1, error=null}
08-13 18:08:28.908   926   926 W MediaControlGattService: Feature PLAYER_NAME(BIT 1) support: true
08-13 18:08:28.909   926   926 W MediaControlGattService: Feature PLAYER_NAME(BIT 1) support: true
08-13 18:08:28.910   926   926 W MediaControlGattService: Feature MEDIA_STATE(BIT 17) support: true
08-13 18:08:28.911   926   926 D AvrcpTargetJni: sendPlayerSettingsNative
08-13 18:08:28.911   926   926 I bt_stack: [INFO:avrcp_service.cc(551)] virtual void bluetooth::avrcp::AvrcpService::SendPlayerSettingsChanged(std::vector<PlayerAttribute>, std::vector<uint8_t>)
08-13 18:08:28.911   926   926 I bt_stack: [INFO:avrcp_service.cc(565)] attribute=PlayerAttribute::REPEAT : value=PlayerRepeatValue::OFF
08-13 18:08:28.911   926   926 I bt_stack: attribute=PlayerAttribute::SHUFFLE : value=PlayerShuffleValue::OFF
08-13 18:08:28.911   926   926 I bt_stack: 
08-13 18:08:28.920   472   831 I NU-AmNuPlayer: [#8] [getStrCurrentAudioCodec]
08-13 18:08:28.920   472   831 I NU-AmNuPlayer: [#8] AmNuPlayer::Source::getFormat frame-rate = failed
08-13 18:08:28.920   472   831 I NU-AmNuPlayer: [#8] getFormat audio extend format : audio/ffmpeg
08-13 18:08:28.921   864   864 E jarvis_AppUtils: getPkgNameByPidFromFile failed, pid===18354, ex=java.io.FileNotFoundException: /proc/18354/cmdline: open failed: ENOENT (No such file or directory)
08-13 18:08:28.921   864   864 E jarvis_AppUtils: read /proc/pid/cmdline failed, pname===null, fallback to AMS...
08-13 18:08:28.922   563  1579 W ActivityTaskManager: Request to remove task ignored for non-existent task 28
08-13 18:08:28.922   563   583 I ActivityTaskManager: Displayed com.droidlogic.exoplayer2.demo/com.droidlogic.videoplayer.MoviePlayer for user 0: +1s52ms
08-13 18:08:28.924   352 13825 I audio_hw_hal_primary: out_update_source_metadata_v7() line 2024 usage:1 content_type:0
08-13 18:08:28.932   472 18392 W NU-AmNuPlayerRenderer: [#8] postDrainAudioQueue long delay: 26658 (18810*0.022676), numFramesPendingPlayout:(20691-1881)
08-13 18:08:28.941   563  1579 D CompatibilityChangeReporter: Compat change id reported: 214016041; UID 10032; state: ENABLED
08-13 18:08:28.942   563  1579 I ImeTracker: com.droidlogic.exoplayer2.demo:e851b6c8: onRequestHide at ORIGIN_SERVER_HIDE_INPUT reason HIDE_UNSPECIFIED_WINDOW
08-13 18:08:28.942   563  1579 I ImeTracker: com.droidlogic.exoplayer2.demo:e851b6c8: onCancelled at PHASE_SERVER_SHOULD_HIDE
08-13 18:08:28.959   472 18392 W NU-AmNuPlayerRenderer: [#8] postDrainAudioQueue long delay: 26658 (18810*0.022676), numFramesPendingPlayout:(22573-3763)
08-13 18:08:28.986   472 18392 W NU-AmNuPlayerRenderer: [#8] postDrainAudioQueue long delay: 26658 (18810*0.022676), numFramesPendingPlayout:(22573-3763)
08-13 18:08:29.013   472 18392 D NU-AmNuPlayerRenderer: [#8] Switch audio track end . onNewAudioMediaTime, audio sink position was ready.
08-13 18:08:29.013   472 18392 I NU-AmNuPlayerRenderer: [#8] First valid audio position found, time pay:145250,  audioPlayedOutDur:51359, writtenDur:522448
08-13 18:08:29.013   472 18392 I NU-AmNuPlayerRenderer: [#8] getPlayedOutDurationUs is unstable. audioPlayedOutDur:51359 (diff:51359) - realDIFF: 33321766082 = -33321714723, writtenAudioDurationUs:522448, lastTimeUs:511858 (frameSize: 4)
08-13 18:08:29.013   472 18392 W NU-AmNuPlayerRenderer: [#8] onNewAudioMediaTime:3115, updateAnchor abnormal, DIFF: -33321714722
08-13 18:08:29.014   472 18383 D NU-AmNuPlayerDriver: [#8] notifyListener_l(0xe9e85fb0), (211, 0, 0, 20), loop setting(0, 0)
08-13 18:08:29.024  1580  2359 D libovd  : [2026-08-13 18:08:29.024] [debug] [2359] [DME] DME_main.c:649 DME_make_capinfo_hash data:{"device_type":0,"auto_reboot":true,"stream_encryption_mode":"NULL","media_protocol":"srt","talk_protocol":"ccrtc","replay_protocol":"srt","cloud_record":true,"netprobe_cap":1,"ivrs":true,"pic_upload_https":true,"log_upload_https":true,"firmware_download_https":true,"support_softprobe":false,"video_encrypt":false,"support_extension":"","camera_lens_type":0,"light_supplement_lamp":false,"support_4G":false,"battery":false,"screen":true,"smoke_sensor":false,"robot_housekeeper":0,"ptz":false,"trace":false,"support_ptz_preset":false,"zoomcontrol":false,"focuscontrol":false,"channel":0,"timed_dormancy":false,"switch":false,"SD":false,"led":false,"AIGC_cloud_record":false,"support_DN_mode":false,"playback_speed":0,"support_get_SDcapacity":false,"multi_stream":false,"support_set_video_formats":false,"support_set_bitrate":false,"support_set_framerate":false,"support_set_gop":false,"osd_text":false,"osd_logo":false,"support_set_AI_rules_mode":false,"video_quality":"sd,hd","video_formats_supportlists":"h264","static_scence_ABR":false,"audio_out":false,"voice_out":true,"voiceout_volume":false,"audiosamplerate":0,"alarms":{"io":false,"cry":false,"voice":false,"alarm_voice_detect_stand":0,"motion":true,"alarm_motion_detect_stand":0,"motion_zone":0,"body":false,"body_zone":0,"cross":false,"pir":false,"pir_staymode":false,"lossLock":false,"alertarea":false,"alertarea_expel":false,"alertarea_zone":0,"alertarea_params":{"support_set_target":0,"support_staymode_time":false,"support_set_alerttime":false,"alertarea_zone":0,"alertarea_num":1},"transgression":false,"transgression_params":{"support_set_target":0,"support_set_alerttime":false,"support_set_statistics_line":false}},"stopalarm":false,"linkage_mode":{"alertarea":"","vehicle_detection":"","nonmotorvehicle_detection":"","mask_detection":"","regional_people_statistics_detection":"","transgression":"","helmet_wearing_detection":""},"dashcam":false,"robot_ctrl":"","AI":{"face":false,"kitchen
08-13 18:08:29.024  1580  2359 D libovd  : [2026-08-13 18:08:29.024] [debug] [2359] [DME] DME_main.c:663 DME_make_capinfo_hash out_result:9267c2c57e4e32f3926f05b27cdd9f42bf10b519a75a360c36a207c39a509a34c969fe1486613a52b8b73c7a7f4af98a8eeb4dafd2171fa38328ab5dad4b4a78
08-13 18:08:29.024  1580  2359 D libovd  : [2026-08-13 18:08:29.024] [debug] [2359] [DME] DME_main.c:716 DME_reconnect_server2 DME use wss ....
08-13 18:08:29.025  1580  2359 D libovd  : [2026-08-13 18:08:29.025] [debug] [2359] [DME] DME_main.c:768 DME_reconnect_server2 url: wss://accessxy-ws.region.video.komect.com:9105/ovc?login_code=28BEF3247A81&login_passwd=25d3f5fa16e9&cmei=111132090000010&hardware_model=TB712&firmware_model=1.44.4&sdk=V1.44.3-rc-0f54fbe23&model_id=YX_lxp_TB712&macaddress=28:BE:F3:24:7A:81&reconnect=0&capinfohash=9267c2c57e4e32f3926f05b27cdd9f42bf10b519a75a360c36a207c39a509a34c969fe1486613a52b8b73c7a7f4af98a8eeb4dafd2171fa38328ab5dad4b4a78&channel_num=1&device_type=0
08-13 18:08:29.025  1580  2359 D libovd  : [2026-08-13 18:08:29.025] [debug] [2359] [DME] DME_main.c:791 DME_reconnect_server2 i.address:'accessxy-ws.region.video.komect.com'
08-13 18:08:29.025  1580  2359 D libovd  : [2026-08-13 18:08:29.025] [debug] [2359] [DME] DME_main.c:817 DME_reconnect_server2 DME ssl ca filepath: NULL 
08-13 18:08:29.025  1580  2359 I libovd  : [2026-08-13 18:08:29.025] [info] [2359] [DME] DME_main.c:836 DME_reconnect_server2  context created.
08-13 18:08:29.025  1580  2359 D libovd  : [2026-08-13 18:08:29.025] [debug] [2359] [DME] DME_internal.c:1028 DME_status_change pthread 0xb9df31c0 DME status changed from 4 to 2 
08-13 18:08:29.025  1580  2359 D libovd  : [2026-08-13 18:08:29.025] [debug] [2359] [DME] DME_main.c:859 DME_reconnect_server2 address: accessxy-ws.region.video.komect.com
08-13 18:08:29.025  1580  2359 D libovd  : , host: accessxy-ws.region.video.komect.com
08-13 18:08:29.025  1580  2359 D libovd  :  ,origin: accessxy-ws.region.video.komect.com
08-13 18:08:29.022  1580  1580 I OVD_DMEMain: type=1400 audit(0.0:7102): avc:  denied  { connectto } for  path="/dev/socket/dnsproxyd" scontext=u:r:zygote:s0 tcontext=u:r:netd:s0 tclass=unix_stream_socket permissive=1
08-13 18:08:29.028   339 18406 I resolv  : GetAddrInfoHandler::run: {100 786532 100 983140 1000 0}
08-13 18:08:29.028   339 18407 I resolv  : res_nmkquery: (QUERY, IN, AAAA)
08-13 18:08:29.028   339 18408 I resolv  : res_nmkquery: (QUERY, IN, A)
08-13 18:08:29.028   339 18407 I resolv  : resolv_cache_lookup: FOUND IN CACHE entry=0xec400e20
08-13 18:08:29.028   339 18407 I resolv  : doQuery: rcode=0, ancount=0, return value=126
08-13 18:08:29.028   339 18408 I resolv  : resolv_cache_lookup: FOUND IN CACHE entry=0xec741c10
08-13 18:08:29.028   339 18408 I resolv  : doQuery: rcode=0, ancount=2, return value=85
08-13 18:08:29.026  1580  1580 I OVD_DMEMain: type=1400 audit(0.0:7103): avc:  denied  { create } for  scontext=u:r:zygote:s0 tcontext=u:r:zygote:s0 tclass=tcp_socket permissive=1
08-13 18:08:29.026  1580  1580 I OVD_DMEMain: type=1400 audit(0.0:7104): avc:  denied  { setopt } for  scontext=u:r:zygote:s0 tcontext=u:r:zygote:s0 tclass=tcp_socket permissive=1
08-13 18:08:29.026  1580  1580 I OVD_DMEMain: type=1400 audit(0.0:7105): avc:  denied  { getopt } for  scontext=u:r:zygote:s0 tcontext=u:r:zygote:s0 tclass=tcp_socket permissive=1
08-13 18:08:29.026   339   339 I binder:339_2: type=1400 audit(0.0:7106): avc:  denied  { read write } for  path="socket:[596331]" dev="sockfs" ino=596331 scontext=u:r:netd:s0 tcontext=u:r:zygote:s0 tclass=tcp_socket permissive=1
08-13 18:08:29.030  1580  2359 I libovd  : [2026-08-13 18:08:29.030] [info] [2359] [DME] DME_main.c:869 DME_reconnect_server2 connect start
08-13 18:08:29.048     0     0 W [1 T434   ..] audit: audit_lost=3074 audit_rate_limit=5 audit_backlog_limit=64
08-13 18:08:29.048     0     0 E [1 T434   ..] audit: rate limit exceeded
08-13 18:08:29.053   339 18409 I resolv  : GetAddrInfoHandler::run: {100 786532 100 983140 1000 0}
08-13 18:08:29.053   339 18410 I resolv  : res_nmkquery: (QUERY, IN, AAAA)
08-13 18:08:29.054   339 18410 I resolv  : resolv_cache_lookup: FOUND IN CACHE entry=0xec400e20
08-13 18:08:29.054   339 18410 I resolv  : doQuery: rcode=0, ancount=0, return value=126
08-13 18:08:29.055   339 18411 I resolv  : res_nmkquery: (QUERY, IN, A)
08-13 18:08:29.055   339 18411 I resolv  : resolv_cache_lookup: FOUND IN CACHE entry=0xec741c10
08-13 18:08:29.055   339 18411 I resolv  : doQuery: rcode=0, ancount=2, return value=85
08-13 18:08:29.135  1580  2359 I libovd  : [2026-08-13 18:08:29.135] [info] [2359] [DME] DME_main.c:121 DME_service_callback  [DME] Connect with server success.
08-13 18:08:29.136  1580  2359 D libovd  : [2026-08-13 18:08:29.136] [debug] [2359] [DME] DME_main.c:900 DME_Set_DME_ws_connection_flag ws_connection_flag changed to 1
08-13 18:08:29.136  1580  2359 I libovd  : [2026-08-13 18:08:29.136] [info] [2359] [DME] DME_main.c:143 DME_service_callback g_DMEContext->contextstatus.status changed to DME_STATUS_ESTABLISHED
08-13 18:08:29.136  1580  2359 I libovd  : [2026-08-13 18:08:29.136] [info] [2359] [DME] DME_main.c:546 DMEAPI_Wakeup_heart Wakeup heartbeat, dme status (3)
08-13 18:08:29.136  1580  2359 I libovd  : [2026-08-13 18:08:29.136] [info] [2359] [DME] DME_main.c:159 DME_service_callback DME localip :192.168.1.3
08-13 18:08:29.136  1580  2359 D libovd  : [2026-08-13 18:08:29.136] [debug] [2359] [ovd_utils] soft_wdt.c:283 softwdt_adddog add dme dog:DME===timeout:900 s, feedtime:33321889
08-13 18:08:29.136  1580  2359 W libovd  : [2026-08-13 18:08:29.136] [warn] [2359] [ovd_utils] soft_wdt.c:312 softwdt_adddog softwdt watch dog: 0xb93481c0 
08-13 18:08:29.136  1580  2359 W libovd  : [2026-08-13 18:08:29.136] [warn] [2359] [DME] DME_pb.c:25 dme_pb_package_event_report [DME_client_close] the device not in region
08-13 18:08:29.136  1580  2359 W libovd  : [2026-08-13 18:08:29.136] [warn] [2359] [OVD_OpenApi] OVD_OpenAPI.c:3356 ovd_probe_exception_post soft probe is not supported
08-13 18:08:29.136  1580  2359 W libovd  : [2026-08-13 18:08:29.136] [warn] [2359] [DME] DME_main.c:112 DME_service_callback The peer has sent an unsolicited Close WS packet. errorcode:4003 reason is "the device not in region" 
08-13 18:08:29.136  1580  2359 W libovd  : [2026-08-13 18:08:29.136] [warn] [2359] [ovd_utils] soft_wdt.c:329 softwdt_deldog del dog:DME===
08-13 18:08:29.136  1580  2359 I libovd  : [2026-08-13 18:08:29.136] [info] [2359] [ovd_utils] soft_wdt.c:343 softwdt_deldog dog DME changed to inactive
08-13 18:08:29.136  1580  2359 W libovd  : [2026-08-13 18:08:29.136] [warn] [2359] [DME] DME_main.c:205 DME_service_callback  libwebsocket find closed  reson:(null)....
08-13 18:08:29.136  1580  2359 D libovd  : [2026-08-13 18:08:29.136] [debug] [2359] [DME] DME_main.c:900 DME_Set_DME_ws_connection_flag ws_connection_flag changed to 0
08-13 18:08:29.137  1580  2359 D libovd  : [2026-08-13 18:08:29.137] [debug] [2359] [DME] DME_internal.c:1028 DME_status_change pthread 0xb9df31c0 DME status changed from 3 to 8 
08-13 18:08:29.137  1580  2359 W libovd  : [2026-08-13 18:08:29.137] [warn] [2359] [DME] DME_main.c:244 DME_service_callback  LWS_CALLBACK_WSI_DESTROY
08-13 18:08:29.137  1580  2359 D libovd  : [2026-08-13 18:08:29.137] [debug] [2359] [DME] DME_main.c:900 DME_Set_DME_ws_connection_flag ws_connection_flag changed to 0
08-13 18:08:29.137  1580  2359 D libovd  : [2026-08-13 18:08:29.137] [debug] [2359] [DME] DME_internal.c:1028 DME_status_change pthread 0xb9df31c0 DME status changed from 8 to 8 
08-13 18:08:29.137  1580  2359 D libovd  : [2026-08-13 18:08:29.137] [debug] [2359] [DME] DME_internal.c:1028 DME_status_change pthread 0xb9df31c0 DME status changed from 8 to 4 
08-13 18:08:29.137  1580  2359 D libovd  : [2026-08-13 18:08:29.137] [debug] [2359] [DME] DME_main.c:900 DME_Set_DME_ws_connection_flag ws_connection_flag changed to 0
08-13 18:08:29.137  1580  2359 W libovd  : [2026-08-13 18:08:29.137] [warn] [2359] [DME] DME_rpc.c:928 dme_rpc_reset drop dme msg, type (0)
08-13 18:08:29.137  1580  2359 W libovd  : [2026-08-13 18:08:29.137] [warn] [2359] [DME] DME_rpc.c:938 dme_rpc_reset cancel wait ack, wait obj <0xc2ae5e10>, seq 1131
08-13 18:08:29.137  1580  2361 E libovd  : [2026-08-13 18:08:29.137] [error] [2361] [DME] DME_rpc.c:1019 dme_remote_call ack is null or timeout, seq (1131), method (Keepalive), wait_time (1 ms)
08-13 18:08:29.137  1580  2361 D libovd  : [2026-08-13 18:08:29.137] [debug] [2361] [DME] DME_internal.c:364 DME_RPC_send_keepalive keep alive succuss, ovc response code [0]
08-13 18:08:29.137  1580  2361 W libovd  : [2026-08-13 18:08:29.137] [warn] [2361] [ovd_utils] soft_wdt.c:415 softwdt_feeddog dog DME inactive
08-13 18:08:29.137  1580  2359 D libovd  : [2026-08-13 18:08:29.137] [debug] [2359] [ovd_utils] ovd_pb.c:306 ovd_pb_bind_cal_time ===status:4===
08-13 18:08:29.137  1580  2359 D libovd  : [2026-08-13 18:08:29.137] [debug] [2359] [DME] DME_main.c:690 DME_reconnect_server2 reconnect servering...
08-13 18:08:29.137  1580  2359 I libovd  : [2026-08-13 18:08:29.137] [info] [2359] [DME] DME_internal.c:1076 DME_backoff_algorithm this is 1142 connect, backoff 35389314 us 
08-13 18:08:29.172  1379  1557 D GetTopActivity: query uri=content://com.iflytek.xiri.DemonProvider?action=com.iflytek.plugin.CALL
08-13 18:08:29.180  1379  1557 D c       : isLegal pkgName = com.iflytek.xiri
08-13 18:08:29.180  1379  1557 D c       : action=provessname
08-13 18:08:29.180  1379  1557 D c       : pid =1379
08-13 18:08:29.181  1379  1557 D c       : getProcessName =com.iflytek.xiri2.system
08-13 18:08:29.182  1379  1557 D GetTopActivity: sendProvider 失败
08-13 18:08:29.184  1379  1557 W ContextImpl: Calling a method in the system process without a qualified user: android.app.ContextImpl.startForegroundService:1905 android.content.ContextWrapper.startForegroundService:830 com.iflytek.xirihelpersupervisor.i.f.b:38 com.iflytek.xiri.system.b.h:116 com.iflytek.xiri.system.b.g:50 
08-13 18:08:29.185   486   486 D logging : UDISK 6A6F-168B
08-13 18:08:29.186   486   486 E logging : falied access file 2
08-13 18:08:29.186   563   629 W ActivityManager: requires permissions for package com.iflytek.xiri
08-13 18:08:29.190  1379  1557 D GetTopActivity: [GetTopActivity] {com.droidlogic.exoplayer2.demo/com.droidlogic.videoplayer.MoviePlayer}
08-13 18:08:29.194 15654 15654 W SQLiteLog: (28) double-quoted string literal: "2026-08-13"
08-13 18:08:29.394 18354 18354 I MoviePlayerControView_MoviePlayer: MoviePlayerControlView--construct,context:com.droidlogic.videoplayer.MoviePlayer@b09d5fe
08-13 18:08:29.442   947 16350 D DroidLogicBenchService: onForegroundActivitiesChanged pid:18185,uid:1000,fg:false
08-13 18:08:29.442   864  6827 E jarvis_ProcessObserverBinder: onForeground app com.starnet.filemanager, pid = 18185, uid = 1000, foreActs = false
08-13 18:08:29.442  1125  1407 D LauncherApp: [, , 0]:{Thread:binder:1125_4}onForegroundActivitiesChanged
08-13 18:08:29.444 18354 18354 D CompatibilityChangeReporter: Compat change id reported: 171228096; UID 10032; state: ENABLED
08-13 18:08:29.448 18354 18354 I MoviePlayerControView_MoviePlayer: fastForwardMs:15000,rewindMs:5000
08-13 18:08:29.448 18354 18354 I MoviePlayerControView_MoviePlayer: timeBarPlaceholder not null, create defultTimeBar
08-13 18:08:29.484 18354 18354 I MoviePlayerControView_MoviePlayer: updateTrackLists, mediainfo or subtitleManager or mvoption null, do nothing
08-13 18:08:29.484 18354 18354 I MoviePlayerControView_MoviePlayer: stop return
08-13 18:08:29.485 18354 18354 I MoviePlayerControView_MoviePlayer: reset listener
08-13 18:08:29.491 18354 18354 I MoviePlayerControView_MoviePlayer: updateTrackLists, mediainfo or subtitleManager or mvoption null, do nothing
08-13 18:08:29.493 18354 18354 I MediaInfo: amime:audio/ffmpeg
08-13 18:08:29.493 18354 18354 D MoviePlayer: audio mime:audio/ffmpeg
08-13 18:08:29.944   947 18412 D DroidLogicBenchService: not bench app, ignore it
08-13 18:08:29.964   472   831 I NU-AmNuPlayerDriver: [#8] [getCurrentPosition][752] position : 1003 msec
08-13 18:08:30.187   486   486 D logging : UDISK 6A6F-168B
08-13 18:08:30.187   486   486 E logging : falied access file 2
08-13 18:08:30.238  1125  1125 I mect.ajlauncher: type=1400 audit(0.0:7111): avc:  denied  { getattr } for  path="/storage/emulated/0/Android/data/com.komect.ajlauncher/files" dev="mmcblk0p31" ino=1660 scontext=u:r:zygote:s0 tcontext=u:object_r:media_rw_data_file:s0 tclass=dir permissive=1
08-13 18:08:30.238  1125  1125 I mect.ajlauncher: type=1400 audit(0.0:7112): avc:  denied  { getattr } for  path="/storage/emulated/0/Android/data/com.komect.ajlauncher/files/com.komect.ajlauncher/xLog/0.4.10_4010013_release/aijiaLauncher_20260812.xlog" dev="mmcblk0p31" ino=1693 scontext=u:r:zygote:s0 tcontext=u:object_r:media_rw_data_file:s0 tclass=file permissive=1
08-13 18:08:30.242  1125  1125 I mect.ajlauncher: type=1400 audit(0.0:7113): avc:  denied  { write } for  name="0.4.10_4010013_release" dev="mmcblk0p31" ino=1681 scontext=u:r:zygote:s0 tcontext=u:object_r:media_rw_data_file:s0 tclass=dir permissive=1
08-13 18:08:30.242  1125  1125 I mect.ajlauncher: type=1400 audit(0.0:7114): avc:  denied  { append } for  name="aijiaLauncher_20260813.xlog" dev="mmcblk0p31" ino=2222 scontext=u:r:zygote:s0 tcontext=u:object_r:media_rw_data_file:s0 tclass=file permissive=1
08-13 18:08:30.242  1125  1125 I mect.ajlauncher: type=1400 audit(0.0:7115): avc:  denied  { write } for  name="aijiaLauncher_20260813.xlog" dev="mmcblk0p31" ino=2222 scontext=u:r:zygote:s0 tcontext=u:object_r:media_rw_data_file:s0 tclass=file permissive=1
08-13 18:08:30.262     0     0 W [3 T1534  ..] audit: audit_lost=3078 audit_rate_limit=5 audit_backlog_limit=64
08-13 18:08:30.262     0     0 E [3 T1534  ..] audit: rate limit exceeded
08-13 18:08:30.824 18354 18354 I MoviePlayer: [displayModeImpl]handleMessage
08-13 18:08:30.826 18354 18354 D MoviePlayer: isInSplitScreen:false
08-13 18:08:30.826 18354 18354 I MoviePlayer: [displayModeImpl]dispWidth:1280,dispHeight:800,mode:800x1280p60hz
08-13 18:08:30.826 18354 18354 I MoviePlayer: [displayModeImpl]videoNum <=0, return
08-13 18:08:30.913   563  1361 E TaskPersister: File error accessing recents directory (directory doesn't exist?).
08-13 18:08:30.976   472   831 I NU-AmNuPlayerDriver: [#8] [getCurrentPosition][752] position : 2015 msec
08-13 18:08:31.188   486   486 D logging : UDISK 6A6F-168B
08-13 18:08:31.189   486   486 E logging : falied access file 2
08-13 18:08:31.382  1125  1125 I RxCachedThreadS: type=1400 audit(0.0:7117): avc:  denied  { search } for  name="amhdmitx0" dev="sysfs" ino=33591 scontext=u:r:zygote:s0 tcontext=u:object_r:sysfs_amhdmitx:s0 tclass=dir permissive=1
08-13 18:08:31.800 18354 18354 D UEventObserver: startObserving...
08-13 18:08:31.801 18354 18354 D UEventObserver: startObserving...
08-13 18:08:31.988   472   831 I NU-AmNuPlayerDriver: [#8] [getCurrentPosition][752] position : 3026 msec
08-13 18:08:32.190   486   486 D logging : UDISK 6A6F-168B
08-13 18:08:32.190   486   486 E logging : falied access file 2
08-13 18:08:32.959   352  1266 I audio_hw_hal_stream: aml_stream_out_info_print: out:0xf0ec6be0, stream_type:pcm, sync_mode:non tunnel, input_size:33865728 bytes
08-13 18:08:32.959   352  1266 I audio_hw_hal_stream: aml_stream_out_info_print: last_time:33325658 ms (sec:33325, nsec:658700639), last_position:176274 ms (8461184), cur_time:33325706 ms (sec:33325, nsec:706704972), cur_position:176322 ms (8463488)
08-13 18:08:32.959   352  1266 I audio_hw_hal_stream: aml_stream_out_info_print: time_gap:48 ms (thr:100 ms), position_gap:48 ms, delay:61 ms, jitter: Position gap is ahead of system time gap by 0 ms (thr:100 ms)
08-13 18:08:33.000   472   831 I NU-AmNuPlayerDriver: [#8] [getCurrentPosition][752] position : 4038 msec
08-13 18:08:33.191   486   486 D logging : UDISK 6A6F-168B
08-13 18:08:33.191   486   486 E logging : falied access file 2
08-13 18:08:33.527   864  1015 I jarvis_Wallpaper: openWallpaper has system wallpaper
08-13 18:08:33.830   359   774 D BufferPoolAccessor2.0: evictor expired: 2, evicted: 0
08-13 18:08:33.834  1580  2249 D BufferPoolAccessor2.0: evictor expired: 1, evicted: 0
08-13 18:08:34.013   472   831 I NU-AmNuPlayerDriver: [#8] [getCurrentPosition][752] position : 5052 msec
08-13 18:08:34.048   472 18394 D BufferPoolAccessor2.0: bufferpool2 0xe7e41348 : 8(16777216 size) total buffers - 5(10485760 size) used buffers - 210/218 (recycle/alloc) - 8/432 (fetch/transfer)
08-13 18:08:34.051   359 18396 D BufferPoolAccessor2.0: bufferpool2 0xe9dc3e08 : 4(18432 size) total buffers - 1(4608 size) used buffers - 213/217 (recycle/alloc) - 4/216 (fetch/transfer)
08-13 18:08:34.193   486   486 D logging : UDISK 6A6F-168B
08-13 18:08:34.193   486   486 E logging : falied access file 2
08-13 18:08:34.830   359   774 D BufferPoolAccessor2.0: evictor expired: 4, evicted: 0
08-13 18:08:35.025   472   831 I NU-AmNuPlayerDriver: [#8] [getCurrentPosition][752] position : 6064 msec
08-13 18:08:35.194   486   486 D logging : UDISK 6A6F-168B
08-13 18:08:35.194   486   486 E logging : falied access file 2
08-13 18:08:36.038   472   831 I NU-AmNuPlayerDriver: [#8] [getCurrentPosition][752] position : 7076 msec
08-13 18:08:36.195   486   486 D logging : UDISK 6A6F-168B
08-13 18:08:36.195   486   486 E logging : falied access file 2
08-13 18:08:37.050   472   831 I NU-AmNuPlayerDriver: [#8] [getCurrentPosition][752] position : 8088 msec
08-13 18:08:37.196   486   486 D logging : UDISK 6A6F-168B
08-13 18:08:37.196   486   486 E logging : falied access file 2
08-13 18:08:37.986   352  1266 I audio_hw_hal_stream: aml_stream_out_info_print: out:0xf0ec6be0, stream_type:pcm, sync_mode:non tunnel, input_size:34832384 bytes
08-13 18:08:37.986   352  1266 I audio_hw_hal_stream: aml_stream_out_info_print: last_time:33330698 ms (sec:33330, nsec:698699266), last_position:181314 ms (8703104), cur_time:33330738 ms (sec:33330, nsec:738717391), cur_position:181354 ms (8705024)
08-13 18:08:37.986   352  1266 I audio_hw_hal_stream: aml_stream_out_info_print: time_gap:40 ms (thr:100 ms), position_gap:40 ms, delay:64 ms, jitter: Position gap is ahead of system time gap by 0 ms (thr:100 ms)
08-13 18:08:38.063   472   831 I NU-AmNuPlayerDriver: [#8] [getCurrentPosition][752] position : 9101 msec
08-13 18:08:38.146 18354 18364 W System  : A resource failed to call close. 
08-13 18:08:38.167   563  1579 D CompatibilityChangeReporter: Compat change id reported: 197654537; UID 10032; state: ENABLED
08-13 18:08:38.198   486   486 D logging : UDISK 6A6F-168B
08-13 18:08:38.198   486   486 E logging : falied access file 2
08-13 18:08:38.869   472 18392 I NU-AmNuPlayerRenderer: PTS: AV sync info:Audio on Header 
08-13 18:08:38.869   472 18392 I NU-AmNuPlayerRenderer: PTS:   SystemTimeStamp:9907363
08-13 18:08:38.869   472 18392 I NU-AmNuPlayerRenderer: PTS:   Last AudioTimeStamp:10396734
08-13 18:08:38.869   472 18392 I NU-AmNuPlayerRenderer: PTS:   Last VideoTimeStamp:-1
08-13 18:08:38.869   472 18392 I NU-AmNuPlayerRenderer: PTS:   AV diff:9907364 ,Ajump:0,Vjump:0
08-13 18:08:38.869   472 18392 I NU-AmNuPlayerRenderer: PTS:   mAjumpedNum:0, mAudioJumped till now=33331622085
08-13 18:08:38.869   472 18392 I NU-AmNuPlayerRenderer: PTS:   mVjumpedNum:0, mVideoJumped till now=33331622085
08-13 18:08:38.869   472 18392 I NU-AmNuPlayerRenderer: PTS:   mTotalAudioJumpedTimeUs:0, mTotalAudioJumpedTimeUs:0
08-13 18:08:38.869   472 18392 I NU-AmNuPlayerRenderer: PTS:   mLastVideoUs:-1
08-13 18:08:38.869   472 18392 I NU-AmNuPlayerRenderer: PTS:   mLastAudioUs:10422857
08-13 18:08:38.869   472 18392 I NU-AmNuPlayerRenderer: PTS:   mAudioDelay 0 mFormat 0x1 mMs12Enabled 0
08-13 18:08:38.878   563   636 W ProcessStats: Tracking association SourceState{98b27b6 com.cmcc.lingxiagent/1000 Fgs #2729} whose proc state 3 is better than process ProcessState{2253a5 com.cmcc.aisound/1000 pkg=com.cmcc.aisound} proc state 14 (17 skipped)
08-13 18:08:39.075   472   831 I NU-AmNuPlayerDriver: [#8] [getCurrentPosition][752] position : 10114 msec
08-13 18:08:39.199   486   486 D logging : UDISK 6A6F-168B
08-13 18:08:39.199   486   486 E logging : falied access file 2
08-13 18:08:39.246   472 18394 D BufferPoolAccessor2.0: bufferpool2 0xe7e41348 : 8(16777216 size) total buffers - 5(10485760 size) used buffers - 410/418 (recycle/alloc) - 8/832 (fetch/transfer)
08-13 18:08:39.248   359 18396 D BufferPoolAccessor2.0: bufferpool2 0xe9dc3e08 : 4(18432 size) total buffers - 1(4608 size) used buffers - 413/417 (recycle/alloc) - 6/416 (fetch/transfer)
08-13 18:08:40.079     0     0 W [0 T358   ..] healthd: battery l=29 v=3731 t=0.0 h=2 st=2 chg=a
08-13 18:08:40.088   472   831 I NU-AmNuPlayerDriver: [#8] [getCurrentPosition][752] position : 11127 msec
08-13 18:08:40.201   486   486 D logging : UDISK 6A6F-168B
08-13 18:08:40.201   486   486 E logging : falied access file 2
08-13 18:08:40.330   487   487 I xiriservice_All: type=1400 audit(0.0:7118): avc:  denied  { read } for  scontext=u:r:xiriservice_All:s0 tcontext=u:r:xiriservice_All:s0 tclass=netlink_kobject_uevent_socket permissive=1
08-13 18:08:40.332 18354 18417 E demo-jni: next event: change@/devices/platform/soc/fe000000.apb4/fe067400.i2c/i2c-5/5-0024/power_supply/Battery
08-13 18:08:40.352     0     0 W [1 T358   ..] healthd: battery l=29 v=3732 t=0.0 h=2 st=2 chg=a
08-13 18:08:40.339   864   864 E jarvis_action===: android.intent.action.BATTERY_CHANGED
08-13 18:08:40.339  1125  1125 D AJLEpgShortcutFragment: [, , 0]:{Thread:main}battery changed: 29%, isCharing:true, hasBattery:true
08-13 18:08:40.340  1328  1328 E action===: [, , 0]:android.intent.action.BATTERY_CHANGED
08-13 18:08:40.340  1328  1328 E action===: android.intent.action.BATTERY_CHANGED
08-13 18:08:40.430  1125  1125 E LocalManager: [, , 0]:{Thread:main}deviceServer!=null 服务有连接
08-13 18:08:40.430  1125  1125 D LoopManager: [, , 0]:{Thread:main}getPollingMsg 请求定时任务
08-13 18:08:40.432  1125 18168 D com.aijia.http.intercept.HttpInterceptLogger: [, , 0]:{Thread:RxCachedThreadScheduler-301}--> POST https://device.yjdp.komect.com/yjfp/device-user/message/task/polling
08-13 18:08:40.433  1125 18168 D com.aijia.http.intercept.HttpInterceptLogger: [, , 0]:{Thread:RxCachedThreadScheduler-301}Content-Type: application/json; charset=utf-8
08-13 18:08:40.433  1125 18168 D com.aijia.http.intercept.HttpInterceptLogger: [, , 0]:{Thread:RxCachedThreadScheduler-301}Content-Length: 678
08-13 18:08:40.433  1125 18168 D com.aijia.http.intercept.HttpInterceptLogger: [, , 0]:{Thread:RxCachedThreadScheduler-301}authorization: Bearer eyJraWQiOiIzYzE3NDhjOS0zMzFjLTQwY2EtYTY2Ni03ZGM5ZjBjNDg4Y2QiLCJhbGciOiJSUzI1NiJ9.eyJzdWIiOiIxNjY0MDExNTI5MTExMTMyMDkwMDAwMDEwIiwicHJvdkNvZGUiOiIxMDAiLCJ1c2VyX25hbWUiOiIxNjY0MDExNTI5MTExMTMyMDkwMDAwMDEwIiwicGFzc0lkIjoiMjg5NTU1NjkyNDI4NzciLCJpc3MiOiJodHRwOi8vZGV2aWNlLW9hdXRoL2RldmljZS1vYXV0aDIiLCJleHRlbmRJbmZvIjp7InVzZXJuYW1lIjoiMTY2NDAxMTUyOTExMTEzMjA5MDAwMDAxMCJ9LCJjbGllbnRfaWQiOiJlNzUxY2U3NmQ2NjMxMWYwYjdiYjAwMTYzZTAyMjhiYSIsImF1ZCI6ImU3NTFjZTc2ZDY2MzExZjBiN2JiMDAxNjNlMDIyOGJhIiwibmJmIjoxNzg2NjE0MjIyLCJzY29wZSI6WyJhbGwiXSwiZXhwIjoxNzg2NjE2MDIyLCJpYXQiOjE3ODY2MTQyMjIsImp0aSI6IjU1MmZhMWYxLTcxZTAtNGI2ZS1iNjdkLTgyOGM4ZjZmODczZiJ9.AMBjXKcB0wuOrq-xLpYRbCaDleK_kOVjX8D5nl0jnGSM3GumWMHBaUtDJwmerkwspJtTPrZ7MQzrV4MKt2tIkRvvw9cKgmyr8goUfTXp3I4-eBAxI1NCaxS5TTDYsy77OAPRnn7OtP7uLB5DfU3GBUNWj6l-zBEcKE3fMx_BOvQCM6lq9sR8I5w9SLMJ9FVLSNkGe5SK1uG_ir0MzHxJZPyanYhzasLcCUHXZQFN5U5211vffsT9CzOcg-GZX9WGwJ6hTygs_iqDKHSiUnB8VfBvHo6JFK9J2U4BHEIfoodYI_XfYdzWK-hsaP0-rGGxl4Crr_ZGq8erOaL5BPBKxA
08-13 18:08:40.433  1125 18168 D com.aijia.http.intercept.HttpInterceptLogger: [, , 0]:{Thread:RxCachedThreadScheduler-301}appVersion: 0.4.10_4010013_release
08-13 18:08:40.433  1125 18168 D com.aijia.http.intercept.HttpInterceptLogger: [, , 0]:{Thread:RxCachedThreadScheduler-301}bizType: ajyp
08-13 18:08:40.433  1125 18168 D com.aijia.http.intercept.HttpInterceptLogger: [, , 0]:{Thread:RxCachedThreadScheduler-301}
08-13 18:08:40.433  1125 18168 D com.aijia.http.intercept.HttpInterceptLogger: [, , 0]:{Thread:RxCachedThreadScheduler-301}{"traceId":"cf2cbd9a-29f8-459f-bdf7-b7e3bf342f37","data":{"cmei":"111132090000010","lanMac":"28BEF3247A81","localServerType":"Jarvis","firmwareOtaPath":"","launcherVersionCode":4010013,"firmwareOtaMode":"","deviceId":"CMCC-592288-28BEF3247A81","manufacturer":"STAR","localServerVersionName":"0.2.5_202602102031_release","launcherVersion":"0.4.10_4010013_release","wlanMac":"28BEF3247A81","stbId":"0032360080742080260628BEF3247A81","deviceProductId":"592288","deviceMac":"28BEF3247A81","model":"TB712","sn":"1664011529111132090000010","firmwareVersion":"1.0.1","brand":"STAR-NET"},"signature":"RX/Ov94mYvkqxFUWUFtp51ApQRWm/ybt2B3HdpgzPsk=","powerkey":"1664011529111132090000010"}
08-13 18:08:40.434  1125 18168 D com.aijia.http.intercept.HttpInterceptLogger: [, , 0]:{Thread:RxCachedThreadScheduler-301}--> END POST (678-byte body)
08-13 18:08:40.434  1125  1125 I LoopManager: [, , 0]:{Thread:main}startLoop Jarvis 灵犀屏不做便利贴请求
08-13 18:08:40.434  1125  1125 I LoopManager: [, , 0]:{Thread:main}准备定时刷新BindGroupObject
08-13 18:08:40.434  1125  1125 E LoopManager: [, , 0]:{Thread:main}getBindGroupObject EpgHomeFragment
08-13 18:08:40.434  1125  1125 E LoopManager: [, , 0]:{Thread:main}getBindGroupObject  activityWeakReference.get():null
08-13 18:08:40.437  1125  1125 I LoopManager: [, , 0]:{Thread:main}checkAppForced 
08-13 18:08:40.437  1125  1125 I LoopManager: [, , 0]:{Thread:main}checkAppForced 时间条件不满足，忽略
08-13 18:08:40.437  1125  1125 I LoopManager: [, , 0]:{Thread:main}sendLoopTrace 
08-13 18:08:40.438  1125  1597 D TimeUtil: [, , 0]:{Thread:pool-4-thread-2}获取设备开机时间戳 time: 202608130853
08-13 18:08:40.438  1125 18419 D com.aijia.http.intercept.HttpInterceptLogger: [, , 0]:{Thread:RxCachedThreadScheduler-302}--> POST https://device.yjdp.komect.com/yjfp/device-user/device/group/bind/pollingObject
08-13 18:08:40.439  1125 18419 D com.aijia.http.intercept.HttpInterceptLogger: [, , 0]:{Thread:RxCachedThreadScheduler-302}Content-Type: application/json; charset=utf-8
08-13 18:08:40.439  1125 18419 D com.aijia.http.intercept.HttpInterceptLogger: [, , 0]:{Thread:RxCachedThreadScheduler-302}Content-Length: 678
08-13 18:08:40.439  1125 18419 D com.aijia.http.intercept.HttpInterceptLogger: [, , 0]:{Thread:RxCachedThreadScheduler-302}authorization: Bearer eyJraWQiOiIzYzE3NDhjOS0zMzFjLTQwY2EtYTY2Ni03ZGM5ZjBjNDg4Y2QiLCJhbGciOiJSUzI1NiJ9.eyJzdWIiOiIxNjY0MDExNTI5MTExMTMyMDkwMDAwMDEwIiwicHJvdkNvZGUiOiIxMDAiLCJ1c2VyX25hbWUiOiIxNjY0MDExNTI5MTExMTMyMDkwMDAwMDEwIiwicGFzc0lkIjoiMjg5NTU1NjkyNDI4NzciLCJpc3MiOiJodHRwOi8vZGV2aWNlLW9hdXRoL2RldmljZS1vYXV0aDIiLCJleHRlbmRJbmZvIjp7InVzZXJuYW1lIjoiMTY2NDAxMTUyOTExMTEzMjA5MDAwMDAxMCJ9LCJjbGllbnRfaWQiOiJlNzUxY2U3NmQ2NjMxMWYwYjdiYjAwMTYzZTAyMjhiYSIsImF1ZCI6ImU3NTFjZTc2ZDY2MzExZjBiN2JiMDAxNjNlMDIyOGJhIiwibmJmIjoxNzg2NjE0MjIyLCJzY29wZSI6WyJhbGwiXSwiZXhwIjoxNzg2NjE2MDIyLCJpYXQiOjE3ODY2MTQyMjIsImp0aSI6IjU1MmZhMWYxLTcxZTAtNGI2ZS1iNjdkLTgyOGM4ZjZmODczZiJ9.AMBjXKcB0wuOrq-xLpYRbCaDleK_kOVjX8D5nl0jnGSM3GumWMHBaUtDJwmerkwspJtTPrZ7MQzrV4MKt2tIkRvvw9cKgmyr8goUfTXp3I4-eBAxI1NCaxS5TTDYsy77OAPRnn7OtP7uLB5DfU3GBUNWj6l-zBEcKE3fMx_BOvQCM6lq9sR8I5w9SLMJ9FVLSNkGe5SK1uG_ir0MzHxJZPyanYhzasLcCUHXZQFN5U5211vffsT9CzOcg-GZX9WGwJ6hTygs_iqDKHSiUnB8VfBvHo6JFK9J2U4BHEIfoodYI_XfYdzWK-hsaP0-rGGxl4Crr_ZGq8erOaL5BPBKxA
08-13 18:08:40.439  1125 18419 D com.aijia.http.intercept.HttpInterceptLogger: [, , 0]:{Thread:RxCachedThreadScheduler-302}appVersion: 0.4.10_4010013_release
08-13 18:08:40.440  1125 18419 D com.aijia.http.intercept.HttpInterceptLogger: [, , 0]:{Thread:RxCachedThreadScheduler-302}bizType: ajyp
08-13 18:08:40.440  1125 18419 D com.aijia.http.intercept.HttpInterceptLogger: [, , 0]:{Thread:RxCachedThreadScheduler-302}
08-13 18:08:40.440  1125 18419 D com.aijia.http.intercept.HttpInterceptLogger: [, , 0]:{Thread:RxCachedThreadScheduler-302}{"traceId":"dabcfda2-a352-4607-9c1e-e54925be3efb","data":{"cmei":"111132090000010","lanMac":"28BEF3247A81","localServerType":"Jarvis","firmwareOtaPath":"","launcherVersionCode":4010013,"firmwareOtaMode":"","deviceId":"CMCC-592288-28BEF3247A81","manufacturer":"STAR","localServerVersionName":"0.2.5_202602102031_release","launcherVersion":"0.4.10_4010013_release","wlanMac":"28BEF3247A81","stbId":"0032360080742080260628BEF3247A81","deviceProductId":"592288","deviceMac":"28BEF3247A81","model":"TB712","sn":"1664011529111132090000010","firmwareVersion":"1.0.1","brand":"STAR-NET"},"signature":"UPw9uiarWKchzwHkdAotHgEgigvvySepV4texWoagnM=","powerkey":"1664011529111132090000010"}
08-13 18:08:40.440  1125 18419 D com.aijia.http.intercept.HttpInterceptLogger: [, , 0]:{Thread:RxCachedThreadScheduler-302}--> END POST (678-byte body)
08-13 18:08:40.441   339 18420 I resolv  : GetAddrInfoHandler::run: {100 786532 100 983140 1000 0}
08-13 18:08:40.443   339 18421 I resolv  : res_nmkquery: (QUERY, IN, A)
08-13 18:08:40.443   339 18421 I resolv  : resolv_cache_lookup: FOUND IN CACHE entry=0xec7c15f0
08-13 18:08:40.443   339 18421 I resolv  : doQuery: rcode=0, ancount=1, return value=56
08-13 18:08:40.442   339   339 I binder:339_2: type=1400 audit(0.0:7119): avc:  denied  { use } for  path="socket:[598077]" dev="sockfs" ino=598077 scontext=u:r:netd:s0 tcontext=u:r:zygote:s0 tclass=fd permissive=1
08-13 18:08:40.442  1125  1125 I RxCachedThreadS: type=1400 audit(0.0:7120): avc:  denied  { name_connect } for  dest=443 scontext=u:r:zygote:s0 tcontext=u:object_r:port:s0 tclass=tcp_socket permissive=1
08-13 18:08:40.444  1125 18419 D TrafficStats: tagSocket(88) with statsTag=0xffffffff, statsUid=-1
08-13 18:08:40.462  1125  1125 I pool-4-thread-2: type=1400 audit(0.0:7121): avc:  denied  { search } for  name="app" dev="dm-1" ino=56 scontext=u:r:zygote:s0 tcontext=u:object_r:vendor_app_file:s0 tclass=dir permissive=1
08-13 18:08:40.462  1125  1125 I pool-4-thread-2: type=1400 audit(0.0:7122): avc:  denied  { read } for  name="RemoteIME.apk" dev="dm-1" ino=91 scontext=u:r:zygote:s0 tcontext=u:object_r:vendor_app_file:s0 tclass=file permissive=1
08-13 18:08:40.462  1125  1125 I pool-4-thread-2: type=1400 audit(0.0:7123): avc:  denied  { open } for  path="/vendor/app/RemoteIME/RemoteIME.apk" dev="dm-1" ino=91 scontext=u:r:zygote:s0 tcontext=u:object_r:vendor_app_file:s0 tclass=file permissive=1
08-13 18:08:40.462  1125  1125 I pool-4-thread-2: type=1400 audit(0.0:7124): avc:  denied  { getattr } for  path="/vendor/app/RemoteIME/RemoteIME.apk" dev="dm-1" ino=91 scontext=u:r:zygote:s0 tcontext=u:object_r:vendor_app_file:s0 tclass=file permissive=1
08-13 18:08:40.462  1125  1125 I pool-4-thread-2: type=1400 audit(0.0:7125): avc:  denied  { map } for  path="/vendor/app/RemoteIME/RemoteIME.apk" dev="dm-1" ino=91 scontext=u:r:zygote:s0 tcontext=u:object_r:vendor_app_file:s0 tclass=file permissive=1
08-13 18:08:40.489  1125 18168 D com.aijia.http.intercept.HttpInterceptLogger: [, , 0]:{Thread:RxCachedThreadScheduler-301}<-- 200 OK https://device.yjdp.komect.com/yjfp/device-user/message/task/polling (55ms)
08-13 18:08:40.489  1125 18168 D com.aijia.http.intercept.HttpInterceptLogger: [, , 0]:{Thread:RxCachedThreadScheduler-301}Date: Thu, 13 Aug 2026 10:08:40 GMT
08-13 18:08:40.489  1125 18168 D com.aijia.http.intercept.HttpInterceptLogger: [, , 0]:{Thread:RxCachedThreadScheduler-301}Content-Type: application/json
08-13 18:08:40.489  1125 18168 D com.aijia.http.intercept.HttpInterceptLogger: [, , 0]:{Thread:RxCachedThreadScheduler-301}Transfer-Encoding: chunked
08-13 18:08:40.489  1125 18168 D com.aijia.http.intercept.HttpInterceptLogger: [, , 0]:{Thread:RxCachedThreadScheduler-301}Connection: keep-alive
08-13 18:08:40.489  1125 18168 D com.aijia.http.intercept.HttpInterceptLogger: [, , 0]:{Thread:RxCachedThreadScheduler-301}Keep-Alive: timeout=60
08-13 18:08:40.489  1125 18168 D com.aijia.http.intercept.HttpInterceptLogger: [, , 0]:{Thread:RxCachedThreadScheduler-301}Server: *
08-13 18:08:40.490  1125 18168 D com.aijia.http.intercept.HttpInterceptLogger: [, , 0]:{Thread:RxCachedThreadScheduler-301}
08-13 18:08:40.490  1125 18168 D com.aijia.http.intercept.HttpInterceptLogger: [, , 0]:{Thread:RxCachedThreadScheduler-301}{"code":"1000000","recode":"200","msg":"成功","message":"成功","data":{"pollingIntervalSec":300}}
08-13 18:08:40.490  1125 18168 D com.aijia.http.intercept.HttpInterceptLogger: [, , 0]:{Thread:RxCachedThreadScheduler-301}<-- END HTTP (101-byte body)
08-13 18:08:40.491  1125 18168 E AppTokenTransformer: [, , 0]:{Thread:RxCachedThreadScheduler-301}apply !! t:com.aijia.http.CommonHttpResult@be0beae
08-13 18:08:40.491  1125  1125 D LoopManager: [, , 0]:{Thread:main}getPollingMsg 请求定时任务成功
08-13 18:08:40.491  1125  1125 E LoopManager: [, , 0]:{Thread:main}定时任务间隔时间未发生变更 当前间隔是间：300
08-13 18:08:40.491  1125  1125 D ITask   : [, , 0]:{Thread:main}生成任务 任务Id:null 类型:screensaverAlbum
08-13 18:08:40.491  1125  1125 D ITask   : [, , 0]:{Thread:main}生成屏保配置变化通知任务
08-13 18:08:40.492  1125  1125 E ScreensaverNotifytask: [, , 0]:{Thread:main}connectSettingServer 链接设置服务用于检查屏保配置变化
08-13 18:08:40.492  1125  1125 W ContextImpl: Calling a method in the system process without a qualified user: android.app.ContextImpl.startForegroundService:1905 android.content.ContextWrapper.startForegroundService:830 com.komect.bussness.loop.ScreensaverNotifytask.b:56 com.komect.bussness.loop.ScreensaverNotifytask.c:0 com.komect.bussness.loop.ScreensaverNotifytask.a:0 
08-13 18:08:40.493   563  1579 W ActivityManager: Unable to start service Intent { act=com.komect.ajsettings.OTA_SERVICE pkg=com.komect.ajsettings (has extras) } U=0: not found
08-13 18:08:40.554  1125  1125 I pool-4-thread-2: type=1400 audit(0.0:7126): avc:  denied  { search } for  name="app" dev="mmcblk0p31" ino=93 scontext=u:r:zygote:s0 tcontext=u:object_r:apk_data_file:s0 tclass=dir permissive=1
08-13 18:08:40.576     0     0 W [0 T1597  ..] audit: audit_lost=3079 audit_rate_limit=5 audit_backlog_limit=64
08-13 18:08:40.576     0     0 E [0 T1597  ..] audit: rate limit exceeded
08-13 18:08:40.580   563   653 W ActivityManager: mobile project skip check protected broadcast MqttService.pingSender.CMCC-592288-28BEF3247A81
08-13 18:08:40.581   864   864 D AlarmPingSender: Sending Ping at:1786615720581
08-13 18:08:40.585   864   864 D AlarmPingSender: Schedule next alarm at 1786615780585
08-13 18:08:40.585   864   864 D AlarmPingSender: Alarm scheule using setExactAndAllowWhileIdle, next: 60000
08-13 18:08:40.620   864  2353 D AlarmPingSender: Success. Release lock(MqttService.client.CMCC-592288-28BEF3247A81):1786615720620
08-13 18:08:40.705  1125 18419 D com.aijia.http.intercept.HttpInterceptLogger: [, , 0]:{Thread:RxCachedThreadScheduler-302}<-- 200 OK https://device.yjdp.komect.com/yjfp/device-user/device/group/bind/pollingObject (264ms)
08-13 18:08:40.705  1125 18419 D com.aijia.http.intercept.HttpInterceptLogger: [, , 0]:{Thread:RxCachedThreadScheduler-302}Date: Thu, 13 Aug 2026 10:08:40 GMT
08-13 18:08:40.705  1125 18419 D com.aijia.http.intercept.HttpInterceptLogger: [, , 0]:{Thread:RxCachedThreadScheduler-302}Content-Type: application/json
08-13 18:08:40.705  1125 18419 D com.aijia.http.intercept.HttpInterceptLogger: [, , 0]:{Thread:RxCachedThreadScheduler-302}Transfer-Encoding: chunked
08-13 18:08:40.705  1125 18419 D com.aijia.http.intercept.HttpInterceptLogger: [, , 0]:{Thread:RxCachedThreadScheduler-302}Connection: keep-alive
08-13 18:08:40.705  1125 18419 D com.aijia.http.intercept.HttpInterceptLogger: [, , 0]:{Thread:RxCachedThreadScheduler-302}Keep-Alive: timeout=60
08-13 18:08:40.706  1125 18419 D com.aijia.http.intercept.HttpInterceptLogger: [, , 0]:{Thread:RxCachedThreadScheduler-302}Server: *
08-13 18:08:40.707  1125 18419 D com.aijia.http.intercept.HttpInterceptLogger: [, , 0]:{Thread:RxCachedThreadScheduler-302}
08-13 18:08:40.707  1125 18419 D com.aijia.http.intercept.HttpInterceptLogger: [, , 0]:{Thread:RxCachedThreadScheduler-302}{"code":"1000000","recode":"200","msg":"成功","message":"成功","data":{"bizCode":"52","desktopObject":{"desktopObjectId":"489732426155688094","desktopObjectName":"【仅限260版本】标准+长辈-入库测试桌面组","desktopObjectType":"desktopGroup","reqType":2,"bizCode":"52"},"applictionObject":{"applicationObjectId":"2070746915408060416","bizCode":"52"},"settingObject":null,"configObject":{"wirelessProjectionStatus":1},"groupObject":{"groupId":"06fedc040d414de1a81c5e33b5402f14","appInstallPermission":0,"groupEnv":null}}}
08-13 18:08:40.707  1125 18419 D com.aijia.http.intercept.HttpInterceptLogger: [, , 0]:{Thread:RxCachedThreadScheduler-302}<-- END HTTP (538-byte body)
08-13 18:08:40.708  1125 18419 E AppTokenTransformer: [, , 0]:{Thread:RxCachedThreadScheduler-302}apply !! t:com.aijia.http.CommonHttpResult@af5cce8
08-13 18:08:40.711  1125  1125 I SetttingDao: [, , 0]:{Thread:main}replace row ID:494
08-13 18:08:40.711  1125  1125 I SetttingDao: [, , 0]:{Thread:main}replace row ID:495
08-13 18:08:40.711  1125  1125 I SetttingDao: [, , 0]:{Thread:main}replace row ID:496
08-13 18:08:40.719  1125  1125 I LoopManager: [, , 0]:{Thread:main}getBindGroupObject EpgHomeFragment 更新BindGroupObject后，发送BindGroupObjectEvent 让编排EpgHomeActivity检查配置更新
08-13 18:08:40.720  1125  1125 D EpgHomeActivity: [, , 0]:{Thread:main}EpgHomeFragment 收到BindGroupObjectEvent刷新事件
08-13 18:08:40.720  1125  1125 D EpgHomeActivity: [, , 0]:{Thread:main}desktopIdOrGroupChange EpgHomeFragment 查看桌面id是否有变化
08-13 18:08:40.720  1125  1125 D EpgHomeActivity: [, , 0]:{Thread:main}EpgHomeFragment desktopIdOrGroupChange 桌面ID有变化没有变化，无法判断版本是否有变化，让编排SDK自行判断
08-13 18:08:40.902  1125  1597 D DeviceReportPresenter: [, , 0]:{Thread:pool-4-thread-2}应用列表无变化,列表置空，跳过上报!
08-13 18:08:40.904  1125  1597 W System.err: android.content.pm.PackageManager$NameNotFoundException: com.komect.ajsettings
08-13 18:08:40.904  1125  1597 W System.err: 	at android.app.ApplicationPackageManager.getPackageInfoAsUser(ApplicationPackageManager.java:256)
08-13 18:08:40.904  1125  1597 W System.err: 	at android.app.ApplicationPackageManager.getPackageInfo(ApplicationPackageManager.java:216)
08-13 18:08:40.904  1125  1597 W System.err: 	at android.app.ApplicationPackageManager.getPackageInfo(ApplicationPackageManager.java:210)
08-13 18:08:40.904  1125  1597 W System.err: 	at com.komect.bussness.trace.AppUtils.getAppInfo(Unknown Source:17)
08-13 18:08:40.904  1125  1597 W System.err: 	at com.komect.bussness.presenter.DeviceReportPresenter.reportDeviceInfo(Unknown Source:358)
08-13 18:08:40.904  1125  1597 W System.err: 	at com.komect.bussness.loop.LoopMsgManager.t(Unknown Source:5)
08-13 18:08:40.904  1125  1597 W System.err: 	at com.komect.bussness.loop.LoopMsgManager.a(Unknown Source:0)
08-13 18:08:40.904  1125  1597 W System.err: 	at com.komect.bussness.loop.k.run(Unknown Source:0)
08-13 18:08:40.904  1125  1597 W System.err: 	at java.util.concurrent.Executors$RunnableAdapter.call(Executors.java:487)
08-13 18:08:40.904  1125  1597 W System.err: 	at java.util.concurrent.FutureTask.run(FutureTask.java:264)
08-13 18:08:40.904  1125  1597 W System.err: 	at java.util.concurrent.ScheduledThreadPoolExecutor$ScheduledFutureTask.run(ScheduledThreadPoolExecutor.java:307)
08-13 18:08:40.904  1125  1597 W System.err: 	at java.util.concurrent.ThreadPoolExecutor.runWorker(ThreadPoolExecutor.java:1145)
08-13 18:08:40.904  1125  1597 W System.err: 	at java.util.concurrent.ThreadPoolExecutor$Worker.run(ThreadPoolExecutor.java:644)
08-13 18:08:40.904  1125  1597 W System.err: 	at java.lang.Thread.run(Thread.java:1012)
08-13 18:08:40.907  1125 18167 D com.aijia.http.intercept.HttpInterceptLogger: [, , 0]:{Thread:RxCachedThreadScheduler-300}--> POST https://device.yjdp.komect.com/yjfp/device-user/device/baseInfo/report
08-13 18:08:40.907  1125 18167 D com.aijia.http.intercept.HttpInterceptLogger: [, , 0]:{Thread:RxCachedThreadScheduler-300}Content-Type: application/json; charset=utf-8
08-13 18:08:40.908  1125 18167 D com.aijia.http.intercept.HttpInterceptLogger: [, , 0]:{Thread:RxCachedThreadScheduler-300}Content-Length: 855
08-13 18:08:40.908  1125 18167 D com.aijia.http.intercept.HttpInterceptLogger: [, , 0]:{Thread:RxCachedThreadScheduler-300}authorization: Bearer eyJraWQiOiIzYzE3NDhjOS0zMzFjLTQwY2EtYTY2Ni03ZGM5ZjBjNDg4Y2QiLCJhbGciOiJSUzI1NiJ9.eyJzdWIiOiIxNjY0MDExNTI5MTExMTMyMDkwMDAwMDEwIiwicHJvdkNvZGUiOiIxMDAiLCJ1c2VyX25hbWUiOiIxNjY0MDExNTI5MTExMTMyMDkwMDAwMDEwIiwicGFzc0lkIjoiMjg5NTU1NjkyNDI4NzciLCJpc3MiOiJodHRwOi8vZGV2aWNlLW9hdXRoL2RldmljZS1vYXV0aDIiLCJleHRlbmRJbmZvIjp7InVzZXJuYW1lIjoiMTY2NDAxMTUyOTExMTEzMjA5MDAwMDAxMCJ9LCJjbGllbnRfaWQiOiJlNzUxY2U3NmQ2NjMxMWYwYjdiYjAwMTYzZTAyMjhiYSIsImF1ZCI6ImU3NTFjZTc2ZDY2MzExZjBiN2JiMDAxNjNlMDIyOGJhIiwibmJmIjoxNzg2NjE0MjIyLCJzY29wZSI6WyJhbGwiXSwiZXhwIjoxNzg2NjE2MDIyLCJpYXQiOjE3ODY2MTQyMjIsImp0aSI6IjU1MmZhMWYxLTcxZTAtNGI2ZS1iNjdkLTgyOGM4ZjZmODczZiJ9.AMBjXKcB0wuOrq-xLpYRbCaDleK_kOVjX8D5nl0jnGSM3GumWMHBaUtDJwmerkwspJtTPrZ7MQzrV4MKt2tIkRvvw9cKgmyr8goUfTXp3I4-eBAxI1NCaxS5TTDYsy77OAPRnn7OtP7uLB5DfU3GBUNWj6l-zBEcKE3fMx_BOvQCM6lq9sR8I5w9SLMJ9FVLSNkGe5SK1uG_ir0MzHxJZPyanYhzasLcCUHXZQFN5U5211vffsT9CzOcg-GZX9WGwJ6hTygs_iqDKHSiUnB8VfBvHo6JFK9J2U4BHEIfoodYI_XfYdzWK-hsaP0-rGGxl4Crr_ZGq8erOaL5BPBKxA
08-13 18:08:40.908  1125 18167 D com.aijia.http.intercept.HttpInterceptLogger: [, , 0]:{Thread:RxCachedThreadScheduler-300}appVersion: 0.4.10_4010013_release
08-13 18:08:40.908  1125 18167 D com.aijia.http.intercept.HttpInterceptLogger: [, , 0]:{Thread:RxCachedThreadScheduler-300}bizType: ajyp
08-13 18:08:40.908  1125 18167 D com.aijia.http.intercept.HttpInterceptLogger: [, , 0]:{Thread:RxCachedThreadScheduler-300}
08-13 18:08:40.908  1125 18167 D com.aijia.http.intercept.HttpInterceptLogger: [, , 0]:{Thread:RxCachedThreadScheduler-300}{"traceId":"f5872d72-2c14-4200-86a8-cba138dd16e6","data":{"cmei":"111132090000010","lanMac":"28BEF3247A81","localServerType":"Jarvis","launcherVersionCode":4010013,"applicationList":[],"desktopObject":{"desktopVersion":"2","desktopObjectName":"标准版","desktopObjectId":"489730987341643864"},"localServerVersion":"0.2.5_202602102031_release","deviceId":"CMCC-592288-28BEF3247A81","manufacturer":"STAR","upTime":33333,"launcherVersion":"0.4.10_4010013_release","wlanMac":"28BEF3247A81","deviceProductId":"592288","model":"TB712","sn":"1664011529111132090000010","applicationMarket":{"applicationMarketId":"2070746915408060416","applicationMarketVersion":"0.4.3_4003003_release"},"firmwareVersion":"1.0.1","brand":"STAR-NET","bootTimestamp":1786582387247},"signature":"GBTqkZP/RMhEvFEBgQPwodyl7pVTiKNIk8mmqaCgvqc=","powerkey":"1664011529111132090000010"}
08-13 18:08:40.908  1125 18167 D com.aijia.http.intercept.HttpInterceptLogger: [, , 0]:{Thread:RxCachedThreadScheduler-300}--> END POST (855-byte body)
08-13 18:08:40.972  1125 18167 D com.aijia.http.intercept.HttpInterceptLogger: [, , 0]:{Thread:RxCachedThreadScheduler-300}<-- 200 OK https://device.yjdp.komect.com/yjfp/device-user/device/baseInfo/report (63ms)
08-13 18:08:40.973  1125 18167 D com.aijia.http.intercept.HttpInterceptLogger: [, , 0]:{Thread:RxCachedThreadScheduler-300}Date: Thu, 13 Aug 2026 10:08:41 GMT
08-13 18:08:40.973  1125 18167 D com.aijia.http.intercept.HttpInterceptLogger: [, , 0]:{Thread:RxCachedThreadScheduler-300}Content-Type: application/octet-stream
08-13 18:08:40.973  1125 18167 D com.aijia.http.intercept.HttpInterceptLogger: [, , 0]:{Thread:RxCachedThreadScheduler-300}Transfer-Encoding: chunked
08-13 18:08:40.973  1125 18167 D com.aijia.http.intercept.HttpInterceptLogger: [, , 0]:{Thread:RxCachedThreadScheduler-300}Connection: keep-alive
08-13 18:08:40.973  1125 18167 D com.aijia.http.intercept.HttpInterceptLogger: [, , 0]:{Thread:RxCachedThreadScheduler-300}Keep-Alive: timeout=60
08-13 18:08:40.973  1125 18167 D com.aijia.http.intercept.HttpInterceptLogger: [, , 0]:{Thread:RxCachedThreadScheduler-300}Server: *
08-13 18:08:40.974  1125 18167 D com.aijia.http.intercept.HttpInterceptLogger: [, , 0]:{Thread:RxCachedThreadScheduler-300}
08-13 18:08:40.974  1125 18167 D com.aijia.http.intercept.HttpInterceptLogger: [, , 0]:{Thread:RxCachedThreadScheduler-300}
08-13 18:08:40.974  1125 18167 D com.aijia.http.intercept.HttpInterceptLogger: [, , 0]:{Thread:RxCachedThreadScheduler-300}<-- END HTTP (0-byte body)
08-13 18:08:40.975  1125  1125 E CommonObserver: http request onError with  code<exception> & message<End of input at line 1 column 1 path $>
08-13 18:08:40.975  1125  1125 D DeviceReportPresenter: [, , 0]:{Thread:main}上报设备信息失败
08-13 18:08:41.100   472   831 I NU-AmNuPlayerDriver: [#8] [getCurrentPosition][752] position : 12139 msec
08-13 18:08:41.202   486   486 D logging : UDISK 6A6F-168B
08-13 18:08:41.202   486   486 E logging : falied access file 2
08-13 18:08:41.722  1125  1125 I EpgHomeFragment: [, , 0]:{Thread:main}收到刷新桌面的事件
08-13 18:08:41.723  1125  1125 I ReflashDesktopPresenter: [, , 0]:{Thread:main}requestDeskktopList desktopGroupId:489732426155688094 desktopId:null reqType:2 marketId:2070746915408060416
08-13 18:08:41.730  1125 18167 D TrafficStats: tagSocket(82) with statsTag=0xffffffff, statsUid=-1
08-13 18:08:41.898  1125 18167 D HttpInterceptLogger: [, , 0]:{Thread:RxCachedThreadScheduler-300}--> POST https://device.yjdp.komect.com/yjfp/dms-rest/desktopPreviewInfo http/1.1
08-13 18:08:41.898  1125 18167 D HttpInterceptLogger: [, , 0]:{Thread:RxCachedThreadScheduler-300}Content-Type: application/json; charset=UTF-8
08-13 18:08:41.899  1125 18167 D HttpInterceptLogger: [, , 0]:{Thread:RxCachedThreadScheduler-300}Content-Length: 99
08-13 18:08:41.899  1125 18167 D HttpInterceptLogger: [, , 0]:{Thread:RxCachedThreadScheduler-300}Authorization: Bearer eyJraWQiOiIzYzE3NDhjOS0zMzFjLTQwY2EtYTY2Ni03ZGM5ZjBjNDg4Y2QiLCJhbGciOiJSUzI1NiJ9.eyJzdWIiOiIxNjY0MDExNTI5MTExMTMyMDkwMDAwMDEwIiwicHJvdkNvZGUiOiIxMDAiLCJ1c2VyX25hbWUiOiIxNjY0MDExNTI5MTExMTMyMDkwMDAwMDEwIiwicGFzc0lkIjoiMjg5NTU1NjkyNDI4NzciLCJpc3MiOiJodHRwOi8vZGV2aWNlLW9hdXRoL2RldmljZS1vYXV0aDIiLCJleHRlbmRJbmZvIjp7InVzZXJuYW1lIjoiMTY2NDAxMTUyOTExMTEzMjA5MDAwMDAxMCJ9LCJjbGllbnRfaWQiOiJlNzUxY2U3NmQ2NjMxMWYwYjdiYjAwMTYzZTAyMjhiYSIsImF1ZCI6ImU3NTFjZTc2ZDY2MzExZjBiN2JiMDAxNjNlMDIyOGJhIiwibmJmIjoxNzg2NjE0MjIyLCJzY29wZSI6WyJhbGwiXSwiZXhwIjoxNzg2NjE2MDIyLCJpYXQiOjE3ODY2MTQyMjIsImp0aSI6IjU1MmZhMWYxLTcxZTAtNGI2ZS1iNjdkLTgyOGM4ZjZmODczZiJ9.AMBjXKcB0wuOrq-xLpYRbCaDleK_kOVjX8D5nl0jnGSM3GumWMHBaUtDJwmerkwspJtTPrZ7MQzrV4MKt2tIkRvvw9cKgmyr8goUfTXp3I4-eBAxI1NCaxS5TTDYsy77OAPRnn7OtP7uLB5DfU3GBUNWj6l-zBEcKE3fMx_BOvQCM6lq9sR8I5w9SLMJ9FVLSNkGe5SK1uG_ir0MzHxJZPyanYhzasLcCUHXZQFN5U5211vffsT9CzOcg-GZX9WGwJ6hTygs_iqDKHSiUnB8VfBvHo6JFK9J2U4BHEIfoodYI_XfYdzWK-hsaP0-rGGxl4Crr_ZGq8erOaL5BPBKxA
08-13 18:08:41.899  1125 18167 D HttpInterceptLogger: [, , 0]:{Thread:RxCachedThreadScheduler-300}Host: device.yjdp.komect.com
08-13 18:08:41.899  1125 18167 D HttpInterceptLogger: [, , 0]:{Thread:RxCachedThreadScheduler-300}Connection: Keep-Alive
08-13 18:08:41.899  1125 18167 D HttpInterceptLogger: [, , 0]:{Thread:RxCachedThreadScheduler-300}Accept-Encoding: gzip
08-13 18:08:41.899  1125 18167 D HttpInterceptLogger: [, , 0]:{Thread:RxCachedThreadScheduler-300}User-Agent: okhttp/3.14.9
08-13 18:08:41.899  1125 18167 D HttpInterceptLogger: [, , 0]:{Thread:RxCachedThreadScheduler-300}
08-13 18:08:41.899  1125 18167 D HttpInterceptLogger: [, , 0]:{Thread:RxCachedThreadScheduler-300}{"capability":"{\"dmsSdkVersion\":\"1.3.55.4\"}","reqType":2,"desktopGroupId":"489732426155688094"}
08-13 18:08:41.899  1125 18167 D HttpInterceptLogger: [, , 0]:{Thread:RxCachedThreadScheduler-300}--> END POST (99-byte body)
08-13 18:08:41.964  1125 18167 D HttpInterceptLogger: [, , 0]:{Thread:RxCachedThreadScheduler-300}<-- 200 OK https://device.yjdp.komect.com/yjfp/dms-rest/desktopPreviewInfo (63ms)
08-13 18:08:41.964  1125 18167 D HttpInterceptLogger: [, , 0]:{Thread:RxCachedThreadScheduler-300}Date: Thu, 13 Aug 2026 10:08:42 GMT
08-13 18:08:41.964  1125 18167 D HttpInterceptLogger: [, , 0]:{Thread:RxCachedThreadScheduler-300}Content-Type: application/json
08-13 18:08:41.964  1125 18167 D HttpInterceptLogger: [, , 0]:{Thread:RxCachedThreadScheduler-300}Transfer-Encoding: chunked
08-13 18:08:41.964  1125 18167 D HttpInterceptLogger: [, , 0]:{Thread:RxCachedThreadScheduler-300}Connection: keep-alive
08-13 18:08:41.964  1125 18167 D HttpInterceptLogger: [, , 0]:{Thread:RxCachedThreadScheduler-300}Keep-Alive: timeout=60
08-13 18:08:41.964  1125 18167 D HttpInterceptLogger: [, , 0]:{Thread:RxCachedThreadScheduler-300}traceId: IeOiMYHG
08-13 18:08:41.964  1125 18167 D HttpInterceptLogger: [, , 0]:{Thread:RxCachedThreadScheduler-300}Server: *
08-13 18:08:41.964  1125 18167 D HttpInterceptLogger: [, , 0]:{Thread:RxCachedThreadScheduler-300}Content-Encoding: gzip
08-13 18:08:41.965  1125 18167 D HttpInterceptLogger: [, , 0]:{Thread:RxCachedThreadScheduler-300}
08-13 18:08:41.965  1125 18167 D HttpInterceptLogger: [, , 0]:{Thread:RxCachedThreadScheduler-300}{"recode":200,"msg":"成功","traceId":"IeOiMYHG_1786615722203","data":[{"entryType":1,"jumpParam":null,"desktopId":"489730987341643864","desktopType":0,"desktopTypeName":"标准版","desktopTypeIcon":null,"version":2,"alignType":1,"tabPosition":2,"labelList":[],"desktopStyle":1,"baseScreenSize":{"width":1280,"height":800},"isDefault":1},{"entryType":1,"jumpParam":null,"desktopId":"471202850614018361","desktopType":33,"desktopTypeName":"关爱模式","desktopTypeIcon":null,"version":9,"alignType":2,"tabPosition":1,"labelList":[],"desktopStyle":4,"baseScreenSize":{"width":1280,"height":800},"isDefault":0}],"success":true}
08-13 18:08:41.965  1125 18167 D HttpInterceptLogger: [, , 0]:{Thread:RxCachedThreadScheduler-300}<-- END HTTP (628-byte, 345-gzipped-byte body)
08-13 18:08:41.965  1125 18167 D EpgHome : [, , 0]:{Thread:RxCachedThreadScheduler-300}网络请求https://device.yjdp.komect.com/yjfp/dms-rest/desktopPreviewInfo耗时:237ms
08-13 18:08:41.966  1125  1125 I CommonObserver: t EpgCommonHttpResult
08-13 18:08:41.966  1125  1125 I CommonObserver: body.getRecode(): 200
08-13 18:08:41.967  1125  1125 E ReflashDesktopPresenter: [, , 0]:{Thread:main}<getDesktopPreviewInfo> 获取桌面列表 耗时：244ms
08-13 18:08:41.968  1125  1405 E LruJsonCache: [, , 0]:{Thread:pool-8-thread-3}save DesktopList
08-13 18:08:41.966  1125  1125 I pool-8-thread-3: type=1400 audit(0.0:7137): avc:  denied  { write } for  name="LruJsonCache" dev="mmcblk0p31" ino=1659 scontext=u:r:zygote:s0 tcontext=u:object_r:system_data_file:s0 tclass=dir permissive=1
08-13 18:08:41.966  1125  1125 I pool-8-thread-3: type=1400 audit(0.0:7138): avc:  denied  { add_name } for  name="com.cmri.aijia.epghome.model.DesktopInfo_52_List.tmp" scontext=u:r:zygote:s0 tcontext=u:object_r:system_data_file:s0 tclass=dir permissive=1
08-13 18:08:41.966  1125  1125 I pool-8-thread-3: type=1400 audit(0.0:7139): avc:  denied  { create } for  name="com.cmri.aijia.epghome.model.DesktopInfo_52_List.tmp" scontext=u:r:zygote:s0 tcontext=u:object_r:system_data_file:s0 tclass=file permissive=1
08-13 18:08:41.969  1125  1125 I EpgHomeFragment: [, , 0]:{Thread:main}是否需要刷新桌面 needReflashDesktop:false
08-13 18:08:41.990  1125  1125 I pool-8-thread-3: type=1400 audit(0.0:7140): avc:  denied  { remove_name } for  name="com.cmri.aijia.epghome.model.DesktopInfo_52_List.tmp" dev="mmcblk0p31" ino=7292 scontext=u:r:zygote:s0 tcontext=u:object_r:system_data_file:s0 tclass=dir permissive=1
08-13 18:08:41.990  1125  1125 I pool-8-thread-3: type=1400 audit(0.0:7141): avc:  denied  { rename } for  name="com.cmri.aijia.epghome.model.DesktopInfo_52_List.tmp" dev="mmcblk0p31" ino=7292 scontext=u:r:zygote:s0 tcontext=u:object_r:system_data_file:s0 tclass=file permissive=1
08-13 18:08:42.013     0     0 W [1 T1405  ..] audit: audit_lost=3089 audit_rate_limit=5 audit_backlog_limit=64
08-13 18:08:42.013     0     0 E [1 T1405  ..] audit: rate limit exceeded
08-13 18:08:42.113   472   831 I NU-AmNuPlayerDriver: [#8] [getCurrentPosition][752] position : 13151 msec
08-13 18:08:42.203   486   486 D logging : UDISK 6A6F-168B
08-13 18:08:42.203   486   486 E logging : falied access file 2
08-13 18:08:43.023   352  1266 I audio_hw_hal_stream: aml_stream_out_info_print: out:0xf0ec6be0, stream_type:pcm, sync_mode:non tunnel, input_size:35799040 bytes
08-13 18:08:43.023   352  1266 I audio_hw_hal_stream: aml_stream_out_info_print: last_time:33335730 ms (sec:33335, nsec:730702018), last_position:186346 ms (8944640), cur_time:33335770 ms (sec:33335, nsec:770699977), cur_position:186386 ms (8946560)
08-13 18:08:43.023   352  1266 I audio_hw_hal_stream: aml_stream_out_info_print: time_gap:40 ms (thr:100 ms), position_gap:40 ms, delay:66 ms, jitter: Position gap is ahead of system time gap by 0 ms (thr:100 ms)
08-13 18:08:43.123   472   831 I NU-AmNuPlayerDriver: [#8] [getCurrentPosition][752] position : 14161 msec
08-13 18:08:43.204   486   486 D logging : UDISK 6A6F-168B
08-13 18:08:43.204   486   486 E logging : falied access file 2
08-13 18:08:44.136   472   831 I NU-AmNuPlayerDriver: [#8] [getCurrentPosition][752] position : 15175 msec
08-13 18:08:44.206   486   486 D logging : UDISK 6A6F-168B
08-13 18:08:44.206   486   486 E logging : falied access file 2
08-13 18:08:44.494   472 18394 D BufferPoolAccessor2.0: bufferpool2 0xe7e41348 : 8(16777216 size) total buffers - 5(10485760 size) used buffers - 610/618 (recycle/alloc) - 8/1232 (fetch/transfer)
08-13 18:08:44.498   359 18396 D BufferPoolAccessor2.0: bufferpool2 0xe9dc3e08 : 4(18432 size) total buffers - 1(4608 size) used buffers - 613/617 (recycle/alloc) - 6/616 (fetch/transfer)
08-13 18:08:45.147   472   831 I NU-AmNuPlayerDriver: [#8] [getCurrentPosition][752] position : 16185 msec
08-13 18:08:45.207   486   486 D logging : UDISK 6A6F-168B
08-13 18:08:45.207   486   486 E logging : falied access file 2
08-13 18:08:46.157   472   831 I NU-AmNuPlayerDriver: [#8] [getCurrentPosition][752] position : 17195 msec
08-13 18:08:46.208   486   486 D logging : UDISK 6A6F-168B
08-13 18:08:46.208   486   486 E logging : falied access file 2
08-13 18:08:47.169   472   831 I NU-AmNuPlayerDriver: [#8] [getCurrentPosition][752] position : 18207 msec
08-13 18:08:47.210   486   486 D logging : UDISK 6A6F-168B
08-13 18:08:47.210   486   486 E logging : falied access file 2
08-13 18:08:48.063   352  1266 I audio_hw_hal_stream: aml_stream_out_info_print: out:0xf0ec6be0, stream_type:pcm, sync_mode:non tunnel, input_size:36765696 bytes
08-13 18:08:48.063   352  1266 I audio_hw_hal_stream: aml_stream_out_info_print: last_time:33340762 ms (sec:33340, nsec:762697521), last_position:191378 ms (9186176), cur_time:33340810 ms (sec:33340, nsec:810717271), cur_position:191426 ms (9188480)
08-13 18:08:48.063   352  1266 I audio_hw_hal_stream: aml_stream_out_info_print: time_gap:48 ms (thr:100 ms), position_gap:48 ms, delay:61 ms, jitter: Position gap is ahead of system time gap by 0 ms (thr:100 ms)
08-13 18:08:48.182   472   831 I NU-AmNuPlayerDriver: [#8] [getCurrentPosition][752] position : 19220 msec
08-13 18:08:48.211   486   486 D logging : UDISK 6A6F-168B
08-13 18:08:48.211   486   486 E logging : falied access file 2
08-13 18:08:48.883   472 18392 I NU-AmNuPlayerRenderer: PTS: AV sync info:Audio on Header 
08-13 18:08:48.883   472 18392 I NU-AmNuPlayerRenderer: PTS:   SystemTimeStamp:19921667
08-13 18:08:48.883   472 18392 I NU-AmNuPlayerRenderer: PTS:   Last AudioTimeStamp:20427755
08-13 18:08:48.883   472 18392 I NU-AmNuPlayerRenderer: PTS:   Last VideoTimeStamp:-1
08-13 18:08:48.884   472 18392 I NU-AmNuPlayerRenderer: PTS:   AV diff:19921668 ,Ajump:0,Vjump:0
08-13 18:08:48.884   472 18392 I NU-AmNuPlayerRenderer: PTS:   mAjumpedNum:0, mAudioJumped till now=33341636389
08-13 18:08:48.884   472 18392 I NU-AmNuPlayerRenderer: PTS:   mVjumpedNum:0, mVideoJumped till now=33341636389
08-13 18:08:48.884   472 18392 I NU-AmNuPlayerRenderer: PTS:   mTotalAudioJumpedTimeUs:0, mTotalAudioJumpedTimeUs:0
08-13 18:08:48.884   472 18392 I NU-AmNuPlayerRenderer: PTS:   mLastVideoUs:-1
08-13 18:08:48.884   472 18392 I NU-AmNuPlayerRenderer: PTS:   mLastAudioUs:20453877
08-13 18:08:48.884   472 18392 I NU-AmNuPlayerRenderer: PTS:   mAudioDelay 0 mFormat 0x1 mMs12Enabled 0
08-13 18:08:49.193   472   831 I NU-AmNuPlayerDriver: [#8] [getCurrentPosition][752] position : 20231 msec
08-13 18:08:49.212   486   486 D logging : UDISK 6A6F-168B
08-13 18:08:49.213   486   486 E logging : falied access file 2
08-13 18:08:49.744   472 18394 D BufferPoolAccessor2.0: bufferpool2 0xe7e41348 : 8(16777216 size) total buffers - 5(10485760 size) used buffers - 811/819 (recycle/alloc) - 8/1634 (fetch/transfer)
08-13 18:08:49.748   359 18396 D BufferPoolAccessor2.0: bufferpool2 0xe9dc3e08 : 4(18432 size) total buffers - 1(4608 size) used buffers - 814/818 (recycle/alloc) - 8/817 (fetch/transfer)
08-13 18:08:50.205   472   831 I NU-AmNuPlayerDriver: [#8] [getCurrentPosition][752] position : 21243 msec
08-13 18:08:50.213   486   486 D logging : UDISK 6A6F-168B
08-13 18:08:50.213   486   486 E logging : falied access file 2
08-13 18:08:51.215   486   486 D logging : UDISK 6A6F-168B
08-13 18:08:51.215   486   486 E logging : falied access file 2
08-13 18:08:51.222   472   831 I NU-AmNuPlayerDriver: [#8] [getCurrentPosition][752] position : 22260 msec
08-13 18:08:52.040 18354 18417 E demo-jni: next event: change@/devices/platform/soc/fe000000.apb4/fe067400.i2c/i2c-5/5-0024/power_supply/Battery
08-13 18:08:52.060     0     0 W [0 T358   ..] healthd: battery l=30 v=3733 t=0.0 h=2 st=2 chg=a
08-13 18:08:52.048   926   926 D HeadsetPhoneState: sendDeviceStateChanged. mService=0 mSignal=0 mRoam=0 mBatteryCharge=2
08-13 18:08:52.048   926   926 D HeadsetClientService: Send battery level update BIEV(2,30) command
08-13 18:08:52.051   864   864 E jarvis_action===: android.intent.action.BATTERY_CHANGED
08-13 18:08:52.051  1125  1125 D AJLEpgShortcutFragment: [, , 0]:{Thread:main}battery changed: 30%, isCharing:true, hasBattery:true
08-13 18:08:52.051   864   864 I jarvis_LxAgentApiClient: <asyncCallAgent> method=lingxi_report_client
08-13 18:08:52.050  1125  1125 I mect.ajlauncher: type=1400 audit(0.0:7143): avc:  denied  { call } for  scontext=u:r:zygote:s0 tcontext=u:r:surfaceflinger:s0 tclass=binder permissive=1
08-13 18:08:52.050   864   864 I JvsWork#1: type=1400 audit(0.0:7144): avc:  denied  { call } for  scontext=u:r:zygote:s0 tcontext=u:r:zygote:s0 tclass=binder permissive=1
08-13 18:08:52.052   864  1021 I jarvis_LxAgentApiClient: <callAgent> method=lingxi_report_client, params=Bundle[{commandId=7, header=null, body={"eventId":10,"eventMode":0,"params":{"power":"30"}}, msgId=1786615732}]
08-13 18:08:52.050   864   864 I JvsWork#1: type=1400 audit(0.0:7145): avc:  denied  { transfer } for  scontext=u:r:zygote:s0 tcontext=u:r:zygote:s0 tclass=binder permissive=1
08-13 18:08:52.053  1328  1328 E action===: [, , 0]:android.intent.action.BATTERY_CHANGED
08-13 18:08:52.053  1328  1328 E action===: android.intent.action.BATTERY_CHANGED
08-13 18:08:52.060   864  1021 I jarvis_LxAgentApiClient: <callAgent> method=lingxi_report_client, result=null
08-13 18:08:52.217   486   486 D logging : UDISK 6A6F-168B
08-13 18:08:52.217   486   486 E logging : falied access file 2
08-13 18:08:52.235   472   831 I NU-AmNuPlayerDriver: [#8] [getCurrentPosition][752] position : 23273 msec
08-13 18:08:53.095   352  1266 I audio_hw_hal_stream: aml_stream_out_info_print: out:0xf0ec6be0, stream_type:pcm, sync_mode:non tunnel, input_size:37732352 bytes
08-13 18:08:53.095   352  1266 I audio_hw_hal_stream: aml_stream_out_info_print: last_time:33345802 ms (sec:33345, nsec:802701023), last_position:196418 ms (9428096), cur_time:33345842 ms (sec:33345, nsec:842694232), cur_position:196458 ms (9430016)
08-13 18:08:53.095   352  1266 I audio_hw_hal_stream: aml_stream_out_info_print: time_gap:40 ms (thr:100 ms), position_gap:40 ms, delay:64 ms, jitter: Position gap is ahead of system time gap by 0 ms (thr:100 ms)
08-13 18:08:53.218   486   486 D logging : UDISK 6A6F-168B
08-13 18:08:53.218   486   486 E logging : falied access file 2
08-13 18:08:53.247   472   831 I NU-AmNuPlayerDriver: [#8] [getCurrentPosition][752] position : 24285 msec
08-13 18:08:54.218   486   486 D logging : UDISK 6A6F-168B
08-13 18:08:54.218   486   486 E logging : falied access file 2
08-13 18:08:54.257   472   525 I NU-AmNuPlayerDriver: [#8] [getCurrentPosition][752] position : 25296 msec
08-13 18:08:54.291  1354  2272 D dlna    : ip192.168.1.3
08-13 18:08:54.291  1354  2272 I dlna    : announce: 192.168.1.3
08-13 18:08:54.292  1354  2272 D HTTPMUSocket: HTTPMUSocket::open: addr=239.255.255.250, port=1900, bindAddr=/192.168.1.3
08-13 18:08:54.295  1354  2272 D TrafficStats: tagSocket(6) with statsTag=0xffffffff, statsUid=-1
08-13 18:08:54.304  1354  2272 D TrafficStats: tagSocket(69) with statsTag=0xffffffff, statsUid=-1
08-13 18:08:54.993   472 18394 D BufferPoolAccessor2.0: bufferpool2 0xe7e41348 : 8(16777216 size) total buffers - 5(10485760 size) used buffers - 1012/1020 (recycle/alloc) - 8/2036 (fetch/transfer)
08-13 18:08:54.997   359 18396 D BufferPoolAccessor2.0: bufferpool2 0xe9dc3e08 : 4(18432 size) total buffers - 1(4608 size) used buffers - 1015/1019 (recycle/alloc) - 9/1018 (fetch/transfer)
08-13 18:08:55.219   486   486 D logging : UDISK 6A6F-168B
08-13 18:08:55.219   486   486 E logging : falied access file 2
08-13 18:08:55.270   472   525 I NU-AmNuPlayerDriver: [#8] [getCurrentPosition][752] position : 26309 msec
08-13 18:08:55.614 15978 15978 I Chrome_ChildIOT: type=1400 audit(0.0:7146): avc:  denied  { read } for  scontext=u:r:isolated_app:s0:c512,c768 tcontext=u:r:zygote:s0 tclass=unix_stream_socket permissive=1
08-13 18:08:55.618 15978 15978 I CrRendererMain: type=1400 audit(0.0:7147): avc:  denied  { write } for  scontext=u:r:isolated_app:s0:c512,c768 tcontext=u:r:zygote:s0 tclass=unix_stream_socket permissive=1
08-13 18:08:55.626  1328  1328 I MemoryInfra: type=1400 audit(0.0:7148): avc:  denied  { write } for  dev="tmpfs" ino=786449 scontext=u:r:zygote:s0 tcontext=u:object_r:appdomain_tmpfs:s0:c512,c768 tclass=file permissive=1
08-13 18:08:55.626 15978 15978 I MemoryInfra: type=1400 audit(0.0:7149): avc:  denied  { write } for  dev="tmpfs" ino=784804 scontext=u:r:isolated_app:s0:c512,c768 tcontext=u:object_r:zygote_tmpfs:s0 tclass=file permissive=1
08-13 18:08:56.220   486   486 D logging : UDISK 6A6F-168B
08-13 18:08:56.220   486   486 E logging : falied access file 2
08-13 18:08:56.284   472   525 I NU-AmNuPlayerDriver: [#8] [getCurrentPosition][752] position : 27322 msec
08-13 18:08:57.222   486   486 D logging : UDISK 6A6F-168B
08-13 18:08:57.222   486   486 E logging : falied access file 2
08-13 18:08:57.298   472   525 I NU-AmNuPlayerDriver: [#8] [getCurrentPosition][752] position : 28337 msec
08-13 18:08:58.127   352  1266 I audio_hw_hal_stream: aml_stream_out_info_print: out:0xf0ec6be0, stream_type:pcm, sync_mode:non tunnel, input_size:38699008 bytes
08-13 18:08:58.127   352  1266 I audio_hw_hal_stream: aml_stream_out_info_print: last_time:33350834 ms (sec:33350, nsec:834692526), last_position:201450 ms (9669632), cur_time:33350874 ms (sec:33350, nsec:874692984), cur_position:201490 ms (9671552)
08-13 18:08:58.127   352  1266 I audio_hw_hal_stream: aml_stream_out_info_print: time_gap:40 ms (thr:100 ms), position_gap:40 ms, delay:66 ms, jitter: Position gap is ahead of system time gap by 0 ms (thr:100 ms)
08-13 18:08:58.223   486   486 D logging : UDISK 6A6F-168B
08-13 18:08:58.223   486   486 E logging : falied access file 2
08-13 18:08:58.312   472   525 I NU-AmNuPlayerDriver: [#8] [getCurrentPosition][752] position : 29351 msec
08-13 18:08:58.382  1125  1125 I RxCachedThreadS: type=1400 audit(0.0:7150): avc:  denied  { read } for  name="hpd_state" dev="sysfs" ino=33716 scontext=u:r:zygote:s0 tcontext=u:object_r:sysfs_amhdmitx:s0 tclass=file permissive=1
08-13 18:08:58.382  1125  1125 I RxCachedThreadS: type=1400 audit(0.0:7151): avc:  denied  { open } for  path="/sys/devices/virtual/amhdmitx/amhdmitx0/hpd_state" dev="sysfs" ino=33716 scontext=u:r:zygote:s0 tcontext=u:object_r:sysfs_amhdmitx:s0 tclass=file permissive=1
08-13 18:08:58.382  1125  1125 I RxCachedThreadS: type=1400 audit(0.0:7152): avc:  denied  { getattr } for  path="/sys/devices/virtual/amhdmitx/amhdmitx0/hpd_state" dev="sysfs" ino=33716 scontext=u:r:zygote:s0 tcontext=u:object_r:sysfs_amhdmitx:s0 tclass=file permissive=1
08-13 18:08:58.924   472 18392 I NU-AmNuPlayerRenderer: PTS: AV sync info:Audio on Header 
08-13 18:08:58.924   472 18392 I NU-AmNuPlayerRenderer: PTS:   SystemTimeStamp:29962185
08-13 18:08:58.924   472 18392 I NU-AmNuPlayerRenderer: PTS:   Last AudioTimeStamp:30458775
08-13 18:08:58.924   472 18392 I NU-AmNuPlayerRenderer: PTS:   Last VideoTimeStamp:-1
08-13 18:08:58.924   472 18392 I NU-AmNuPlayerRenderer: PTS:   AV diff:29962186 ,Ajump:0,Vjump:0
08-13 18:08:58.924   472 18392 I NU-AmNuPlayerRenderer: PTS:   mAjumpedNum:0, mAudioJumped till now=33351676907
08-13 18:08:58.924   472 18392 I NU-AmNuPlayerRenderer: PTS:   mVjumpedNum:0, mVideoJumped till now=33351676907
08-13 18:08:58.924   472 18392 I NU-AmNuPlayerRenderer: PTS:   mTotalAudioJumpedTimeUs:0, mTotalAudioJumpedTimeUs:0
08-13 18:08:58.924   472 18392 I NU-AmNuPlayerRenderer: PTS:   mLastVideoUs:-1
08-13 18:08:58.924   472 18392 I NU-AmNuPlayerRenderer: PTS:   mLastAudioUs:30484897
08-13 18:08:58.924   472 18392 I NU-AmNuPlayerRenderer: PTS:   mAudioDelay 0 mFormat 0x1 mMs12Enabled 0
08-13 18:08:59.223   486   486 D logging : UDISK 6A6F-168B
08-13 18:08:59.223   486   486 E logging : falied access file 2
08-13 18:08:59.324   472   525 I NU-AmNuPlayerDriver: [#8] [getCurrentPosition][752] position : 30362 msec
08-13 18:08:59.470   501   501 I xiriservice_All: type=1400 audit(0.0:7153): avc:  denied  { ioctl } for  path="/dev/input/event3" dev="tmpfs" ino=644 ioctlcmd=0x4502 scontext=u:r:xiriservice_All:s0 tcontext=u:object_r:input_device:s0 tclass=chr_file permissive=1
08-13 18:08:59.471   501   501 D XIRI_driver: send to xiri: {"cmd":"key","event":1,"keycode":330,"pid":0,"vid":0,"devnum":0}
08-13 18:08:59.472   501   501 D XIRI_driver: send to xiri: {"cmd":"key","event":1,"keycode":325,"pid":0,"vid":0,"devnum":0}
08-13 18:08:59.475   563   584 D WindowManager: MotionEvent: action=ACTION_DOWN x=191.0 y=722.0 eventTime=33352224 pointerCount=1
08-13 18:08:59.490     0     0 W [0 T100   ..] jadard_ts_work: Entering
08-13 18:08:59.477 15654 15814 W SQLiteLog: (28) double-quoted string literal: "2026-08-13"
08-13 18:08:59.474   966   966 I binder:966_2: type=1400 audit(0.0:7154): avc:  denied  { call } for  scontext=u:r:priv_app:s0:c512,c768 tcontext=u:r:zygote:s0 tclass=binder permissive=1 app=com.android.systemui
08-13 18:08:59.479   864  6827 I jarvis_ : System call method methodId = touch_down
08-13 18:08:59.480   864  1124 I jarvis_ : System call method methodId = touch_down
08-13 18:08:59.480   563   584 D WindowManager: MotionEvent: action=ACTION_MOVE x=191.0 y=722.0 eventTime=33352232 pointerCount=1
08-13 18:08:59.498     0     0 W [0 T100   ..] jadard_ts_work: Entering
08-13 18:08:59.489   563   584 D WindowManager: MotionEvent: action=ACTION_MOVE x=191.0 y=722.0 eventTime=33352240 pointerCount=1
08-13 18:08:59.506     0     0 W [0 T100   ..] jadard_ts_work: Entering
08-13 18:08:59.497   563   584 D WindowManager: MotionEvent: action=ACTION_MOVE x=191.0 y=722.0 eventTime=33352249 pointerCount=1
08-13 18:08:59.515     0     0 W [0 T100   ..] jadard_ts_work: Entering
08-13 18:08:59.506   563   584 D WindowManager: MotionEvent: action=ACTION_MOVE x=191.0 y=722.0 eventTime=33352257 pointerCount=1
08-13 18:08:59.523     0     0 W [0 T100   ..] jadard_ts_work: Entering
08-13 18:08:59.514   563   584 D WindowManager: MotionEvent: action=ACTION_MOVE x=191.0 y=722.0 eventTime=33352266 pointerCount=1
08-13 18:08:59.532     0     0 W [0 T100   ..] jadard_ts_work: Entering
08-13 18:08:59.522   563   584 D WindowManager: MotionEvent: action=ACTION_MOVE x=191.0 y=722.0 eventTime=33352274 pointerCount=1
08-13 18:08:59.540     0     0 W [0 T100   ..] jadard_ts_work: Entering
08-13 18:08:59.531   563   584 D WindowManager: MotionEvent: action=ACTION_MOVE x=191.0 y=722.0 eventTime=33352283 pointerCount=1
08-13 18:08:59.548     0     0 W [0 T100   ..] jadard_ts_work: Entering
08-13 18:08:59.556     0     0 W [0 T100   ..] jadard_ts_work: Entering
08-13 18:08:59.539   563   584 D WindowManager: MotionEvent: action=ACTION_MOVE x=191.0 y=722.0 eventTime=33352291 pointerCount=1
08-13 18:08:59.565     0     0 W [0 T100   ..] jadard_ts_work: Entering
08-13 18:08:59.547   563   584 D WindowManager: MotionEvent: action=ACTION_MOVE x=191.0 y=722.0 eventTime=33352299 pointerCount=1
08-13 18:08:59.573     0     0 W [0 T100   ..] jadard_ts_work: Entering
08-13 18:08:59.555   563   584 D WindowManager: MotionEvent: action=ACTION_MOVE x=191.0 y=722.0 eventTime=33352307 pointerCount=1
08-13 18:08:59.564   563   584 D WindowManager: MotionEvent: action=ACTION_MOVE x=191.0 y=722.0 eventTime=33352316 pointerCount=1
08-13 18:08:59.582     0     0 W [0 T100   ..] jadard_ts_work: Entering
08-13 18:08:59.572   563   584 D WindowManager: MotionEvent: action=ACTION_MOVE x=191.0 y=722.0 eventTime=33352324 pointerCount=1
08-13 18:08:59.590     0     0 W [0 T100   ..] jadard_ts_work: Entering
08-13 18:08:59.581   563   584 D WindowManager: MotionEvent: action=ACTION_MOVE x=191.0 y=722.0 eventTime=33352332 pointerCount=1
08-13 18:08:59.598     0     0 W [0 T100   ..] jadard_ts_work: Entering
08-13 18:08:59.589   563   584 D WindowManager: MotionEvent: action=ACTION_MOVE x=191.0 y=722.0 eventTime=33352341 pointerCount=1
08-13 18:08:59.606     0     0 W [0 T100   ..] jadard_ts_work: Entering
08-13 18:08:59.598   563   584 D WindowManager: MotionEvent: action=ACTION_MOVE x=191.0 y=722.0 eventTime=33352349 pointerCount=1
08-13 18:08:59.615     0     0 W [0 T100   ..] jadard_ts_work: Entering
08-13 18:08:59.605   563   584 D WindowManager: MotionEvent: action=ACTION_MOVE x=191.0 y=722.0 eventTime=33352357 pointerCount=1
08-13 18:08:59.623     0     0 W [0 T100   ..] jadard_ts_work: Entering
08-13 18:08:59.632     0     0 W [0 T100   ..] jadard_ts_work: Entering
08-13 18:08:59.615   563   584 D WindowManager: MotionEvent: action=ACTION_MOVE x=191.0 y=722.0 eventTime=33352366 pointerCount=1
08-13 18:08:59.639     0     0 W [0 T100   ..] jadard_ts_work: Entering
08-13 18:08:59.622   563   584 D WindowManager: MotionEvent: action=ACTION_MOVE x=191.0 y=722.0 eventTime=33352373 pointerCount=1
08-13 18:08:59.630   563   584 D WindowManager: MotionEvent: action=ACTION_MOVE x=191.0 y=722.0 eventTime=33352382 pointerCount=1
08-13 18:08:59.648     0     0 W [0 T100   ..] jadard_ts_work: Entering
08-13 18:08:59.656     0     0 W [0 T100   ..] jadard_ts_work: Entering
08-13 18:08:59.639   563   584 D WindowManager: MotionEvent: action=ACTION_MOVE x=191.0 y=722.0 eventTime=33352391 pointerCount=1
08-13 18:08:59.665     0     0 W [0 T100   ..] jadard_ts_work: Entering
08-13 18:08:59.647   563   584 D WindowManager: MotionEvent: action=ACTION_MOVE x=191.0 y=722.0 eventTime=33352399 pointerCount=1
08-13 18:08:59.673     0     0 W [0 T100   ..] jadard_ts_work: Entering
08-13 18:08:59.664   563   584 D WindowManager: MotionEvent: action=ACTION_MOVE x=191.0 y=722.0 eventTime=33352416 pointerCount=1
08-13 18:08:59.682     0     0 W [0 T100   ..] jadard_ts_work: Entering
08-13 18:08:59.673   563   584 D WindowManager: MotionEvent: action=ACTION_MOVE x=191.0 y=722.0 eventTime=33352424 pointerCount=1
08-13 18:08:59.690     0     0 W [0 T100   ..] jadard_ts_work: Entering
08-13 18:08:59.681   563   584 D WindowManager: MotionEvent: action=ACTION_MOVE x=191.0 y=722.0 eventTime=33352433 pointerCount=1
08-13 18:08:59.699     0     0 W [0 T100   ..] jadard_ts_work: Entering
08-13 18:08:59.707     0     0 W [0 T100   ..] jadard_ts_work: Entering
08-13 18:08:59.697   563   584 D WindowManager: MotionEvent: action=ACTION_MOVE x=191.0 y=722.0 eventTime=33352449 pointerCount=1
08-13 18:08:59.715     0     0 W [0 T100   ..] jadard_ts_work: Entering
08-13 18:08:59.705   563   584 D WindowManager: MotionEvent: action=ACTION_MOVE x=191.0 y=722.0 eventTime=33352457 pointerCount=1
08-13 18:08:59.722     0     0 W [0 T100   ..] jadard_ts_work: Entering
08-13 18:08:59.713   563   584 D WindowManager: MotionEvent: action=ACTION_MOVE x=191.0 y=722.0 eventTime=33352465 pointerCount=1
08-13 18:08:59.731     0     0 W [0 T100   ..] jadard_ts_work: Entering
08-13 18:08:59.722   563   584 D WindowManager: MotionEvent: action=ACTION_MOVE x=192.0 y=722.0 eventTime=33352473 pointerCount=1
08-13 18:08:59.739     0     0 W [0 T100   ..] jadard_ts_work: Entering
08-13 18:08:59.748     0     0 W [0 T100   ..] jadard_ts_work: Entering
08-13 18:08:59.733   563   584 D WindowManager: MotionEvent: action=ACTION_MOVE x=193.0 y=722.0 eventTime=33352482 pointerCount=1
08-13 18:08:59.738   563   584 D WindowManager: MotionEvent: action=ACTION_MOVE x=194.0 y=722.0 eventTime=33352490 pointerCount=1
08-13 18:08:59.756     0     0 W [0 T100   ..] jadard_ts_work: Entering
08-13 18:08:59.764     0     0 W [0 T100   ..] jadard_ts_work: Entering
08-13 18:08:59.749   563   584 D WindowManager: MotionEvent: action=ACTION_MOVE x=196.0 y=722.0 eventTime=33352499 pointerCount=1
08-13 18:08:59.755   563   584 D WindowManager: MotionEvent: action=ACTION_MOVE x=198.0 y=722.0 eventTime=33352507 pointerCount=1
08-13 18:08:59.772     0     0 W [0 T100   ..] jadard_ts_work: Entering
08-13 18:08:59.781     0     0 W [0 T100   ..] jadard_ts_work: Entering
08-13 18:08:59.765   563   584 D WindowManager: MotionEvent: action=ACTION_MOVE x=201.0 y=722.0 eventTime=33352515 pointerCount=1
08-13 18:08:59.789     0     0 W [0 T100   ..] jadard_ts_work: Entering
08-13 18:08:59.772   563   584 D WindowManager: MotionEvent: action=ACTION_MOVE x=204.0 y=722.0 eventTime=33352523 pointerCount=1
08-13 18:08:59.780   563   584 D WindowManager: MotionEvent: action=ACTION_MOVE x=207.0 y=722.0 eventTime=33352532 pointerCount=1
08-13 18:08:59.798     0     0 W [0 T100   ..] jadard_ts_work: Entering
08-13 18:08:59.788   563   584 D WindowManager: MotionEvent: action=ACTION_MOVE x=210.0 y=722.0 eventTime=33352540 pointerCount=1
08-13 18:08:59.806     0     0 W [0 T100   ..] jadard_ts_work: Entering
08-13 18:08:59.797   563   584 D WindowManager: MotionEvent: action=ACTION_MOVE x=213.0 y=723.0 eventTime=33352549 pointerCount=1
08-13 18:08:59.815     0     0 W [0 T100   ..] jadard_ts_work: Entering
08-13 18:08:59.805   563   584 D WindowManager: MotionEvent: action=ACTION_MOVE x=216.0 y=723.0 eventTime=33352557 pointerCount=1
08-13 18:08:59.822     0     0 W [0 T100   ..] jadard_ts_work: Entering
08-13 18:08:59.814   563   584 D WindowManager: MotionEvent: action=ACTION_MOVE x=218.0 y=723.0 eventTime=33352565 pointerCount=1
08-13 18:08:59.831     0     0 W [0 T100   ..] jadard_ts_work: Entering
08-13 18:08:59.822   563   584 D WindowManager: MotionEvent: action=ACTION_MOVE x=220.0 y=723.0 eventTime=33352574 pointerCount=1
08-13 18:08:59.840     0     0 W [0 T100   ..] jadard_ts_work: Entering
08-13 18:08:59.831   563   584 D WindowManager: MotionEvent: action=ACTION_MOVE x=222.0 y=723.0 eventTime=33352583 pointerCount=1
08-13 18:08:59.848     0     0 W [0 T100   ..] jadard_ts_work: Entering
08-13 18:08:59.856     0     0 W [0 T100   ..] jadard_ts_work: Entering
08-13 18:08:59.839   563   584 D WindowManager: MotionEvent: action=ACTION_MOVE x=224.0 y=723.0 eventTime=33352591 pointerCount=1
08-13 18:08:59.865     0     0 W [0 T100   ..] jadard_ts_work: Entering
08-13 18:08:59.848   563   584 D WindowManager: MotionEvent: action=ACTION_MOVE x=226.0 y=723.0 eventTime=33352599 pointerCount=1
08-13 18:08:59.873     0     0 W [0 T100   ..] jadard_ts_work: Entering
08-13 18:08:59.856   563   584 D WindowManager: MotionEvent: action=ACTION_MOVE x=228.0 y=723.0 eventTime=33352607 pointerCount=1
08-13 18:08:59.864   563   584 D WindowManager: MotionEvent: action=ACTION_MOVE x=229.0 y=722.0 eventTime=33352616 pointerCount=1
08-13 18:08:59.882     0     0 W [0 T100   ..] jadard_ts_work: Entering
08-13 18:08:59.872   563   584 D WindowManager: MotionEvent: action=ACTION_MOVE x=231.0 y=722.0 eventTime=33352624 pointerCount=1
08-13 18:08:59.890     0     0 W [0 T100   ..] jadard_ts_work: Entering
08-13 18:08:59.883   563   584 D WindowManager: MotionEvent: action=ACTION_MOVE x=233.0 y=722.0 eventTime=33352633 pointerCount=1
08-13 18:08:59.898     0     0 W [0 T100   ..] jadard_ts_work: Entering
08-13 18:08:59.888   563   584 D WindowManager: MotionEvent: action=ACTION_MOVE x=235.0 y=722.0 eventTime=33352640 pointerCount=1
08-13 18:08:59.906     0     0 W [0 T100   ..] jadard_ts_work: Entering
08-13 18:08:59.897   563   584 D WindowManager: MotionEvent: action=ACTION_MOVE x=236.0 y=722.0 eventTime=33352649 pointerCount=1
08-13 18:08:59.914     0     0 W [0 T100   ..] jadard_ts_work: Entering
08-13 18:08:59.905   563   584 D WindowManager: MotionEvent: action=ACTION_MOVE x=238.0 y=722.0 eventTime=33352657 pointerCount=1
08-13 18:08:59.922     0     0 W [0 T100   ..] jadard_ts_work: Entering
08-13 18:08:59.915   563   584 D WindowManager: MotionEvent: action=ACTION_MOVE x=239.0 y=722.0 eventTime=33352665 pointerCount=1
08-13 18:08:59.931     0     0 W [0 T100   ..] jadard_ts_work: Entering
08-13 18:08:59.922   563   584 D WindowManager: MotionEvent: action=ACTION_MOVE x=241.0 y=722.0 eventTime=33352673 pointerCount=1
08-13 18:08:59.939     0     0 W [0 T100   ..] jadard_ts_work: Entering
08-13 18:08:59.930   563   584 D WindowManager: MotionEvent: action=ACTION_MOVE x=242.0 y=722.0 eventTime=33352682 pointerCount=1
08-13 18:08:59.948     0     0 W [0 T100   ..] jadard_ts_work: Entering
08-13 18:08:59.938   563   584 D WindowManager: MotionEvent: action=ACTION_MOVE x=244.0 y=722.0 eventTime=33352690 pointerCount=1
08-13 18:08:59.956     0     0 W [0 T100   ..] jadard_ts_work: Entering
08-13 18:08:59.947   563   584 D WindowManager: MotionEvent: action=ACTION_MOVE x=245.0 y=723.0 eventTime=33352699 pointerCount=1
08-13 18:08:59.964     0     0 W [0 T100   ..] jadard_ts_work: Entering
08-13 18:08:59.973     0     0 W [0 T100   ..] jadard_ts_work: Entering
08-13 18:08:59.955   563   584 D WindowManager: MotionEvent: action=ACTION_MOVE x=247.0 y=723.0 eventTime=33352707 pointerCount=1
08-13 18:08:59.981     0     0 W [0 T100   ..] jadard_ts_work: Entering
08-13 18:08:59.964   563   584 D WindowManager: MotionEvent: action=ACTION_MOVE x=248.0 y=723.0 eventTime=33352715 pointerCount=1
08-13 18:08:59.989     0     0 W [0 T100   ..] jadard_ts_work: Entering
08-13 18:08:59.972   563   584 D WindowManager: MotionEvent: action=ACTION_MOVE x=249.0 y=723.0 eventTime=33352723 pointerCount=1
08-13 18:08:59.980   563   584 D WindowManager: MotionEvent: action=ACTION_MOVE x=250.0 y=723.0 eventTime=33352732 pointerCount=1
08-13 18:08:59.998     0     0 W [0 T100   ..] jadard_ts_work: Entering
08-13 18:08:59.989   563   584 D WindowManager: MotionEvent: action=ACTION_MOVE x=251.0 y=723.0 eventTime=33352740 pointerCount=1
08-13 18:09:00.006     0     0 W [0 T100   ..] jadard_ts_work: Entering
08-13 18:08:59.999   563   584 D WindowManager: MotionEvent: action=ACTION_MOVE x=252.0 y=723.0 eventTime=33352749 pointerCount=1
08-13 18:09:00.014     0     0 W [0 T100   ..] jadard_ts_work: Entering
08-13 18:09:00.005   563   584 D WindowManager: MotionEvent: action=ACTION_MOVE x=254.0 y=723.0 eventTime=33352757 pointerCount=1
08-13 18:09:00.023     0     0 W [0 T100   ..] jadard_ts_work: Entering
08-13 18:09:00.014   563   584 D WindowManager: MotionEvent: action=ACTION_MOVE x=255.0 y=723.0 eventTime=33352765 pointerCount=1
08-13 18:09:00.031     0     0 W [0 T100   ..] jadard_ts_work: Entering
08-13 18:09:00.022   563   584 D WindowManager: MotionEvent: action=ACTION_MOVE x=257.0 y=723.0 eventTime=33352774 pointerCount=1
08-13 18:09:00.040     0     0 W [0 T100   ..] jadard_ts_work: Entering
08-13 18:09:00.031   563   584 D WindowManager: MotionEvent: action=ACTION_MOVE x=258.0 y=723.0 eventTime=33352782 pointerCount=1
08-13 18:09:00.048     0     0 W [0 T100   ..] jadard_ts_work: Entering
08-13 18:09:00.039   563   584 D WindowManager: MotionEvent: action=ACTION_MOVE x=260.0 y=723.0 eventTime=33352791 pointerCount=1
08-13 18:09:00.056     0     0 W [0 T100   ..] jadard_ts_work: Entering
08-13 18:09:00.065     0     0 W [0 T100   ..] jadard_ts_work: Entering
08-13 18:09:00.048   563   584 D WindowManager: MotionEvent: action=ACTION_MOVE x=261.0 y=723.0 eventTime=33352799 pointerCount=1
08-13 18:09:00.073     0     0 W [0 T100   ..] jadard_ts_work: Entering
08-13 18:09:00.056   563   584 D WindowManager: MotionEvent: action=ACTION_MOVE x=263.0 y=723.0 eventTime=33352807 pointerCount=1
08-13 18:09:00.064   563   584 D WindowManager: MotionEvent: action=ACTION_MOVE x=264.0 y=723.0 eventTime=33352816 pointerCount=1
08-13 18:09:00.082     0     0 W [0 T100   ..] jadard_ts_work: Entering
08-13 18:09:00.072   563   584 D WindowManager: MotionEvent: action=ACTION_MOVE x=266.0 y=723.0 eventTime=33352824 pointerCount=1
08-13 18:09:00.090     0     0 W [0 T100   ..] jadard_ts_work: Entering
08-13 18:09:00.081   563   584 D WindowManager: MotionEvent: action=ACTION_MOVE x=267.0 y=723.0 eventTime=33352833 pointerCount=1
08-13 18:09:00.099     0     0 W [0 T100   ..] jadard_ts_work: Entering
08-13 18:09:00.090   563   584 D WindowManager: MotionEvent: action=ACTION_MOVE x=269.0 y=723.0 eventTime=33352841 pointerCount=1
08-13 18:09:00.106     0     0 W [0 T100   ..] jadard_ts_work: Entering
08-13 18:09:00.097   563   584 D WindowManager: MotionEvent: action=ACTION_MOVE x=270.0 y=723.0 eventTime=33352849 pointerCount=1
08-13 18:09:00.115     0     0 W [0 T100   ..] jadard_ts_work: Entering
08-13 18:09:00.106   563   584 D WindowManager: MotionEvent: action=ACTION_MOVE x=272.0 y=723.0 eventTime=33352857 pointerCount=1
08-13 18:09:00.107   472 18394 D BufferPoolAccessor2.0: bufferpool2 0xe7e41348 : 8(16777216 size) total buffers - 5(10485760 size) used buffers - 1208/1216 (recycle/alloc) - 8/2428 (fetch/transfer)
08-13 18:09:00.123     0     0 W [0 T100   ..] jadard_ts_work: Entering
08-13 18:09:00.114   563   584 D WindowManager: MotionEvent: action=ACTION_MOVE x=273.0 y=723.0 eventTime=33352866 pointerCount=1
08-13 18:09:00.132     0     0 W [0 T100   ..] jadard_ts_work: Entering
08-13 18:09:00.122   563   584 D WindowManager: MotionEvent: action=ACTION_MOVE x=275.0 y=723.0 eventTime=33352874 pointerCount=1
08-13 18:09:00.140     0     0 W [0 T100   ..] jadard_ts_work: Entering
08-13 18:09:00.131   563   584 D WindowManager: MotionEvent: action=ACTION_MOVE x=276.0 y=723.0 eventTime=33352883 pointerCount=1
08-13 18:09:00.148     0     0 W [0 T100   ..] jadard_ts_work: Entering
08-13 18:09:00.138   563   584 D WindowManager: MotionEvent: action=ACTION_MOVE x=278.0 y=723.0 eventTime=33352890 pointerCount=1
08-13 18:09:00.156     0     0 W [0 T100   ..] jadard_ts_work: Entering
08-13 18:09:00.147   563   584 D WindowManager: MotionEvent: action=ACTION_MOVE x=279.0 y=723.0 eventTime=33352899 pointerCount=1
08-13 18:09:00.164     0     0 W [0 T100   ..] jadard_ts_work: Entering
08-13 18:09:00.155   563   584 D WindowManager: MotionEvent: action=ACTION_MOVE x=281.0 y=723.0 eventTime=33352907 pointerCount=1
08-13 18:09:00.172     0     0 W [0 T100   ..] jadard_ts_work: Entering
08-13 18:09:00.181     0     0 W [0 T100   ..] jadard_ts_work: Entering
08-13 18:09:00.163   563   584 D WindowManager: MotionEvent: action=ACTION_MOVE x=282.0 y=724.0 eventTime=33352915 pointerCount=1
08-13 18:09:00.189     0     0 W [0 T100   ..] jadard_ts_work: Entering
08-13 18:09:00.171   563   584 D WindowManager: MotionEvent: action=ACTION_MOVE x=284.0 y=724.0 eventTime=33352923 pointerCount=1
08-13 18:09:00.180   563   584 D WindowManager: MotionEvent: action=ACTION_MOVE x=285.0 y=724.0 eventTime=33352932 pointerCount=1
08-13 18:09:00.198     0     0 W [0 T100   ..] jadard_ts_work: Entering
08-13 18:09:00.189   563   584 D WindowManager: MotionEvent: action=ACTION_MOVE x=287.0 y=724.0 eventTime=33352940 pointerCount=1
08-13 18:09:00.190   359 18396 D BufferPoolAccessor2.0: bufferpool2 0xe9dc3e08 : 4(18432 size) total buffers - 1(4608 size) used buffers - 1215/1219 (recycle/alloc) - 11/1218 (fetch/transfer)
08-13 18:09:00.206     0     0 W [0 T100   ..] jadard_ts_work: Entering
08-13 18:09:00.197   563   584 D WindowManager: MotionEvent: action=ACTION_MOVE x=288.0 y=724.0 eventTime=33352949 pointerCount=1
08-13 18:09:00.215     0     0 W [0 T100   ..] jadard_ts_work: Entering
08-13 18:09:00.205   563   584 D WindowManager: MotionEvent: action=ACTION_MOVE x=290.0 y=724.0 eventTime=33352957 pointerCount=1
08-13 18:09:00.223     0     0 W [0 T100   ..] jadard_ts_work: Entering
08-13 18:09:00.214   563   584 D WindowManager: MotionEvent: action=ACTION_MOVE x=291.0 y=724.0 eventTime=33352966 pointerCount=1
08-13 18:09:00.232     0     0 W [0 T100   ..] jadard_ts_work: Entering
08-13 18:09:00.222   563   584 D WindowManager: MotionEvent: action=ACTION_MOVE x=293.0 y=724.0 eventTime=33352974 pointerCount=1
08-13 18:09:00.240     0     0 W [0 T100   ..] jadard_ts_work: Entering
08-13 18:09:00.225   486   486 D logging : UDISK 6A6F-168B
08-13 18:09:00.225   486   486 E logging : falied access file 2
08-13 18:09:00.231   563   584 D WindowManager: MotionEvent: action=ACTION_MOVE x=294.0 y=724.0 eventTime=33352983 pointerCount=1
08-13 18:09:00.249     0     0 W [0 T100   ..] jadard_ts_work: Entering
08-13 18:09:00.257     0     0 W [0 T100   ..] jadard_ts_work: Entering
08-13 18:09:00.239   563   584 D WindowManager: MotionEvent: action=ACTION_MOVE x=296.0 y=724.0 eventTime=33352991 pointerCount=1
08-13 18:09:00.265     0     0 W [0 T100   ..] jadard_ts_work: Entering
08-13 18:09:00.249   563   584 D WindowManager: MotionEvent: action=ACTION_MOVE x=298.0 y=724.0 eventTime=33352999 pointerCount=1
08-13 18:09:00.273     0     0 W [0 T100   ..] jadard_ts_work: Entering
08-13 18:09:00.256   563   584 D WindowManager: MotionEvent: action=ACTION_MOVE x=300.0 y=724.0 eventTime=33353007 pointerCount=1
08-13 18:09:00.265   563   584 D WindowManager: MotionEvent: action=ACTION_MOVE x=301.0 y=724.0 eventTime=33353016 pointerCount=1
08-13 18:09:00.282     0     0 W [0 T100   ..] jadard_ts_work: Entering
08-13 18:09:00.272   563   584 D WindowManager: MotionEvent: action=ACTION_MOVE x=303.0 y=724.0 eventTime=33353024 pointerCount=1
08-13 18:09:00.290     0     0 W [0 T100   ..] jadard_ts_work: Entering
08-13 18:09:00.281   563   584 D WindowManager: MotionEvent: action=ACTION_MOVE x=304.0 y=724.0 eventTime=33353033 pointerCount=1
08-13 18:09:00.299     0     0 W [0 T100   ..] jadard_ts_work: Entering
08-13 18:09:00.289   563   584 D WindowManager: MotionEvent: action=ACTION_MOVE x=306.0 y=724.0 eventTime=33353041 pointerCount=1
08-13 18:09:00.306     0     0 W [0 T100   ..] jadard_ts_work: Entering
08-13 18:09:00.297   563   584 D WindowManager: MotionEvent: action=ACTION_MOVE x=307.0 y=724.0 eventTime=33353049 pointerCount=1
08-13 18:09:00.315     0     0 W [0 T100   ..] jadard_ts_work: Entering
08-13 18:09:00.305   563   584 D WindowManager: MotionEvent: action=ACTION_MOVE x=309.0 y=724.0 eventTime=33353057 pointerCount=1
08-13 18:09:00.322     0     0 W [0 T100   ..] jadard_ts_work: Entering
08-13 18:09:00.313   563   584 D WindowManager: MotionEvent: action=ACTION_MOVE x=310.0 y=725.0 eventTime=33353065 pointerCount=1
08-13 18:09:00.331     0     0 W [0 T100   ..] jadard_ts_work: Entering
08-13 18:09:00.321   563   584 D WindowManager: MotionEvent: action=ACTION_MOVE x=312.0 y=726.0 eventTime=33353073 pointerCount=1
08-13 18:09:00.339     0     0 W [0 T100   ..] jadard_ts_work: Entering
08-13 18:09:00.330   563   584 D WindowManager: MotionEvent: action=ACTION_MOVE x=313.0 y=726.0 eventTime=33353082 pointerCount=1
08-13 18:09:00.348     0     0 W [0 T100   ..] jadard_ts_work: Entering
08-13 18:09:00.337   472   525 I NU-AmNuPlayerDriver: [#8] [getCurrentPosition][752] position : 31375 msec
08-13 18:09:00.338   563   584 D WindowManager: MotionEvent: action=ACTION_MOVE x=315.0 y=727.0 eventTime=33353090 pointerCount=1
08-13 18:09:00.356     0     0 W [0 T100   ..] jadard_ts_work: Entering
08-13 18:09:00.364     0     0 W [0 T100   ..] jadard_ts_work: Entering
08-13 18:09:00.347   563   584 D WindowManager: MotionEvent: action=ACTION_MOVE x=317.0 y=727.0 eventTime=33353099 pointerCount=1
08-13 18:09:00.355   563   584 D WindowManager: MotionEvent: action=ACTION_MOVE x=319.0 y=728.0 eventTime=33353107 pointerCount=1
08-13 18:09:00.372     0     0 W [0 T100   ..] jadard_ts_work: Entering
08-13 18:09:00.381     0     0 W [0 T100   ..] jadard_ts_work: Entering
08-13 18:09:00.364   563   584 D WindowManager: MotionEvent: action=ACTION_MOVE x=320.0 y=728.0 eventTime=33353115 pointerCount=1
08-13 18:09:00.389     0     0 W [0 T100   ..] jadard_ts_work: Entering
08-13 18:09:00.372   563   584 D WindowManager: MotionEvent: action=ACTION_MOVE x=322.0 y=729.0 eventTime=33353123 pointerCount=1
08-13 18:09:00.380   563   584 D WindowManager: MotionEvent: action=ACTION_MOVE x=324.0 y=729.0 eventTime=33353132 pointerCount=1
08-13 18:09:00.398     0     0 W [0 T100   ..] jadard_ts_work: Entering
08-13 18:09:00.388   563   584 D WindowManager: MotionEvent: action=ACTION_MOVE x=326.0 y=730.0 eventTime=33353140 pointerCount=1
08-13 18:09:00.406     0     0 W [0 T100   ..] jadard_ts_work: Entering
08-13 18:09:00.397   563   584 D WindowManager: MotionEvent: action=ACTION_MOVE x=327.0 y=730.0 eventTime=33353149 pointerCount=1
08-13 18:09:00.415     0     0 W [0 T100   ..] jadard_ts_work: Entering
08-13 18:09:00.405   563   584 D WindowManager: MotionEvent: action=ACTION_MOVE x=329.0 y=730.0 eventTime=33353157 pointerCount=1
08-13 18:09:00.422     0     0 W [0 T100   ..] jadard_ts_work: Entering
08-13 18:09:00.414   563   584 D WindowManager: MotionEvent: action=ACTION_MOVE x=330.0 y=730.0 eventTime=33353165 pointerCount=1
08-13 18:09:00.431     0     0 W [0 T100   ..] jadard_ts_work: Entering
08-13 18:09:00.422   563   584 D WindowManager: MotionEvent: action=ACTION_MOVE x=332.0 y=730.0 eventTime=33353173 pointerCount=1
08-13 18:09:00.439     0     0 W [0 T100   ..] jadard_ts_work: Entering
08-13 18:09:00.430   563   584 D WindowManager: MotionEvent: action=ACTION_MOVE x=333.0 y=731.0 eventTime=33353182 pointerCount=1
08-13 18:09:00.448     0     0 W [0 T100   ..] jadard_ts_work: Entering
08-13 18:09:00.438   563   584 D WindowManager: MotionEvent: action=ACTION_MOVE x=335.0 y=731.0 eventTime=33353190 pointerCount=1
08-13 18:09:00.456     0     0 W [0 T100   ..] jadard_ts_work: Entering
08-13 18:09:00.447   563   584 D WindowManager: MotionEvent: action=ACTION_MOVE x=336.0 y=731.0 eventTime=33353199 pointerCount=1
08-13 18:09:00.465     0     0 W [0 T100   ..] jadard_ts_work: Entering
08-13 18:09:00.455   563   584 D WindowManager: MotionEvent: action=ACTION_MOVE x=337.0 y=731.0 eventTime=33353207 pointerCount=1
08-13 18:09:00.472     0     0 W [0 T100   ..] jadard_ts_work: Entering
08-13 18:09:00.481     0     0 W [0 T100   ..] jadard_ts_work: Entering
08-13 18:09:00.467   563   584 D WindowManager: MotionEvent: action=ACTION_MOVE x=338.0 y=732.0 eventTime=33353215 pointerCount=1
08-13 18:09:00.472   563   584 D WindowManager: MotionEvent: action=ACTION_MOVE x=339.0 y=732.0 eventTime=33353224 pointerCount=1
08-13 18:09:00.490     0     0 W [0 T100   ..] jadard_ts_work: Entering
08-13 18:09:00.481   563   584 D WindowManager: MotionEvent: action=ACTION_MOVE x=340.0 y=732.0 eventTime=33353233 pointerCount=1
08-13 18:09:00.498     0     0 W [0 T100   ..] jadard_ts_work: Entering
08-13 18:09:00.489   563   584 D WindowManager: MotionEvent: action=ACTION_MOVE x=341.0 y=732.0 eventTime=33353241 pointerCount=1
08-13 18:09:00.507     0     0 W [0 T100   ..] jadard_ts_work: Entering
08-13 18:09:00.497   563   584 D WindowManager: MotionEvent: action=ACTION_MOVE x=342.0 y=732.0 eventTime=33353249 pointerCount=1
08-13 18:09:00.515     0     0 W [0 T100   ..] jadard_ts_work: Entering
08-13 18:09:00.505   563   584 D WindowManager: MotionEvent: action=ACTION_MOVE x=343.0 y=732.0 eventTime=33353257 pointerCount=1
08-13 18:09:00.522     0     0 W [0 T100   ..] jadard_ts_work: Entering
08-13 18:09:00.513   563   584 D WindowManager: MotionEvent: action=ACTION_MOVE x=344.0 y=733.0 eventTime=33353265 pointerCount=1
08-13 18:09:00.531     0     0 W [0 T100   ..] jadard_ts_work: Entering
08-13 18:09:00.522   563   584 D WindowManager: MotionEvent: action=ACTION_MOVE x=345.0 y=733.0 eventTime=33353273 pointerCount=1
08-13 18:09:00.539     0     0 W [0 T100   ..] jadard_ts_work: Entering
08-13 18:09:00.530   563   584 D WindowManager: MotionEvent: action=ACTION_MOVE x=346.0 y=733.0 eventTime=33353282 pointerCount=1
08-13 18:09:00.548     0     0 W [0 T100   ..] jadard_ts_work: Entering
08-13 18:09:00.556     0     0 W [0 T100   ..] jadard_ts_work: Entering
08-13 18:09:00.539   563   584 D WindowManager: MotionEvent: action=ACTION_MOVE x=347.0 y=733.0 eventTime=33353290 pointerCount=1
08-13 18:09:00.547   563   584 D WindowManager: MotionEvent: action=ACTION_MOVE x=347.0 y=733.0 eventTime=33353299 pointerCount=1
08-13 18:09:00.564     0     0 W [0 T100   ..] jadard_ts_work: Entering
08-13 18:09:00.555   563   584 D WindowManager: MotionEvent: action=ACTION_MOVE x=348.0 y=733.0 eventTime=33353307 pointerCount=1
08-13 18:09:00.572     0     0 W [0 T100   ..] jadard_ts_work: Entering
08-13 18:09:00.581     0     0 W [0 T100   ..] jadard_ts_work: Entering
08-13 18:09:00.565   563   584 D WindowManager: MotionEvent: action=ACTION_MOVE x=348.0 y=733.0 eventTime=33353315 pointerCount=1
08-13 18:09:00.589     0     0 W [0 T100   ..] jadard_ts_work: Entering
08-13 18:09:00.571   563   584 D WindowManager: MotionEvent: action=ACTION_MOVE x=349.0 y=733.0 eventTime=33353323 pointerCount=1
08-13 18:09:00.580   563   584 D WindowManager: MotionEvent: action=ACTION_MOVE x=349.0 y=734.0 eventTime=33353332 pointerCount=1
08-13 18:09:00.598     0     0 W [0 T100   ..] jadard_ts_work: Entering
08-13 18:09:00.588   563   584 D WindowManager: MotionEvent: action=ACTION_MOVE x=350.0 y=734.0 eventTime=33353340 pointerCount=1
08-13 18:09:00.606     0     0 W [0 T100   ..] jadard_ts_work: Entering
08-13 18:09:00.597   563   584 D WindowManager: MotionEvent: action=ACTION_MOVE x=350.0 y=734.0 eventTime=33353349 pointerCount=1
08-13 18:09:00.614     0     0 W [0 T100   ..] jadard_ts_work: Entering
08-13 18:09:00.605   563   584 D WindowManager: MotionEvent: action=ACTION_MOVE x=351.0 y=734.0 eventTime=33353357 pointerCount=1
08-13 18:09:00.622     0     0 W [0 T100   ..] jadard_ts_work: Entering
08-13 18:09:00.613   563   584 D WindowManager: MotionEvent: action=ACTION_MOVE x=351.0 y=734.0 eventTime=33353365 pointerCount=1
08-13 18:09:00.631     0     0 W [0 T100   ..] jadard_ts_work: Entering
08-13 18:09:00.622   563   584 D WindowManager: MotionEvent: action=ACTION_MOVE x=352.0 y=734.0 eventTime=33353373 pointerCount=1
08-13 18:09:00.639     0     0 W [0 T100   ..] jadard_ts_work: Entering
08-13 18:09:00.648     0     0 W [0 T100   ..] jadard_ts_work: Entering
08-13 18:09:00.633   563   584 D WindowManager: MotionEvent: action=ACTION_MOVE x=352.0 y=734.0 eventTime=33353382 pointerCount=1
08-13 18:09:00.638   563   584 D WindowManager: MotionEvent: action=ACTION_MOVE x=353.0 y=734.0 eventTime=33353390 pointerCount=1
08-13 18:09:00.656     0     0 W [0 T100   ..] jadard_ts_work: Entering
08-13 18:09:00.665     0     0 W [0 T100   ..] jadard_ts_work: Entering
08-13 18:09:00.649   563   584 D WindowManager: MotionEvent: action=ACTION_MOVE x=353.0 y=734.0 eventTime=33353399 pointerCount=1
08-13 18:09:00.655   563   584 D WindowManager: MotionEvent: action=ACTION_MOVE x=354.0 y=734.0 eventTime=33353407 pointerCount=1
08-13 18:09:00.672     0     0 W [0 T100   ..] jadard_ts_work: Entering
08-13 18:09:00.681     0     0 W [0 T100   ..] jadard_ts_work: Entering
08-13 18:09:00.663   563   584 D WindowManager: MotionEvent: action=ACTION_MOVE x=354.0 y=735.0 eventTime=33353415 pointerCount=1
08-13 18:09:00.671   563   584 D WindowManager: MotionEvent: action=ACTION_MOVE x=355.0 y=735.0 eventTime=33353423 pointerCount=1
08-13 18:09:00.689     0     0 W [0 T100   ..] jadard_ts_work: Entering
08-13 18:09:00.681   563   584 D WindowManager: MotionEvent: action=ACTION_MOVE x=355.0 y=735.0 eventTime=33353432 pointerCount=1
08-13 18:09:00.698     0     0 W [0 T100   ..] jadard_ts_work: Entering
08-13 18:09:00.688   563   584 D WindowManager: MotionEvent: action=ACTION_MOVE x=356.0 y=735.0 eventTime=33353440 pointerCount=1
08-13 18:09:00.706     0     0 W [0 T100   ..] jadard_ts_work: Entering
08-13 18:09:00.697   563   584 D WindowManager: MotionEvent: action=ACTION_MOVE x=356.0 y=735.0 eventTime=33353449 pointerCount=1
08-13 18:09:00.714     0     0 W [0 T100   ..] jadard_ts_work: Entering
08-13 18:09:00.705   563   584 D WindowManager: MotionEvent: action=ACTION_MOVE x=357.0 y=735.0 eventTime=33353457 pointerCount=1
08-13 18:09:00.722     0     0 W [0 T100   ..] jadard_ts_work: Entering
08-13 18:09:00.713   563   584 D WindowManager: MotionEvent: action=ACTION_MOVE x=357.0 y=735.0 eventTime=33353465 pointerCount=1
08-13 18:09:00.731     0     0 W [0 T100   ..] jadard_ts_work: Entering
08-13 18:09:00.739     0     0 W [0 T100   ..] jadard_ts_work: Entering
08-13 18:09:00.748     0     0 W [0 T100   ..] jadard_ts_work: Entering
08-13 18:09:00.733   563   584 D WindowManager: MotionEvent: action=ACTION_MOVE x=357.0 y=735.0 eventTime=33353482 pointerCount=1
08-13 18:09:00.738   563   584 D WindowManager: MotionEvent: action=ACTION_MOVE x=357.0 y=735.0 eventTime=33353490 pointerCount=1
08-13 18:09:00.756     0     0 W [0 T100   ..] jadard_ts_work: Entering
08-13 18:09:00.747   563   584 D WindowManager: MotionEvent: action=ACTION_MOVE x=357.0 y=735.0 eventTime=33353499 pointerCount=1
08-13 18:09:00.765     0     0 W [0 T100   ..] jadard_ts_work: Entering
08-13 18:09:00.755   563   584 D WindowManager: MotionEvent: action=ACTION_MOVE x=358.0 y=735.0 eventTime=33353507 pointerCount=1
08-13 18:09:00.773     0     0 W [0 T100   ..] jadard_ts_work: Entering
08-13 18:09:00.781     0     0 W [0 T100   ..] jadard_ts_work: Entering
08-13 18:09:00.763   563   584 D WindowManager: MotionEvent: action=ACTION_MOVE x=358.0 y=735.0 eventTime=33353515 pointerCount=1
08-13 18:09:00.789     0     0 W [0 T100   ..] jadard_ts_work: Entering
08-13 18:09:00.772   563   584 D WindowManager: MotionEvent: action=ACTION_MOVE x=358.0 y=735.0 eventTime=33353523 pointerCount=1
08-13 18:09:00.780   563   584 D WindowManager: MotionEvent: action=ACTION_MOVE x=358.0 y=735.0 eventTime=33353532 pointerCount=1
08-13 18:09:00.798     0     0 W [0 T100   ..] jadard_ts_work: Entering
08-13 18:09:00.788   563   584 D WindowManager: MotionEvent: action=ACTION_MOVE x=358.0 y=735.0 eventTime=33353540 pointerCount=1
08-13 18:09:00.806     0     0 W [0 T100   ..] jadard_ts_work: Entering
08-13 18:09:00.797   563   584 D WindowManager: MotionEvent: action=ACTION_MOVE x=358.0 y=735.0 eventTime=33353549 pointerCount=1
08-13 18:09:00.814     0     0 W [0 T100   ..] jadard_ts_work: Entering
08-13 18:09:00.805   563   584 D WindowManager: MotionEvent: action=ACTION_MOVE x=358.0 y=735.0 eventTime=33353557 pointerCount=1
08-13 18:09:00.822     0     0 W [0 T100   ..] jadard_ts_work: Entering
08-13 18:09:00.814   563   584 D WindowManager: MotionEvent: action=ACTION_MOVE x=358.0 y=735.0 eventTime=33353565 pointerCount=1
08-13 18:09:00.831     0     0 W [0 T100   ..] jadard_ts_work: Entering
08-13 18:09:00.821   563   584 D WindowManager: MotionEvent: action=ACTION_MOVE x=358.0 y=735.0 eventTime=33353573 pointerCount=1
08-13 18:09:00.839     0     0 W [0 T100   ..] jadard_ts_work: Entering
08-13 18:09:00.848     0     0 W [0 T100   ..] jadard_ts_work: Entering
08-13 18:09:00.832   563   584 D WindowManager: MotionEvent: action=ACTION_MOVE x=359.0 y=735.0 eventTime=33353582 pointerCount=1
08-13 18:09:00.857     0     0 W [0 T100   ..] jadard_ts_work: Entering
08-13 18:09:00.839   563   584 D WindowManager: MotionEvent: action=ACTION_MOVE x=359.0 y=735.0 eventTime=33353591 pointerCount=1
08-13 18:09:00.865     0     0 W [0 T100   ..] jadard_ts_work: Entering
08-13 18:09:00.847   563   584 D WindowManager: MotionEvent: action=ACTION_MOVE x=359.0 y=735.0 eventTime=33353599 pointerCount=1
08-13 18:09:00.873     0     0 W [0 T100   ..] jadard_ts_work: Entering
08-13 18:09:00.855   563   584 D WindowManager: MotionEvent: action=ACTION_MOVE x=359.0 y=734.0 eventTime=33353607 pointerCount=1
08-13 18:09:00.864   563   584 D WindowManager: MotionEvent: action=ACTION_MOVE x=360.0 y=733.0 eventTime=33353615 pointerCount=1
08-13 18:09:00.881     0     0 W [0 T100   ..] jadard_ts_work: Entering
08-13 18:09:00.870   501   501 D XIRI_driver: send to xiri: {"cmd":"key","event":0,"keycode":330,"pid":0,"vid":0,"devnum":0}
08-13 18:09:00.871   501   501 D XIRI_driver: send to xiri: {"cmd":"key","event":0,"keycode":325,"pid":0,"vid":0,"devnum":0}
08-13 18:09:00.889     0     0 W [0 T100   ..] jadard_ts_work: Entering
08-13 18:09:00.873 18354 18354 I MoviePlayerControView_MoviePlayer: seekToTimeBarPosition
08-13 18:09:00.873 18354 18354 D MyMediaPlayer_MoviePlayer: [seekTo]msec:58444,mState:4
08-13 18:09:00.873 18354 18354 I MyMediaPlayer_MoviePlayer: [seekTo]:58444
08-13 18:09:00.873 18354 18354 I MoviePlayer: onPlaybackStateChanged:7
08-13 18:09:00.873 18354 18354 I MoviePlayer: [updatePlaybackState] state=6, pos=31912
08-13 18:09:00.874   563   584 D WindowManager: MotionEvent: action=ACTION_UP x=360.0 y=733.0 eventTime=33353623 pointerCount=1
08-13 18:09:00.874   864  1124 I jarvis_ : System call method methodId = touch_up
08-13 18:09:00.874   864   882 I jarvis_ : System call method methodId = touch_up
08-13 18:09:00.876 18354 18354 I MyMediaPlayer_MoviePlayer: getDuration when seeking or error, return restore value, state:7
08-13 18:09:00.876   864   864 D myNoti  : onPlaybackStateChanged
08-13 18:09:00.876   864   864 I jarvis_ : <onMediaPause>
08-13 18:09:00.877 18354 18354 D SubtitleViewAdaptor: stopTtxLoading
08-13 18:09:00.877   926   926 V AudioMediaPlayerWrapper: onPlaybackStateChanged(): com.droidlogic.exoplayer2.demo : PlaybackState {state=BUFFERING(6), position=31912, buffered position=0, speed=1.0, updated=33353626, actions=823, custom actions=[], active item id=-1, error=null}
08-13 18:09:00.877 18354 18354 D CCSubtitleView: clear queue item
08-13 18:09:00.877 18354 18354 E CCSubtitleView: update
08-13 18:09:00.878   472   525 D NU-AmNuPlayerDriver: [#8] seekTo(0xe9e85fb0) (58444 ms, 3) at state 5
08-13 18:09:00.878   472   525 D NU-AmNuPlayerDriver: [#8] notifyListener_l(0xe9e85fb0), (7, 0, 0, -1), loop setting(0, 0)
08-13 18:09:00.878   472   525 I NU-AmNuPlayer: [#8] seekToAsync  NowTimeMs:33353630  mLastSeekTimeMs:33321114, Seek diffTime:32516, quickExit:0
08-13 18:09:00.878   472   525 D NU-AmNuPlayerDriver: [#8] seekTo_END(0xe9e85fb0) (58444 ms, 3) at state 5
08-13 18:09:00.878   472 18383 I NU-AmNuPlayer: [#8] kWhatSeek
08-13 18:09:00.878   472 18383 I NU-AmNuPlayer: [#8] kWhatSeek seekTimeUs=58444000 us, mode=3, needNotify=1
08-13 18:09:00.878 18354 18354 I MyMediaPlayer_MoviePlayer: getDuration when seeking or error, return restore value, state:7
08-13 18:09:00.878   472 18393 I NU-AmNuPlayerDecoder: [#8] [doFlush:1547] audio flushing 
08-13 18:09:00.878   472 18393 I NU-AmNuPlayerDecoder: [#8] [doFlush:1554] audio flushing 
08-13 18:09:00.878   472 18383 D NU-AmNuPlayerDriver: [#8] notifyListener_l(0xe9e85fb0), (211, 0, 0, 20), loop setting(0, 0)
08-13 18:09:00.878   472 18392 I NU-AmNuPlayerRenderer: [#8] clearAnchorTime
08-13 18:09:00.878   472 18392 I NU-AmNuPlayerRenderer: [#8] flushing audio
08-13 18:09:00.879   926   926 V AudioMediaPlayerWrapper: trySendMediaUpdate(): Metadata has been updated for com.droidlogic.exoplayer2.demo
08-13 18:09:00.879   926   926 I MediaPlayerList: sendMediaUpdate: Creating a one item queue for a player with no queue
08-13 18:09:00.879   926   926 D MediaPlayerList: sendMediaUpdate state=PlaybackState {state=BUFFERING(6), position=31912, buffered position=0, speed=1.0, updated=33353626, actions=823, custom actions=[], active item id=-1, error=null}
08-13 18:09:00.880   926   926 D AvrcpTargetJni: sendMediaUpdateNative
08-13 18:09:00.880   926   926 I bt_stack: [INFO:avrcp_service.cc(515)] virtual void bluetooth::avrcp::AvrcpService::SendMediaUpdate(bool, bool, bool) track_changed=0 :  play_state=1 :  queue=0
08-13 18:09:00.880   472 18394 D CCodecBuffers: [c2.amlogic.audio.decoder.ffmpeg#770:1D-Output.Impl[N]] Client returned a buffer it does not own according to our record: 0
08-13 18:09:00.880   472 18394 D CCodecBuffers: [c2.amlogic.audio.decoder.ffmpeg#770:1D-Output.Impl[N]] Client returned a buffer it does not own according to our record: 1
08-13 18:09:00.880   472 18393 I NU-AmNuPlayerDecoder: [#8] [doFlush:1560] audio flushing 
08-13 18:09:00.881   926   926 V AudioMediaPlayerWrapper: onPlaybackStateChanged(): com.droidlogic.exoplayer2.demo : PlaybackState {state=BUFFERING(6), position=31912, buffered position=0, speed=1.0, updated=33353626, actions=823, custom actions=[], active item id=-1, error=null}
08-13 18:09:00.882   926   926 V AudioMediaPlayerWrapper: trySendMediaUpdate(): Metadata has been updated for com.droidlogic.exoplayer2.demo
08-13 18:09:00.882   926   926 I MediaPlayerList: sendMediaUpdate: Creating a one item queue for a player with no queue
08-13 18:09:00.882   926   926 D MediaPlayerList: sendMediaUpdate state=PlaybackState {state=BUFFERING(6), position=31912, buffered position=0, speed=1.0, updated=33353626, actions=823, custom actions=[], active item id=-1, error=null}
08-13 18:09:00.883   926   926 D MediaControlGattService: updatePlayerState: playbackState= PAUSED
08-13 18:09:00.883   926   926 W MediaControlGattService: Feature PLAYBACK_SPEED(BIT 8) support: true
08-13 18:09:00.883   926   926 W MediaControlGattService: Feature PLAYBACK_SPEED(BIT 8) support: true
08-13 18:09:00.883   926   926 W MediaControlGattService: Feature PLAYBACK_SPEED(BIT 8) support: true
08-13 18:09:00.883   926   926 W MediaControlGattService: Feature TRACK_POSITION(BIT 7) support: true
08-13 18:09:00.883   926   926 W MediaControlGattService: Feature TRACK_POSITION_NOTIFY support: true
08-13 18:09:00.883   926   926 W MediaControlGattService: Feature MEDIA_STATE(BIT 17) support: true
08-13 18:09:00.883   926   926 W MediaControlGattService: Feature MEDIA_STATE(BIT 17) support: true
08-13 18:09:00.886   926   926 W MediaControlGattService: Feature PLAYER_NAME(BIT 1) support: true
08-13 18:09:00.886   926   926 W MediaControlGattService: Feature PLAYER_NAME(BIT 1) support: true
08-13 18:09:00.886   926   926 W MediaControlGattService: Feature MEDIA_CONTROL_POINT_OPCODES_SUPPORTED(BIT 19) support: true
08-13 18:09:00.886   926   926 W MediaControlGattService: Feature MEDIA_STATE(BIT 17) support: true
08-13 18:09:00.886   926   926 D MediaControlGattService: updateMediaStateChar
08-13 18:09:00.886   926   926 W MediaControlGattService: Feature MEDIA_STATE(BIT 17) support: true
08-13 18:09:00.886   926   926 D MediaControlGattService: updateMediaStateChar setting to state= 2
08-13 18:09:00.889   926   926 W MediaControlGattService: Feature MEDIA_STATE(BIT 17) support: true
08-13 18:09:00.889   926   926 W MediaControlGattService: Feature SEEKING_SPEED(BIT 9) support: true
08-13 18:09:00.889   926   926 W MediaControlGattService: Feature SEEKING_SPEED(BIT 9) support: true
08-13 18:09:00.889   926   926 W MediaControlGattService: Feature SEEKING_SPEED(BIT 9) support: true
08-13 18:09:00.903   352 13825 I audio_hw_hal_primary: out_update_source_metadata_v7() line 2024 usage:1 content_type:0
08-13 18:09:00.910   472 18392 D NU-AmNuPlayerRenderer: [#8] audio sink pause-flush-stop from [onFlush,4923]
08-13 18:09:00.910   472 18392 D NU-AmNuPlayerRenderer: [#8] audio sink start from [onFlush,4933]
08-13 18:09:00.911   472 18383 I NU-AmNuPlayer: [#8] decoder audio flush completed
08-13 18:09:00.911   472 18383 I NU-AmNuPlayerRenderer: [#8] setDiscontinuityFromM3u8 audio 0
08-13 18:09:00.911   470   470 I AmFFmpegExtractor: Seek stream_index:0, To seekTimeUs:58444000, seekPosition:824761728, seekFlag:8
08-13 18:09:00.911 18354 18354 I MoviePlayerControlViewLayoutManager: resetHideCallbacks showTimeoutMs: 5000, uxState: 2
08-13 18:09:00.922   470   470 I AmFFmpegExtractor: Seeking to 824761728 end. seekflag 8 
08-13 18:09:00.924   472 18385 I NU-GenericSource: queueDiscontinuityIfNeeded, queueDiscontinuity for trackType:2, seeking:1, formatChange:0 From[readBuffer:4873]
08-13 18:09:00.924   472 18385 I NU-GenericSource: [doSeek:3934] mAudioLastDequeueTimeUs:58444000
08-13 18:09:00.924   472 18383 I NU-AmNuPlayer: [#8] performResumeDecoders  needNotify:1
08-13 18:09:00.924   472 18383 I NU-AmNuPlayer: [#8] finishResume  mResumePending:1  
08-13 18:09:00.924   472 18383 D NU-AmNuPlayerDriver: [#8] notifyListener_l(0xe9e85fb0), (4, 0, 0, -1), loop setting(0, 0)
08-13 18:09:00.924   472 18393 D MediaCodec: keep callback message for reclaim
08-13 18:09:00.925   472 18394 I CCodecConfig: query failed after returning 11 values (BAD_INDEX)
08-13 18:09:00.925 18354 18354 I MyMediaPlayer_MoviePlayer: [onSeekComplete] progressBarSeekFlag:,mStateBac:4
08-13 18:09:00.926 18354 18354 D SubtitleManager-jni: nativeResetForSeek 485
08-13 18:09:00.926 18354 18354 I MyMediaPlayer_MoviePlayer: [start]mMediaPlayer:
08-13 18:09:00.926   359 18396 I Amlogic_C2AudioFFMPEGDecoder: onFlush_sm 768
08-13 18:09:00.926   359   881 I C2VendorComponentStore: setDmaBufUsage 5
08-13 18:09:00.926 18354 18354 I MoviePlayer: onPlaybackStateChanged:4
08-13 18:09:00.926 18354 18354 I MoviePlayer: [updatePlaybackState] state=3, pos=58444
08-13 18:09:00.927   359 18396 I Amlogic_C2AudioFFMPEGDecoder: process Invalid data frame
08-13 18:09:00.927   472 18393 I NU-AmNuPlayerDecoder: [#8] [c2.amlogic.audio.decoder.ffmpeg] First CB_INPUT_AVAILABLE received.
08-13 18:09:00.927   472 18395 I NU-AmNuPlayerDecoder: [#8] [c2.amlogic.audio.decoder.ffmpeg] First Input Buffer Queued to Codec
08-13 18:09:00.929   359 18396 I exFFmpeg: [mp3float @ 0xeac42810] overread, skip -7 enddists: -3 -3
08-13 18:09:00.931 18354 18354 I MyMediaPlayer_MoviePlayer: notify play position change
08-13 18:09:00.931 18354 18354 I MyMediaPlayer_MoviePlayer: notify play position change
08-13 18:09:00.931 18354 18354 I MoviePlayerControView_MoviePlayer: onPlayPositionChanged
08-13 18:09:00.937   359 18396 I exFFmpeg: [mp3float @ 0xeac42810] overread, skip -9 enddists: -8 -8
08-13 18:09:00.938   864   864 E jarvis_AppUtils: getPkgNameByPidFromFile failed, pid===18354, ex=java.io.FileNotFoundException: /proc/18354/cmdline: open failed: ENOENT (No such file or directory)
08-13 18:09:00.938   864   864 E jarvis_AppUtils: read /proc/pid/cmdline failed, pname===null, fallback to AMS...
08-13 18:09:00.940   472 18393 I NU-AmNuPlayerDecoder: [#8] [c2.amlogic.audio.decoder.ffmpeg] First CB_OUTPUT_AVAILABLE received. input buffer queued: 8
08-13 18:09:00.941   472 18393 I NU-AmNuPlayerDecoder: [#8] [c2.amlogic.audio.decoder.ffmpeg] First Out Buffer Queued to Render. timeUs:58462040
08-13 18:09:00.938  1328  1328 I nioEventLoopGro: type=1400 audit(0.0:7155): avc:  denied  { write } for  path="socket:[32998]" dev="sockfs" ino=32998 scontext=u:r:zygote:s0 tcontext=u:r:zygote:s0 tclass=tcp_socket permissive=1
08-13 18:09:00.943   472 18392 I NU-AmNuPlayerRenderer: [#8] First audio pcm date write to audiosink.
08-13 18:09:00.944   472 18383 I NU-AmNuPlayer: [#8] media rendering started
08-13 18:09:00.944   472 18383 I NU-AmNuPlayer: [#8] finishResume  mResumePending:0  
08-13 18:09:00.944   472 18383 D NU-AmNuPlayerDriver: [#8] notifyListener_l(0xe9e85fb0), (6, 0, 0, -1), loop setting(0, 0)
08-13 18:09:00.945   472 18392 I NU-AmNuPlayerRenderer: [#8] setStartingTimeMedia 58488163, mAudioPlayedOutDur 0
08-13 18:09:00.945   472 18392 D AudioTrack: getTimestamp_l(63): device stall time corrected using current time 33353697980277
08-13 18:09:00.947   926   926 V AudioMediaPlayerWrapper: onPlaybackStateChanged(): com.droidlogic.exoplayer2.demo : PlaybackState {state=PLAYING(3), position=58444, buffered position=0, speed=1.0, updated=33353679, actions=823, custom actions=[], active item id=-1, error=null}
08-13 18:09:00.950  1328  1328 E myNoti  : [, , 0]:onPlaybackStateChanged
08-13 18:09:00.952   864   864 D myNoti  : onPlaybackStateChanged
08-13 18:09:00.952   864   864 I jarvis_ : <onMediaStart>
08-13 18:09:00.952   864   864 I jarvis_ : overlock,start true,0,0,,
08-13 18:09:00.954   926   926 V AudioMediaPlayerWrapper: trySendMediaUpdate(): Metadata has been updated for com.droidlogic.exoplayer2.demo
08-13 18:09:00.954   926   926 I MediaPlayerList: sendMediaUpdate: Creating a one item queue for a player with no queue
08-13 18:09:00.954   926   926 D MediaPlayerList: sendMediaUpdate state=PlaybackState {state=PLAYING(3), position=58471, buffered position=0, speed=1.0, updated=33353706, actions=823, custom actions=[], active item id=-1, error=null}
08-13 18:09:00.954   926   926 D AvrcpTargetJni: sendMediaUpdateNative
08-13 18:09:00.954   926   926 I bt_stack: [INFO:avrcp_service.cc(515)] virtual void bluetooth::avrcp::AvrcpService::SendMediaUpdate(bool, bool, bool) track_changed=0 :  play_state=1 :  queue=0
08-13 18:09:00.955   926   926 V AudioMediaPlayerWrapper: onPlaybackStateChanged(): com.droidlogic.exoplayer2.demo : PlaybackState {state=PLAYING(3), position=58444, buffered position=0, speed=1.0, updated=33353679, actions=823, custom actions=[], active item id=-1, error=null}
08-13 18:09:00.958   926   926 V AudioMediaPlayerWrapper: trySendMediaUpdate(): Metadata has been updated for com.droidlogic.exoplayer2.demo
08-13 18:09:00.958   926   926 I MediaPlayerList: sendMediaUpdate: Creating a one item queue for a player with no queue
08-13 18:09:00.958   926   926 D MediaPlayerList: sendMediaUpdate state=PlaybackState {state=PLAYING(3), position=58475, buffered position=0, speed=1.0, updated=33353710, actions=823, custom actions=[], active item id=-1, error=null}
08-13 18:09:00.958   926   926 D MediaControlGattService: updatePlayerState: playbackState= PLAYING
08-13 18:09:00.958   926   926 W MediaControlGattService: Feature PLAYBACK_SPEED(BIT 8) support: true
08-13 18:09:00.959   926   926 W MediaControlGattService: Feature PLAYBACK_SPEED(BIT 8) support: true
08-13 18:09:00.959   926   926 W MediaControlGattService: Feature PLAYBACK_SPEED(BIT 8) support: true
08-13 18:09:00.959   926   926 W MediaControlGattService: Feature TRACK_POSITION(BIT 7) support: true
08-13 18:09:00.959   926   926 W MediaControlGattService: Feature TRACK_POSITION_NOTIFY support: true
08-13 18:09:00.959   926   926 W MediaControlGattService: Feature MEDIA_STATE(BIT 17) support: true
08-13 18:09:00.961   926   926 W MediaControlGattService: Feature PLAYER_NAME(BIT 1) support: true
08-13 18:09:00.961   926   926 W MediaControlGattService: Feature PLAYER_NAME(BIT 1) support: true
08-13 18:09:00.961   926   926 W MediaControlGattService: Feature MEDIA_CONTROL_POINT_OPCODES_SUPPORTED(BIT 19) support: true
08-13 18:09:00.961   926   926 W MediaControlGattService: Feature MEDIA_STATE(BIT 17) support: true
08-13 18:09:00.961   926   926 D MediaControlGattService: updateMediaStateChar
08-13 18:09:00.961   926   926 W MediaControlGattService: Feature MEDIA_STATE(BIT 17) support: true
08-13 18:09:00.961   926   926 D MediaControlGattService: updateMediaStateChar setting to state= 1
08-13 18:09:00.964   926   926 W MediaControlGattService: Feature MEDIA_STATE(BIT 17) support: true
08-13 18:09:00.964   926   926 W MediaControlGattService: Feature SEEKING_SPEED(BIT 9) support: true
08-13 18:09:00.964   926   926 W MediaControlGattService: Feature SEEKING_SPEED(BIT 9) support: true
08-13 18:09:00.964   926   926 W MediaControlGattService: Feature SEEKING_SPEED(BIT 9) support: true
08-13 18:09:00.985   472 18392 I NU-AmNuPlayerRenderer: [#8] Audio PCM buffer First Full. time pay:41954, frameCount:18810, mAudioSink->frameSize():4
08-13 18:09:00.985   472 18392 W NU-AmNuPlayerRenderer: [#8] postDrainAudioQueue long delay: 26658 (18810*0.022676), numFramesPendingPlayout:(18810-0)
08-13 18:09:00.999   352 13825 I audio_hw_hal_primary: out_update_source_metadata_v7() line 2024 usage:1 content_type:0
08-13 18:09:01.013   472 18392 W NU-AmNuPlayerRenderer: [#8] postDrainAudioQueue long delay: 26658 (18810*0.022676), numFramesPendingPlayout:(20691-1881)
08-13 18:09:01.040   472 18392 W NU-AmNuPlayerRenderer: [#8] postDrainAudioQueue long delay: 26658 (18810*0.022676), numFramesPendingPlayout:(20691-1881)
08-13 18:09:01.067   472 18392 W NU-AmNuPlayerRenderer: [#8] postDrainAudioQueue long delay: 26658 (18810*0.022676), numFramesPendingPlayout:(22573-3763)
08-13 18:09:01.094   472 18392 D NU-AmNuPlayerRenderer: [#8] Switch audio track end . onNewAudioMediaTime, audio sink position was ready.
08-13 18:09:01.094   472 18392 I NU-AmNuPlayerRenderer: [#8] First valid audio position found, time pay:150355,  audioPlayedOutDur:38839, writtenDur:511859
08-13 18:09:01.094   472 18392 I NU-AmNuPlayerRenderer: [#8] getPlayedOutDurationUs is unstable. audioPlayedOutDur:38839 (diff:38839) - realDIFF: 260792 = -221953, writtenAudioDurationUs:511859, lastTimeUs:58958367 (frameSize: 4)
08-13 18:09:01.094   472 18392 W NU-AmNuPlayerRenderer: [#8] onNewAudioMediaTime:3115, updateAnchor abnormal, DIFF: 26368706
08-13 18:09:01.094   472 18383 D NU-AmNuPlayerDriver: [#8] notifyListener_l(0xe9e85fb0), (211, 0, 0, 20), loop setting(0, 0)
08-13 18:09:01.226   486   486 D logging : UDISK 6A6F-168B
08-13 18:09:01.226   486   486 E logging : falied access file 2
08-13 18:09:01.539   472   525 I NU-AmNuPlayerDriver: [#8] [getCurrentPosition][752] position : 58946 msec
08-13 18:09:02.227   486   486 D logging : UDISK 6A6F-168B
08-13 18:09:02.227   486   486 E logging : falied access file 2
08-13 18:09:02.551   472   525 I NU-AmNuPlayerDriver: [#8] [getCurrentPosition][752] position : 59958 msec
08-13 18:09:03.175   352  1266 I audio_hw_hal_stream: aml_stream_out_info_print: out:0xf0ec6be0, stream_type:pcm, sync_mode:non tunnel, input_size:39665664 bytes
08-13 18:09:03.175   352  1266 I audio_hw_hal_stream: aml_stream_out_info_print: last_time:33355874 ms (sec:33355, nsec:874692445), last_position:206482 ms (9911168), cur_time:33355922 ms (sec:33355, nsec:922699653), cur_position:206530 ms (9913472)
08-13 18:09:03.175   352  1266 I audio_hw_hal_stream: aml_stream_out_info_print: time_gap:48 ms (thr:100 ms), position_gap:48 ms, delay:61 ms, jitter: Position gap is ahead of system time gap by 0 ms (thr:100 ms)
08-13 18:09:03.228   486   486 D logging : UDISK 6A6F-168B
08-13 18:09:03.228   486   486 E logging : falied access file 2
08-13 18:09:03.555   864  1015 I jarvis_Wallpaper: openWallpaper has system wallpaper
08-13 18:09:03.564   472   525 I NU-AmNuPlayerDriver: [#8] [getCurrentPosition][752] position : 60971 msec
08-13 18:09:04.144  1580  2359 D libovd  : [2026-08-13 18:09:04.144] [debug] [2359] [DME] DME_internal.c:1104 DME_backoff_algorithm backoff_result resum: 1142
08-13 18:09:04.230   486   486 D logging : UDISK 6A6F-168B
08-13 18:09:04.230   486   486 E logging : falied access file 2
08-13 18:09:04.534  1580  2359 D libovd  : [2026-08-13 18:09:04.534] [debug] [2359] [DME] DME_main.c:649 DME_make_capinfo_hash data:{"device_type":0,"auto_reboot":true,"stream_encryption_mode":"NULL","media_protocol":"srt","talk_protocol":"ccrtc","replay_protocol":"srt","cloud_record":true,"netprobe_cap":1,"ivrs":true,"pic_upload_https":true,"log_upload_https":true,"firmware_download_https":true,"support_softprobe":false,"video_encrypt":false,"support_extension":"","camera_lens_type":0,"light_supplement_lamp":false,"support_4G":false,"battery":false,"screen":true,"smoke_sensor":false,"robot_housekeeper":0,"ptz":false,"trace":false,"support_ptz_preset":false,"zoomcontrol":false,"focuscontrol":false,"channel":0,"timed_dormancy":false,"switch":false,"SD":false,"led":false,"AIGC_cloud_record":false,"support_DN_mode":false,"playback_speed":0,"support_get_SDcapacity":false,"multi_stream":false,"support_set_video_formats":false,"support_set_bitrate":false,"support_set_framerate":false,"support_set_gop":false,"osd_text":false,"osd_logo":false,"support_set_AI_rules_mode":false,"video_quality":"sd,hd","video_formats_supportlists":"h264","static_scence_ABR":false,"audio_out":false,"voice_out":true,"voiceout_volume":false,"audiosamplerate":0,"alarms":{"io":false,"cry":false,"voice":false,"alarm_voice_detect_stand":0,"motion":true,"alarm_motion_detect_stand":0,"motion_zone":0,"body":false,"body_zone":0,"cross":false,"pir":false,"pir_staymode":false,"lossLock":false,"alertarea":false,"alertarea_expel":false,"alertarea_zone":0,"alertarea_params":{"support_set_target":0,"support_staymode_time":false,"support_set_alerttime":false,"alertarea_zone":0,"alertarea_num":1},"transgression":false,"transgression_params":{"support_set_target":0,"support_set_alerttime":false,"support_set_statistics_line":false}},"stopalarm":false,"linkage_mode":{"alertarea":"","vehicle_detection":"","nonmotorvehicle_detection":"","mask_detection":"","regional_people_statistics_detection":"","transgression":"","helmet_wearing_detection":""},"dashcam":false,"robot_ctrl":"","AI":{"face":false,"kitchen
08-13 18:09:04.535  1580  2359 D libovd  : [2026-08-13 18:09:04.535] [debug] [2359] [DME] DME_main.c:663 DME_make_capinfo_hash out_result:9267c2c57e4e32f3926f05b27cdd9f42bf10b519a75a360c36a207c39a509a34c969fe1486613a52b8b73c7a7f4af98a8eeb4dafd2171fa38328ab5dad4b4a78
08-13 18:09:04.535  1580  2359 D libovd  : [2026-08-13 18:09:04.535] [debug] [2359] [DME] DME_main.c:716 DME_reconnect_server2 DME use wss ....
08-13 18:09:04.535  1580  2359 D libovd  : [2026-08-13 18:09:04.535] [debug] [2359] [DME] DME_main.c:768 DME_reconnect_server2 url: wss://accessxy-ws.region.video.komect.com:9105/ovc?login_code=28BEF3247A81&login_passwd=25d3f5fa16e9&cmei=111132090000010&hardware_model=TB712&firmware_model=1.44.4&sdk=V1.44.3-rc-0f54fbe23&model_id=YX_lxp_TB712&macaddress=28:BE:F3:24:7A:81&reconnect=0&capinfohash=9267c2c57e4e32f3926f05b27cdd9f42bf10b519a75a360c36a207c39a509a34c969fe1486613a52b8b73c7a7f4af98a8eeb4dafd2171fa38328ab5dad4b4a78&channel_num=1&device_type=0
08-13 18:09:04.535  1580  2359 D libovd  : [2026-08-13 18:09:04.535] [debug] [2359] [DME] DME_main.c:791 DME_reconnect_server2 i.address:'accessxy-ws.region.video.komect.com'
08-13 18:09:04.535  1580  2359 D libovd  : [2026-08-13 18:09:04.535] [debug] [2359] [DME] DME_main.c:817 DME_reconnect_server2 DME ssl ca filepath: NULL 
08-13 18:09:04.535  1580  2359 I libovd  : [2026-08-13 18:09:04.535] [info] [2359] [DME] DME_main.c:836 DME_reconnect_server2  context created.
08-13 18:09:04.535  1580  2359 D libovd  : [2026-08-13 18:09:04.535] [debug] [2359] [DME] DME_internal.c:1028 DME_status_change pthread 0xb9df31c0 DME status changed from 4 to 2 
08-13 18:09:04.535  1580  2359 D libovd  : [2026-08-13 18:09:04.535] [debug] [2359] [DME] DME_main.c:859 DME_reconnect_server2 address: accessxy-ws.region.video.komect.com
08-13 18:09:04.535  1580  2359 D libovd  : , host: accessxy-ws.region.video.komect.com
08-13 18:09:04.535  1580  2359 D libovd  :  ,origin: accessxy-ws.region.video.komect.com
08-13 18:09:04.534  1580  1580 I OVD_DMEMain: type=1400 audit(0.0:7156): avc:  denied  { write } for  name="dnsproxyd" dev="tmpfs" ino=760 scontext=u:r:zygote:s0 tcontext=u:object_r:dnsproxyd_socket:s0 tclass=sock_file permissive=1
08-13 18:09:04.536   339 18428 I resolv  : GetAddrInfoHandler::run: {100 786532 100 983140 1000 0}
08-13 18:09:04.537   339 18429 I resolv  : res_nmkquery: (QUERY, IN, AAAA)
08-13 18:09:04.537   339 18430 I resolv  : res_nmkquery: (QUERY, IN, A)
08-13 18:09:04.537   339 18429 I resolv  : resolv_cache_lookup: FOUND IN CACHE entry=0xec400e20
08-13 18:09:04.537   339 18430 I resolv  : resolv_cache_lookup: FOUND IN CACHE entry=0xec741c10
08-13 18:09:04.537   339 18429 I resolv  : doQuery: rcode=0, ancount=0, return value=126
08-13 18:09:04.537   339 18430 I resolv  : doQuery: rcode=0, ancount=2, return value=85
08-13 18:09:04.534  1580  1580 I OVD_DMEMain: type=1400 audit(0.0:7157): avc:  denied  { create } for  scontext=u:r:zygote:s0 tcontext=u:r:zygote:s0 tclass=tcp_socket permissive=1
08-13 18:09:04.534  1580  1580 I OVD_DMEMain: type=1400 audit(0.0:7158): avc:  denied  { setopt } for  scontext=u:r:zygote:s0 tcontext=u:r:zygote:s0 tclass=tcp_socket permissive=1
08-13 18:09:04.534  1580  1580 I OVD_DMEMain: type=1400 audit(0.0:7159): avc:  denied  { getopt } for  scontext=u:r:zygote:s0 tcontext=u:r:zygote:s0 tclass=tcp_socket permissive=1
08-13 18:09:04.534  1580  1580 I OVD_DMEMain: type=1400 audit(0.0:7160): avc:  denied  { write } for  name="fwmarkd" dev="tmpfs" ino=762 scontext=u:r:zygote:s0 tcontext=u:object_r:fwmarkd_socket:s0 tclass=sock_file permissive=1
08-13 18:09:04.557     0     0 W [3 T434   ..] audit: audit_lost=3090 audit_rate_limit=5 audit_backlog_limit=64
08-13 18:09:04.534   339   339 I binder:339_2: type=1400 audit(0.0:7161): avc:  denied  { read write } for  path="socket:[598086]" dev="sockfs" ino=598086 scontext=u:r:netd:s0 tcontext=u:r:zygote:s0 tclass=tcp_socket permissive=1
08-13 18:09:04.557     0     0 E [3 T434   ..] audit: rate limit exceeded
08-13 18:09:04.534   339   339 I binder:339_2: type=1400 audit(0.0:7162): avc:  denied  { getopt } for  scontext=u:r:netd:s0 tcontext=u:r:zygote:s0 tclass=tcp_socket permissive=1
08-13 18:09:04.539  1580  2359 I libovd  : [2026-08-13 18:09:04.539] [info] [2359] [DME] DME_main.c:869 DME_reconnect_server2 connect start
08-13 18:09:04.558   339 18431 I resolv  : GetAddrInfoHandler::run: {100 786532 100 983140 1000 0}
08-13 18:09:04.559   339 18432 I resolv  : res_nmkquery: (QUERY, IN, AAAA)
08-13 18:09:04.559   339 18433 I resolv  : res_nmkquery: (QUERY, IN, A)
08-13 18:09:04.559   339 18433 I resolv  : resolv_cache_lookup: FOUND IN CACHE entry=0xec741c10
08-13 18:09:04.559   339 18433 I resolv  : doQuery: rcode=0, ancount=2, return value=85
08-13 18:09:04.559   339 18432 I resolv  : resolv_cache_lookup: FOUND IN CACHE entry=0xec400e20
08-13 18:09:04.560   339 18432 I resolv  : doQuery: rcode=0, ancount=0, return value=126
08-13 18:09:04.575   472   525 I NU-AmNuPlayerDriver: [#8] [getCurrentPosition][752] position : 61982 msec
08-13 18:09:04.632  1580  2359 I libovd  : [2026-08-13 18:09:04.632] [info] [2359] [DME] DME_main.c:121 DME_service_callback  [DME] Connect with server success.
08-13 18:09:04.633  1580  2359 D libovd  : [2026-08-13 18:09:04.633] [debug] [2359] [DME] DME_main.c:900 DME_Set_DME_ws_connection_flag ws_connection_flag changed to 1
08-13 18:09:04.633  1580  2359 I libovd  : [2026-08-13 18:09:04.633] [info] [2359] [DME] DME_main.c:143 DME_service_callback g_DMEContext->contextstatus.status changed to DME_STATUS_ESTABLISHED
08-13 18:09:04.633  1580  2359 I libovd  : [2026-08-13 18:09:04.633] [info] [2359] [DME] DME_main.c:546 DMEAPI_Wakeup_heart Wakeup heartbeat, dme status (3)
08-13 18:09:04.633  1580  2359 I libovd  : [2026-08-13 18:09:04.633] [info] [2359] [DME] DME_main.c:159 DME_service_callback DME localip :192.168.1.3
08-13 18:09:04.633  1580  2359 D libovd  : [2026-08-13 18:09:04.633] [debug] [2359] [ovd_utils] soft_wdt.c:283 softwdt_adddog add dme dog:DME===timeout:900 s, feedtime:33357386
08-13 18:09:04.633  1580  2359 W libovd  : [2026-08-13 18:09:04.633] [warn] [2359] [ovd_utils] soft_wdt.c:312 softwdt_adddog softwdt watch dog: 0xb93481c0 
08-13 18:09:04.633  1580  2359 W libovd  : [2026-08-13 18:09:04.633] [warn] [2359] [DME] DME_pb.c:25 dme_pb_package_event_report [DME_client_close] the device not in region
08-13 18:09:04.633  1580  2359 W libovd  : [2026-08-13 18:09:04.633] [warn] [2359] [OVD_OpenApi] OVD_OpenAPI.c:3356 ovd_probe_exception_post soft probe is not supported
08-13 18:09:04.633  1580  2359 W libovd  : [2026-08-13 18:09:04.633] [warn] [2359] [DME] DME_main.c:112 DME_service_callback The peer has sent an unsolicited Close WS packet. errorcode:4003 reason is "the device not in region" 
08-13 18:09:04.634  1580  2359 W libovd  : [2026-08-13 18:09:04.634] [warn] [2359] [ovd_utils] soft_wdt.c:329 softwdt_deldog del dog:DME===
08-13 18:09:04.634  1580  2359 I libovd  : [2026-08-13 18:09:04.634] [info] [2359] [ovd_utils] soft_wdt.c:343 softwdt_deldog dog DME changed to inactive
08-13 18:09:04.634  1580  2359 W libovd  : [2026-08-13 18:09:04.634] [warn] [2359] [DME] DME_main.c:205 DME_service_callback  libwebsocket find closed  reson:(null)....
08-13 18:09:04.634  1580  2359 D libovd  : [2026-08-13 18:09:04.634] [debug] [2359] [DME] DME_main.c:900 DME_Set_DME_ws_connection_flag ws_connection_flag changed to 0
08-13 18:09:04.634  1580  2359 D libovd  : [2026-08-13 18:09:04.634] [debug] [2359] [DME] DME_internal.c:1028 DME_status_change pthread 0xb9df31c0 DME status changed from 3 to 8 
08-13 18:09:04.634  1580  2359 W libovd  : [2026-08-13 18:09:04.634] [warn] [2359] [DME] DME_main.c:244 DME_service_callback  LWS_CALLBACK_WSI_DESTROY
08-13 18:09:04.634  1580  2359 D libovd  : [2026-08-13 18:09:04.634] [debug] [2359] [DME] DME_main.c:900 DME_Set_DME_ws_connection_flag ws_connection_flag changed to 0
08-13 18:09:04.634  1580  2359 D libovd  : [2026-08-13 18:09:04.634] [debug] [2359] [DME] DME_internal.c:1028 DME_status_change pthread 0xb9df31c0 DME status changed from 8 to 8 
08-13 18:09:04.635  1580  2359 D libovd  : [2026-08-13 18:09:04.635] [debug] [2359] [DME] DME_internal.c:1028 DME_status_change pthread 0xb9df31c0 DME status changed from 8 to 4 
08-13 18:09:04.635  1580  2359 D libovd  : [2026-08-13 18:09:04.635] [debug] [2359] [DME] DME_main.c:900 DME_Set_DME_ws_connection_flag ws_connection_flag changed to 0
08-13 18:09:04.635  1580  2359 W libovd  : [2026-08-13 18:09:04.635] [warn] [2359] [DME] DME_rpc.c:928 dme_rpc_reset drop dme msg, type (0)
08-13 18:09:04.635  1580  2359 W libovd  : [2026-08-13 18:09:04.635] [warn] [2359] [DME] DME_rpc.c:938 dme_rpc_reset cancel wait ack, wait obj <0xc2adcf90>, seq 1132
08-13 18:09:04.635  1580  2359 D libovd  : [2026-08-13 18:09:04.635] [debug] [2359] [ovd_utils] ovd_pb.c:306 ovd_pb_bind_cal_time ===status:4===
08-13 18:09:04.635  1580  2359 D libovd  : [2026-08-13 18:09:04.635] [debug] [2359] [DME] DME_main.c:690 DME_reconnect_server2 reconnect servering...
08-13 18:09:04.635  1580  2361 E libovd  : [2026-08-13 18:09:04.635] [error] [2361] [DME] DME_rpc.c:1019 dme_remote_call ack is null or timeout, seq (1132), method (Keepalive), wait_time (2 ms)
08-13 18:09:04.635  1580  2359 I libovd  : [2026-08-13 18:09:04.635] [info] [2359] [DME] DME_internal.c:1076 DME_backoff_algorithm this is 1143 connect, backoff 21658869 us 
08-13 18:09:04.635  1580  2361 D libovd  : [2026-08-13 18:09:04.635] [debug] [2361] [DME] DME_internal.c:364 DME_RPC_send_keepalive keep alive succuss, ovc response code [0]
08-13 18:09:04.635  1580  2361 W libovd  : [2026-08-13 18:09:04.635] [warn] [2361] [ovd_utils] soft_wdt.c:415 softwdt_feeddog dog DME inactive
08-13 18:09:05.231   486   486 D logging : UDISK 6A6F-168B
08-13 18:09:05.231   486   486 E logging : falied access file 2
08-13 18:09:05.325   472 18394 D BufferPoolAccessor2.0: bufferpool2 0xe7e41348 : 9(18874368 size) total buffers - 5(10485760 size) used buffers - 1424/1433 (recycle/alloc) - 9/2860 (fetch/transfer)
08-13 18:09:05.409   359 18396 D BufferPoolAccessor2.0: bufferpool2 0xe9dc3e08 : 4(18432 size) total buffers - 1(4608 size) used buffers - 1431/1435 (recycle/alloc) - 12/1434 (fetch/transfer)
08-13 18:09:05.589   472   525 I NU-AmNuPlayerDriver: [#8] [getCurrentPosition][752] position : 62996 msec
08-13 18:09:06.232   486   486 D logging : UDISK 6A6F-168B
08-13 18:09:06.232   486   486 E logging : falied access file 2
08-13 18:09:06.232   486   486 E logging : not found!
08-13 18:09:06.602   472   525 I NU-AmNuPlayerDriver: [#8] [getCurrentPosition][752] position : 64009 msec
08-13 18:09:07.614   472   525 I NU-AmNuPlayerDriver: [#8] [getCurrentPosition][752] position : 65021 msec
08-13 18:09:08.207   352  1266 I audio_hw_hal_stream: aml_stream_out_info_print: out:0xf0ec6be0, stream_type:pcm, sync_mode:non tunnel, input_size:40632320 bytes
08-13 18:09:08.207   352  1266 I audio_hw_hal_stream: aml_stream_out_info_print: last_time:33360914 ms (sec:33360, nsec:914701489), last_position:211522 ms (10153088), cur_time:33360954 ms (sec:33360, nsec:954697947), cur_position:211562 ms (10155008)
08-13 18:09:08.207   352  1266 I audio_hw_hal_stream: aml_stream_out_info_print: time_gap:40 ms (thr:100 ms), position_gap:40 ms, delay:64 ms, jitter: Position gap is ahead of system time gap by 0 ms (thr:100 ms)
08-13 18:09:08.527   501   501 D XIRI_driver: send to xiri: {"cmd":"key","event":1,"keycode":115,"pid":1,"vid":1,"devnum":0}
08-13 18:09:08.527   563   661 D InputReader: getDisplayIdi -1
08-13 18:09:08.530   563   584 D CompatibilityChangeReporter: Compat change id reported: 173031413; UID 1000; state: DISABLED
08-13 18:09:08.530   563   584 D CompatibilityChangeReporter: Compat change id reported: 173031413; UID 1000; state: ENABLED
08-13 18:09:08.533 15654 15814 W SQLiteLog: (28) double-quoted string literal: "2026-08-13"
08-13 18:09:08.545     0     0 I         : [0 T17703 ..] input input1: key 115 down
08-13 18:09:08.536   864   882 I jarvis_ : System call method methodId = increase_volume
08-13 18:09:08.536   864   882 I jarvis_binded: mmkv binded
08-13 18:09:08.538   563  2593 D AudioService: adjustStreamVolume() stream=3, dir=0, flags=1, caller=com.android.systemui
08-13 18:09:08.539   563  2593 D AudioService: forceUse=0 full:false
08-13 18:09:08.539   563  2593 D AudioService: adjustSreamVolume playbackDeviceConditions=false tvConditions=false
08-13 18:09:08.540   352 13825 D AudioHalHardware: +getParameters(), key = hal_param_hal_control_vol_en
08-13 18:09:08.540   352 13825 D AudioHalHardware: -getParameters(), return ""
08-13 18:09:08.545   563  2593 W WindowManager: com.android.systemui skip checkAddPermission for Window 2020
08-13 18:09:08.545   563  2593 W WindowManager: [addWindow] title:
08-13 18:09:08.552   563  2593 D AudioService: Volume controller visible: true
08-13 18:09:08.556   563  2593 D CoreBackPreview: Window{399ab7a u0 com.android.systemui}: Setting back callback OnBackInvokedCallbackInfo{mCallback=android.window.IOnBackInvokedCallback$Stub$Proxy@63ecf88, mPriority=0, mIsAnimationCallback=false}
08-13 18:09:08.565   966  1158 E OpenGLRenderer: Unable to match the desired swap behavior.
08-13 18:09:08.625   472   525 I NU-AmNuPlayerDriver: [#8] [getCurrentPosition][752] position : 66032 msec
08-13 18:09:08.679   563   660 D WindowManager: handleVolumeKeyInArc KeyEvent { action=ACTION_DOWN, keyCode=KEYCODE_VOLUME_UP, scanCode=115, metaState=0, flags=0x8, repeatCount=0, eventTime=33361280051000, downTime=33361280051000, deviceId=2, source=0x101, displayId=-1 }
08-13 18:09:08.680  1210  1210 D RemoteIME: keycode: 24, realAction: false
08-13 18:09:08.687   563  2593 D MediaSessionService: dispatchVolumeKeyEvent, pkg=com.droidlogic.exoplayer2.demo, opPkg=com.droidlogic.exoplayer2.demo, pid=18354, uid=10032, asSystem=true, event=KeyEvent { action=ACTION_DOWN, keyCode=KEYCODE_VOLUME_UP, scanCode=115, metaState=0, flags=0x8, repeatCount=0, eventTime=33361280051000, downTime=33361280051000, deviceId=2, source=0x101, displayId=-1 }, stream=-2147483648, musicOnly=false
08-13 18:09:08.687   563  2593 D MediaSessionService: Adjusting com.droidlogic.exoplayer2.demo/MoviePlayer (userId=0) by 1. flags=4113, suggestedStream=-2147483648, preferSuggestedStream=false
08-13 18:09:08.688   563   741 D AudioService: adjustSuggestedStreamVolume() stream=3, flags=4113, caller=android, volControlStream=-1, userSelect=false
08-13 18:09:08.690   563   741 V AudioService: getActiveStreamType: Returning suggested type 3
08-13 18:09:08.691   563   741 D AudioService: adjustStreamVolume() stream=3, dir=1, flags=4113, caller=android
08-13 18:09:08.692   563   741 D AudioService: updateVolumeGroupIndex for stream 11, muted=false, device=2, index=110, group system Muted=false, Index=11, forceMuteState=false
08-13 18:09:08.692   563   741 W BroadcastLoopers: Found previously unknown looper Thread[SessionRecordThread,5,main]
08-13 18:09:08.694   563   741 D AudioService: updateVolumeGroupIndex for stream 10, muted=false, device=2, index=110, group accessibility Muted=false, Index=11, forceMuteState=false
08-13 18:09:08.695   926   926 D HeadsetClientService: Volume changed for stream: 11
08-13 18:09:08.697   966   966 E QuickSettings: action:android.media.VOLUME_CHANGED_ACTION
08-13 18:09:08.697   864   864 E jarvis_action===: android.media.VOLUME_CHANGED_ACTION
08-13 18:09:08.697   864   864 E jarvis_ : jarvis_:onVolumeChange== 11 
08-13 18:09:08.698  1328  1328 E action===: [, , 0]:android.media.VOLUME_CHANGED_ACTION
08-13 18:09:08.698  1328  1328 E action===: android.media.VOLUME_CHANGED_ACTION
08-13 18:09:08.698  1328  1328 E lxAgent : lxAgent:onVolumeChange== 11 
08-13 18:09:08.699   563   741 D AudioService: updateVolumeGroupIndex for stream 9, muted=false, device=2, index=110, group tts Muted=false, Index=11, forceMuteState=false
08-13 18:09:08.700   926   926 D HeadsetClientService: Volume changed for stream: 10
08-13 18:09:08.700  1328  1328 E action===: [, , 0]:android.media.VOLUME_CHANGED_ACTION
08-13 18:09:08.700   864   864 E jarvis_action===: android.media.VOLUME_CHANGED_ACTION
08-13 18:09:08.701  1328  1328 E action===: android.media.VOLUME_CHANGED_ACTION
08-13 18:09:08.701   864   864 E jarvis_ : jarvis_:onVolumeChange== 10 
08-13 18:09:08.701  1328  1328 E lxAgent : lxAgent:onVolumeChange== 10 
08-13 18:09:08.702   864   864 E jarvis_action===: android.media.VOLUME_CHANGED_ACTION
08-13 18:09:08.703  1328  1328 E action===: [, , 0]:android.media.VOLUME_CHANGED_ACTION
08-13 18:09:08.703   864   864 E jarvis_ : jarvis_:onVolumeChange== 9 
08-13 18:09:08.703  1328  1328 E action===: android.media.VOLUME_CHANGED_ACTION
08-13 18:09:08.703  1328  1328 E lxAgent : lxAgent:onVolumeChange== 9 
08-13 18:09:08.704   563   741 D AudioService: updateVolumeGroupIndex for stream 8, muted=false, device=2, index=110, group dtmf Muted=false, Index=11, forceMuteState=false
08-13 18:09:08.704   926   926 D HeadsetClientService: Volume changed for stream: 9
08-13 18:09:08.705   563   741 D AudioService: updateVolumeGroupIndex for stream 3, muted=false, device=2, index=110, group music Muted=false, Index=11, forceMuteState=false
08-13 18:09:08.707   926   926 D HeadsetClientService: Volume changed for stream: 8
08-13 18:09:08.707   966   966 E QuickSettings: action:android.media.VOLUME_CHANGED_ACTION
08-13 18:09:08.707   563   661 D InputReader: getDisplayIdi -1
08-13 18:09:08.708   864   864 E jarvis_action===: android.media.VOLUME_CHANGED_ACTION
08-13 18:09:08.708   864   864 E jarvis_ : jarvis_:onVolumeChange== 8 
08-13 18:09:08.709   563   660 D WindowManager: handleVolumeKeyInArc KeyEvent { action=ACTION_UP, keyCode=KEYCODE_VOLUME_UP, scanCode=115, metaState=0, flags=0x8, repeatCount=0, eventTime=33361460133000, downTime=33361280051000, deviceId=2, source=0x101, displayId=-1 }
08-13 18:09:08.710  1210  1210 D RemoteIME: keycode: 24, realAction: true
08-13 18:09:08.710   501   501 D XIRI_driver: send to xiri: {"cmd":"key","event":0,"keycode":115,"pid":1,"vid":1,"devnum":0}
08-13 18:09:08.710 18354 18354 D MoviePlayer: keycode:24 down is 0, action:1
08-13 18:09:08.711   563  2593 D MediaSessionService: dispatchVolumeKeyEvent, pkg=com.droidlogic.exoplayer2.demo, opPkg=com.droidlogic.exoplayer2.demo, pid=18354, uid=10032, asSystem=true, event=KeyEvent { action=ACTION_UP, keyCode=KEYCODE_VOLUME_UP, scanCode=115, metaState=0, flags=0x8, repeatCount=0, eventTime=33361460133000, downTime=33361280051000, deviceId=2, source=0x101, displayId=-1 }, stream=-2147483648, musicOnly=false
08-13 18:09:08.711   563  2593 D MediaSessionService: Adjusting com.droidlogic.exoplayer2.demo/MoviePlayer (userId=0) by 0. flags=4116, suggestedStream=-2147483648, preferSuggestedStream=false
08-13 18:09:08.725     0     0 I         : [0 T17703 ..] input input1: key 115 up
08-13 18:09:08.712   926   926 D HeadsetClientService: Volume changed for stream: 3
08-13 18:09:08.712  1328  1328 E action===: [, , 0]:android.media.VOLUME_CHANGED_ACTION
08-13 18:09:08.713  1328  1328 E action===: android.media.VOLUME_CHANGED_ACTION
08-13 18:09:08.713   864   864 E jarvis_action===: android.media.VOLUME_CHANGED_ACTION
08-13 18:09:08.713  1328  1328 E lxAgent : lxAgent:onVolumeChange== 8 
08-13 18:09:08.713  1328  1328 E action===: android.media.VOLUME_CHANGED_ACTION
08-13 18:09:08.713   864   864 E jarvis_ : jarvis_:onVolumeChange== 3 
08-13 18:09:08.713  1328  1328 E lxAgent : lxAgent:onVolumeChange== 3 
08-13 18:09:08.714   352 13825 I audio_hw_hal_primary: out_update_source_metadata_v7() line 2024 usage:1 content_type:0
08-13 18:09:08.715   864   864 I jarvis_ : eventbus post:VolumeEvent
08-13 18:09:08.715   864   864 I jarvis_ : local volume=11,remoteVolume=11
08-13 18:09:08.718   966   966 E QuickSettings: action:android.media.VOLUME_CHANGED_ACTION
08-13 18:09:08.718   563   741 D AudioService: forceUse=0 full:false
08-13 18:09:08.718   563   741 D AudioService: adjustSreamVolume playbackDeviceConditions=false tvConditions=false
08-13 18:09:08.719   352 13825 D AudioHalHardware: +getParameters(), key = hal_param_hal_control_vol_en
08-13 18:09:08.719   352 13825 D AudioHalHardware: -getParameters(), return ""
08-13 18:09:08.719   966   966 E QuickSettings: action:android.media.VOLUME_CHANGED_ACTION
08-13 18:09:08.720   966   966 E QuickSettings: action:android.media.VOLUME_CHANGED_ACTION
08-13 18:09:08.720   563   741 D AudioService: adjustSuggestedStreamVolume() stream=3, flags=4112, caller=android, volControlStream=-1, userSelect=false
08-13 18:09:08.720   563  2593 D AudioService: Volume controller visible: true
08-13 18:09:08.722   563   741 V AudioService: getActiveStreamType: Returning suggested type 3
08-13 18:09:08.722   563   741 D AudioService: adjustStreamVolume() stream=3, dir=0, flags=4112, caller=android
08-13 18:09:08.722   472   525 D NU-AmNuPlayerDriver: [#7] reset(0xe9e80450) at state 6
08-13 18:09:08.723   472   525 D NU-AmNuPlayerDriver: [#7] notifyListener_l(0xe9e80450), (8, 0, 0, -1), loop setting(0, 0)
08-13 18:09:08.723   472   525 I NU-GenericSource: --->disconnect<---
08-13 18:09:08.723   563   741 D AudioService: forceUse=0 full:false
08-13 18:09:08.723   563   741 D AudioService: adjustSreamVolume playbackDeviceConditions=false tvConditions=false
08-13 18:09:08.723   472   525 I NU-GenericSource: --->disconnect OK 
08-13 18:09:08.723   472 14117 I NU-AmNuPlayerDecoder: [#7] [doFlush:1547] audio flushing 
08-13 18:09:08.723   472 14117 I NU-AmNuPlayerDecoder: [#7] [doFlush:1554] audio flushing 
08-13 18:09:08.723   472 14116 I NU-AmNuPlayerRenderer: [#7] clearAnchorTime
08-13 18:09:08.723   472 14116 I NU-AmNuPlayerRenderer: [#7] flushing audio
08-13 18:09:08.724   472 14117 I NU-AmNuPlayerDecoder: [#7] [doFlush:1560] audio flushing 
08-13 18:09:08.724   472 14116 D NU-AmNuPlayerRenderer: [#7] audio sink pause-flush-stop from [onFlush,4923]
08-13 18:09:08.724   472 14033 I NU-AmNuPlayer: [#7] decoder audio flush completed
08-13 18:09:08.724   352   416 D AudioHalHardware: +getParameters(), key = hal_param_hal_control_vol_en
08-13 18:09:08.724   352   416 D AudioHalHardware: -getParameters(), return ""
08-13 18:09:08.725   359 14120 I Amlogic_C2AudioFFMPEGDecoder: onRelease 492
08-13 18:09:08.725   359 14120 I Amlogic_C2AudioFFMPEGDecoder: onStop() 464
08-13 18:09:08.725   359 14120 I Amlogic_C2AudioFFMPEGDecoder: tearDown 439
08-13 18:09:08.725   359 14120 I Amlogic_C2AudioFFMPEGDecoder: tearDownAudioDecoder_l 308
08-13 18:09:08.725   359 14120 I Amlogic_C2AudioFFMPEGDecoder: unload_ffmpeg_decoder_lib 325
08-13 18:09:08.725   359 14120 I AmFFmpegDecoder: ffmpeg_decoder_close 160 
08-13 18:09:08.725   359 14120 I AmAudioCodec: decode_close 283 
08-13 18:09:08.725   359 14120 I AmAudioCodec: ~AmAudioCodec 66 
08-13 18:09:08.725   359 14120 I AmAudioCodec: decode_close 283 
08-13 18:09:08.725   359 14120 W RefBase : RefBase: Explicit destruction, weak count = 0 (in 0xedf58090). Use sp<> to manage this object.
08-13 18:09:08.725   359 14120 W RefBase : CallStack::getCurrentInternal not linked, returning null
08-13 18:09:08.725   359 14120 W RefBase : CallStack::logStackInternal not linked
08-13 18:09:08.725   472 14118 I hw-BpHwBinder: onLastStrongRef automatically unlinking death recipients
08-13 18:09:08.725   359   511 I hw-BpHwBinder: onLastStrongRef automatically unlinking death recipients
08-13 18:09:08.725   359   511 I Amlogic_C2AudioFFMPEGDecoder: ~C2AudioFFMPEGDecoder() 280
08-13 18:09:08.726   359   511 I Amlogic_C2AudioFFMPEGDecoder: onRelease 492
08-13 18:09:08.726   359   511 I Amlogic_C2AudioFFMPEGDecoder: onStop() 464
08-13 18:09:08.726   359   511 I Amlogic_C2AudioFFMPEGDecoder: tearDown 439
08-13 18:09:08.726   359   511 I Amlogic_C2AudioFFMPEGDecoder: ~C2AudioFFMPEGDecoder() 287  exit
08-13 18:09:08.726   472 14118 D BufferPoolAccessor2.0: bufferpool2 0xe7e43ce8 : 0(0 size) total buffers - 0(0 size) used buffers - 12/20 (recycle/alloc) - 8/36 (fetch/transfer)
08-13 18:09:08.726   472 14117 D MediaCodec: flushMediametrics
08-13 18:09:08.726   359 13874 D BufferPoolAccessor2.0: bufferpool2 0xe9dc3868 : 0(0 size) total buffers - 0(0 size) used buffers - 15/18 (recycle/alloc) - 3/18 (fetch/transfer)
08-13 18:09:08.727   472 13844 D BufferPoolAccessor2.0: Destruction - bufferpool2 0xe7e43ce8 cached: 0/0M, 0/0% in use; allocs: 20, 60% recycled; transfers: 36, 78% unfetched
08-13 18:09:08.727   472 14033 I NU-AmNuPlayer: [#7] audio shutdown completed
08-13 18:09:08.727   472 14033 I NU-AmNuPlayer: [#7] audio setHasNoMedia
08-13 18:09:08.727   472 14033 D NU-AmNuPlayerDriver: [#7] notifyResetComplete(0xe9e80450)
08-13 18:09:08.727   472 14033 I NU-AmNuPlayer: mSeekByUserCompleted_5904: 1
08-13 18:09:08.727   472 14117 I NuPlayerDecoderBase: ReadDataHandler release.
08-13 18:09:08.727   472 14117 I MessageMonitor: ReadDataHandler MessageMonitor exit
08-13 18:09:08.727   472 14117 I MessageMonitor: NU-AmNuPlayerDecoder-audN MessageMonitor exit
08-13 18:09:08.729   472 14117 I NU-GenericSource: >>>[~GenericSource 2159]
08-13 18:09:08.730   472 14117 I NU-GenericSource: [resetDataSource 691]
08-13 18:09:08.730   472 14117 I MessageMonitor: NU-GenericSource MessageMonitor exit
08-13 18:09:08.730   472   525 D NU-AmNuPlayerDriver: [#7] reset(0xe9e80450) at state 0
08-13 18:09:08.730   472 14117 W RefBase : RefBase: Explicit destruction, weak count = 0 (in 0xef085410). Use sp<> to manage this object.
08-13 18:09:08.730   472 14117 W RefBase : CallStack::getCurrentInternal not linked, returning null
08-13 18:09:08.730   472 14117 W RefBase : CallStack::logStackInternal not linked
08-13 18:09:08.730   472   525 I NU-AmNuPlayerDriver: ~AmNuPlayerDriver(0xe9e80450)
08-13 18:09:08.730   472 14117 I MessageMonitor: NU-AmNuPlayerRenderer MessageMonitor exit
08-13 18:09:08.730   472 14117 I NU-AmNuPlayerRenderer: [#7] ~Renderer
08-13 18:09:08.730   472   525 D AmlPlayerTimer: func:_timer_delete  delete timer.0 success.
08-13 18:09:08.730   472   525 I MessageMonitor: NU-AmNuPlayer MessageMonitor exit
08-13 18:09:08.731   352 13825 I audio_hw_hal_primary: [adev_set_parameters:4208] dev:0xf1243dc0, kv: sound_track=0
08-13 18:09:08.731   352 13825 D audio_hw_hal_hfp: [audio_extn_hfp_set_parameters:739] audio_extn_hfp_set_parameters
08-13 18:09:08.731   352 13825 I audio_hw_hal_primary: video player sound_track mode 0 
08-13 18:09:08.731   470   943 I AmFFmpegExtractor:  [stop 1480](0xe9d422f0)
08-13 18:09:08.732   470   943 I AmFFmpegExtractor:  [~AmFFmpegSource 724]
08-13 18:09:08.732   470   943 I AmFFmpegExtractor:  [~AmFFmpegExtractor 2504]
08-13 18:09:08.732   470   943 I AmFFmpegExtractor:  [~AmFFmpegExtractor 2511]
08-13 18:09:08.732   470   943 W RefBase : RefBase: Explicit destruction, weak count = 0 (in 0xeca40674). Use sp<> to manage this object.
08-13 18:09:08.732   470   943 W RefBase : CallStack::getCurrentInternal not linked, returning null
08-13 18:09:08.732   470   943 W RefBase : CallStack::logStackInternal not linked
08-13 18:09:08.732   352   416 D AudioHalHardware: +setParameters(): sound_track=0
08-13 18:09:08.732   352   416 W AudioHalHardware: setParameters(), still have param.size() = 1, remain param = "sound_track=0"
08-13 18:09:08.732   352   416 D AudioHalHardware: -setParameters(): sound_track=0 
08-13 18:09:08.733   352   416 I audio_hw_hal_primary: [adev_set_parameters:4208] dev:0xf1243dc0, kv: is_ms12_continuous=1
08-13 18:09:08.733   352   416 D audio_hw_hal_hfp: [audio_extn_hfp_set_parameters:739] audio_extn_hfp_set_parameters
08-13 18:09:08.733   352   416 D AudioHalHardware: +setParameters(): is_ms12_continuous=1
08-13 18:09:08.733   352   416 W AudioHalHardware: setParameters(), still have param.size() = 1, remain param = "is_ms12_continuous=1"
08-13 18:09:08.734   352   416 D AudioHalHardware: -setParameters(): is_ms12_continuous=1 
08-13 18:09:08.734   472   525 I AmlPlayerTimer: ~AmlPlayerTimer
08-13 18:09:08.734   472   525 W AMessage: failed to post message as target looper for handler 0 is gone.
08-13 18:09:08.735   966  1164 V MediaPlayer: resetDrmState:  mDrmInfo=null mDrmProvisioningThread=null mPrepareDrmInProgress=false mActiveDrmScheme=false
08-13 18:09:08.735   966  1164 V MediaPlayer: cleanDrmObj: mDrmObj=null mDrmSessionId=null
08-13 18:09:08.738   403   403 D audioserver: logFgsApiEnd: FGS Logger Transaction failed, -129
08-13 18:09:08.745   472   525 V AmlogicNuPlayerFactoryInit:  create AmNuPlayer
08-13 18:09:08.745   472   525 I NU-AmNuPlayerDriver:  ReCalculatePositionRatio set 0.500000
08-13 18:09:08.745   472   525 I AmlPlayerTimer: AmlPlayerTimer
08-13 18:09:08.745   472   525 I MessageMonitor: NU-AmNuPlayer MessageMonitor mDebugLevel 0, poll message us 30000000
08-13 18:09:08.745   472   525 I NU-AmNuPlayer: [#9] mPlayerInstanceId = 9
08-13 18:09:08.746   472   525 D AmlPlayerTimer: func:_timer_create  create timer.0 success.
08-13 18:09:08.746   472   525 D NU-AmNuPlayer: Enable QOS : 0
08-13 18:09:08.746   472   525 D NU-AmNuPlayerDriver: [#9] AmNuPlayerDriver(0xe9e80450) created, clientPid(966), mPlayerInstanceId(9)
08-13 18:09:08.746   472   525 I NU-AmNuPlayerDriver: [#9] 
08-13 18:09:08.746   472   525 I NU-AmNuPlayerDriver: --------------------------------
08-13 18:09:08.746   472   525 I NU-AmNuPlayerDriver: ARCH = arm
08-13 18:09:08.746   472   525 I NU-AmNuPlayerDriver: branch name:   origin/project/iptv/r-iptv-dev-v3.0]
08-13 18:09:08.746   472   525 I NU-AmNuPlayerDriver: git version:   6813fe2217fe2ed7a1a950f4d2ab93222cb65337 
08-13 18:09:08.746   472   525 I NU-AmNuPlayerDriver: change id:      Change-Id: I992c058f8140cc983aaa0a39666b80b8ca3b1c17 
08-13 18:09:08.746   472   525 I NU-AmNuPlayerDriver: ID       :      PD#IPTV-39521 
08-13 18:09:08.746   472   525 I NU-AmNuPlayerDriver: last changed:  Date: Thu Mar 19 02:26:18 2026 +0000
08-13 18:09:08.746   472   525 I NU-AmNuPlayerDriver: build-time:     Wed Mar 25 02:38:52 UTC 2026
08-13 18:09:08.746   472   525 I NU-AmNuPlayerDriver: build-name:     wang.ren
08-13 18:09:08.746   472   525 I NU-AmNuPlayerDriver: uncommitted-file-num:0
08-13 18:09:08.746   472   525 I NU-AmNuPlayerDriver: BaseCommitMsg: commit 6813fe2217fe2ed7a1a950f4d2ab93222cb65337 PD#IPTV-39521 Change-Id: I992c058f8140cc983aaa0a39666b80b8ca3b1c17
08-13 18:09:08.746   472   525 I NU-AmNuPlayerDriver: PathesOnBase:  
08-13 18:09:08.746   472   525 I NU-AmNuPlayerDriver: 
08-13 18:09:08.746   472   525 I NU-AmNuPlayerDriver: MM-module-name:AmNuPlayer,Version:V5.1.206-g6813fe2
08-13 18:09:08.746   472   525 I NU-AmNuPlayerDriver: 
08-13 18:09:08.746   472   525 I NU-AmNuPlayerDriver: --------------------------------
08-13 18:09:08.746   472   525 I NU-AmNuPlayerDriver: [#9] Supported functions : 
08-13 18:09:08.746   472   525 I NU-AmNuPlayerDriver: {"MM-module-name":"AmNuPlayer"{"Features":["Switchaudio/subtitletracks","HTTPlivestreamingformpegtsandmp3formats","Localplaybackforvariousformats","UDPunicastandmulticastformpegtsformat","RTP/RTSPplaybackformpegtsformat","HLSlive/vodformpegtsformat","Androidaudiooffloadmode","SupportBuilt-insubtitles","AVS3videosupportforprotocolHTTPandLocal","AC4audiosupportforprotocolHTTP,Local,HLSandUDP","DVBTelextsupport","AudioVIVIDsuportforLocal/HTTP/UDP/HLS","AVS3videosupportvforprotocolHLSandUDP","ISOplaybackforlocal""libcurldownloadforprotocolHLS""dnscacheforprotocolHLS""ipv6andipv4firstplaybackforprotocolHLS""IPTVMulticasttoUnicastforprotocolRTPandUDP""IPTVcmccsoftprobeforprotocolUDPRTPHTTPHLS"],"SupportedFormats":[{"Protocol":"UDP","FileFormats":["MPEGTS"],},{"Protocol":"HLS","FileFormats":["MPEGTS","MP4"],},{"Protocol":"HTTPLIVE","FileFormats":["MPEGTS","MP3"],},{"Protocol":"LOCAL/HTTPVOD","FileFormats":["MP4","ASF","AVI","MPEGTS","MPEGPS","FLV","LIVE_FLV","WAV","PMP","H264","IVF","OG
08-13 18:09:08.749   185   185 I hwservicemanager: getTransport: Cannot find entry android.hardware.media.omx@1.0::IOmx/default in either framework or device VINTF manifest.
08-13 18:09:08.749   472   525 D MediaPlayerService: OMX service is not available
08-13 18:09:08.752   472   525 I NU-AmNuPlayer: [#9] setDataSourceAsync fd 9/3999504/13518
08-13 18:09:08.752   472 18443 I NU-AmNuPlayer: [#9] kWhatSetAudioSink
08-13 18:09:08.762   472   525 D NU-AmNuPlayer: part of md5:240a77755895f0bbdb127ec41ced09fc
08-13 18:09:08.762   472   525 I NU-AmNuPlayer: [#9] file size too small, check M3U8
08-13 18:09:08.762   472   525 I MessageMonitor: NU-GenericSource MessageMonitor mDebugLevel 0, poll message us 30000000
08-13 18:09:08.762   472   525 I NU-GenericSource: mPlayerInstanceId = 9
08-13 18:09:08.762   472   525 I NU-GenericSource: [resetDataSource 691]
08-13 18:09:08.762   472   525 I NU-GenericSource: [resetDataSource 691]
08-13 18:09:08.764   472 18444 I NU-GenericSource: patch:
08-13 18:09:08.764   352   416 I audio_hw_hal_primary: [adev_set_parameters:4208] dev:0xf1243dc0, kv: is_ms12_continuous=0
08-13 18:09:08.764   352   416 D audio_hw_hal_hfp: [audio_extn_hfp_set_parameters:739] audio_extn_hfp_set_parameters
08-13 18:09:08.764   352   416 D AudioHalHardware: +setParameters(): is_ms12_continuous=0
08-13 18:09:08.764   352   416 W AudioHalHardware: setParameters(), still have param.size() = 1, remain param = "is_ms12_continuous=0"
08-13 18:09:08.764   352   416 D AudioHalHardware: -setParameters(): is_ms12_continuous=0 
08-13 18:09:08.765   472 18444 D NU-GenericSource: FileSource remote
08-13 18:09:08.767   472 18444 I NU-GenericSource: >>>[initFromDataSource 1438]
08-13 18:09:08.770   470 18440 I AmFFmpegExtractor: all use ffmpegextractor
08-13 18:09:08.770   470 18440 I AmFFmpegExtractor: is in white list : 1
08-13 18:09:08.770   470 18440 I AmFFmpegExtractor: SniffAmFFmpeg  ok, confidence = 0.800000
08-13 18:09:08.771   470 18440 W AString : ctor got NULL, using empty string instead
08-13 18:09:08.771   470 18440 I AmFFmpegExtractor: 
08-13 18:09:08.771   470 18440 I AmFFmpegExtractor: -----------AmFFmpegExtractor Info---------
08-13 18:09:08.771   470 18440 I AmFFmpegExtractor: 
08-13 18:09:08.771   470 18440 I AmFFmpegExtractor: MM-module-name:Extractor,Version:V3.0.47-g62c0e35
08-13 18:09:08.771   470 18440 I AmFFmpegExtractor: 
08-13 18:09:08.771   470 18440 I AmFFmpegExtractor: ARCH = arm
08-13 18:09:08.771   470 18440 I AmFFmpegExtractor: Author: multi-media team
08-13 18:09:08.771   470 18440 I AmFFmpegExtractor: Branch name:   * project/iptv/r-iptv-dev-v3.0
08-13 18:09:08.771   470 18440 I AmFFmpegExtractor: Last Commit Info:
08-13 18:09:08.771   470 18440 I AmFFmpegExtractor:     commit 62c0e35d74eea49a36e12a3606980c10190612ef
08-13 18:09:08.771   470 18440 I AmFFmpegExtractor:     Author: wang.ren <wang.ren@amlogic.com>
08-13 18:09:08.771   470 18440 I AmFFmpegExtractor:     Date: Wed Mar 18 08:05:29 2026 +0000
08-13 18:09:08.771   470 18440 I AmFFmpegExtractor:      AmFFmpegAdapter: CB2 sync patch from branch apex to iptv [1/1]
08-13 18:09:08.771   470 18440 I AmFFmpegExtractor:      PD#IPTV-39846
08-13 18:09:08.771   470 18440 I AmFFmpegExtractor:      Change-Id: Ic4714a59dcc906ce7551f77f43cacf29a563346b
08-13 18:09:08.771   470 18440 I AmFFmpegExtractor: Uncommitted-file-num:0
08-13 18:09:08.771   470 18440 I AmFFmpegExtractor: Build-time:     Thu Mar 19 11:41:22 UTC 2026
08-13 18:09:08.771   470 18440 I AmFFmpegExtractor: Build-name:     wang.ren
08-13 18:09:08.771   470 18440 I AmFFmpegExtractor: -----------------------------------------
08-13 18:09:08.771   470 18440 I AmFFmpegExtractor: media.ffmpegextractor.loglevel 16
08-13 18:09:08.771   470 18440 I AmFFmpegExtractor: vendor.media.ffmpegextractor.ESLen264Check : 60
08-13 18:09:08.771   470 18440 I AmFFmpegExtractor: vendor.media.ffmpegextractor.ESLen265Check : 50
08-13 18:09:08.771   470 18440 I AmFFmpegByteIOAdapter: File size : 13518
08-13 18:09:08.773   470 18440 I AmFFmpegExtractor: AmFFmpegExtractor mInputFormat name {mp3 [(null)]}
08-13 18:09:08.774   470 18440 E exFFmpeg: [mp3 @ 0xecb042c0] EOF Found
08-13 18:09:08.774   470 18440 I AmFFmpegExtractor: ///////////////start dump format
08-13 18:09:08.776   470 18440 I AmFFmpegExtractor: [init 3304] audio/mpeg
08-13 18:09:08.776   470 18440 D AmFFmpegExtractor: fileSize:13518, ff_ctx_bit_rate:226657, bitrateDiff:98657, bitRateSum:128000, duration:(477125,844875)
08-13 18:09:08.776   470 18440 I AmFFmpegExtractor: isMusic major_brand:null
08-13 18:09:08.776   470 18440 I AmFFmpegExtractor: isMusic mp3 is music
08-13 18:09:08.776   470 18440 I AmFFmpegExtractor: Stream 1(1) [audio/ffmpeg][codecid:0x15001(0x15001)] found.
08-13 18:09:08.776   470 18440 I AmFFmpegExtractor:  [AmFFmpegSource 711]startTimeUs:0, seekable:1
08-13 18:09:08.777   470 18440 I AmFFmpegExtractor:  [init 744](0xe9d422f0)
08-13 18:09:08.777   470 18440 E AmFFmpegExtractor: mAudioMuxRead 2
08-13 18:09:08.777   470 18440 I AmFFmpegExtractor: init kKeyDuration = 477125
08-13 18:09:08.777   470 18440 I AmFFmpegExtractor: audio:demux: fmt = 8
08-13 18:09:08.777   470 18440 I AmFFmpegExtractor: audio:demux: channels = 2
08-13 18:09:08.777   470 18440 I AmFFmpegExtractor: audio:demux: sample_rate = 44100
08-13 18:09:08.777   470 18440 I AmFFmpegExtractor: audio:demux: bit_rate = 128000
08-13 18:09:08.777   470 18440 I AmFFmpegExtractor: audio:demux: codec_id = 86017
08-13 18:09:08.777   470 18440 I AmFFmpegExtractor: audio:demux: stream startTimeUs = 0
08-13 18:09:08.777   470 18440 I AmFFmpegExtractor: audio:demux: block_align = 0
08-13 18:09:08.777   470 18440 E AmFFmpegExtractor: kKeyMediaLanguage audio lang null
08-13 18:09:08.777   470 18440 I AmFFmpegExtractor: Mime:audio/ffmpeg
08-13 18:09:08.777   470 18440 I StreamFormatter: Creating formatter for codec id : 86017 extradata size : 0
08-13 18:09:08.778   470 18440 I AmFFmpegExtractor: [init 3526] mIsDolbyVison:0, i:0
08-13 18:09:08.778   470 18440 I AmFFmpegExtractor: Not use Thread, by reason of has no activity audio or video.
08-13 18:09:08.780   472 18444 I NU-GenericSource: >>>MediaExtractor::Create [initFromDataSource 1485] and extractor name:AmFFmpegExtractor
08-13 18:09:08.780   472 18444 D NU-GenericSource: [#9] [KPI] startup, find stream info time spent: 12749
08-13 18:09:08.780   472 18444 I NU-GenericSource: initFromDataSource, mExtractor->countTracks() = 1
08-13 18:09:08.780   472 18444 I NU-GenericSource: amlogic private metadata ffmpegHasAudio
08-13 18:09:08.780   472 18444 I NU-GenericSource: amlogic private metadata ffmpegHasVideo
08-13 18:09:08.780   472 18444 I NU-GenericSource: amlogic private metadata mSeekable:1
08-13 18:09:08.780   472 18444 I NU-GenericSource: ffmpegHasAudio : 1, ffmpegHasVideo : 0
08-13 18:09:08.780   472 18444 I NU-GenericSource: enabled audio limiter !
08-13 18:09:08.781   472 18444 I NU-GenericSource: initFromDataSource track[0]: audio/ffmpeg
08-13 18:09:08.781   472 18444 I NU-GenericSource: AudioName:mp3  codec_id:0x15001 skipAudio:truehd
08-13 18:09:08.781   472 18444 I NU-AmNuPlayerDecoder: sampleRate:44100 
08-13 18:09:08.782   472 18444 I AmAnotherPacketSource: (audio/ffmpeg)IsUdp:0 mLimitiSize:2097152, mTotalCount:1000 kLocalPlaybackMaxBufferCount 500
08-13 18:09:08.782   472 18444 I AmAnotherPacketSource: ----->(0xeefc1f90)start mIsVideo:0  mIsAudio:1 
08-13 18:09:08.782   472 18444 I NU-GenericSource: initFromDataSource mVideoTrack.mSource:0x0, unsupportvideo:0, ffmpegHasVideo:0
08-13 18:09:08.782   472 18444 I NU-GenericSource: initFromDataSource mAudioTrack.mSource:0xef14c5e0, ffmpegHasAudio:1
08-13 18:09:08.782   470 18440 I AmFFmpegExtractor:  [start 1451](0xe9d422f0)
08-13 18:09:08.782   470 18440 D MediaBufferGroup: creating MemoryDealer
08-13 18:09:08.782   472 18444 I NU-GenericSource: notifyPrepared 2560
08-13 18:09:08.782   472 18443 I NU-AmNuPlayer: [#9] notifyPrepareCompleted
08-13 18:09:08.782   472 18443 D NU-AmNuPlayerDriver: [#9] notifyListener_l(0xe9e80450), (1, 0, 0, -1), loop setting(0, 0)
08-13 18:09:08.784   472 18443 I NU-AmNuPlayer: [#9] updateMediaInfo
08-13 18:09:08.785   472 18443 I NU-AmNuPlayer: [#9] [updateMediaInfo:1371]get i=0 , mime: audio/ffmpeg
08-13 18:09:08.786   472   525 D NU-AmNuPlayerDriver: [#9] start(0xe9e80450), state is 4, eos is 0
08-13 18:09:08.787   472 18443 I NU-AmNuPlayer: [#9] kWhatStart
08-13 18:09:08.787   472 18443 I NU-AmNuPlayer: [#9] onStart: mCrypto: 0x0 (0)
08-13 18:09:08.787   472 18443 I NU-GenericSource: start
08-13 18:09:08.788   563   720 D CompatibilityChangeReporter: Compat change id reported: 171306433; UID 1000; state: ENABLED
08-13 18:09:08.788   864   864 E jarvis_AppUtils: getPkgNameByPidFromFile failed, pid===966, ex=java.io.FileNotFoundException: /proc/966/cmdline: open failed: ENOENT (No such file or directory)
08-13 18:09:08.788   864   864 E jarvis_AppUtils: read /proc/pid/cmdline failed, pname===null, fallback to AMS...
08-13 18:09:08.789   563   720 D CompatibilityChangeReporter: Compat change id reported: 218533173; UID 1000; state: ENABLED
08-13 18:09:08.790   472 18443 I NU-AmNuPlayer: [#9] AmNuPlayer::Source::getFormat frame-rate = failed
08-13 18:09:08.790   472 18443 I NU-AmNuPlayer: [#9] getFormat audio extend format : audio/ffmpeg
08-13 18:09:08.791   472 18443 I NU-AmNuPlayerRenderer: getAudioDevicesForStream   streamType=3,  audioDevices=0x2
08-13 18:09:08.791   472 18443 E NU-AmNuPlayerRenderer: Couldn't map mime "audio/ffmpeg" to a valid audio_format
08-13 18:09:08.791   472 18443 I MessageMonitor: NU-AmNuPlayerRenderer MessageMonitor mDebugLevel 0, poll message us 30000000
08-13 18:09:08.791   472 18443 I NU-AmNuPlayerRenderer: [#9] mPlayerInstanceId = 9
08-13 18:09:08.791   472 18443 I NU-AmNuPlayerRenderer: mFirstSlowSync is set to True. from : 1010
08-13 18:09:08.791   472 18443 I NU-AmNuPlayerRenderer: [#9] media.amnuplayer.avsync.dropmode is set to 0 us .
08-13 18:09:08.791   472 18443 I NU-AmNuPlayerRenderer: for IPTV hls, mShowFrameAfterOpenAudioSink is set to True. from : 1115
08-13 18:09:08.792   352 13825 D AudioHalHardware: +getParameters(), key = hdmi_format
08-13 18:09:08.792   352 13825 D AudioHalHardware: -getParameters(), return ""
08-13 18:09:08.794   472 18443 I NU-AmNuPlayerDriver: media.player.atrace.enable is 1
08-13 18:09:08.794   472 18443 I NU-AmNuPlayer: [#9] [onStart:4461] new Renderer
08-13 18:09:08.799   472 18443 I NU-AmNuPlayer: [#9] AmNuPlayer::Source::getFormat frame-rate = failed
08-13 18:09:08.799   472 18443 I NU-AmNuPlayer: [#9] getFormat audio extend format : audio/ffmpeg
08-13 18:09:08.800   472 18443 I NU-AmNuPlayerRenderer: getAudioDevicesForStream   streamType=3,  audioDevices=0x2
08-13 18:09:08.802   472 18443 E NU-AmNuPlayerRenderer: Couldn't map mime "audio/ffmpeg" to a valid audio_format
08-13 18:09:08.802   472 18443 I NU-AmNuPlayer: [#9] instantiateDecoder   format: AMessage(what = 0x00000000) = {
08-13 18:09:08.802   472 18443 I NU-AmNuPlayer:   string mime = "audio/ffmpeg"
08-13 18:09:08.802   472 18443 I NU-AmNuPlayer:   int64_t durationUs = 477125
08-13 18:09:08.802   472 18443 I NU-AmNuPlayer:   int32_t track-id = 0
08-13 18:09:08.802   472 18443 I NU-AmNuPlayer:   int32_t bitrate = 128000
08-13 18:09:08.802   472 18443 I NU-AmNuPlayer:   int32_t channel-count = 2
08-13 18:09:08.802   472 18443 I NU-AmNuPlayer:   int32_t sample-rate = 44100
08-13 18:09:08.802   472 18443 I NU-AmNuPlayer:   string codec-format-str = "audio/ffmpeg"
08-13 18:09:08.802   472 18443 I NU-AmNuPlayer:   int32_t codec-id = 86017
08-13 18:09:08.802   472 18443 I NU-AmNuPlayer:   int32_t block-align = 0
08-13 18:09:08.802   472 18443 I NU-AmNuPlayer:   int32_t vendor.adec.codec-id.value = 86017
08-13 18:09:08.802   472 18443 I NU-AmNuPlayer:   Buffer extra-data = {
08-13 18:09:08.802   472 18443 I NU-AmNuPlayer:   }
08-13 18:09:08.802   472 18443 I NU-AmNuPlayer:   int32_t bit-rate = 128000
08-13 18:09:08.802   472 18443 I NU-AmNuPlayer:   int32_t priority = 0
08-13 18:09:08.802   472 18443 I NU-AmNuPlayer: }  
08-13 18:09:08.803   472 18443 W AString : ctor got NULL, using empty string instead
08-13 18:09:08.803   472 18443 I NU-AmNuPlayerDecoder: [#9] mPlayerInstanceId = 9  mForceClearUseClearKey is 0
08-13 18:09:08.803   472 18443 I NU-AmNuPlayerDriver: media.player.atrace.enable is 1
08-13 18:09:08.803   472 18443 I MessageMonitor: NU-AmNuPlayerDecoder-audN MessageMonitor mDebugLevel 0, poll message us 30000000
08-13 18:09:08.803   472 18443 I NU-AmNuPlayer: [#9] instantiateDecoder audio Decoder
08-13 18:09:08.803   472 18443 I NU-AmNuPlayer: [#9] updateMediaInfo
08-13 18:09:08.804   472 18447 I NU-AmNuPlayerDecoder: [#9] onConfigure format: AMessage(what = 0x00000000) = {
08-13 18:09:08.804   472 18447 I NU-AmNuPlayerDecoder:   string mime = "audio/ffmpeg"
08-13 18:09:08.804   472 18447 I NU-AmNuPlayerDecoder:   int64_t durationUs = 477125
08-13 18:09:08.804   472 18447 I NU-AmNuPlayerDecoder:   int32_t track-id = 0
08-13 18:09:08.804   472 18447 I NU-AmNuPlayerDecoder:   int32_t bitrate = 128000
08-13 18:09:08.804   472 18447 I NU-AmNuPlayerDecoder:   int32_t channel-count = 2
08-13 18:09:08.804   472 18447 I NU-AmNuPlayerDecoder:   int32_t sample-rate = 44100
08-13 18:09:08.804   472 18447 I NU-AmNuPlayerDecoder:   string codec-format-str = "audio/ffmpeg"
08-13 18:09:08.804   472 18447 I NU-AmNuPlayerDecoder:   int32_t codec-id = 86017
08-13 18:09:08.804   472 18447 I NU-AmNuPlayerDecoder:   int32_t block-align = 0
08-13 18:09:08.804   472 18447 I NU-AmNuPlayerDecoder:   int32_t vendor.adec.codec-id.value = 86017
08-13 18:09:08.804   472 18447 I NU-AmNuPlayerDecoder:   Buffer extra-data = {
08-13 18:09:08.804   472 18447 I NU-AmNuPlayerDecoder:   }
08-13 18:09:08.804   472 18447 I NU-AmNuPlayerDecoder:   int32_t bit-rate = 128000
08-13 18:09:08.804   472 18447 I NU-AmNuPlayerDecoder:   int32_t priority = 0
08-13 18:09:08.804   472 18447 I NU-AmNuPlayerDecoder:   int32_t early-release = 0
08-13 18:09:08.804   472 18447 I NU-AmNuPlayerDecoder: }
08-13 18:09:08.804   472 18447 I MessageMonitor: ReadDataHandler MessageMonitor mDebugLevel 0, poll message us 30000000
08-13 18:09:08.804   472 18447 D MediaCodecList: codecHandlesFormat: no format, so no extra checks
08-13 18:09:08.804   472 18443 I NU-AmNuPlayer: [#9] [updateMediaInfo:1371]get i=0 , mime: audio/ffmpeg
08-13 18:09:08.805   472 18448 D CCodec  : allocate(c2.amlogic.audio.decoder.ffmpeg)
08-13 18:09:08.807   472 18448 I CCodec  : setting up 'default' as default (vendor) store
08-13 18:09:08.807   359   881 I C2VendorComponentStore: C2VendorComponentStore::createComponent name c2.amlogic.audio.decoder.ffmpeg
08-13 18:09:08.807   359   881 I C2VendorComponentStore: findComponent
08-13 18:09:08.807   359   881 I C2VendorComponentStore: C2VendorComponentStore::createComponent fetchModule
08-13 18:09:08.807   359   881 I C2VendorComponentStore: localModule libpath libcodec2_aml_audio_decoder.so 54
08-13 18:09:08.807   359   881 V C2VendorComponentStore: Loading dll
08-13 18:09:08.808   359   881 I C2VendorComponentStore: in init ===> start codec:54 secure:0 isAudio:1
08-13 18:09:08.808   359   881 V C2VendorComponentStore: init  libPath:libcodec2_aml_audio_decoder.so --> isAudio:1, createFactoryName:CreateC2AudioDecoderFFMPEGFactory
08-13 18:09:08.808   359   881 V Amlogic_C2AudioFFMPEGDecoder: create component FFMPEG 
08-13 18:09:08.808   359   881 I C2VendorComponentStore: GetCodec2VendorComponentStore, line:910
08-13 18:09:08.808   359   881 I Amlogic_C2AudioFFMPEGDecoder: in C2AudioFFMPEGDecFactory 
08-13 18:09:08.808   359   881 I Amlogic_C2AudioFFMPEGDecoder: in createComponent 
08-13 18:09:08.809   359   881 I Amlogic_C2AudioFFMPEGDecoder: in IntfImpl  c2.amlogic.audio.decoder.ffmpeg
08-13 18:09:08.809   359   881 I Amlogic_C2AudioFFMPEGDecoder: C2AudioFFMPEGDecoder() 267  name:c2.amlogic.audio.decoder.ffmpeg
08-13 18:09:08.809   359   881 I Amlogic_C2AudioFFMPEGDecoder: initializeState_l 291
08-13 18:09:08.810   359   881 V C2VendorComponentStore: In ~ComponentModule
08-13 18:09:08.810   359   881 V C2VendorComponentStore: Unloading dll
08-13 18:09:08.811   472 18448 I CCodec  : Created component [c2.amlogic.audio.decoder.ffmpeg]
08-13 18:09:08.811   472 18448 D CCodecConfig: read media type: audio/ffmpeg
08-13 18:09:08.813   472 18448 D ReflectedParamUpdater: extent() != 1 for single value type: output.subscribed-indices.values
08-13 18:09:08.813   472 18448 D ReflectedParamUpdater: extent() != 1 for single value type: input.buffers.allocator-ids.values
08-13 18:09:08.813   472 18448 D ReflectedParamUpdater: extent() != 1 for single value type: output.buffers.allocator-ids.values
08-13 18:09:08.814   472 18448 D ReflectedParamUpdater: extent() != 1 for single value type: output.buffers.pool-ids.values
08-13 18:09:08.817   472 18448 I CCodecConfig: query failed after returning 8 values (BAD_INDEX)
08-13 18:09:08.817   472 18448 D CCodecConfig: c2 config diff is Dict {
08-13 18:09:08.817   472 18448 D CCodecConfig:   c2::u32 coded.bitrate.value = 64000
08-13 18:09:08.817   472 18448 D CCodecConfig:   c2::u32 input.buffers.max-size.value = 2097152
08-13 18:09:08.817   472 18448 D CCodecConfig:   string input.media-type.value = "audio/ffmpeg"
08-13 18:09:08.817   472 18448 D CCodecConfig:   string output.media-type.value = "audio/raw"
08-13 18:09:08.817   472 18448 D CCodecConfig:   c2::u32 raw.channel-count.value = 1
08-13 18:09:08.817   472 18448 D CCodecConfig:   c2::u32 raw.channel-mask.value = 0
08-13 18:09:08.817   472 18448 D CCodecConfig:   c2::u32 raw.max-channel-count.value = 8
08-13 18:09:08.817   472 18448 D CCodecConfig:   c2::u32 raw.sample-rate.value = 44100
08-13 18:09:08.817   472 18448 D CCodecConfig: }
08-13 18:09:08.818   472 18447 I NU-AmNuPlayerDecoder: [#9] mComponentName c2.amlogic.audio.decoder.ffmpeg
08-13 18:09:08.819   472 18447 I NU-AmNuPlayerRenderer: [#9] audio source format 0x1
08-13 18:09:08.819   472 18447 I NU-AmNuPlayerDecoder: sampleRate:44100 
08-13 18:09:08.819   472 18447 I NU-AmNuPlayerDecoder: [#9] is_passthrough_enable:0 
08-13 18:09:08.819   472 18447 I NU-AmNuPlayerDecoder: channel-count=2
08-13 18:09:08.819   472 18447 I NU-AmNuPlayerDecoder: sample-rate=44100
08-13 18:09:08.819   472 18447 I NU-AmNuPlayerDecoder: bit-rate=128000
08-13 18:09:08.819   472 18447 I NU-AmNuPlayerDecoder: block-align=0
08-13 18:09:08.819   472 18447 I NU-AmNuPlayerDecoder: codec-id=86017
08-13 18:09:08.819   472 18447 I NU-AmNuPlayerDecoder: is_passthrough_enable=0
08-13 18:09:08.819   472 18447 I NU-AmNuPlayerDecoder: extradata-size=0
08-13 18:09:08.819   472 18448 I MediaCodec: MediaCodec will operate in async mode
08-13 18:09:08.819   472 18448 D MediaCodec: flushMediametrics
08-13 18:09:08.820   472 18448 D CCodec  : [c2.amlogic.audio.decoder.ffmpeg] buffers are bound to CCodec for this session
08-13 18:09:08.820   472 18448 D CCodecConfig: no c2 equivalents for durationUs
08-13 18:09:08.820   472 18448 D CCodecConfig: no c2 equivalents for track-id
08-13 18:09:08.820   472 18448 D CCodecConfig: no c2 equivalents for codec-format-str
08-13 18:09:08.820   472 18448 D CCodecConfig: no c2 equivalents for codec-id
08-13 18:09:08.820   472 18448 D CCodecConfig: no c2 equivalents for block-align
08-13 18:09:08.820   472 18448 D CCodecConfig: no c2 equivalents for extra-data
08-13 18:09:08.820   472 18448 D CCodecConfig: no c2 equivalents for bit-rate
08-13 18:09:08.820   472 18448 D CCodecConfig: no c2 equivalents for early-release
08-13 18:09:08.820   472 18448 D CCodecConfig: no c2 equivalents for is_passthrough_enable
08-13 18:09:08.820   472 18448 D CCodecConfig: no c2 equivalents for flags
08-13 18:09:08.821   472 18448 D CCodecConfig: c2 config diff is   c2::u32 coded.bitrate.value = 128000
08-13 18:09:08.821   472 18448 D CCodecConfig:   c2::u32 raw.channel-count.value = 2
08-13 18:09:08.821   472 18448 D CCodecConfig:   c2::i32 vendor.adec.block-align.value = 0
08-13 18:09:08.821   472 18448 D CCodecConfig:   c2::i32 vendor.adec.codec-id.value = 86017
08-13 18:09:08.821   472 18448 D CCodecConfig:   c2::i32 vendor.adec.extra-data-size.value = 0
08-13 18:09:08.822   472 18448 W Codec2Client: query -- param skipped: index = 1107298332.
08-13 18:09:08.822   472 18448 D CCodec  : encoding statistics level = 0
08-13 18:09:08.822   472 18448 D CCodec  : setup formats input: AMessage(what = 0x00000000) = {
08-13 18:09:08.822   472 18448 D CCodec  :   int32_t aac-max-output-channel_count = 8
08-13 18:09:08.822   472 18448 D CCodec  :   int32_t bitrate = 128000
08-13 18:09:08.822   472 18448 D CCodec  :   int32_t channel-count = 2
08-13 18:09:08.822   472 18448 D CCodec  :   int32_t channel-mask = 0
08-13 18:09:08.822   472 18448 D CCodec  :   int32_t max-input-size = 2097152
08-13 18:09:08.822   472 18448 D CCodec  :   int32_t max-output-channel-count = 8
08-13 18:09:08.822   472 18448 D CCodec  :   string mime = "audio/ffmpeg"
08-13 18:09:08.822   472 18448 D CCodec  :   int32_t sample-rate = 44100
08-13 18:09:08.822   472 18448 D CCodec  :   int32_t vendor.adec.block-align.value = 0
08-13 18:09:08.822   472 18448 D CCodec  :   int32_t vendor.adec.codec-id.value = 86017
08-13 18:09:08.822   472 18448 D CCodec  :   int32_t vendor.adec.extra-data-size.value = 0
08-13 18:09:08.822   472 18448 D CCodec  : }
08-13 18:09:08.822   472 18448 D CCodec  : setup formats output: AMessage(what = 0x00000000) = {
08-13 18:09:08.822   472 18448 D CCodec  :   int32_t aac-max-output-channel_count = 8
08-13 18:09:08.822   472 18448 D CCodec  :   int32_t channel-count = 2
08-13 18:09:08.822   472 18448 D CCodec  :   int32_t channel-mask = 0
08-13 18:09:08.822   472 18448 D CCodec  :   int32_t max-output-channel-count = 8
08-13 18:09:08.822   472 18448 D CCodec  :   string mime = "audio/raw"
08-13 18:09:08.822   472 18448 D CCodec  :   int32_t sample-rate = 44100
08-13 18:09:08.822   472 18448 D CCodec  :   int32_t android._config-pcm-encoding = 2
08-13 18:09:08.822   472 18448 D CCodec  : }
08-13 18:09:08.822   472 18448 I CCodecConfig: query failed after returning 11 values (BAD_INDEX)
08-13 18:09:08.823   472 18447 D MediaCodec: keep callback message for reclaim
08-13 18:09:08.823   359 18450 I Amlogic_C2AudioFFMPEGDecoder: onInit() 453
08-13 18:09:08.823   359 18450 I Amlogic_C2AudioFFMPEGDecoder: initDecoder 511
08-13 18:09:08.823   359 18450 I Amlogic_C2AudioFFMPEGDecoder: setUp 421
08-13 18:09:08.823   359 18450 I Amlogic_C2AudioFFMPEGDecoder: vendor.media.c2.loglevels is not set used def = 1
08-13 18:09:08.823   359 18450 I Amlogic_C2AudioFFMPEGDecoder: setUpAudioDecoder_l  debug_print:0, debug_dump:0,  gloglevel:1
08-13 18:09:08.823   359 18450 I Amlogic_C2AudioFFMPEGDecoder: mAInfo codec_id:(0x15001 86017) blockalign:0 bitspersample:1 channelCount:2 SampleRate:44100 BitRate:128000
08-13 18:09:08.823   359 18450 I AmAudioCodec: AmAudioCodec 54 
08-13 18:09:08.823   359 18450 I AmFFmpegDecoder: AmFFmpegCodec::CreateCodec audio_decode_init  audio/ffmpeg
08-13 18:09:08.823   359 18450 I AmAudioCodec: ffmpeg decoder NeedCheckFrame 0  id =0x15001
08-13 18:09:08.823   359 18450 I AmFFmpegDecoder: AmFFmpegCodec::CreateCodec audio_decode_init  audio/ffmpeg ret:0
08-13 18:09:08.823   359 18450 I Amlogic_C2AudioFFMPEGDecoder: ffmpeg audio_decode_init return 0
08-13 18:09:08.823   359 18450 I Amlogic_C2AudioFFMPEGDecoder: C2AudioFFMPEGDecoder setUp done
08-13 18:09:08.823   359 18450 I Amlogic_C2AudioFFMPEGDecoder: onInit() 459 exit
08-13 18:09:08.826   359   881 D BufferPoolAccessor2.0: Destruction - bufferpool2 0xe9dc3868 cached: 0/0M, 0/0% in use; allocs: 18, 83% recycled; transfers: 18, 83% unfetched
08-13 18:09:08.826   472 18448 D CCodecBufferChannel: [c2.amlogic.audio.decoder.ffmpeg#967] Created input block pool with allocatorID 16 => poolID 26 - OK (0)
08-13 18:09:08.828   472 18448 I CCodecBufferChannel: [c2.amlogic.audio.decoder.ffmpeg#967] Created output block pool with allocatorID 16 => poolID 35 - OK
08-13 18:09:08.829   472 18448 D CCodecBufferChannel: [c2.amlogic.audio.decoder.ffmpeg#967] Configured output block pool ids 35 => OK
08-13 18:09:08.829   359   881 I C2VendorComponentStore: setDmaBufUsage 5
08-13 18:09:08.831   359 18450 D Amlogic_C2AudioDecComponent: Using output block pool with poolID 35 => got 35 - 0
08-13 18:09:08.831   359 18450 I Amlogic_C2AudioFFMPEGDecoder: process Invalid data frame
08-13 18:09:08.832   472 18447 D NuPlayerDecoderBase: [#9] [KPI] startup, mediacodec config time spent: 28109
08-13 18:09:08.832   472 18447 I NU-AmNuPlayerDecoder: [#9] [c2.amlogic.audio.decoder.ffmpeg] First CB_INPUT_AVAILABLE received.
08-13 18:09:08.835   472 18449 I NU-AmNuPlayerDecoder: [#9] [c2.amlogic.audio.decoder.ffmpeg] First Input Buffer Queued to Codec
08-13 18:09:08.838   359 18450 I Amlogic_C2AudioFFMPEGDecoder: Reconfiguring decoder: 0->44100 Hz, 0->2 channels
08-13 18:09:08.838   359 18450 I C2VendorComponentStore: setDmaBufUsage 5
08-13 18:09:08.841   472 18448 D CCodecConfig: c2 config diff is   c2::u32 raw.channel-mask.value = 12
08-13 18:09:08.841   472 18448 D CCodecBuffers: [c2.amlogic.audio.decoder.ffmpeg#967:Output[N]] popFromStashAndRegister: at 0us, output format changed to AMessage(what = 0x00000000) = {
08-13 18:09:08.841   472 18448 D CCodecBuffers:   int32_t aac-max-output-channel_count = 8
08-13 18:09:08.841   472 18448 D CCodecBuffers:   int32_t channel-count = 2
08-13 18:09:08.841   472 18448 D CCodecBuffers:   int32_t channel-mask = 12
08-13 18:09:08.841   472 18448 D CCodecBuffers:   int32_t max-output-channel-count = 8
08-13 18:09:08.841   472 18448 D CCodecBuffers:   string mime = "audio/raw"
08-13 18:09:08.841   472 18448 D CCodecBuffers:   int32_t sample-rate = 44100
08-13 18:09:08.841   472 18448 D CCodecBuffers:   int32_t android._config-pcm-encoding = 2
08-13 18:09:08.841   472 18448 D CCodecBuffers: }
08-13 18:09:08.842   472 18446 V NU-AmNuPlayerRenderer: [#9] openAudioSink: offloadOnly(0) offloadingAudio(0)
08-13 18:09:08.842   472 18447 I NU-AmNuPlayerDecoder: [#9] handleOutputFormatChange   format: AMessage(what = 0x00000000) = {
08-13 18:09:08.842   472 18447 I NU-AmNuPlayerDecoder:   int32_t aac-max-output-channel_count = 8
08-13 18:09:08.842   472 18447 I NU-AmNuPlayerDecoder:   int32_t channel-count = 2
08-13 18:09:08.842   472 18447 I NU-AmNuPlayerDecoder:   int32_t channel-mask = 12
08-13 18:09:08.842   472 18447 I NU-AmNuPlayerDecoder:   int32_t max-output-channel-count = 8
08-13 18:09:08.842   472 18447 I NU-AmNuPlayerDecoder:   string mime = "audio/raw"
08-13 18:09:08.842   472 18447 I NU-AmNuPlayerDecoder:   int32_t sample-rate = 44100
08-13 18:09:08.842   472 18447 I NU-AmNuPlayerDecoder:   int32_t android._config-pcm-encoding = 2
08-13 18:09:08.842   472 18447 I NU-AmNuPlayerDecoder: }
08-13 18:09:08.842   472 18446 V NU-AmNuPlayerRenderer: [#9] openAudioSink channelMask:0x3
08-13 18:09:08.842   472 18447 I NU-AmNuPlayerDecoder: [#9] [c2.amlogic.audio.decoder.ffmpeg] First CB_OUTPUT_AVAILABLE received. input buffer queued: 4
08-13 18:09:08.842   472 18446 V NU-AmNuPlayerRenderer: [#9] openAudioSink: open AudioSink in NON-offload mode
08-13 18:09:08.842   472 18447 I NU-AmNuPlayerDecoder: [#9] [c2.amlogic.audio.decoder.ffmpeg] First Out Buffer Queued to Render. timeUs:0
08-13 18:09:08.843   352 13825 D AudioHalHardware: +getParameters(), key = hdmi_format
08-13 18:09:08.843   352 13825 D AudioHalHardware: -getParameters(), return ""
08-13 18:09:08.843   472 18446 I NU-AmNuPlayerRenderer: is_force_direct 0
08-13 18:09:08.843   472 18446 D NU-AmNuPlayerRenderer: [#9] audio sink close from [onOpenAudioSink,5663]
08-13 18:09:08.848   352 13825 I audio_hw_hal_primary: [audiohal_get_latency:1344] io 13: out:0xf0ec6be0 frames:3072 rate:48000 whole_latency:64 alsa_latency:64
08-13 18:09:08.849   403   403 D AudioFlinger: Client defaulted notificationFrames to 9405 for frameCount 18810
08-13 18:09:08.854   352 13825 I audio_hw_hal_primary: [audiohal_get_latency:1344] io 13: out:0xf0ec6be0 frames:3072 rate:48000 whole_latency:64 alsa_latency:64
08-13 18:09:08.856   472 18446 D NU-AmNuPlayerRenderer: [#9] audio sink open from [onOpenAudioSink,5730]
08-13 18:09:08.856   472 18446 I NU-AmNuPlayerRenderer: [#9] reopen audio sink success cnt=0
08-13 18:09:08.857   403   403 D audioserver: logFgsApiBegin: FGS Logger Transaction failed, -129
08-13 18:09:08.858   472 18446 I NU-AmNuPlayerRenderer: [#9] openAudioSink:  mAudioSink->open  finished!!!
08-13 18:09:08.858   472 18446 I NU-AmNuPlayerRenderer: [#9] mQueueInitial end, mHasAudio =1, mHasVideo = 0
08-13 18:09:08.858   472 18446 I NU-AmNuPlayerRenderer: PTS: AV sync info:AV SYNCED 
08-13 18:09:08.858   472 18446 I NU-AmNuPlayerRenderer: PTS:   SystemTimeStamp:-1
08-13 18:09:08.858   472 18446 I NU-AmNuPlayerRenderer: PTS:   Last AudioTimeStamp:-1
08-13 18:09:08.858   472 18446 I NU-AmNuPlayerRenderer: PTS:   Last VideoTimeStamp:-1
08-13 18:09:08.858   472 18446 I NU-AmNuPlayerRenderer: PTS:   AV diff:0 ,Ajump:0,Vjump:0
08-13 18:09:08.858   472 18446 I NU-AmNuPlayerRenderer: PTS:   mAjumpedNum:0, mAudioJumped till now=33361611015
08-13 18:09:08.858   472 18446 I NU-AmNuPlayerRenderer: PTS:   mVjumpedNum:0, mVideoJumped till now=33361611015
08-13 18:09:08.858   472 18446 I NU-AmNuPlayerRenderer: PTS:   mTotalAudioJumpedTimeUs:0, mTotalAudioJumpedTimeUs:0
08-13 18:09:08.858   472 18446 I NU-AmNuPlayerRenderer: PTS:   mLastVideoUs:-1
08-13 18:09:08.858   472 18446 I NU-AmNuPlayerRenderer: PTS:   mLastAudioUs:-1
08-13 18:09:08.858   472 18446 I NU-AmNuPlayerRenderer: PTS:   mAudioDelay 0 mFormat 0x1 mMs12Enabled 0
08-13 18:09:08.858   472 18446 I NU-AmNuPlayerRenderer: [#9] First audio pcm date write to audiosink.
08-13 18:09:08.858   472 18446 I NU-AmNuPlayerRenderer: [#9] setStartingTimeMedia 26122, mAudioPlayedOutDur 0
08-13 18:09:08.858   472 18443 I NU-AmNuPlayer: [#9] media rendering started
08-13 18:09:08.858   472 18443 I NU-AmNuPlayer: [#9] finishResume  mResumePending:0  
08-13 18:09:08.858   472 18443 D NU-AmNuPlayerDriver: [#9] notifyListener_l(0xe9e80450), (6, 0, 0, -1), loop setting(0, 0)
08-13 18:09:08.860   470 18440 E exFFmpeg: [mp3 @ 0xecb042c0] EOF Found
08-13 18:09:08.860   470 18440 I AmFFmpegExtractor: No more packets from ffmpeg. because of AVERROR_EOF
08-13 18:09:08.861   470 18440 I AmFFmpegExtractor: Read return error, and update status:-1011
08-13 18:09:08.861   470 18440 I AmFFmpegExtractor: audio/ffmpeg_reading, feedMore err: -1011
08-13 18:09:08.876   472 18449 E NU-GenericSource: hasBufferAvailable return -1011
08-13 18:09:08.876   472 18449 I NU-AmNuPlayerDecoder: [#9] queue EOS buffer to MediaCodec. Audio
08-13 18:09:08.879   472 18446 I NU-AmNuPlayerRenderer: [#9] Audio PCM buffer First Full. time pay:20925, frameCount:18810, mAudioSink->frameSize():4
08-13 18:09:08.879   472 18446 W NU-AmNuPlayerRenderer: [#9] postDrainAudioQueue long delay: 26658 (18810*0.022676), numFramesPendingPlayout:(18810-0)
08-13 18:09:08.880   359 18450 I Amlogic_C2AudioFFMPEGDecoder: process Invalid data frame
08-13 18:09:08.881   359 18450 I Amlogic_C2AudioFFMPEGDecoder: drainEos 736
08-13 18:09:08.881   472 18447 I NU-AmNuPlayerDecoder: [#9] [audio] saw output EOS
08-13 18:09:08.881   472 18446 I NU-AmNuPlayerRenderer: [#9] audio have queued eos, no need to check buffer discontinue
08-13 18:09:08.881   472 18446 I NU-AmNuPlayerRenderer: [#9] onQueueEOS audio 
08-13 18:09:08.887   352  1266 I audio_hw_hal_primary: [audiohal_get_latency:1344] io 13: out:0xf0ec6be0 frames:3072 rate:48000 whole_latency:64 alsa_latency:64
08-13 18:09:08.888   352 13825 I audio_hw_hal_primary: out_update_source_metadata_v7() line 2024 usage:1 content_type:0
08-13 18:09:08.901   864   864 E jarvis_AppUtils: getPkgNameByPidFromFile failed, pid===966, ex=java.io.FileNotFoundException: /proc/966/cmdline: open failed: ENOENT (No such file or directory)
08-13 18:09:08.902   864   864 E jarvis_AppUtils: read /proc/pid/cmdline failed, pname===null, fallback to AMS...
08-13 18:09:08.906   472 18446 D AudioTrack: getTimestamp_l(64): device stall time corrected using current time 33361659245656
08-13 18:09:08.906   472 18446 W NU-AmNuPlayerRenderer: [#9] postDrainAudioQueue long delay: 26658 (18810*0.022676), numFramesPendingPlayout:(20691-1881)
08-13 18:09:08.933   472 18446 W NU-AmNuPlayerRenderer: [#9] postDrainAudioQueue long delay: 26658 (18810*0.022676), numFramesPendingPlayout:(20691-1881)
08-13 18:09:08.960   472 18446 W AudioTrack: getTimestamp_l(64): retrograde timestamp time corrected, 33361682698781 < 33361686314906
08-13 18:09:08.960   472 18446 D AudioTrack: stop(64): called with 20736 frames delivered
08-13 18:09:08.960   472 18447 I NU-AmNuPlayerRenderer: [#9] setDiscontinuityFromM3u8 audio 0
08-13 18:09:08.961   472 18446 D NU-AmNuPlayerRenderer: [#9] audio sink stop from [onDrainAudioQueue,2537]
08-13 18:09:08.962   472 18392 I NU-AmNuPlayerRenderer: PTS: AV sync info:Audio on Header 
08-13 18:09:08.962   472 18392 I NU-AmNuPlayerRenderer: PTS:   SystemTimeStamp:66369587
08-13 18:09:08.962   472 18392 I NU-AmNuPlayerRenderer: PTS:   Last AudioTimeStamp:66847346
08-13 18:09:08.962   472 18392 I NU-AmNuPlayerRenderer: PTS:   Last VideoTimeStamp:-1
08-13 18:09:08.963   472 18392 I NU-AmNuPlayerRenderer: PTS:   AV diff:66369588 ,Ajump:0,Vjump:0
08-13 18:09:08.963   472 18392 I NU-AmNuPlayerRenderer: PTS:   mAjumpedNum:0, mAudioJumped till now=33361715594
08-13 18:09:08.963   472 18392 I NU-AmNuPlayerRenderer: PTS:   mVjumpedNum:0, mVideoJumped till now=33361715594
08-13 18:09:08.963   472 18392 I NU-AmNuPlayerRenderer: PTS:   mTotalAudioJumpedTimeUs:0, mTotalAudioJumpedTimeUs:0
08-13 18:09:08.963   472 18392 I NU-AmNuPlayerRenderer: PTS:   mLastVideoUs:-1
08-13 18:09:08.963   472 18392 I NU-AmNuPlayerRenderer: PTS:   mLastAudioUs:66899591
08-13 18:09:08.963   472 18392 I NU-AmNuPlayerRenderer: PTS:   mAudioDelay 0 mFormat 0x1 mMs12Enabled 0
08-13 18:09:09.217   864  1068 I jarvis_LxAgentApiClient: <asyncCallAgent> method=lingxi_report_client
08-13 18:09:09.217   864  1072 I jarvis_LxAgentApiClient: <callAgent> method=lingxi_report_client, params=Bundle[{commandId=7, header=null, body={"eventId":11,"eventMode":0,"params":{"volume":"11","result":"0"}}, msgId=1786615749}]
08-13 18:09:09.220   864  1072 I jarvis_LxAgentApiClient: <callAgent> method=lingxi_report_client, result=null
08-13 18:09:09.399   352  1266 I audio_hw_hal_primary: [audiohal_get_latency:1344] io 13: out:0xf0ec6be0 frames:3072 rate:48000 whole_latency:64 alsa_latency:64
08-13 18:09:09.404   472 18443 D NU-AmNuPlayerDriver: [#9] notifyListener_l(0xe9e80450), (2, 0, 0, -1), loop setting(0, 0)
08-13 18:09:09.404   472 18446 I NU-AmNuPlayerRenderer: [#9] render_onPause
08-13 18:09:09.404   472 18446 D NU-AmNuPlayerRenderer: [#9] audio sink pause from [onPause,5151]
08-13 18:09:09.404   472 18446 I NU-AmNuPlayerRenderer: [#9] now paused audio queue has 0 entries, video has 0 entries
08-13 18:09:09.407   864   864 E jarvis_AppUtils: getPkgNameByPidFromFile failed, pid===18354, ex=java.io.FileNotFoundException: /proc/18354/cmdline: open failed: ENOENT (No such file or directory)
08-13 18:09:09.407   864   864 E jarvis_AppUtils: read /proc/pid/cmdline failed, pname===null, fallback to AMS...
08-13 18:09:09.447   352  1266 I audio_hw_hal_primary: [audiohal_get_latency:1344] io 13: out:0xf0ec6be0 frames:3072 rate:48000 whole_latency:64 alsa_latency:64
08-13 18:09:09.487   352  1266 I audio_hw_hal_primary: [audiohal_get_latency:1344] io 13: out:0xf0ec6be0 frames:3072 rate:48000 whole_latency:64 alsa_latency:64
08-13 18:09:09.488   403   538 D audioserver: logFgsApiEnd: FGS Logger Transaction failed, -129
08-13 18:09:09.489   352 13825 I audio_hw_hal_primary: out_update_source_metadata_v7() line 2024 usage:1 content_type:0
08-13 18:09:09.523   501   501 D XIRI_driver: send to xiri: {"cmd":"key","event":1,"keycode":115,"pid":1,"vid":1,"devnum":0}
08-13 18:09:09.523   563   661 D InputReader: getDisplayIdi -1
08-13 18:09:09.541     0     0 I         : [0 T17703 ..] input input1: key 115 down
08-13 18:09:09.524   864   882 I jarvis_ : System call method methodId = increase_volume
08-13 18:09:09.524   864   882 I jarvis_binded: mmkv binded
08-13 18:09:09.526   563  1903 D AudioService: adjustStreamVolume() stream=3, dir=0, flags=1, caller=com.android.systemui
08-13 18:09:09.527   563  1903 D AudioService: forceUse=0 full:false
08-13 18:09:09.527   563  1903 D AudioService: adjustSreamVolume playbackDeviceConditions=false tvConditions=false
08-13 18:09:09.527 15654 15814 W SQLiteLog: (28) double-quoted string literal: "2026-08-13"
08-13 18:09:09.528   352   416 D AudioHalHardware: +getParameters(), key = hal_param_hal_control_vol_en
08-13 18:09:09.528   352   416 D AudioHalHardware: -getParameters(), return ""
08-13 18:09:09.529   563  1903 D AudioService: Volume controller visible: true
08-13 18:09:09.637   472   525 I NU-AmNuPlayerDriver: [#8] [getCurrentPosition][752] position : 67044 msec
08-13 18:09:09.674   563   660 D WindowManager: handleVolumeKeyInArc KeyEvent { action=ACTION_DOWN, keyCode=KEYCODE_VOLUME_UP, scanCode=115, metaState=0, flags=0x8, repeatCount=0, eventTime=33362275695000, downTime=33362275695000, deviceId=2, source=0x101, displayId=-1 }
08-13 18:09:09.675  1210  1210 D RemoteIME: keycode: 24, realAction: false
08-13 18:09:09.676   563  1903 D MediaSessionService: dispatchVolumeKeyEvent, pkg=com.droidlogic.exoplayer2.demo, opPkg=com.droidlogic.exoplayer2.demo, pid=18354, uid=10032, asSystem=true, event=KeyEvent { action=ACTION_DOWN, keyCode=KEYCODE_VOLUME_UP, scanCode=115, metaState=0, flags=0x8, repeatCount=0, eventTime=33362275695000, downTime=33362275695000, deviceId=2, source=0x101, displayId=-1 }, stream=-2147483648, musicOnly=false
08-13 18:09:09.676   563  1903 D MediaSessionService: Adjusting com.droidlogic.exoplayer2.demo/MoviePlayer (userId=0) by 1. flags=4113, suggestedStream=-2147483648, preferSuggestedStream=false
08-13 18:09:09.677   563   741 D AudioService: adjustSuggestedStreamVolume() stream=3, flags=4113, caller=android, volControlStream=-1, userSelect=false
08-13 18:09:09.678   563   741 V AudioService: getActiveStreamType: Returning suggested type 3
08-13 18:09:09.678   563   741 D AudioService: adjustStreamVolume() stream=3, dir=1, flags=4113, caller=android
08-13 18:09:09.680   563   741 D AudioService: updateVolumeGroupIndex for stream 11, muted=false, device=2, index=120, group system Muted=false, Index=12, forceMuteState=false
08-13 18:09:09.681   563   741 D AudioService: updateVolumeGroupIndex for stream 10, muted=false, device=2, index=120, group accessibility Muted=false, Index=12, forceMuteState=false
08-13 18:09:09.682   926   926 D HeadsetClientService: Volume changed for stream: 11
08-13 18:09:09.683   966   966 E QuickSettings: action:android.media.VOLUME_CHANGED_ACTION
08-13 18:09:09.683   563   741 D AudioService: updateVolumeGroupIndex for stream 9, muted=false, device=2, index=120, group tts Muted=false, Index=12, forceMuteState=false
08-13 18:09:09.684  1328  1328 E action===: [, , 0]:android.media.VOLUME_CHANGED_ACTION
08-13 18:09:09.684  1328  1328 E action===: android.media.VOLUME_CHANGED_ACTION
08-13 18:09:09.684   926   926 D HeadsetClientService: Volume changed for stream: 10
08-13 18:09:09.684  1328  1328 E lxAgent : lxAgent:onVolumeChange== 11 
08-13 18:09:09.685   864   864 E jarvis_action===: android.media.VOLUME_CHANGED_ACTION
08-13 18:09:09.685   864   864 E jarvis_ : jarvis_:onVolumeChange== 11 
08-13 18:09:09.685   563   741 D AudioService: updateVolumeGroupIndex for stream 8, muted=false, device=2, index=120, group dtmf Muted=false, Index=12, forceMuteState=false
08-13 18:09:09.686   864   864 E jarvis_action===: android.media.VOLUME_CHANGED_ACTION
08-13 18:09:09.686  1328  1328 E action===: [, , 0]:android.media.VOLUME_CHANGED_ACTION
08-13 18:09:09.686   864   864 E jarvis_ : jarvis_:onVolumeChange== 10 
08-13 18:09:09.686  1328  1328 E action===: android.media.VOLUME_CHANGED_ACTION
08-13 18:09:09.686  1328  1328 E lxAgent : lxAgent:onVolumeChange== 10 
08-13 18:09:09.686   926   926 D HeadsetClientService: Volume changed for stream: 9
08-13 18:09:09.688   563   741 D AudioService: updateVolumeGroupIndex for stream 3, muted=false, device=2, index=120, group music Muted=false, Index=12, forceMuteState=false
08-13 18:09:09.689   966   966 E QuickSettings: action:android.media.VOLUME_CHANGED_ACTION
08-13 18:09:09.690   966   966 E QuickSettings: action:android.media.VOLUME_CHANGED_ACTION
08-13 18:09:09.691   966   966 E QuickSettings: action:android.media.VOLUME_CHANGED_ACTION
08-13 18:09:09.691   563   661 D InputReader: getDisplayIdi -1
08-13 18:09:09.692   501   501 D XIRI_driver: send to xiri: {"cmd":"key","event":0,"keycode":115,"pid":1,"vid":1,"devnum":0}
08-13 18:09:09.710     0     0 I         : [0 T17703 ..] input input1: key 115 up
08-13 18:09:09.693   563   660 D WindowManager: handleVolumeKeyInArc KeyEvent { action=ACTION_UP, keyCode=KEYCODE_VOLUME_UP, scanCode=115, metaState=0, flags=0x8, repeatCount=0, eventTime=33362444547000, downTime=33362275695000, deviceId=2, source=0x101, displayId=-1 }
08-13 18:09:09.694  1328  1328 E action===: [, , 0]:android.media.VOLUME_CHANGED_ACTION
08-13 18:09:09.695  1210  1210 D RemoteIME: keycode: 24, realAction: true
08-13 18:09:09.695  1328  1328 E action===: android.media.VOLUME_CHANGED_ACTION
08-13 18:09:09.695  1328  1328 E lxAgent : lxAgent:onVolumeChange== 9 
08-13 18:09:09.695 18354 18354 D MoviePlayer: keycode:24 down is 0, action:1
08-13 18:09:09.695  1328  1328 E action===: android.media.VOLUME_CHANGED_ACTION
08-13 18:09:09.695  1328  1328 E lxAgent : lxAgent:onVolumeChange== 8 
08-13 18:09:09.695  1328  1328 E action===: android.media.VOLUME_CHANGED_ACTION
08-13 18:09:09.695  1328  1328 E lxAgent : lxAgent:onVolumeChange== 3 
08-13 18:09:09.696   563  1579 D MediaSessionService: dispatchVolumeKeyEvent, pkg=com.droidlogic.exoplayer2.demo, opPkg=com.droidlogic.exoplayer2.demo, pid=18354, uid=10032, asSystem=true, event=KeyEvent { action=ACTION_UP, keyCode=KEYCODE_VOLUME_UP, scanCode=115, metaState=0, flags=0x8, repeatCount=0, eventTime=33362444547000, downTime=33362275695000, deviceId=2, source=0x101, displayId=-1 }, stream=-2147483648, musicOnly=false
08-13 18:09:09.696   563  1579 D MediaSessionService: Adjusting com.droidlogic.exoplayer2.demo/MoviePlayer (userId=0) by 0. flags=4116, suggestedStream=-2147483648, preferSuggestedStream=false
08-13 18:09:09.696   926   926 D HeadsetClientService: Volume changed for stream: 8
08-13 18:09:09.696   926   926 D HeadsetClientService: Volume changed for stream: 3
08-13 18:09:09.697   864   864 E jarvis_action===: android.media.VOLUME_CHANGED_ACTION
08-13 18:09:09.697   864   864 E jarvis_ : jarvis_:onVolumeChange== 9 
08-13 18:09:09.697   864   864 E jarvis_action===: android.media.VOLUME_CHANGED_ACTION
08-13 18:09:09.697   864   864 E jarvis_ : jarvis_:onVolumeChange== 8 
08-13 18:09:09.697   864   864 E jarvis_action===: android.media.VOLUME_CHANGED_ACTION
08-13 18:09:09.697   864   864 E jarvis_ : jarvis_:onVolumeChange== 3 
08-13 18:09:09.699   864   864 I jarvis_ : eventbus post:VolumeEvent
08-13 18:09:09.700   864   864 I jarvis_ : local volume=12,remoteVolume=12
08-13 18:09:09.703   352   416 I audio_hw_hal_primary: out_update_source_metadata_v7() line 2024 usage:1 content_type:0
08-13 18:09:09.707   563   741 D AudioService: forceUse=0 full:false
08-13 18:09:09.707   563   741 D AudioService: adjustSreamVolume playbackDeviceConditions=false tvConditions=false
08-13 18:09:09.708   966   966 E QuickSettings: action:android.media.VOLUME_CHANGED_ACTION
08-13 18:09:09.708   352   416 D AudioHalHardware: +getParameters(), key = hal_param_hal_control_vol_en
08-13 18:09:09.708   352   416 D AudioHalHardware: -getParameters(), return ""
08-13 18:09:09.709   563   741 D AudioService: adjustSuggestedStreamVolume() stream=3, flags=4112, caller=android, volControlStream=-1, userSelect=false
08-13 18:09:09.710   563   741 V AudioService: getActiveStreamType: Returning suggested type 3
08-13 18:09:09.711   563   741 D AudioService: adjustStreamVolume() stream=3, dir=0, flags=4112, caller=android
08-13 18:09:09.711   563   741 D AudioService: forceUse=0 full:false
08-13 18:09:09.712   563   741 D AudioService: adjustSreamVolume playbackDeviceConditions=false tvConditions=false
08-13 18:09:09.713   352 13825 D AudioHalHardware: +getParameters(), key = hal_param_hal_control_vol_en
08-13 18:09:09.713   352 13825 D AudioHalHardware: -getParameters(), return ""
08-13 18:09:09.714   563  1903 D AudioService: Volume controller visible: true
08-13 18:09:09.717   472   525 D NU-AmNuPlayerDriver: [#9] reset(0xe9e80450) at state 6
08-13 18:09:09.718   472   525 D NU-AmNuPlayerDriver: [#9] notifyListener_l(0xe9e80450), (8, 0, 0, -1), loop setting(0, 0)
08-13 18:09:09.718   472   525 I NU-GenericSource: --->disconnect<---
08-13 18:09:09.718   472   525 I NU-GenericSource: --->disconnect OK 
08-13 18:09:09.719   472 18447 I NU-AmNuPlayerDecoder: [#9] [doFlush:1547] audio flushing 
08-13 18:09:09.719   472 18447 I NU-AmNuPlayerDecoder: [#9] [doFlush:1554] audio flushing 
08-13 18:09:09.719   472 18446 I NU-AmNuPlayerRenderer: [#9] clearAnchorTime
08-13 18:09:09.719   472 18446 I NU-AmNuPlayerRenderer: [#9] flushing audio
08-13 18:09:09.719   472 18447 I NU-AmNuPlayerDecoder: [#9] [doFlush:1560] audio flushing 
08-13 18:09:09.719   472 18443 I NU-AmNuPlayer: [#9] decoder audio flush completed
08-13 18:09:09.720   472 18446 D NU-AmNuPlayerRenderer: [#9] audio sink pause-flush-stop from [onFlush,4923]
08-13 18:09:09.720   359 18450 I Amlogic_C2AudioFFMPEGDecoder: onRelease 492
08-13 18:09:09.720   359 18450 I Amlogic_C2AudioFFMPEGDecoder: onStop() 464
08-13 18:09:09.720   359 18450 I Amlogic_C2AudioFFMPEGDecoder: tearDown 439
08-13 18:09:09.720   359 18450 I Amlogic_C2AudioFFMPEGDecoder: tearDownAudioDecoder_l 308
08-13 18:09:09.720   359 18450 I Amlogic_C2AudioFFMPEGDecoder: unload_ffmpeg_decoder_lib 325
08-13 18:09:09.720   359 18450 I AmFFmpegDecoder: ffmpeg_decoder_close 160 
08-13 18:09:09.720   359 18450 I AmAudioCodec: decode_close 283 
08-13 18:09:09.721   359 18450 I AmAudioCodec: ~AmAudioCodec 66 
08-13 18:09:09.721   359 18450 I AmAudioCodec: decode_close 283 
08-13 18:09:09.721   359 18450 W RefBase : RefBase: Explicit destruction, weak count = 0 (in 0xedf57a10). Use sp<> to manage this object.
08-13 18:09:09.721   359 18450 W RefBase : CallStack::getCurrentInternal not linked, returning null
08-13 18:09:09.721   359 18450 W RefBase : CallStack::logStackInternal not linked
08-13 18:09:09.723   472 18447 D MediaCodec: flushMediametrics
08-13 18:09:09.723   472 18457 I hw-BpHwBinder: onLastStrongRef automatically unlinking death recipients
08-13 18:09:09.724   359   511 I hw-BpHwBinder: onLastStrongRef automatically unlinking death recipients
08-13 18:09:09.724   359   511 I Amlogic_C2AudioFFMPEGDecoder: ~C2AudioFFMPEGDecoder() 280
08-13 18:09:09.724   472 18443 I NU-AmNuPlayer: [#9] audio shutdown completed
08-13 18:09:09.724   472 18443 I NU-AmNuPlayer: [#9] audio setHasNoMedia
08-13 18:09:09.724   472 18443 D NU-AmNuPlayerDriver: [#9] notifyResetComplete(0xe9e80450)
08-13 18:09:09.725   472 18443 I NU-AmNuPlayer: mSeekByUserCompleted_5904: 1
08-13 18:09:09.725   472 18447 I NuPlayerDecoderBase: ReadDataHandler release.
08-13 18:09:09.725   472 18447 I MessageMonitor: ReadDataHandler MessageMonitor exit
08-13 18:09:09.725   472 18447 I MessageMonitor: NU-AmNuPlayerDecoder-audN MessageMonitor exit
08-13 18:09:09.725   359   511 I Amlogic_C2AudioFFMPEGDecoder: onRelease 492
08-13 18:09:09.725   359   511 I Amlogic_C2AudioFFMPEGDecoder: onStop() 464
08-13 18:09:09.725   359   511 I Amlogic_C2AudioFFMPEGDecoder: tearDown 439
08-13 18:09:09.725   359   511 I Amlogic_C2AudioFFMPEGDecoder: ~C2AudioFFMPEGDecoder() 287  exit
08-13 18:09:09.728   472   525 D NU-AmNuPlayerDriver: [#9] reset(0xe9e80450) at state 0
08-13 18:09:09.728   472   525 I NU-AmNuPlayerDriver: ~AmNuPlayerDriver(0xe9e80450)
08-13 18:09:09.728   472 18447 I NU-GenericSource: >>>[~GenericSource 2159]
08-13 18:09:09.728   472 18447 I NU-GenericSource: [resetDataSource 691]
08-13 18:09:09.728   472 18447 I MessageMonitor: NU-GenericSource MessageMonitor exit
08-13 18:09:09.728   472 18447 W RefBase : RefBase: Explicit destruction, weak count = 0 (in 0xef086070). Use sp<> to manage this object.
08-13 18:09:09.728   472 18447 W RefBase : CallStack::getCurrentInternal not linked, returning null
08-13 18:09:09.728   472 18447 W RefBase : CallStack::logStackInternal not linked
08-13 18:09:09.728   472 18447 I MessageMonitor: NU-AmNuPlayerRenderer MessageMonitor exit
08-13 18:09:09.728   472 18447 I NU-AmNuPlayerRenderer: [#9] ~Renderer
08-13 18:09:09.728   470 18440 I AmFFmpegExtractor:  [stop 1480](0xe9d422f0)
08-13 18:09:09.729   470 18440 I AmFFmpegExtractor:  [~AmFFmpegSource 724]
08-13 18:09:09.729   470 18440 I AmFFmpegExtractor:  [~AmFFmpegExtractor 2504]
08-13 18:09:09.729   470 18440 I AmFFmpegExtractor:  [~AmFFmpegExtractor 2511]
08-13 18:09:09.729   470 18440 W RefBase : RefBase: Explicit destruction, weak count = 0 (in 0xeca41444). Use sp<> to manage this object.
08-13 18:09:09.729   470 18440 W RefBase : CallStack::getCurrentInternal not linked, returning null
08-13 18:09:09.729   470 18440 W RefBase : CallStack::logStackInternal not linked
08-13 18:09:09.729   472   525 D AmlPlayerTimer: func:_timer_delete  delete timer.0 success.
08-13 18:09:09.729   472   525 I MessageMonitor: NU-AmNuPlayer MessageMonitor exit
08-13 18:09:09.730   352 13825 I audio_hw_hal_primary: [adev_set_parameters:4208] dev:0xf1243dc0, kv: sound_track=0
08-13 18:09:09.730   352 13825 D audio_hw_hal_hfp: [audio_extn_hfp_set_parameters:739] audio_extn_hfp_set_parameters
08-13 18:09:09.730   352 13825 I audio_hw_hal_primary: video player sound_track mode 0 
08-13 18:09:09.730   352   416 D AudioHalHardware: +setParameters(): sound_track=0
08-13 18:09:09.730   352   416 W AudioHalHardware: setParameters(), still have param.size() = 1, remain param = "sound_track=0"
08-13 18:09:09.730   352   416 D AudioHalHardware: -setParameters(): sound_track=0 
08-13 18:09:09.731   352 13825 I audio_hw_hal_primary: [adev_set_parameters:4208] dev:0xf1243dc0, kv: is_ms12_continuous=1
08-13 18:09:09.731   352 13825 D audio_hw_hal_hfp: [audio_extn_hfp_set_parameters:739] audio_extn_hfp_set_parameters
08-13 18:09:09.732   352 13825 D AudioHalHardware: +setParameters(): is_ms12_continuous=1
08-13 18:09:09.732   352 13825 W AudioHalHardware: setParameters(), still have param.size() = 1, remain param = "is_ms12_continuous=1"
08-13 18:09:09.732   352 13825 D AudioHalHardware: -setParameters(): is_ms12_continuous=1 
08-13 18:09:09.733   472   525 I AmlPlayerTimer: ~AmlPlayerTimer
08-13 18:09:09.733   472   525 W AMessage: failed to post message as target looper for handler 0 is gone.
08-13 18:09:09.734   966  1164 V MediaPlayer: resetDrmState:  mDrmInfo=null mDrmProvisioningThread=null mPrepareDrmInProgress=false mActiveDrmScheme=false
08-13 18:09:09.734   966  1164 V MediaPlayer: cleanDrmObj: mDrmObj=null mDrmSessionId=null
08-13 18:09:09.735   403   508 D audioserver: logFgsApiEnd: FGS Logger Transaction failed, -129
08-13 18:09:09.737   472   525 V AmlogicNuPlayerFactoryInit:  create AmNuPlayer
08-13 18:09:09.737   472   525 I NU-AmNuPlayerDriver:  ReCalculatePositionRatio set 0.500000
08-13 18:09:09.738   472   525 I AmlPlayerTimer: AmlPlayerTimer
08-13 18:09:09.738   472   525 I MessageMonitor: NU-AmNuPlayer MessageMonitor mDebugLevel 0, poll message us 30000000
08-13 18:09:09.738   472   525 I NU-AmNuPlayer: [#10] mPlayerInstanceId = 10
08-13 18:09:09.738   472   525 D AmlPlayerTimer: func:_timer_create  create timer.0 success.
08-13 18:09:09.738   472   525 D NU-AmNuPlayer: Enable QOS : 0
08-13 18:09:09.738   472   525 D NU-AmNuPlayerDriver: [#10] AmNuPlayerDriver(0xe9e80450) created, clientPid(966), mPlayerInstanceId(10)
08-13 18:09:09.738   472   525 I NU-AmNuPlayerDriver: [#10] 
08-13 18:09:09.738   472   525 I NU-AmNuPlayerDriver: --------------------------------
08-13 18:09:09.738   472   525 I NU-AmNuPlayerDriver: ARCH = arm
08-13 18:09:09.738   472   525 I NU-AmNuPlayerDriver: branch name:   origin/project/iptv/r-iptv-dev-v3.0]
08-13 18:09:09.738   472   525 I NU-AmNuPlayerDriver: git version:   6813fe2217fe2ed7a1a950f4d2ab93222cb65337 
08-13 18:09:09.738   472   525 I NU-AmNuPlayerDriver: change id:      Change-Id: I992c058f8140cc983aaa0a39666b80b8ca3b1c17 
08-13 18:09:09.738   472   525 I NU-AmNuPlayerDriver: ID       :      PD#IPTV-39521 
08-13 18:09:09.738   472   525 I NU-AmNuPlayerDriver: last changed:  Date: Thu Mar 19 02:26:18 2026 +0000
08-13 18:09:09.738   472   525 I NU-AmNuPlayerDriver: build-time:     Wed Mar 25 02:38:52 UTC 2026
08-13 18:09:09.738   472   525 I NU-AmNuPlayerDriver: build-name:     wang.ren
08-13 18:09:09.738   472   525 I NU-AmNuPlayerDriver: uncommitted-file-num:0
08-13 18:09:09.738   472   525 I NU-AmNuPlayerDriver: BaseCommitMsg: commit 6813fe2217fe2ed7a1a950f4d2ab93222cb65337 PD#IPTV-39521 Change-Id: I992c058f8140cc983aaa0a39666b80b8ca3b1c17
08-13 18:09:09.738   472   525 I NU-AmNuPlayerDriver: PathesOnBase:  
08-13 18:09:09.738   472   525 I NU-AmNuPlayerDriver: 
08-13 18:09:09.738   472   525 I NU-AmNuPlayerDriver: MM-module-name:AmNuPlayer,Version:V5.1.206-g6813fe2
08-13 18:09:09.738   472   525 I NU-AmNuPlayerDriver: 
08-13 18:09:09.738   472   525 I NU-AmNuPlayerDriver: --------------------------------
08-13 18:09:09.738   472   525 I NU-AmNuPlayerDriver: [#10] Supported functions : 
08-13 18:09:09.738   472   525 I NU-AmNuPlayerDriver: {"MM-module-name":"AmNuPlayer"{"Features":["Switchaudio/subtitletracks","HTTPlivestreamingformpegtsandmp3formats","Localplaybackforvariousformats","UDPunicastandmulticastformpegtsformat","RTP/RTSPplaybackformpegtsformat","HLSlive/vodformpegtsformat","Androidaudiooffloadmode","SupportBuilt-insubtitles","AVS3videosupportforprotocolHTTPandLocal","AC4audiosupportforprotocolHTTP,Local,HLSandUDP","DVBTelextsupport","AudioVIVIDsuportforLocal/HTTP/UDP/HLS","AVS3videosupportvforprotocolHLSandUDP","ISOplaybackforlocal""libcurldownloadforprotocolHLS""dnscacheforprotocolHLS""ipv6andipv4firstplaybackforprotocolHLS""IPTVMulticasttoUnicastforprotocolRTPandUDP""IPTVcmccsoftprobeforprotocolUDPRTPHTTPHLS"],"SupportedFormats":[{"Protocol":"UDP","FileFormats":["MPEGTS"],},{"Protocol":"HLS","FileFormats":["MPEGTS","MP4"],},{"Protocol":"HTTPLIVE","FileFormats":["MPEGTS","MP3"],},{"Protocol":"LOCAL/HTTPVOD","FileFormats":["MP4","ASF","AVI","MPEGTS","MPEGPS","FLV","LIVE_FLV","WAV","PMP","H264","IVF","O
08-13 18:09:09.739   185   185 I hwservicemanager: getTransport: Cannot find entry android.hardware.media.omx@1.0::IOmx/default in either framework or device VINTF manifest.
08-13 18:09:09.739   472   525 D MediaPlayerService: OMX service is not available
08-13 18:09:09.742   472   525 I NU-AmNuPlayer: [#10] setDataSourceAsync fd 18/3999504/13518
08-13 18:09:09.742   472 18460 I NU-AmNuPlayer: [#10] kWhatSetAudioSink
08-13 18:09:09.752   472   525 D NU-AmNuPlayer: part of md5:240a77755895f0bbdb127ec41ced09fc
08-13 18:09:09.752   472   525 I NU-AmNuPlayer: [#10] file size too small, check M3U8
08-13 18:09:09.752   472   525 I MessageMonitor: NU-GenericSource MessageMonitor mDebugLevel 0, poll message us 30000000
08-13 18:09:09.752   472   525 I NU-GenericSource: mPlayerInstanceId = 10
08-13 18:09:09.752   472   525 I NU-GenericSource: [resetDataSource 691]
08-13 18:09:09.753   472   525 I NU-GenericSource: [resetDataSource 691]
08-13 18:09:09.754   472 18461 I NU-GenericSource: patch:
08-13 18:09:09.754   352   416 I audio_hw_hal_primary: [adev_set_parameters:4208] dev:0xf1243dc0, kv: is_ms12_continuous=0
08-13 18:09:09.754   352   416 D audio_hw_hal_hfp: [audio_extn_hfp_set_parameters:739] audio_extn_hfp_set_parameters
08-13 18:09:09.754   352   416 D AudioHalHardware: +setParameters(): is_ms12_continuous=0
08-13 18:09:09.754   352   416 W AudioHalHardware: setParameters(), still have param.size() = 1, remain param = "is_ms12_continuous=0"
08-13 18:09:09.754   352   416 D AudioHalHardware: -setParameters(): is_ms12_continuous=0 
08-13 18:09:09.755   472 18461 D NU-GenericSource: FileSource remote
08-13 18:09:09.756   472 18461 I NU-GenericSource: >>>[initFromDataSource 1438]
08-13 18:09:09.759   470 18440 I AmFFmpegExtractor: all use ffmpegextractor
08-13 18:09:09.759   470 18440 I AmFFmpegExtractor: is in white list : 1
08-13 18:09:09.759   470 18440 I AmFFmpegExtractor: SniffAmFFmpeg  ok, confidence = 0.800000
08-13 18:09:09.759   470 18440 W AString : ctor got NULL, using empty string instead
08-13 18:09:09.760   470 18440 I AmFFmpegExtractor: 
08-13 18:09:09.760   470 18440 I AmFFmpegExtractor: -----------AmFFmpegExtractor Info---------
08-13 18:09:09.760   470 18440 I AmFFmpegExtractor: 
08-13 18:09:09.760   470 18440 I AmFFmpegExtractor: MM-module-name:Extractor,Version:V3.0.47-g62c0e35
08-13 18:09:09.760   470 18440 I AmFFmpegExtractor: 
08-13 18:09:09.760   470 18440 I AmFFmpegExtractor: ARCH = arm
08-13 18:09:09.760   470 18440 I AmFFmpegExtractor: Author: multi-media team
08-13 18:09:09.760   470 18440 I AmFFmpegExtractor: Branch name:   * project/iptv/r-iptv-dev-v3.0
08-13 18:09:09.760   470 18440 I AmFFmpegExtractor: Last Commit Info:
08-13 18:09:09.760   470 18440 I AmFFmpegExtractor:     commit 62c0e35d74eea49a36e12a3606980c10190612ef
08-13 18:09:09.760   470 18440 I AmFFmpegExtractor:     Author: wang.ren <wang.ren@amlogic.com>
08-13 18:09:09.760   470 18440 I AmFFmpegExtractor:     Date: Wed Mar 18 08:05:29 2026 +0000
08-13 18:09:09.760   470 18440 I AmFFmpegExtractor:      AmFFmpegAdapter: CB2 sync patch from branch apex to iptv [1/1]
08-13 18:09:09.760   470 18440 I AmFFmpegExtractor:      PD#IPTV-39846
08-13 18:09:09.760   470 18440 I AmFFmpegExtractor:      Change-Id: Ic4714a59dcc906ce7551f77f43cacf29a563346b
08-13 18:09:09.760   470 18440 I AmFFmpegExtractor: Uncommitted-file-num:0
08-13 18:09:09.760   470 18440 I AmFFmpegExtractor: Build-time:     Thu Mar 19 11:41:22 UTC 2026
08-13 18:09:09.760   470 18440 I AmFFmpegExtractor: Build-name:     wang.ren
08-13 18:09:09.760   470 18440 I AmFFmpegExtractor: -----------------------------------------
08-13 18:09:09.760   470 18440 I AmFFmpegExtractor: media.ffmpegextractor.loglevel 16
08-13 18:09:09.760   470 18440 I AmFFmpegExtractor: vendor.media.ffmpegextractor.ESLen264Check : 60
08-13 18:09:09.760   470 18440 I AmFFmpegExtractor: vendor.media.ffmpegextractor.ESLen265Check : 50
08-13 18:09:09.760   470 18440 I AmFFmpegByteIOAdapter: File size : 13518
08-13 18:09:09.762   470 18440 I AmFFmpegExtractor: AmFFmpegExtractor mInputFormat name {mp3 [(null)]}
08-13 18:09:09.764   470 18440 E exFFmpeg: [mp3 @ 0xecb042c0] EOF Found
08-13 18:09:09.764   470 18440 I AmFFmpegExtractor: ///////////////start dump format
08-13 18:09:09.764   470 18440 I AmFFmpegExtractor: [init 3304] audio/mpeg
08-13 18:09:09.764   470 18440 D AmFFmpegExtractor: fileSize:13518, ff_ctx_bit_rate:226657, bitrateDiff:98657, bitRateSum:128000, duration:(477125,844875)
08-13 18:09:09.764   470 18440 I AmFFmpegExtractor: isMusic major_brand:null
08-13 18:09:09.764   470 18440 I AmFFmpegExtractor: isMusic mp3 is music
08-13 18:09:09.765   470 18440 I AmFFmpegExtractor: Stream 1(1) [audio/ffmpeg][codecid:0x15001(0x15001)] found.
08-13 18:09:09.765   470 18440 I AmFFmpegExtractor:  [AmFFmpegSource 711]startTimeUs:0, seekable:1
08-13 18:09:09.765   470 18440 I AmFFmpegExtractor:  [init 744](0xe9d422f0)
08-13 18:09:09.765   470 18440 E AmFFmpegExtractor: mAudioMuxRead 2
08-13 18:09:09.765   470 18440 I AmFFmpegExtractor: init kKeyDuration = 477125
08-13 18:09:09.765   470 18440 I AmFFmpegExtractor: audio:demux: fmt = 8
08-13 18:09:09.765   470 18440 I AmFFmpegExtractor: audio:demux: channels = 2
08-13 18:09:09.765   470 18440 I AmFFmpegExtractor: audio:demux: sample_rate = 44100
08-13 18:09:09.765   470 18440 I AmFFmpegExtractor: audio:demux: bit_rate = 128000
08-13 18:09:09.765   470 18440 I AmFFmpegExtractor: audio:demux: codec_id = 86017
08-13 18:09:09.765   470 18440 I AmFFmpegExtractor: audio:demux: stream startTimeUs = 0
08-13 18:09:09.765   470 18440 I AmFFmpegExtractor: audio:demux: block_align = 0
08-13 18:09:09.765   470 18440 E AmFFmpegExtractor: kKeyMediaLanguage audio lang null
08-13 18:09:09.765   470 18440 I AmFFmpegExtractor: Mime:audio/ffmpeg
08-13 18:09:09.765   470 18440 I StreamFormatter: Creating formatter for codec id : 86017 extradata size : 0
08-13 18:09:09.765   470 18440 I AmFFmpegExtractor: [init 3526] mIsDolbyVison:0, i:0
08-13 18:09:09.765   470 18440 I AmFFmpegExtractor: Not use Thread, by reason of has no activity audio or video.
08-13 18:09:09.766   472 18461 I NU-GenericSource: >>>MediaExtractor::Create [initFromDataSource 1485] and extractor name:AmFFmpegExtractor
08-13 18:09:09.766   472 18461 D NU-GenericSource: [#10] [KPI] startup, find stream info time spent: 9934
08-13 18:09:09.766   472 18461 I NU-GenericSource: initFromDataSource, mExtractor->countTracks() = 1
08-13 18:09:09.766   472 18461 I NU-GenericSource: amlogic private metadata ffmpegHasAudio
08-13 18:09:09.766   472 18461 I NU-GenericSource: amlogic private metadata ffmpegHasVideo
08-13 18:09:09.766   472 18461 I NU-GenericSource: amlogic private metadata mSeekable:1
08-13 18:09:09.766   472 18461 I NU-GenericSource: ffmpegHasAudio : 1, ffmpegHasVideo : 0
08-13 18:09:09.766   472 18461 I NU-GenericSource: enabled audio limiter !
08-13 18:09:09.767   472 18461 I NU-GenericSource: initFromDataSource track[0]: audio/ffmpeg
08-13 18:09:09.767   472 18461 I NU-GenericSource: AudioName:mp3  codec_id:0x15001 skipAudio:truehd
08-13 18:09:09.767   472 18461 I NU-AmNuPlayerDecoder: sampleRate:44100 
08-13 18:09:09.768   472 18461 I AmAnotherPacketSource: (audio/ffmpeg)IsUdp:0 mLimitiSize:2097152, mTotalCount:1000 kLocalPlaybackMaxBufferCount 500
08-13 18:09:09.768   472 18461 I AmAnotherPacketSource: ----->(0xeefc2230)start mIsVideo:0  mIsAudio:1 
08-13 18:09:09.768   472 18461 I NU-GenericSource: initFromDataSource mVideoTrack.mSource:0x0, unsupportvideo:0, ffmpegHasVideo:0
08-13 18:09:09.768   472 18461 I NU-GenericSource: initFromDataSource mAudioTrack.mSource:0xef14b780, ffmpegHasAudio:1
08-13 18:09:09.768   470 18440 I AmFFmpegExtractor:  [start 1451](0xe9d422f0)
08-13 18:09:09.768   470 18440 D MediaBufferGroup: creating MemoryDealer
08-13 18:09:09.769   472 18461 I NU-GenericSource: notifyPrepared 2560
08-13 18:09:09.769   472 18460 I NU-AmNuPlayer: [#10] notifyPrepareCompleted
08-13 18:09:09.769   472 18460 D NU-AmNuPlayerDriver: [#10] notifyListener_l(0xe9e80450), (1, 0, 0, -1), loop setting(0, 0)
08-13 18:09:09.770   472 18460 I NU-AmNuPlayer: [#10] updateMediaInfo
08-13 18:09:09.770   472 18460 I NU-AmNuPlayer: [#10] [updateMediaInfo:1371]get i=0 , mime: audio/ffmpeg
08-13 18:09:09.771   472   831 D NU-AmNuPlayerDriver: [#10] start(0xe9e80450), state is 4, eos is 0
08-13 18:09:09.772   472 18460 I NU-AmNuPlayer: [#10] kWhatStart
08-13 18:09:09.772   472 18460 I NU-AmNuPlayer: [#10] onStart: mCrypto: 0x0 (0)
08-13 18:09:09.772   472 18460 I NU-GenericSource: start
08-13 18:09:09.772   472 18460 I NU-AmNuPlayer: [#10] AmNuPlayer::Source::getFormat frame-rate = failed
08-13 18:09:09.772   472 18460 I NU-AmNuPlayer: [#10] getFormat audio extend format : audio/ffmpeg
08-13 18:09:09.773   472 18460 I NU-AmNuPlayerRenderer: getAudioDevicesForStream   streamType=3,  audioDevices=0x2
08-13 18:09:09.773   472 18460 E NU-AmNuPlayerRenderer: Couldn't map mime "audio/ffmpeg" to a valid audio_format
08-13 18:09:09.773   472 18460 I MessageMonitor: NU-AmNuPlayerRenderer MessageMonitor mDebugLevel 0, poll message us 30000000
08-13 18:09:09.773   472 18460 I NU-AmNuPlayerRenderer: [#10] mPlayerInstanceId = 10
08-13 18:09:09.774   472 18460 I NU-AmNuPlayerRenderer: mFirstSlowSync is set to True. from : 1010
08-13 18:09:09.774   472 18460 I NU-AmNuPlayerRenderer: [#10] media.amnuplayer.avsync.dropmode is set to 0 us .
08-13 18:09:09.774   472 18460 I NU-AmNuPlayerRenderer: for IPTV hls, mShowFrameAfterOpenAudioSink is set to True. from : 1115
08-13 18:09:09.774   352 13825 D AudioHalHardware: +getParameters(), key = hdmi_format
08-13 18:09:09.774   352 13825 D AudioHalHardware: -getParameters(), return ""
08-13 18:09:09.776   472 18460 I NU-AmNuPlayerDriver: media.player.atrace.enable is 1
08-13 18:09:09.776   472 18460 I NU-AmNuPlayer: [#10] [onStart:4461] new Renderer
08-13 18:09:09.776   864   864 E jarvis_AppUtils: getPkgNameByPidFromFile failed, pid===966, ex=java.io.FileNotFoundException: /proc/966/cmdline: open failed: ENOENT (No such file or directory)
08-13 18:09:09.776   864   864 E jarvis_AppUtils: read /proc/pid/cmdline failed, pname===null, fallback to AMS...
08-13 18:09:09.779   472 18460 I NU-AmNuPlayer: [#10] AmNuPlayer::Source::getFormat frame-rate = failed
08-13 18:09:09.779   472 18460 I NU-AmNuPlayer: [#10] getFormat audio extend format : audio/ffmpeg
08-13 18:09:09.782   472 18460 I NU-AmNuPlayerRenderer: getAudioDevicesForStream   streamType=3,  audioDevices=0x2
08-13 18:09:09.782   472 18460 E NU-AmNuPlayerRenderer: Couldn't map mime "audio/ffmpeg" to a valid audio_format
08-13 18:09:09.782   472 18460 I NU-AmNuPlayer: [#10] instantiateDecoder   format: AMessage(what = 0x00000000) = {
08-13 18:09:09.782   472 18460 I NU-AmNuPlayer:   string mime = "audio/ffmpeg"
08-13 18:09:09.782   472 18460 I NU-AmNuPlayer:   int64_t durationUs = 477125
08-13 18:09:09.782   472 18460 I NU-AmNuPlayer:   int32_t track-id = 0
08-13 18:09:09.782   472 18460 I NU-AmNuPlayer:   int32_t bitrate = 128000
08-13 18:09:09.782   472 18460 I NU-AmNuPlayer:   int32_t channel-count = 2
08-13 18:09:09.782   472 18460 I NU-AmNuPlayer:   int32_t sample-rate = 44100
08-13 18:09:09.782   472 18460 I NU-AmNuPlayer:   string codec-format-str = "audio/ffmpeg"
08-13 18:09:09.782   472 18460 I NU-AmNuPlayer:   int32_t codec-id = 86017
08-13 18:09:09.782   472 18460 I NU-AmNuPlayer:   int32_t block-align = 0
08-13 18:09:09.782   472 18460 I NU-AmNuPlayer:   int32_t vendor.adec.codec-id.value = 86017
08-13 18:09:09.782   472 18460 I NU-AmNuPlayer:   Buffer extra-data = {
08-13 18:09:09.782   472 18460 I NU-AmNuPlayer:   }
08-13 18:09:09.782   472 18460 I NU-AmNuPlayer:   int32_t bit-rate = 128000
08-13 18:09:09.782   472 18460 I NU-AmNuPlayer:   int32_t priority = 0
08-13 18:09:09.782   472 18460 I NU-AmNuPlayer: }  
08-13 18:09:09.782   472 18460 W AString : ctor got NULL, using empty string instead
08-13 18:09:09.783   472 18460 I NU-AmNuPlayerDecoder: [#10] mPlayerInstanceId = 10  mForceClearUseClearKey is 0
08-13 18:09:09.783   472 18460 I NU-AmNuPlayerDriver: media.player.atrace.enable is 1
08-13 18:09:09.783   472 18460 I MessageMonitor: NU-AmNuPlayerDecoder-audN MessageMonitor mDebugLevel 0, poll message us 30000000
08-13 18:09:09.783   472 18460 I NU-AmNuPlayer: [#10] instantiateDecoder audio Decoder
08-13 18:09:09.783   472 18460 I NU-AmNuPlayer: [#10] updateMediaInfo
08-13 18:09:09.784   472 18460 I NU-AmNuPlayer: [#10] [updateMediaInfo:1371]get i=0 , mime: audio/ffmpeg
08-13 18:09:09.785   472 18463 I NU-AmNuPlayerDecoder: [#10] onConfigure format: AMessage(what = 0x00000000) = {
08-13 18:09:09.785   472 18463 I NU-AmNuPlayerDecoder:   string mime = "audio/ffmpeg"
08-13 18:09:09.785   472 18463 I NU-AmNuPlayerDecoder:   int64_t durationUs = 477125
08-13 18:09:09.785   472 18463 I NU-AmNuPlayerDecoder:   int32_t track-id = 0
08-13 18:09:09.785   472 18463 I NU-AmNuPlayerDecoder:   int32_t bitrate = 128000
08-13 18:09:09.785   472 18463 I NU-AmNuPlayerDecoder:   int32_t channel-count = 2
08-13 18:09:09.785   472 18463 I NU-AmNuPlayerDecoder:   int32_t sample-rate = 44100
08-13 18:09:09.785   472 18463 I NU-AmNuPlayerDecoder:   string codec-format-str = "audio/ffmpeg"
08-13 18:09:09.785   472 18463 I NU-AmNuPlayerDecoder:   int32_t codec-id = 86017
08-13 18:09:09.785   472 18463 I NU-AmNuPlayerDecoder:   int32_t block-align = 0
08-13 18:09:09.785   472 18463 I NU-AmNuPlayerDecoder:   int32_t vendor.adec.codec-id.value = 86017
08-13 18:09:09.785   472 18463 I NU-AmNuPlayerDecoder:   Buffer extra-data = {
08-13 18:09:09.785   472 18463 I NU-AmNuPlayerDecoder:   }
08-13 18:09:09.785   472 18463 I NU-AmNuPlayerDecoder:   int32_t bit-rate = 128000
08-13 18:09:09.785   472 18463 I NU-AmNuPlayerDecoder:   int32_t priority = 0
08-13 18:09:09.785   472 18463 I NU-AmNuPlayerDecoder:   int32_t early-release = 0
08-13 18:09:09.785   472 18463 I NU-AmNuPlayerDecoder: }
08-13 18:09:09.785   472 18463 I MessageMonitor: ReadDataHandler MessageMonitor mDebugLevel 0, poll message us 30000000
08-13 18:09:09.785   472 18463 D MediaCodecList: codecHandlesFormat: no format, so no extra checks
08-13 18:09:09.786   472 18464 D CCodec  : allocate(c2.amlogic.audio.decoder.ffmpeg)
08-13 18:09:09.788   472 18464 I CCodec  : setting up 'default' as default (vendor) store
08-13 18:09:09.788   359   881 I C2VendorComponentStore: C2VendorComponentStore::createComponent name c2.amlogic.audio.decoder.ffmpeg
08-13 18:09:09.788   359   881 I C2VendorComponentStore: findComponent
08-13 18:09:09.788   359   881 I C2VendorComponentStore: C2VendorComponentStore::createComponent fetchModule
08-13 18:09:09.788   359   881 I C2VendorComponentStore: localModule libpath libcodec2_aml_audio_decoder.so 54
08-13 18:09:09.788   359   881 V C2VendorComponentStore: Loading dll
08-13 18:09:09.789   359   881 I C2VendorComponentStore: in init ===> start codec:54 secure:0 isAudio:1
08-13 18:09:09.789   359   881 V C2VendorComponentStore: init  libPath:libcodec2_aml_audio_decoder.so --> isAudio:1, createFactoryName:CreateC2AudioDecoderFFMPEGFactory
08-13 18:09:09.789   359   881 V Amlogic_C2AudioFFMPEGDecoder: create component FFMPEG 
08-13 18:09:09.789   359   881 I C2VendorComponentStore: GetCodec2VendorComponentStore, line:910
08-13 18:09:09.789   359   881 I Amlogic_C2AudioFFMPEGDecoder: in C2AudioFFMPEGDecFactory 
08-13 18:09:09.789   359   881 I Amlogic_C2AudioFFMPEGDecoder: in createComponent 
08-13 18:09:09.789   359   881 I Amlogic_C2AudioFFMPEGDecoder: in IntfImpl  c2.amlogic.audio.decoder.ffmpeg
08-13 18:09:09.790   359   881 I Amlogic_C2AudioFFMPEGDecoder: C2AudioFFMPEGDecoder() 267  name:c2.amlogic.audio.decoder.ffmpeg
08-13 18:09:09.790   359   881 I Amlogic_C2AudioFFMPEGDecoder: initializeState_l 291
08-13 18:09:09.791   359   881 V C2VendorComponentStore: In ~ComponentModule
08-13 18:09:09.791   359   881 V C2VendorComponentStore: Unloading dll
08-13 18:09:09.792   472 18464 I CCodec  : Created component [c2.amlogic.audio.decoder.ffmpeg]
08-13 18:09:09.792   472 18464 D CCodecConfig: read media type: audio/ffmpeg
08-13 18:09:09.793   472 18464 D ReflectedParamUpdater: extent() != 1 for single value type: output.subscribed-indices.values
08-13 18:09:09.794   472 18464 D ReflectedParamUpdater: extent() != 1 for single value type: input.buffers.allocator-ids.values
08-13 18:09:09.794   472 18464 D ReflectedParamUpdater: extent() != 1 for single value type: output.buffers.allocator-ids.values
08-13 18:09:09.794   472 18464 D ReflectedParamUpdater: extent() != 1 for single value type: output.buffers.pool-ids.values
08-13 18:09:09.797   472 18464 I CCodecConfig: query failed after returning 8 values (BAD_INDEX)
08-13 18:09:09.797   472 18464 D CCodecConfig: c2 config diff is Dict {
08-13 18:09:09.797   472 18464 D CCodecConfig:   c2::u32 coded.bitrate.value = 64000
08-13 18:09:09.797   472 18464 D CCodecConfig:   c2::u32 input.buffers.max-size.value = 2097152
08-13 18:09:09.797   472 18464 D CCodecConfig:   string input.media-type.value = "audio/ffmpeg"
08-13 18:09:09.797   472 18464 D CCodecConfig:   string output.media-type.value = "audio/raw"
08-13 18:09:09.797   472 18464 D CCodecConfig:   c2::u32 raw.channel-count.value = 1
08-13 18:09:09.797   472 18464 D CCodecConfig:   c2::u32 raw.channel-mask.value = 0
08-13 18:09:09.797   472 18464 D CCodecConfig:   c2::u32 raw.max-channel-count.value = 8
08-13 18:09:09.797   472 18464 D CCodecConfig:   c2::u32 raw.sample-rate.value = 44100
08-13 18:09:09.797   472 18464 D CCodecConfig: }
08-13 18:09:09.798   472 18463 I NU-AmNuPlayerDecoder: [#10] mComponentName c2.amlogic.audio.decoder.ffmpeg
08-13 18:09:09.798   472 18463 I NU-AmNuPlayerRenderer: [#10] audio source format 0x1
08-13 18:09:09.798   472 18463 I NU-AmNuPlayerDecoder: sampleRate:44100 
08-13 18:09:09.799   472 18463 I NU-AmNuPlayerDecoder: [#10] is_passthrough_enable:0 
08-13 18:09:09.799   472 18463 I NU-AmNuPlayerDecoder: channel-count=2
08-13 18:09:09.799   472 18463 I NU-AmNuPlayerDecoder: sample-rate=44100
08-13 18:09:09.799   472 18463 I NU-AmNuPlayerDecoder: bit-rate=128000
08-13 18:09:09.799   472 18463 I NU-AmNuPlayerDecoder: block-align=0
08-13 18:09:09.799   472 18463 I NU-AmNuPlayerDecoder: codec-id=86017
08-13 18:09:09.799   472 18463 I NU-AmNuPlayerDecoder: is_passthrough_enable=0
08-13 18:09:09.799   472 18463 I NU-AmNuPlayerDecoder: extradata-size=0
08-13 18:09:09.799   472 18464 I MediaCodec: MediaCodec will operate in async mode
08-13 18:09:09.799   472 18464 D MediaCodec: flushMediametrics
08-13 18:09:09.799   472 18464 D CCodec  : [c2.amlogic.audio.decoder.ffmpeg] buffers are bound to CCodec for this session
08-13 18:09:09.799   472 18464 D CCodecConfig: no c2 equivalents for durationUs
08-13 18:09:09.799   472 18464 D CCodecConfig: no c2 equivalents for track-id
08-13 18:09:09.799   472 18464 D CCodecConfig: no c2 equivalents for codec-format-str
08-13 18:09:09.799   472 18464 D CCodecConfig: no c2 equivalents for codec-id
08-13 18:09:09.799   472 18464 D CCodecConfig: no c2 equivalents for block-align
08-13 18:09:09.799   472 18464 D CCodecConfig: no c2 equivalents for extra-data
08-13 18:09:09.799   472 18464 D CCodecConfig: no c2 equivalents for bit-rate
08-13 18:09:09.799   472 18464 D CCodecConfig: no c2 equivalents for early-release
08-13 18:09:09.799   472 18464 D CCodecConfig: no c2 equivalents for is_passthrough_enable
08-13 18:09:09.799   472 18464 D CCodecConfig: no c2 equivalents for flags
08-13 18:09:09.800   472 18464 D CCodecConfig: c2 config diff is   c2::u32 coded.bitrate.value = 128000
08-13 18:09:09.800   472 18464 D CCodecConfig:   c2::u32 raw.channel-count.value = 2
08-13 18:09:09.800   472 18464 D CCodecConfig:   c2::i32 vendor.adec.block-align.value = 0
08-13 18:09:09.800   472 18464 D CCodecConfig:   c2::i32 vendor.adec.codec-id.value = 86017
08-13 18:09:09.800   472 18464 D CCodecConfig:   c2::i32 vendor.adec.extra-data-size.value = 0
08-13 18:09:09.801   472 18464 W Codec2Client: query -- param skipped: index = 1107298332.
08-13 18:09:09.801   472 18464 D CCodec  : encoding statistics level = 0
08-13 18:09:09.801   472 18464 D CCodec  : setup formats input: AMessage(what = 0x00000000) = {
08-13 18:09:09.801   472 18464 D CCodec  :   int32_t aac-max-output-channel_count = 8
08-13 18:09:09.801   472 18464 D CCodec  :   int32_t bitrate = 128000
08-13 18:09:09.801   472 18464 D CCodec  :   int32_t channel-count = 2
08-13 18:09:09.801   472 18464 D CCodec  :   int32_t channel-mask = 0
08-13 18:09:09.801   472 18464 D CCodec  :   int32_t max-input-size = 2097152
08-13 18:09:09.801   472 18464 D CCodec  :   int32_t max-output-channel-count = 8
08-13 18:09:09.801   472 18464 D CCodec  :   string mime = "audio/ffmpeg"
08-13 18:09:09.801   472 18464 D CCodec  :   int32_t sample-rate = 44100
08-13 18:09:09.801   472 18464 D CCodec  :   int32_t vendor.adec.block-align.value = 0
08-13 18:09:09.801   472 18464 D CCodec  :   int32_t vendor.adec.codec-id.value = 86017
08-13 18:09:09.801   472 18464 D CCodec  :   int32_t vendor.adec.extra-data-size.value = 0
08-13 18:09:09.801   472 18464 D CCodec  : }
08-13 18:09:09.802   472 18464 D CCodec  : setup formats output: AMessage(what = 0x00000000) = {
08-13 18:09:09.802   472 18464 D CCodec  :   int32_t aac-max-output-channel_count = 8
08-13 18:09:09.802   472 18464 D CCodec  :   int32_t channel-count = 2
08-13 18:09:09.802   472 18464 D CCodec  :   int32_t channel-mask = 0
08-13 18:09:09.802   472 18464 D CCodec  :   int32_t max-output-channel-count = 8
08-13 18:09:09.802   472 18464 D CCodec  :   string mime = "audio/raw"
08-13 18:09:09.802   472 18464 D CCodec  :   int32_t sample-rate = 44100
08-13 18:09:09.802   472 18464 D CCodec  :   int32_t android._config-pcm-encoding = 2
08-13 18:09:09.802   472 18464 D CCodec  : }
08-13 18:09:09.802   472 18464 I CCodecConfig: query failed after returning 11 values (BAD_INDEX)
08-13 18:09:09.802   472 18463 D MediaCodec: keep callback message for reclaim
08-13 18:09:09.802   359 18466 I Amlogic_C2AudioFFMPEGDecoder: onInit() 453
08-13 18:09:09.802   359 18466 I Amlogic_C2AudioFFMPEGDecoder: initDecoder 511
08-13 18:09:09.802   359 18466 I Amlogic_C2AudioFFMPEGDecoder: setUp 421
08-13 18:09:09.802   359 18466 I Amlogic_C2AudioFFMPEGDecoder: vendor.media.c2.loglevels is not set used def = 1
08-13 18:09:09.802   359 18466 I Amlogic_C2AudioFFMPEGDecoder: setUpAudioDecoder_l  debug_print:0, debug_dump:0,  gloglevel:1
08-13 18:09:09.802   359 18466 I Amlogic_C2AudioFFMPEGDecoder: mAInfo codec_id:(0x15001 86017) blockalign:0 bitspersample:1 channelCount:2 SampleRate:44100 BitRate:128000
08-13 18:09:09.802   359 18466 I AmAudioCodec: AmAudioCodec 54 
08-13 18:09:09.803   359 18466 I AmFFmpegDecoder: AmFFmpegCodec::CreateCodec audio_decode_init  audio/ffmpeg
08-13 18:09:09.803   359 18466 I AmAudioCodec: ffmpeg decoder NeedCheckFrame 0  id =0x15001
08-13 18:09:09.803   359 18466 I AmFFmpegDecoder: AmFFmpegCodec::CreateCodec audio_decode_init  audio/ffmpeg ret:0
08-13 18:09:09.803   359 18466 I Amlogic_C2AudioFFMPEGDecoder: ffmpeg audio_decode_init return 0
08-13 18:09:09.803   359 18466 I Amlogic_C2AudioFFMPEGDecoder: C2AudioFFMPEGDecoder setUp done
08-13 18:09:09.803   359 18466 I Amlogic_C2AudioFFMPEGDecoder: onInit() 459 exit
08-13 18:09:09.806   472 18464 D CCodecBufferChannel: [c2.amlogic.audio.decoder.ffmpeg#327] Created input block pool with allocatorID 16 => poolID 27 - OK (0)
08-13 18:09:09.808   472 18464 I CCodecBufferChannel: [c2.amlogic.audio.decoder.ffmpeg#327] Created output block pool with allocatorID 16 => poolID 36 - OK
08-13 18:09:09.808   472 18464 D CCodecBufferChannel: [c2.amlogic.audio.decoder.ffmpeg#327] Configured output block pool ids 36 => OK
08-13 18:09:09.808   359   881 I C2VendorComponentStore: setDmaBufUsage 5
08-13 18:09:09.810   359 18466 D Amlogic_C2AudioDecComponent: Using output block pool with poolID 36 => got 36 - 0
08-13 18:09:09.811   359 18466 I Amlogic_C2AudioFFMPEGDecoder: process Invalid data frame
08-13 18:09:09.812   472 18463 D NuPlayerDecoderBase: [#10] [KPI] startup, mediacodec config time spent: 27340
08-13 18:09:09.812   472 18463 I NU-AmNuPlayerDecoder: [#10] [c2.amlogic.audio.decoder.ffmpeg] First CB_INPUT_AVAILABLE received.
08-13 18:09:09.812   472 18465 I NU-AmNuPlayerDecoder: [#10] [c2.amlogic.audio.decoder.ffmpeg] First Input Buffer Queued to Codec
08-13 18:09:09.815   359 18466 I Amlogic_C2AudioFFMPEGDecoder: Reconfiguring decoder: 0->44100 Hz, 0->2 channels
08-13 18:09:09.816   359 18466 I C2VendorComponentStore: setDmaBufUsage 5
08-13 18:09:09.818   472 18464 D CCodecConfig: c2 config diff is   c2::u32 raw.channel-mask.value = 12
08-13 18:09:09.819   472 18464 D CCodecBuffers: [c2.amlogic.audio.decoder.ffmpeg#327:Output[N]] popFromStashAndRegister: at 0us, output format changed to AMessage(what = 0x00000000) = {
08-13 18:09:09.819   472 18464 D CCodecBuffers:   int32_t aac-max-output-channel_count = 8
08-13 18:09:09.819   472 18464 D CCodecBuffers:   int32_t channel-count = 2
08-13 18:09:09.819   472 18464 D CCodecBuffers:   int32_t channel-mask = 12
08-13 18:09:09.819   472 18464 D CCodecBuffers:   int32_t max-output-channel-count = 8
08-13 18:09:09.819   472 18464 D CCodecBuffers:   string mime = "audio/raw"
08-13 18:09:09.819   472 18464 D CCodecBuffers:   int32_t sample-rate = 44100
08-13 18:09:09.819   472 18464 D CCodecBuffers:   int32_t android._config-pcm-encoding = 2
08-13 18:09:09.819   472 18464 D CCodecBuffers: }
08-13 18:09:09.820   472 18462 V NU-AmNuPlayerRenderer: [#10] openAudioSink: offloadOnly(0) offloadingAudio(0)
08-13 18:09:09.820   472 18463 I NU-AmNuPlayerDecoder: [#10] handleOutputFormatChange   format: AMessage(what = 0x00000000) = {
08-13 18:09:09.820   472 18463 I NU-AmNuPlayerDecoder:   int32_t aac-max-output-channel_count = 8
08-13 18:09:09.820   472 18463 I NU-AmNuPlayerDecoder:   int32_t channel-count = 2
08-13 18:09:09.820   472 18463 I NU-AmNuPlayerDecoder:   int32_t channel-mask = 12
08-13 18:09:09.820   472 18463 I NU-AmNuPlayerDecoder:   int32_t max-output-channel-count = 8
08-13 18:09:09.820   472 18463 I NU-AmNuPlayerDecoder:   string mime = "audio/raw"
08-13 18:09:09.820   472 18463 I NU-AmNuPlayerDecoder:   int32_t sample-rate = 44100
08-13 18:09:09.820   472 18463 I NU-AmNuPlayerDecoder:   int32_t android._config-pcm-encoding = 2
08-13 18:09:09.820   472 18463 I NU-AmNuPlayerDecoder: }
08-13 18:09:09.820   472 18462 V NU-AmNuPlayerRenderer: [#10] openAudioSink channelMask:0x3
08-13 18:09:09.820   472 18463 I NU-AmNuPlayerDecoder: [#10] [c2.amlogic.audio.decoder.ffmpeg] First CB_OUTPUT_AVAILABLE received. input buffer queued: 4
08-13 18:09:09.820   472 18462 V NU-AmNuPlayerRenderer: [#10] openAudioSink: open AudioSink in NON-offload mode
08-13 18:09:09.820   472 18463 I NU-AmNuPlayerDecoder: [#10] [c2.amlogic.audio.decoder.ffmpeg] First Out Buffer Queued to Render. timeUs:0
08-13 18:09:09.821   352 13825 D AudioHalHardware: +getParameters(), key = hdmi_format
08-13 18:09:09.821   352 13825 D AudioHalHardware: -getParameters(), return ""
08-13 18:09:09.822   472 18462 I NU-AmNuPlayerRenderer: is_force_direct 0
08-13 18:09:09.822   472 18462 D NU-AmNuPlayerRenderer: [#10] audio sink close from [onOpenAudioSink,5663]
08-13 18:09:09.826   352 13825 I audio_hw_hal_primary: [audiohal_get_latency:1344] io 13: out:0xf0ec6be0 frames:3072 rate:48000 whole_latency:64 alsa_latency:64
08-13 18:09:09.826   403   508 D AudioFlinger: Client defaulted notificationFrames to 9405 for frameCount 18810
08-13 18:09:09.829   352 13825 I audio_hw_hal_primary: [audiohal_get_latency:1344] io 13: out:0xf0ec6be0 frames:3072 rate:48000 whole_latency:64 alsa_latency:64
08-13 18:09:09.831   472 18462 D NU-AmNuPlayerRenderer: [#10] audio sink open from [onOpenAudioSink,5730]
08-13 18:09:09.831   472 18462 I NU-AmNuPlayerRenderer: [#10] reopen audio sink success cnt=0
08-13 18:09:09.832   403   508 D audioserver: logFgsApiBegin: FGS Logger Transaction failed, -129
08-13 18:09:09.833   472 18462 I NU-AmNuPlayerRenderer: [#10] openAudioSink:  mAudioSink->open  finished!!!
08-13 18:09:09.833   472 18462 I NU-AmNuPlayerRenderer: [#10] mQueueInitial end, mHasAudio =1, mHasVideo = 0
08-13 18:09:09.833   472 18462 I NU-AmNuPlayerRenderer: PTS: AV sync info:AV SYNCED 
08-13 18:09:09.833   472 18462 I NU-AmNuPlayerRenderer: PTS:   SystemTimeStamp:-1
08-13 18:09:09.833   472 18462 I NU-AmNuPlayerRenderer: PTS:   Last AudioTimeStamp:-1
08-13 18:09:09.833   472 18462 I NU-AmNuPlayerRenderer: PTS:   Last VideoTimeStamp:-1
08-13 18:09:09.833   472 18462 I NU-AmNuPlayerRenderer: PTS:   AV diff:0 ,Ajump:0,Vjump:0
08-13 18:09:09.833   472 18462 I NU-AmNuPlayerRenderer: PTS:   mAjumpedNum:0, mAudioJumped till now=33362586185
08-13 18:09:09.833   472 18462 I NU-AmNuPlayerRenderer: PTS:   mVjumpedNum:0, mVideoJumped till now=33362586185
08-13 18:09:09.833   472 18462 I NU-AmNuPlayerRenderer: PTS:   mTotalAudioJumpedTimeUs:0, mTotalAudioJumpedTimeUs:0
08-13 18:09:09.833   472 18462 I NU-AmNuPlayerRenderer: PTS:   mLastVideoUs:-1
08-13 18:09:09.833   472 18462 I NU-AmNuPlayerRenderer: PTS:   mLastAudioUs:-1
08-13 18:09:09.833   472 18462 I NU-AmNuPlayerRenderer: PTS:   mAudioDelay 0 mFormat 0x1 mMs12Enabled 0
08-13 18:09:09.833   472 18462 I NU-AmNuPlayerRenderer: [#10] First audio pcm date write to audiosink.
08-13 18:09:09.833   472 18462 I NU-AmNuPlayerRenderer: [#10] setStartingTimeMedia 26122, mAudioPlayedOutDur 0
08-13 18:09:09.833   472 18460 I NU-AmNuPlayer: [#10] media rendering started
08-13 18:09:09.833   472 18460 I NU-AmNuPlayer: [#10] finishResume  mResumePending:0  
08-13 18:09:09.833   472 18460 D NU-AmNuPlayerDriver: [#10] notifyListener_l(0xe9e80450), (6, 0, 0, -1), loop setting(0, 0)
08-13 18:09:09.837   470 18440 E exFFmpeg: [mp3 @ 0xecb042c0] EOF Found
08-13 18:09:09.837   470 18440 I AmFFmpegExtractor: No more packets from ffmpeg. because of AVERROR_EOF
08-13 18:09:09.837   470 18440 I AmFFmpegExtractor: Read return error, and update status:-1011
08-13 18:09:09.837   470 18440 I AmFFmpegExtractor: audio/ffmpeg_reading, feedMore err: -1011
08-13 18:09:09.853   472 18465 E NU-GenericSource: hasBufferAvailable return -1011
08-13 18:09:09.853   472 18465 I NU-AmNuPlayerDecoder: [#10] queue EOS buffer to MediaCodec. Audio
08-13 18:09:09.853   472 18465 E NU-GenericSource: hasBufferAvailable return -1011
08-13 18:09:09.853   472 18465 I NU-AmNuPlayerDecoder: [#10] queue EOS buffer to MediaCodec. Audio
08-13 18:09:09.853   472 18464 D CCodecBufferChannel: [c2.amlogic.audio.decoder.ffmpeg#327] buffers after EOS ignored (0 us)
08-13 18:09:09.860   472 18462 I NU-AmNuPlayerRenderer: [#10] Audio PCM buffer First Full. time pay:26983, frameCount:18810, mAudioSink->frameSize():4
08-13 18:09:09.860   472 18462 W NU-AmNuPlayerRenderer: [#10] postDrainAudioQueue long delay: 26658 (18810*0.022676), numFramesPendingPlayout:(18810-0)
08-13 18:09:09.862   359 18466 I Amlogic_C2AudioFFMPEGDecoder: process Invalid data frame
08-13 18:09:09.862   359 18466 I Amlogic_C2AudioFFMPEGDecoder: drainEos 736
08-13 18:09:09.863   472 18463 I NU-AmNuPlayerDecoder: [#10] [audio] saw output EOS
08-13 18:09:09.863   472 18462 I NU-AmNuPlayerRenderer: [#10] audio have queued eos, no need to check buffer discontinue
08-13 18:09:09.863   472 18462 I NU-AmNuPlayerRenderer: [#10] onQueueEOS audio 
08-13 18:09:09.871   352  1266 I audio_hw_hal_primary: [audiohal_get_latency:1344] io 13: out:0xf0ec6be0 frames:3072 rate:48000 whole_latency:64 alsa_latency:64
08-13 18:09:09.872   352 13825 I audio_hw_hal_primary: out_update_source_metadata_v7() line 2024 usage:1 content_type:0
08-13 18:09:09.885   864   864 E jarvis_AppUtils: getPkgNameByPidFromFile failed, pid===966, ex=java.io.FileNotFoundException: /proc/966/cmdline: open failed: ENOENT (No such file or directory)
08-13 18:09:09.885   864   864 E jarvis_AppUtils: read /proc/pid/cmdline failed, pname===null, fallback to AMS...
08-13 18:09:09.887   472 18462 D AudioTrack: getTimestamp_l(65): device stall time corrected using current time 33362640422865
08-13 18:09:09.887   472 18462 W NU-AmNuPlayerRenderer: [#10] postDrainAudioQueue long delay: 26658 (18810*0.022676), numFramesPendingPlayout:(20691-1881)
08-13 18:09:09.914   472 18462 D AudioTrack: stop(65): called with 20736 frames delivered
08-13 18:09:09.915   472 18463 I NU-AmNuPlayerRenderer: [#10] setDiscontinuityFromM3u8 audio 0
08-13 18:09:09.915   472 18462 D NU-AmNuPlayerRenderer: [#10] audio sink stop from [onDrainAudioQueue,2537]
08-13 18:09:10.201   864  1073 I jarvis_LxAgentApiClient: <asyncCallAgent> method=lingxi_report_client
08-13 18:09:10.201   864  1119 I jarvis_LxAgentApiClient: <callAgent> method=lingxi_report_client, params=Bundle[{commandId=7, header=null, body={"eventId":11,"eventMode":0,"params":{"volume":"12","result":"0"}}, msgId=1786615750}]
08-13 18:09:10.205   864  1119 I jarvis_LxAgentApiClient: <callAgent> method=lingxi_report_client, result=null
08-13 18:09:10.376   472 18460 D NU-AmNuPlayerDriver: [#10] notifyListener_l(0xe9e80450), (2, 0, 0, -1), loop setting(0, 0)
08-13 18:09:10.376   472 18462 I NU-AmNuPlayerRenderer: [#10] render_onPause
08-13 18:09:10.377   472 18462 D NU-AmNuPlayerRenderer: [#10] audio sink pause from [onPause,5151]
08-13 18:09:10.377   472 18462 I NU-AmNuPlayerRenderer: [#10] now paused audio queue has 0 entries, video has 0 entries
08-13 18:09:10.380   864   864 E jarvis_AppUtils: getPkgNameByPidFromFile failed, pid===18354, ex=java.io.FileNotFoundException: /proc/18354/cmdline: open failed: ENOENT (No such file or directory)
08-13 18:09:10.380   864   864 E jarvis_AppUtils: read /proc/pid/cmdline failed, pname===null, fallback to AMS...
08-13 18:09:10.383   352  1266 I audio_hw_hal_primary: [audiohal_get_latency:1344] io 13: out:0xf0ec6be0 frames:3072 rate:48000 whole_latency:64 alsa_latency:64
08-13 18:09:10.423   352  1266 I audio_hw_hal_primary: [audiohal_get_latency:1344] io 13: out:0xf0ec6be0 frames:3072 rate:48000 whole_latency:64 alsa_latency:64
08-13 18:09:10.466   352  1266 I audio_hw_hal_primary: [audiohal_get_latency:1344] io 13: out:0xf0ec6be0 frames:3072 rate:48000 whole_latency:64 alsa_latency:64
08-13 18:09:10.468   403   538 D audioserver: logFgsApiEnd: FGS Logger Transaction failed, -129
08-13 18:09:10.469   352 13825 I audio_hw_hal_primary: out_update_source_metadata_v7() line 2024 usage:1 content_type:0
08-13 18:09:10.650   472   525 I NU-AmNuPlayerDriver: [#8] [getCurrentPosition][752] position : 68057 msec
08-13 18:09:10.875   472 18394 D BufferPoolAccessor2.0: bufferpool2 0xe7e41348 : 8(16777216 size) total buffers - 5(10485760 size) used buffers - 1629/1646 (recycle/alloc) - 25/3286 (fetch/transfer)
08-13 18:09:10.879   359 18396 D BufferPoolAccessor2.0: bufferpool2 0xe9dc3e08 : 3(13824 size) total buffers - 1(4608 size) used buffers - 1637/1644 (recycle/alloc) - 16/1643 (fetch/transfer)
08-13 18:09:11.663   472   525 I NU-AmNuPlayerDriver: [#8] [getCurrentPosition][752] position : 69070 msec
08-13 18:09:11.714   563  1903 D AudioService: Volume controller visible: false
08-13 18:09:11.714   966  1164 W WindowOnBackDispatcher: sendCancelIfRunning: isInProgress=falsecallback=android.view.ViewRootImpl$$ExternalSyntheticLambda17@6817f10
08-13 18:09:11.715   563  1903 D CoreBackPreview: Window{399ab7a u0 com.android.systemui}: Setting back callback null
08-13 18:09:11.717   563  1903 W InputManager-JNI: Input channel object '399ab7a com.android.systemui (client)' was disposed without first being removed with the input manager!
08-13 18:09:12.672   472   525 I NU-AmNuPlayerDriver: [#8] [getCurrentPosition][752] position : 70079 msec
